SIMPLE,BITPIX,NAXIS,NAXIS1,NAXIS2,EXTEND,BZERO,IMAGETYP,EXPOSURE,EXPTIME,DATE-LOC,DATE-OBS,XBINNING,YBINNING,GAIN,OFFSET,EGAIN,XPIXSZ,YPIXSZ,INSTRUME,SET-TEMP,CCD-TEMP,USBLIMIT,TELESCOP,FOCALLEN,FOCRATIO,FWHEEL,FILTER,OBJECT,FOCNAME,FOCPOS,FOCUSPOS,FOCUSSZ,FOCTEMP,FOCUSTEM,ROWORDER,EQUINOX,SWCREATE,FILENAME,NUMBER,SOURCE_PATH,RA,DEC,CENTALT,CENTAZ,AIRMASS,PIERSIDE,SITEELEV,SITELAT,SITELONG,OBJCTRA,OBJCTDEC,OBJCTROT,CLOUDCVR,DEWPOINT,HUMIDITY,PRESSURE,AMBTEMP,WINDDIR,WINDSPD
True,16,2,9576,6388,True,32768,DARKFLAT,0.12,0.12,2022-02-24T11:31:56.158,2022-02-24T11:31:56.158,1,1,100,10,0.246657639741898,3.76,3.76,ZWO ASI6200MM Pro,-10.0,-10.1,40,NP101is,540.0,5.4,Starlight Xpress Fil,Blue,FlatWizard,FocusLynx Focuser 1,9684.0,9684.0,13.404,7.9,7.9,TOP-DOWN,2000.0,N.I.N.A. 2.0.0.2048,2022-02-24_11-31-56_Blue_-10.10_0.12s_0000.fits,1,/mnt/raid0/AstroImaging/Preselected/Flaming Star Nebula (IC405) started 4th February 2022/DarkFlats/Blue/2022-02-24_11-31-56_Blue_-10.10_0.12s_0000.fits,,,,,,,,,,,,,,,,,,,
True,16,2,9576,6388,True,32768,DARKFLAT,0.12,0.12,2022-02-24T11:31:58.181,2022-02-24T11:31:58.181,1,1,100,10,0.246657639741898,3.76,3.76,ZWO ASI6200MM Pro,-10.0,-10.1,40,NP101is,540.0,5.4,Starlight Xpress Fil,Blue,FlatWizard,FocusLynx Focuser 1,9682.0,9682.0,13.404,7.9,7.9,TOP-DOWN,2000.0,N.I.N.A. 2.0.0.2048,2022-02-24_11-31-58_Blue_-10.10_0.12s_0001.fits,1,/mnt/raid0/AstroImaging/Preselected/Flaming Star Nebula (IC405) started 4th February 2022/DarkFlats/Blue/2022-02-24_11-31-58_Blue_-10.10_0.12s_0001.fits,,,,,,,,,,,,,,,,,,,
True,16,2,9576,6388,True,32768,DARKFLAT,0.12,0.12,2022-02-24T11:32:03.652,2022-02-24T11:32:03.652,1,1,100,10,0.246657639741898,3.76,3.76,ZWO ASI6200MM Pro,-10.0,-10.0,40,NP101is,540.0,5.4,Starlight Xpress Fil,Blue,FlatWizard,FocusLynx Focuser 1,9681.0,9681.0,13.404,7.9,7.9,TOP-DOWN,2000.0,N.I.N.A. 2.0.0.2048,2022-02-24_11-32-03_Blue_-10.00_0.12s_0002.fits,1,/mnt/raid0/AstroImaging/Preselected/Flaming Star Nebula (IC405) started 4th February 2022/DarkFlats/Blue/2022-02-24_11-32-03_Blue_-10.00_0.12s_0002.fits,,,,,,,,,,,,,,,,,,,
True,16,2,9576,6388,True,32768,DARKFLAT,0.12,0.12,2022-02-24T11:32:09.105,2022-02-24T11:32:09.105,1,1,100,10,0.246657639741898,3.76,3.76,ZWO ASI6200MM Pro,-10.0,-10.0,40,NP101is,540.0,5.4,Starlight Xpress Fil,Blue,FlatWizard,FocusLynx Focuser 1,9681.0,9681.0,13.404,7.9,7.9,TOP-DOWN,2000.0,N.I.N.A. 2.0.0.2048,2022-02-24_11-32-09_Blue_-10.00_0.12s_0003.fits,1,/mnt/raid0/AstroImaging/Preselected/Flaming Star Nebula (IC405) started 4th February 2022/DarkFlats/Blue/2022-02-24_11-32-09_Blue_-10.00_0.12s_0003.fits,,,,,,,,,,,,,,,,,,,
True,16,2,9576,6388,True,32768,DARKFLAT,0.12,0.12,2022-02-24T11:32:14.833,2022-02-24T11:32:14.833,1,1,100,10,0.246657639741898,3.76,3.76,ZWO ASI6200MM Pro,-10.0,-10.0,40,NP101is,540.0,5.4,Starlight Xpress Fil,Blue,FlatWizard,FocusLynx Focuser 1,9681.0,9681.0,13.404,7.9,7.9,TOP-DOWN,2000.0,N.I.N.A. 2.0.0.2048,2022-02-24_11-32-14_Blue_-10.00_0.12s_0004.fits,1,/mnt/raid0/AstroImaging/Preselected/Flaming Star Nebula (IC405) started 4th February 2022/DarkFlats/Blue/2022-02-24_11-32-14_Blue_-10.00_0.12s_0004.fits,,,,,,,,,,,,,,,,,,,
True,16,2,9576,6388,True,32768,DARKFLAT,0.12,0.12,2022-02-24T11:32:18.740,2022-02-24T11:32:18.740,1,1,100,10,0.246657639741898,3.76,3.76,ZWO ASI6200MM Pro,-10.0,-10.0,40,NP101is,540.0,5.4,Starlight Xpress Fil,Blue,FlatWizard,FocusLynx Focuser 1,9681.0,9681.0,13.404,7.9,7.9,TOP-DOWN,2000.0,N.I.N.A. 2.0.0.2048,2022-02-24_11-32-18_Blue_-10.00_0.12s_0005.fits,1,/mnt/raid0/AstroImaging/Preselected/Flaming Star Nebula (IC405) started 4th February 2022/DarkFlats/Blue/2022-02-24_11-32-18_Blue_-10.00_0.12s_0005.fits,,,,,,,,,,,,,,,,,,,
True,16,2,9576,6388,True,32768,DARKFLAT,0.12,0.12,2022-02-24T11:32:24.698,2022-02-24T11:32:24.698,1,1,100,10,0.246657639741898,3.76,3.76,ZWO ASI6200MM Pro,-10.0,-10.0,40,NP101is,540.0,5.4,Starlight Xpress Fil,Blue,FlatWizard,FocusLynx Focuser 1,9681.0,9681.0,13.404,7.9,7.9,TOP-DOWN,2000.0,N.I.N.A. 2.0.0.2048,2022-02-24_11-32-24_Blue_-10.00_0.12s_0006.fits,1,/mnt/raid0/AstroImaging/Preselected/Flaming Star Nebula (IC405) started 4th February 2022/DarkFlats/Blue/2022-02-24_11-32-24_Blue_-10.00_0.12s_0006.fits,,,,,,,,,,,,,,,,,,,
True,16,2,9576,6388,True,32768,DARKFLAT,0.12,0.12,2022-02-24T11:32:29.470,2022-02-24T11:32:29.470,1,1,100,10,0.246657639741898,3.76,3.76,ZWO ASI6200MM Pro,-10.0,-10.0,40,NP101is,540.0,5.4,Starlight Xpress Fil,Blue,FlatWizard,FocusLynx Focuser 1,9681.0,9681.0,13.404,7.9,7.9,TOP-DOWN,2000.0,N.I.N.A. 2.0.0.2048,2022-02-24_11-32-29_Blue_-10.00_0.12s_0007.fits,1,/mnt/raid0/AstroImaging/Preselected/Flaming Star Nebula (IC405) started 4th February 2022/DarkFlats/Blue/2022-02-24_11-32-29_Blue_-10.00_0.12s_0007.fits,,,,,,,,,,,,,,,,,,,
True,16,2,9576,6388,True,32768,DARKFLAT,0.12,0.12,2022-02-24T11:32:35.045,2022-02-24T11:32:35.045,1,1,100,10,0.246657639741898,3.76,3.76,ZWO ASI6200MM Pro,-10.0,-10.0,40,NP101is,540.0,5.4,Starlight Xpress Fil,Blue,FlatWizard,FocusLynx Focuser 1,9681.0,9681.0,13.404,7.9,7.9,TOP-DOWN,2000.0,N.I.N.A. 2.0.0.2048,2022-02-24_11-32-35_Blue_-10.00_0.12s_0008.fits,1,/mnt/raid0/AstroImaging/Preselected/Flaming Star Nebula (IC405) started 4th February 2022/DarkFlats/Blue/2022-02-24_11-32-35_Blue_-10.00_0.12s_0008.fits,,,,,,,,,,,,,,,,,,,
True,16,2,9576,6388,True,32768,DARKFLAT,0.12,0.12,2022-02-24T11:32:40.116,2022-02-24T11:32:40.116,1,1,100,10,0.246657639741898,3.76,3.76,ZWO ASI6200MM Pro,-10.0,-10.0,40,NP101is,540.0,5.4,Starlight Xpress Fil,Blue,FlatWizard,FocusLynx Focuser 1,9681.0,9681.0,13.404,7.9,7.9,TOP-DOWN,2000.0,N.I.N.A. 2.0.0.2048,2022-02-24_11-32-40_Blue_-10.00_0.12s_0009.fits,1,/mnt/raid0/AstroImaging/Preselected/Flaming Star Nebula (IC405) started 4th February 2022/DarkFlats/Blue/2022-02-24_11-32-40_Blue_-10.00_0.12s_0009.fits,,,,,,,,,,,,,,,,,,,
True,16,2,9576,6388,True,32768,DARKFLAT,0.12,0.12,2022-02-24T11:32:45.919,2022-02-24T11:32:45.919,1,1,100,10,0.246657639741898,3.76,3.76,ZWO ASI6200MM Pro,-10.0,-10.0,40,NP101is,540.0,5.4,Starlight Xpress Fil,Blue,FlatWizard,FocusLynx Focuser 1,9681.0,9681.0,13.404,7.9,7.9,TOP-DOWN,2000.0,N.I.N.A. 2.0.0.2048,2022-02-24_11-32-45_Blue_-10.00_0.12s_0010.fits,1,/mnt/raid0/AstroImaging/Preselected/Flaming Star Nebula (IC405) started 4th February 2022/DarkFlats/Blue/2022-02-24_11-32-45_Blue_-10.00_0.12s_0010.fits,,,,,,,,,,,,,,,,,,,
True,16,2,9576,6388,True,32768,DARKFLAT,0.12,0.12,2022-02-24T11:32:51.335,2022-02-24T11:32:51.335,1,1,100,10,0.246657639741898,3.76,3.76,ZWO ASI6200MM Pro,-10.0,-10.0,40,NP101is,540.0,5.4,Starlight Xpress Fil,Blue,FlatWizard,FocusLynx Focuser 1,9681.0,9681.0,13.404,7.9,7.9,TOP-DOWN,2000.0,N.I.N.A. 2.0.0.2048,2022-02-24_11-32-51_Blue_-10.00_0.12s_0011.fits,1,/mnt/raid0/AstroImaging/Preselected/Flaming Star Nebula (IC405) started 4th February 2022/DarkFlats/Blue/2022-02-24_11-32-51_Blue_-10.00_0.12s_0011.fits,,,,,,,,,,,,,,,,,,,
True,16,2,9576,6388,True,32768,DARKFLAT,0.12,0.12,2022-02-24T11:32:56.909,2022-02-24T11:32:56.909,1,1,100,10,0.246657639741898,3.76,3.76,ZWO ASI6200MM Pro,-10.0,-10.0,40,NP101is,540.0,5.4,Starlight Xpress Fil,Blue,FlatWizard,FocusLynx Focuser 1,9681.0,9681.0,13.404,7.9,7.9,TOP-DOWN,2000.0,N.I.N.A. 2.0.0.2048,2022-02-24_11-32-56_Blue_-10.00_0.12s_0012.fits,1,/mnt/raid0/AstroImaging/Preselected/Flaming Star Nebula (IC405) started 4th February 2022/DarkFlats/Blue/2022-02-24_11-32-56_Blue_-10.00_0.12s_0012.fits,,,,,,,,,,,,,,,,,,,
True,16,2,9576,6388,True,32768,DARKFLAT,0.12,0.12,2022-02-24T11:33:02.053,2022-02-24T11:33:02.053,1,1,100,10,0.246657639741898,3.76,3.76,ZWO ASI6200MM Pro,-10.0,-10.0,40,NP101is,540.0,5.4,Starlight Xpress Fil,Blue,FlatWizard,FocusLynx Focuser 1,9681.0,9681.0,13.404,7.9,7.9,TOP-DOWN,2000.0,N.I.N.A. 2.0.0.2048,2022-02-24_11-33-02_Blue_-10.00_0.12s_0013.fits,1,/mnt/raid0/AstroImaging/Preselected/Flaming Star Nebula (IC405) started 4th February 2022/DarkFlats/Blue/2022-02-24_11-33-02_Blue_-10.00_0.12s_0013.fits,,,,,,,,,,,,,,,,,,,
True,16,2,9576,6388,True,32768,DARKFLAT,0.12,0.12,2022-02-24T11:33:08.634,2022-02-24T11:33:08.634,1,1,100,10,0.246657639741898,3.76,3.76,ZWO ASI6200MM Pro,-10.0,-10.0,40,NP101is,540.0,5.4,Starlight Xpress Fil,Blue,FlatWizard,FocusLynx Focuser 1,9681.0,9681.0,13.404,7.9,7.9,TOP-DOWN,2000.0,N.I.N.A. 2.0.0.2048,2022-02-24_11-33-08_Blue_-10.00_0.12s_0014.fits,1,/mnt/raid0/AstroImaging/Preselected/Flaming Star Nebula (IC405) started 4th February 2022/DarkFlats/Blue/2022-02-24_11-33-08_Blue_-10.00_0.12s_0014.fits,,,,,,,,,,,,,,,,,,,
True,16,2,9576,6388,True,32768,DARKFLAT,0.12,0.12,2022-02-24T11:33:13.792,2022-02-24T11:33:13.792,1,1,100,10,0.246657639741898,3.76,3.76,ZWO ASI6200MM Pro,-10.0,-10.0,40,NP101is,540.0,5.4,Starlight Xpress Fil,Blue,FlatWizard,FocusLynx Focuser 1,9681.0,9681.0,13.404,7.9,7.9,TOP-DOWN,2000.0,N.I.N.A. 2.0.0.2048,2022-02-24_11-33-13_Blue_-10.00_0.12s_0015.fits,1,/mnt/raid0/AstroImaging/Preselected/Flaming Star Nebula (IC405) started 4th February 2022/DarkFlats/Blue/2022-02-24_11-33-13_Blue_-10.00_0.12s_0015.fits,,,,,,,,,,,,,,,,,,,
True,16,2,9576,6388,True,32768,DARKFLAT,0.12,0.12,2022-02-24T11:33:19.519,2022-02-24T11:33:19.519,1,1,100,10,0.246657639741898,3.76,3.76,ZWO ASI6200MM Pro,-10.0,-10.0,40,NP101is,540.0,5.4,Starlight Xpress Fil,Blue,FlatWizard,FocusLynx Focuser 1,9681.0,9681.0,13.404,7.9,7.9,TOP-DOWN,2000.0,N.I.N.A. 2.0.0.2048,2022-02-24_11-33-19_Blue_-10.00_0.12s_0016.fits,1,/mnt/raid0/AstroImaging/Preselected/Flaming Star Nebula (IC405) started 4th February 2022/DarkFlats/Blue/2022-02-24_11-33-19_Blue_-10.00_0.12s_0016.fits,,,,,,,,,,,,,,,,,,,
True,16,2,9576,6388,True,32768,DARKFLAT,0.12,0.12,2022-02-24T11:33:25.529,2022-02-24T11:33:25.529,1,1,100,10,0.246657639741898,3.76,3.76,ZWO ASI6200MM Pro,-10.0,-10.0,40,NP101is,540.0,5.4,Starlight Xpress Fil,Blue,FlatWizard,FocusLynx Focuser 1,9681.0,9681.0,13.404,7.9,7.9,TOP-DOWN,2000.0,N.I.N.A. 2.0.0.2048,2022-02-24_11-33-25_Blue_-10.00_0.12s_0017.fits,1,/mnt/raid0/AstroImaging/Preselected/Flaming Star Nebula (IC405) started 4th February 2022/DarkFlats/Blue/2022-02-24_11-33-25_Blue_-10.00_0.12s_0017.fits,,,,,,,,,,,,,,,,,,,
True,16,2,9576,6388,True,32768,DARKFLAT,0.12,0.12,2022-02-24T11:33:30.579,2022-02-24T11:33:30.579,1,1,100,10,0.246657639741898,3.76,3.76,ZWO ASI6200MM Pro,-10.0,-10.0,40,NP101is,540.0,5.4,Starlight Xpress Fil,Blue,FlatWizard,FocusLynx Focuser 1,9681.0,9681.0,13.404,7.9,7.9,TOP-DOWN,2000.0,N.I.N.A. 2.0.0.2048,2022-02-24_11-33-30_Blue_-10.00_0.12s_0018.fits,1,/mnt/raid0/AstroImaging/Preselected/Flaming Star Nebula (IC405) started 4th February 2022/DarkFlats/Blue/2022-02-24_11-33-30_Blue_-10.00_0.12s_0018.fits,,,,,,,,,,,,,,,,,,,
True,16,2,9576,6388,True,32768,DARKFLAT,0.12,0.12,2022-02-24T11:33:36.467,2022-02-24T11:33:36.467,1,1,100,10,0.246657639741898,3.76,3.76,ZWO ASI6200MM Pro,-10.0,-10.0,40,NP101is,540.0,5.4,Starlight Xpress Fil,Blue,FlatWizard,FocusLynx Focuser 1,9681.0,9681.0,13.404,7.9,7.9,TOP-DOWN,2000.0,N.I.N.A. 2.0.0.2048,2022-02-24_11-33-36_Blue_-10.00_0.12s_0019.fits,1,/mnt/raid0/AstroImaging/Preselected/Flaming Star Nebula (IC405) started 4th February 2022/DarkFlats/Blue/2022-02-24_11-33-36_Blue_-10.00_0.12s_0019.fits,,,,,,,,,,,,,,,,,,,
True,16,2,9576,6388,True,32768,DARKFLAT,0.12,0.12,2022-02-24T11:33:41.682,2022-02-24T11:33:41.682,1,1,100,10,0.246657639741898,3.76,3.76,ZWO ASI6200MM Pro,-10.0,-10.0,40,NP101is,540.0,5.4,Starlight Xpress Fil,Blue,FlatWizard,FocusLynx Focuser 1,9681.0,9681.0,13.404,7.9,7.9,TOP-DOWN,2000.0,N.I.N.A. 2.0.0.2048,2022-02-24_11-33-41_Blue_-10.00_0.12s_0020.fits,1,/mnt/raid0/AstroImaging/Preselected/Flaming Star Nebula (IC405) started 4th February 2022/DarkFlats/Blue/2022-02-24_11-33-41_Blue_-10.00_0.12s_0020.fits,,,,,,,,,,,,,,,,,,,
True,16,2,9576,6388,True,32768,DARKFLAT,0.12,0.12,2022-02-24T11:33:47.466,2022-02-24T11:33:47.466,1,1,100,10,0.246657639741898,3.76,3.76,ZWO ASI6200MM Pro,-10.0,-10.0,40,NP101is,540.0,5.4,Starlight Xpress Fil,Blue,FlatWizard,FocusLynx Focuser 1,9681.0,9681.0,13.404,7.9,7.9,TOP-DOWN,2000.0,N.I.N.A. 2.0.0.2048,2022-02-24_11-33-47_Blue_-10.00_0.12s_0021.fits,1,/mnt/raid0/AstroImaging/Preselected/Flaming Star Nebula (IC405) started 4th February 2022/DarkFlats/Blue/2022-02-24_11-33-47_Blue_-10.00_0.12s_0021.fits,,,,,,,,,,,,,,,,,,,
True,16,2,9576,6388,True,32768,DARKFLAT,0.12,0.12,2022-02-24T11:33:52.442,2022-02-24T11:33:52.442,1,1,100,10,0.246657639741898,3.76,3.76,ZWO ASI6200MM Pro,-10.0,-9.9,40,NP101is,540.0,5.4,Starlight Xpress Fil,Blue,FlatWizard,FocusLynx Focuser 1,9681.0,9681.0,13.404,7.9,7.9,TOP-DOWN,2000.0,N.I.N.A. 2.0.0.2048,2022-02-24_11-33-52_Blue_-9.90_0.12s_0022.fits,1,/mnt/raid0/AstroImaging/Preselected/Flaming Star Nebula (IC405) started 4th February 2022/DarkFlats/Blue/2022-02-24_11-33-52_Blue_-9.90_0.12s_0022.fits,,,,,,,,,,,,,,,,,,,
True,16,2,9576,6388,True,32768,DARKFLAT,0.12,0.12,2022-02-24T11:33:57.847,2022-02-24T11:33:57.847,1,1,100,10,0.246657639741898,3.76,3.76,ZWO ASI6200MM Pro,-10.0,-9.9,40,NP101is,540.0,5.4,Starlight Xpress Fil,Blue,FlatWizard,FocusLynx Focuser 1,9681.0,9681.0,13.404,7.9,7.9,TOP-DOWN,2000.0,N.I.N.A. 2.0.0.2048,2022-02-24_11-33-57_Blue_-9.90_0.12s_0023.fits,1,/mnt/raid0/AstroImaging/Preselected/Flaming Star Nebula (IC405) started 4th February 2022/DarkFlats/Blue/2022-02-24_11-33-57_Blue_-9.90_0.12s_0023.fits,,,,,,,,,,,,,,,,,,,
True,16,2,9576,6388,True,32768,DARKFLAT,0.12,0.12,2022-02-24T11:34:02.688,2022-02-24T11:34:02.688,1,1,100,10,0.246657639741898,3.76,3.76,ZWO ASI6200MM Pro,-10.0,-9.9,40,NP101is,540.0,5.4,Starlight Xpress Fil,Blue,FlatWizard,FocusLynx Focuser 1,9681.0,9681.0,13.404,7.9,7.9,TOP-DOWN,2000.0,N.I.N.A. 2.0.0.2048,2022-02-24_11-34-02_Blue_-9.90_0.12s_0024.fits,1,/mnt/raid0/AstroImaging/Preselected/Flaming Star Nebula (IC405) started 4th February 2022/DarkFlats/Blue/2022-02-24_11-34-02_Blue_-9.90_0.12s_0024.fits,,,,,,,,,,,,,,,,,,,
True,16,2,9576,6388,True,32768,DARKFLAT,0.12,0.12,2022-02-24T11:34:08.495,2022-02-24T11:34:08.495,1,1,100,10,0.246657639741898,3.76,3.76,ZWO ASI6200MM Pro,-10.0,-9.9,40,NP101is,540.0,5.4,Starlight Xpress Fil,Blue,FlatWizard,FocusLynx Focuser 1,9681.0,9681.0,13.404,7.9,7.9,TOP-DOWN,2000.0,N.I.N.A. 2.0.0.2048,2022-02-24_11-34-08_Blue_-9.90_0.12s_0025.fits,1,/mnt/raid0/AstroImaging/Preselected/Flaming Star Nebula (IC405) started 4th February 2022/DarkFlats/Blue/2022-02-24_11-34-08_Blue_-9.90_0.12s_0025.fits,,,,,,,,,,,,,,,,,,,
True,16,2,9576,6388,True,32768,DARKFLAT,0.12,0.12,2022-02-24T11:34:14.746,2022-02-24T11:34:14.746,1,1,100,10,0.246657639741898,3.76,3.76,ZWO ASI6200MM Pro,-10.0,-9.9,40,NP101is,540.0,5.4,Starlight Xpress Fil,Blue,FlatWizard,FocusLynx Focuser 1,9681.0,9681.0,13.404,7.9,7.9,TOP-DOWN,2000.0,N.I.N.A. 2.0.0.2048,2022-02-24_11-34-14_Blue_-9.90_0.12s_0026.fits,1,/mnt/raid0/AstroImaging/Preselected/Flaming Star Nebula (IC405) started 4th February 2022/DarkFlats/Blue/2022-02-24_11-34-14_Blue_-9.90_0.12s_0026.fits,,,,,,,,,,,,,,,,,,,
True,16,2,9576,6388,True,32768,DARKFLAT,0.12,0.12,2022-02-24T11:34:18.603,2022-02-24T11:34:18.603,1,1,100,10,0.246657639741898,3.76,3.76,ZWO ASI6200MM Pro,-10.0,-9.9,40,NP101is,540.0,5.4,Starlight Xpress Fil,Blue,FlatWizard,FocusLynx Focuser 1,9681.0,9681.0,13.404,7.9,7.9,TOP-DOWN,2000.0,N.I.N.A. 2.0.0.2048,2022-02-24_11-34-18_Blue_-9.90_0.12s_0027.fits,1,/mnt/raid0/AstroImaging/Preselected/Flaming Star Nebula (IC405) started 4th February 2022/DarkFlats/Blue/2022-02-24_11-34-18_Blue_-9.90_0.12s_0027.fits,,,,,,,,,,,,,,,,,,,
True,16,2,9576,6388,True,32768,DARKFLAT,0.12,0.12,2022-02-24T11:34:25.171,2022-02-24T11:34:25.171,1,1,100,10,0.246657639741898,3.76,3.76,ZWO ASI6200MM Pro,-10.0,-9.9,40,NP101is,540.0,5.4,Starlight Xpress Fil,Blue,FlatWizard,FocusLynx Focuser 1,9681.0,9681.0,13.404,7.9,7.9,TOP-DOWN,2000.0,N.I.N.A. 2.0.0.2048,2022-02-24_11-34-25_Blue_-9.90_0.12s_0028.fits,1,/mnt/raid0/AstroImaging/Preselected/Flaming Star Nebula (IC405) started 4th February 2022/DarkFlats/Blue/2022-02-24_11-34-25_Blue_-9.90_0.12s_0028.fits,,,,,,,,,,,,,,,,,,,
True,16,2,9576,6388,True,32768,DARKFLAT,0.12,0.12,2022-02-24T11:34:30.742,2022-02-24T11:34:30.742,1,1,100,10,0.246657639741898,3.76,3.76,ZWO ASI6200MM Pro,-10.0,-9.9,40,NP101is,540.0,5.4,Starlight Xpress Fil,Blue,FlatWizard,FocusLynx Focuser 1,9681.0,9681.0,13.404,7.9,7.9,TOP-DOWN,2000.0,N.I.N.A. 2.0.0.2048,2022-02-24_11-34-30_Blue_-9.90_0.12s_0029.fits,1,/mnt/raid0/AstroImaging/Preselected/Flaming Star Nebula (IC405) started 4th February 2022/DarkFlats/Blue/2022-02-24_11-34-30_Blue_-9.90_0.12s_0029.fits,,,,,,,,,,,,,,,,,,,
True,16,2,9576,6388,True,32768,DARKFLAT,0.12,0.12,2022-02-24T11:34:35.926,2022-02-24T11:34:35.926,1,1,100,10,0.246657639741898,3.76,3.76,ZWO ASI6200MM Pro,-10.0,-9.9,40,NP101is,540.0,5.4,Starlight Xpress Fil,Blue,FlatWizard,FocusLynx Focuser 1,9681.0,9681.0,13.404,7.9,7.9,TOP-DOWN,2000.0,N.I.N.A. 2.0.0.2048,2022-02-24_11-34-35_Blue_-9.90_0.12s_0030.fits,1,/mnt/raid0/AstroImaging/Preselected/Flaming Star Nebula (IC405) started 4th February 2022/DarkFlats/Blue/2022-02-24_11-34-35_Blue_-9.90_0.12s_0030.fits,,,,,,,,,,,,,,,,,,,
True,16,2,9576,6388,True,32768,DARKFLAT,0.12,0.12,2022-02-24T11:34:41.559,2022-02-24T11:34:41.559,1,1,100,10,0.246657639741898,3.76,3.76,ZWO ASI6200MM Pro,-10.0,-9.9,40,NP101is,540.0,5.4,Starlight Xpress Fil,Blue,FlatWizard,FocusLynx Focuser 1,9681.0,9681.0,13.404,7.9,7.9,TOP-DOWN,2000.0,N.I.N.A. 2.0.0.2048,2022-02-24_11-34-41_Blue_-9.90_0.12s_0031.fits,1,/mnt/raid0/AstroImaging/Preselected/Flaming Star Nebula (IC405) started 4th February 2022/DarkFlats/Blue/2022-02-24_11-34-41_Blue_-9.90_0.12s_0031.fits,,,,,,,,,,,,,,,,,,,
True,16,2,9576,6388,True,32768,DARKFLAT,0.12,0.12,2022-02-24T11:34:47.182,2022-02-24T11:34:47.182,1,1,100,10,0.246657639741898,3.76,3.76,ZWO ASI6200MM Pro,-10.0,-9.9,40,NP101is,540.0,5.4,Starlight Xpress Fil,Blue,FlatWizard,FocusLynx Focuser 1,9681.0,9681.0,13.404,7.9,7.9,TOP-DOWN,2000.0,N.I.N.A. 2.0.0.2048,2022-02-24_11-34-47_Blue_-9.90_0.12s_0032.fits,1,/mnt/raid0/AstroImaging/Preselected/Flaming Star Nebula (IC405) started 4th February 2022/DarkFlats/Blue/2022-02-24_11-34-47_Blue_-9.90_0.12s_0032.fits,,,,,,,,,,,,,,,,,,,
True,16,2,9576,6388,True,32768,DARKFLAT,0.12,0.12,2022-02-24T11:34:52.939,2022-02-24T11:34:52.939,1,1,100,10,0.246657639741898,3.76,3.76,ZWO ASI6200MM Pro,-10.0,-9.9,40,NP101is,540.0,5.4,Starlight Xpress Fil,Blue,FlatWizard,FocusLynx Focuser 1,9681.0,9681.0,13.404,7.9,7.9,TOP-DOWN,2000.0,N.I.N.A. 2.0.0.2048,2022-02-24_11-34-52_Blue_-9.90_0.12s_0033.fits,1,/mnt/raid0/AstroImaging/Preselected/Flaming Star Nebula (IC405) started 4th February 2022/DarkFlats/Blue/2022-02-24_11-34-52_Blue_-9.90_0.12s_0033.fits,,,,,,,,,,,,,,,,,,,
True,16,2,9576,6388,True,32768,DARKFLAT,0.12,0.12,2022-02-24T11:34:57.538,2022-02-24T11:34:57.538,1,1,100,10,0.246657639741898,3.76,3.76,ZWO ASI6200MM Pro,-10.0,-9.9,40,NP101is,540.0,5.4,Starlight Xpress Fil,Blue,FlatWizard,FocusLynx Focuser 1,9681.0,9681.0,13.404,7.9,7.9,TOP-DOWN,2000.0,N.I.N.A. 2.0.0.2048,2022-02-24_11-34-57_Blue_-9.90_0.12s_0034.fits,1,/mnt/raid0/AstroImaging/Preselected/Flaming Star Nebula (IC405) started 4th February 2022/DarkFlats/Blue/2022-02-24_11-34-57_Blue_-9.90_0.12s_0034.fits,,,,,,,,,,,,,,,,,,,
True,16,2,9576,6388,True,32768,DARKFLAT,0.12,0.12,2022-02-24T11:35:02.612,2022-02-24T11:35:02.612,1,1,100,10,0.246657639741898,3.76,3.76,ZWO ASI6200MM Pro,-10.0,-9.9,40,NP101is,540.0,5.4,Starlight Xpress Fil,Blue,FlatWizard,FocusLynx Focuser 1,9681.0,9681.0,13.404,7.9,7.9,TOP-DOWN,2000.0,N.I.N.A. 2.0.0.2048,2022-02-24_11-35-02_Blue_-9.90_0.12s_0035.fits,1,/mnt/raid0/AstroImaging/Preselected/Flaming Star Nebula (IC405) started 4th February 2022/DarkFlats/Blue/2022-02-24_11-35-02_Blue_-9.90_0.12s_0035.fits,,,,,,,,,,,,,,,,,,,
True,16,2,9576,6388,True,32768,DARKFLAT,0.12,0.12,2022-02-24T11:35:08.596,2022-02-24T11:35:08.596,1,1,100,10,0.246657639741898,3.76,3.76,ZWO ASI6200MM Pro,-10.0,-9.9,40,NP101is,540.0,5.4,Starlight Xpress Fil,Blue,FlatWizard,FocusLynx Focuser 1,9681.0,9681.0,13.404,7.9,7.9,TOP-DOWN,2000.0,N.I.N.A. 2.0.0.2048,2022-02-24_11-35-08_Blue_-9.90_0.12s_0036.fits,1,/mnt/raid0/AstroImaging/Preselected/Flaming Star Nebula (IC405) started 4th February 2022/DarkFlats/Blue/2022-02-24_11-35-08_Blue_-9.90_0.12s_0036.fits,,,,,,,,,,,,,,,,,,,
True,16,2,9576,6388,True,32768,DARKFLAT,0.12,0.12,2022-02-24T11:35:14.180,2022-02-24T11:35:14.180,1,1,100,10,0.246657639741898,3.76,3.76,ZWO ASI6200MM Pro,-10.0,-9.9,40,NP101is,540.0,5.4,Starlight Xpress Fil,Blue,FlatWizard,FocusLynx Focuser 1,9681.0,9681.0,13.404,7.9,7.9,TOP-DOWN,2000.0,N.I.N.A. 2.0.0.2048,2022-02-24_11-35-14_Blue_-9.90_0.12s_0037.fits,1,/mnt/raid0/AstroImaging/Preselected/Flaming Star Nebula (IC405) started 4th February 2022/DarkFlats/Blue/2022-02-24_11-35-14_Blue_-9.90_0.12s_0037.fits,,,,,,,,,,,,,,,,,,,
True,16,2,9576,6388,True,32768,DARKFLAT,0.12,0.12,2022-02-24T11:35:19.435,2022-02-24T11:35:19.435,1,1,100,10,0.246657639741898,3.76,3.76,ZWO ASI6200MM Pro,-10.0,-10.0,40,NP101is,540.0,5.4,Starlight Xpress Fil,Blue,FlatWizard,FocusLynx Focuser 1,9681.0,9681.0,13.404,7.9,7.9,TOP-DOWN,2000.0,N.I.N.A. 2.0.0.2048,2022-02-24_11-35-19_Blue_-10.00_0.12s_0038.fits,1,/mnt/raid0/AstroImaging/Preselected/Flaming Star Nebula (IC405) started 4th February 2022/DarkFlats/Blue/2022-02-24_11-35-19_Blue_-10.00_0.12s_0038.fits,,,,,,,,,,,,,,,,,,,
True,16,2,9576,6388,True,32768,DARKFLAT,0.12,0.12,2022-02-24T11:35:25.051,2022-02-24T11:35:25.051,1,1,100,10,0.246657639741898,3.76,3.76,ZWO ASI6200MM Pro,-10.0,-10.0,40,NP101is,540.0,5.4,Starlight Xpress Fil,Blue,FlatWizard,FocusLynx Focuser 1,9681.0,9681.0,13.404,7.9,7.9,TOP-DOWN,2000.0,N.I.N.A. 2.0.0.2048,2022-02-24_11-35-25_Blue_-10.00_0.12s_0039.fits,1,/mnt/raid0/AstroImaging/Preselected/Flaming Star Nebula (IC405) started 4th February 2022/DarkFlats/Blue/2022-02-24_11-35-25_Blue_-10.00_0.12s_0039.fits,,,,,,,,,,,,,,,,,,,
True,16,2,9576,6388,True,32768,DARKFLAT,0.12,0.12,2022-02-24T11:35:30.230,2022-02-24T11:35:30.230,1,1,100,10,0.246657639741898,3.76,3.76,ZWO ASI6200MM Pro,-10.0,-10.0,40,NP101is,540.0,5.4,Starlight Xpress Fil,Blue,FlatWizard,FocusLynx Focuser 1,9681.0,9681.0,13.404,7.9,7.9,TOP-DOWN,2000.0,N.I.N.A. 2.0.0.2048,2022-02-24_11-35-30_Blue_-10.00_0.12s_0040.fits,1,/mnt/raid0/AstroImaging/Preselected/Flaming Star Nebula (IC405) started 4th February 2022/DarkFlats/Blue/2022-02-24_11-35-30_Blue_-10.00_0.12s_0040.fits,,,,,,,,,,,,,,,,,,,
True,16,2,9576,6388,True,32768,DARKFLAT,0.12,0.12,2022-02-24T11:35:36.109,2022-02-24T11:35:36.109,1,1,100,10,0.246657639741898,3.76,3.76,ZWO ASI6200MM Pro,-10.0,-10.0,40,NP101is,540.0,5.4,Starlight Xpress Fil,Blue,FlatWizard,FocusLynx Focuser 1,9681.0,9681.0,13.404,7.9,7.9,TOP-DOWN,2000.0,N.I.N.A. 2.0.0.2048,2022-02-24_11-35-36_Blue_-10.00_0.12s_0041.fits,1,/mnt/raid0/AstroImaging/Preselected/Flaming Star Nebula (IC405) started 4th February 2022/DarkFlats/Blue/2022-02-24_11-35-36_Blue_-10.00_0.12s_0041.fits,,,,,,,,,,,,,,,,,,,
True,16,2,9576,6388,True,32768,DARKFLAT,0.12,0.12,2022-02-24T11:35:40.894,2022-02-24T11:35:40.894,1,1,100,10,0.246657639741898,3.76,3.76,ZWO ASI6200MM Pro,-10.0,-10.0,40,NP101is,540.0,5.4,Starlight Xpress Fil,Blue,FlatWizard,FocusLynx Focuser 1,9681.0,9681.0,13.404,7.9,7.9,TOP-DOWN,2000.0,N.I.N.A. 2.0.0.2048,2022-02-24_11-35-40_Blue_-10.00_0.12s_0042.fits,1,/mnt/raid0/AstroImaging/Preselected/Flaming Star Nebula (IC405) started 4th February 2022/DarkFlats/Blue/2022-02-24_11-35-40_Blue_-10.00_0.12s_0042.fits,,,,,,,,,,,,,,,,,,,
True,16,2,9576,6388,True,32768,DARKFLAT,0.12,0.12,2022-02-24T11:35:46.458,2022-02-24T11:35:46.458,1,1,100,10,0.246657639741898,3.76,3.76,ZWO ASI6200MM Pro,-10.0,-10.0,40,NP101is,540.0,5.4,Starlight Xpress Fil,Blue,FlatWizard,FocusLynx Focuser 1,9681.0,9681.0,13.404,7.9,7.9,TOP-DOWN,2000.0,N.I.N.A. 2.0.0.2048,2022-02-24_11-35-46_Blue_-10.00_0.12s_0043.fits,1,/mnt/raid0/AstroImaging/Preselected/Flaming Star Nebula (IC405) started 4th February 2022/DarkFlats/Blue/2022-02-24_11-35-46_Blue_-10.00_0.12s_0043.fits,,,,,,,,,,,,,,,,,,,
True,16,2,9576,6388,True,32768,DARKFLAT,0.12,0.12,2022-02-24T11:35:52.325,2022-02-24T11:35:52.325,1,1,100,10,0.246657639741898,3.76,3.76,ZWO ASI6200MM Pro,-10.0,-10.0,40,NP101is,540.0,5.4,Starlight Xpress Fil,Blue,FlatWizard,FocusLynx Focuser 1,9681.0,9681.0,13.404,7.9,7.9,TOP-DOWN,2000.0,N.I.N.A. 2.0.0.2048,2022-02-24_11-35-52_Blue_-10.00_0.12s_0044.fits,1,/mnt/raid0/AstroImaging/Preselected/Flaming Star Nebula (IC405) started 4th February 2022/DarkFlats/Blue/2022-02-24_11-35-52_Blue_-10.00_0.12s_0044.fits,,,,,,,,,,,,,,,,,,,
True,16,2,9576,6388,True,32768,DARKFLAT,0.12,0.12,2022-02-24T11:35:57.457,2022-02-24T11:35:57.457,1,1,100,10,0.246657639741898,3.76,3.76,ZWO ASI6200MM Pro,-10.0,-10.0,40,NP101is,540.0,5.4,Starlight Xpress Fil,Blue,FlatWizard,FocusLynx Focuser 1,9681.0,9681.0,13.404,7.9,7.9,TOP-DOWN,2000.0,N.I.N.A. 2.0.0.2048,2022-02-24_11-35-57_Blue_-10.00_0.12s_0045.fits,1,/mnt/raid0/AstroImaging/Preselected/Flaming Star Nebula (IC405) started 4th February 2022/DarkFlats/Blue/2022-02-24_11-35-57_Blue_-10.00_0.12s_0045.fits,,,,,,,,,,,,,,,,,,,
True,16,2,9576,6388,True,32768,DARKFLAT,0.12,0.12,2022-02-24T11:36:02.693,2022-02-24T11:36:02.693,1,1,100,10,0.246657639741898,3.76,3.76,ZWO ASI6200MM Pro,-10.0,-10.0,40,NP101is,540.0,5.4,Starlight Xpress Fil,Blue,FlatWizard,FocusLynx Focuser 1,9681.0,9681.0,13.404,7.9,7.9,TOP-DOWN,2000.0,N.I.N.A. 2.0.0.2048,2022-02-24_11-36-02_Blue_-10.00_0.12s_0046.fits,1,/mnt/raid0/AstroImaging/Preselected/Flaming Star Nebula (IC405) started 4th February 2022/DarkFlats/Blue/2022-02-24_11-36-02_Blue_-10.00_0.12s_0046.fits,,,,,,,,,,,,,,,,,,,
True,16,2,9576,6388,True,32768,DARKFLAT,0.12,0.12,2022-02-24T11:36:08.682,2022-02-24T11:36:08.682,1,1,100,10,0.246657639741898,3.76,3.76,ZWO ASI6200MM Pro,-10.0,-10.0,40,NP101is,540.0,5.4,Starlight Xpress Fil,Blue,FlatWizard,FocusLynx Focuser 1,9681.0,9681.0,13.404,7.9,7.9,TOP-DOWN,2000.0,N.I.N.A. 2.0.0.2048,2022-02-24_11-36-08_Blue_-10.00_0.12s_0047.fits,1,/mnt/raid0/AstroImaging/Preselected/Flaming Star Nebula (IC405) started 4th February 2022/DarkFlats/Blue/2022-02-24_11-36-08_Blue_-10.00_0.12s_0047.fits,,,,,,,,,,,,,,,,,,,
True,16,2,9576,6388,True,32768,DARKFLAT,0.12,0.12,2022-02-24T11:36:14.314,2022-02-24T11:36:14.314,1,1,100,10,0.246657639741898,3.76,3.76,ZWO ASI6200MM Pro,-10.0,-10.0,40,NP101is,540.0,5.4,Starlight Xpress Fil,Blue,FlatWizard,FocusLynx Focuser 1,9681.0,9681.0,13.404,7.9,7.9,TOP-DOWN,2000.0,N.I.N.A. 2.0.0.2048,2022-02-24_11-36-14_Blue_-10.00_0.12s_0048.fits,1,/mnt/raid0/AstroImaging/Preselected/Flaming Star Nebula (IC405) started 4th February 2022/DarkFlats/Blue/2022-02-24_11-36-14_Blue_-10.00_0.12s_0048.fits,,,,,,,,,,,,,,,,,,,
True,16,2,9576,6388,True,32768,DARKFLAT,0.12,0.12,2022-02-24T11:36:19.216,2022-02-24T11:36:19.216,1,1,100,10,0.246657639741898,3.76,3.76,ZWO ASI6200MM Pro,-10.0,-10.0,40,NP101is,540.0,5.4,Starlight Xpress Fil,Blue,FlatWizard,FocusLynx Focuser 1,9681.0,9681.0,13.404,7.9,7.9,TOP-DOWN,2000.0,N.I.N.A. 2.0.0.2048,2022-02-24_11-36-19_Blue_-10.00_0.12s_0049.fits,1,/mnt/raid0/AstroImaging/Preselected/Flaming Star Nebula (IC405) started 4th February 2022/DarkFlats/Blue/2022-02-24_11-36-19_Blue_-10.00_0.12s_0049.fits,,,,,,,,,,,,,,,,,,,
True,16,2,9576,6388,True,32768,DARKFLAT,0.1,0.1,2022-02-24T11:50:58.868,2022-02-24T11:50:58.868,1,1,100,10,0.246657639741898,3.76,3.76,ZWO ASI6200MM Pro,-10.0,-10.3,40,NP101is,540.0,5.4,Starlight Xpress Fil,Green,FlatWizard,FocusLynx Focuser 1,9663.0,9663.0,13.404,8.1,8.1,TOP-DOWN,2000.0,N.I.N.A. 2.0.0.2048,2022-02-24_11-50-58_Green_-10.30_0.10s_0000.fits,1,/mnt/raid0/AstroImaging/Preselected/Flaming Star Nebula (IC405) started 4th February 2022/DarkFlats/Green/2022-02-24_11-50-58_Green_-10.30_0.10s_0000.fits,,,,,,,,,,,,,,,,,,,
True,16,2,9576,6388,True,32768,DARKFLAT,0.1,0.1,2022-02-24T11:51:00.721,2022-02-24T11:51:00.721,1,1,100,10,0.246657639741898,3.76,3.76,ZWO ASI6200MM Pro,-10.0,-10.2,40,NP101is,540.0,5.4,Starlight Xpress Fil,Green,FlatWizard,FocusLynx Focuser 1,9663.0,9663.0,13.404,8.1,8.1,TOP-DOWN,2000.0,N.I.N.A. 2.0.0.2048,2022-02-24_11-51-00_Green_-10.20_0.10s_0001.fits,1,/mnt/raid0/AstroImaging/Preselected/Flaming Star Nebula (IC405) started 4th February 2022/DarkFlats/Green/2022-02-24_11-51-00_Green_-10.20_0.10s_0001.fits,,,,,,,,,,,,,,,,,,,
True,16,2,9576,6388,True,32768,DARKFLAT,0.1,0.1,2022-02-24T11:51:06.217,2022-02-24T11:51:06.217,1,1,100,10,0.246657639741898,3.76,3.76,ZWO ASI6200MM Pro,-10.0,-10.1,40,NP101is,540.0,5.4,Starlight Xpress Fil,Green,FlatWizard,FocusLynx Focuser 1,9663.0,9663.0,13.404,8.1,8.1,TOP-DOWN,2000.0,N.I.N.A. 2.0.0.2048,2022-02-24_11-51-06_Green_-10.10_0.10s_0002.fits,1,/mnt/raid0/AstroImaging/Preselected/Flaming Star Nebula (IC405) started 4th February 2022/DarkFlats/Green/2022-02-24_11-51-06_Green_-10.10_0.10s_0002.fits,,,,,,,,,,,,,,,,,,,
True,16,2,9576,6388,True,32768,DARKFLAT,0.1,0.1,2022-02-24T11:51:12.592,2022-02-24T11:51:12.592,1,1,100,10,0.246657639741898,3.76,3.76,ZWO ASI6200MM Pro,-10.0,-10.0,40,NP101is,540.0,5.4,Starlight Xpress Fil,Green,FlatWizard,FocusLynx Focuser 1,9663.0,9663.0,13.404,8.1,8.1,TOP-DOWN,2000.0,N.I.N.A. 2.0.0.2048,2022-02-24_11-51-12_Green_-10.00_0.10s_0003.fits,1,/mnt/raid0/AstroImaging/Preselected/Flaming Star Nebula (IC405) started 4th February 2022/DarkFlats/Green/2022-02-24_11-51-12_Green_-10.00_0.10s_0003.fits,,,,,,,,,,,,,,,,,,,
True,16,2,9576,6388,True,32768,DARKFLAT,0.1,0.1,2022-02-24T11:51:18.102,2022-02-24T11:51:18.102,1,1,100,10,0.246657639741898,3.76,3.76,ZWO ASI6200MM Pro,-10.0,-10.0,40,NP101is,540.0,5.4,Starlight Xpress Fil,Green,FlatWizard,FocusLynx Focuser 1,9663.0,9663.0,13.404,8.1,8.1,TOP-DOWN,2000.0,N.I.N.A. 2.0.0.2048,2022-02-24_11-51-18_Green_-10.00_0.10s_0004.fits,1,/mnt/raid0/AstroImaging/Preselected/Flaming Star Nebula (IC405) started 4th February 2022/DarkFlats/Green/2022-02-24_11-51-18_Green_-10.00_0.10s_0004.fits,,,,,,,,,,,,,,,,,,,
True,16,2,9576,6388,True,32768,DARKFLAT,0.1,0.1,2022-02-24T11:51:23.842,2022-02-24T11:51:23.842,1,1,100,10,0.246657639741898,3.76,3.76,ZWO ASI6200MM Pro,-10.0,-9.9,40,NP101is,540.0,5.4,Starlight Xpress Fil,Green,FlatWizard,FocusLynx Focuser 1,9663.0,9663.0,13.404,8.1,8.1,TOP-DOWN,2000.0,N.I.N.A. 2.0.0.2048,2022-02-24_11-51-23_Green_-9.90_0.10s_0005.fits,1,/mnt/raid0/AstroImaging/Preselected/Flaming Star Nebula (IC405) started 4th February 2022/DarkFlats/Green/2022-02-24_11-51-23_Green_-9.90_0.10s_0005.fits,,,,,,,,,,,,,,,,,,,
True,16,2,9576,6388,True,32768,DARKFLAT,0.1,0.1,2022-02-24T11:51:30.209,2022-02-24T11:51:30.209,1,1,100,10,0.246657639741898,3.76,3.76,ZWO ASI6200MM Pro,-10.0,-9.8,40,NP101is,540.0,5.4,Starlight Xpress Fil,Green,FlatWizard,FocusLynx Focuser 1,9663.0,9663.0,13.404,8.1,8.1,TOP-DOWN,2000.0,N.I.N.A. 2.0.0.2048,2022-02-24_11-51-30_Green_-9.80_0.10s_0006.fits,1,/mnt/raid0/AstroImaging/Preselected/Flaming Star Nebula (IC405) started 4th February 2022/DarkFlats/Green/2022-02-24_11-51-30_Green_-9.80_0.10s_0006.fits,,,,,,,,,,,,,,,,,,,
True,16,2,9576,6388,True,32768,DARKFLAT,0.1,0.1,2022-02-24T11:51:36.048,2022-02-24T11:51:36.048,1,1,100,10,0.246657639741898,3.76,3.76,ZWO ASI6200MM Pro,-10.0,-9.8,40,NP101is,540.0,5.4,Starlight Xpress Fil,Green,FlatWizard,FocusLynx Focuser 1,9663.0,9663.0,13.404,8.1,8.1,TOP-DOWN,2000.0,N.I.N.A. 2.0.0.2048,2022-02-24_11-51-36_Green_-9.80_0.10s_0007.fits,1,/mnt/raid0/AstroImaging/Preselected/Flaming Star Nebula (IC405) started 4th February 2022/DarkFlats/Green/2022-02-24_11-51-36_Green_-9.80_0.10s_0007.fits,,,,,,,,,,,,,,,,,,,
True,16,2,9576,6388,True,32768,DARKFLAT,0.1,0.1,2022-02-24T11:51:41.203,2022-02-24T11:51:41.203,1,1,100,10,0.246657639741898,3.76,3.76,ZWO ASI6200MM Pro,-10.0,-9.7,40,NP101is,540.0,5.4,Starlight Xpress Fil,Green,FlatWizard,FocusLynx Focuser 1,9663.0,9663.0,13.404,8.1,8.1,TOP-DOWN,2000.0,N.I.N.A. 2.0.0.2048,2022-02-24_11-51-41_Green_-9.70_0.10s_0008.fits,1,/mnt/raid0/AstroImaging/Preselected/Flaming Star Nebula (IC405) started 4th February 2022/DarkFlats/Green/2022-02-24_11-51-41_Green_-9.70_0.10s_0008.fits,,,,,,,,,,,,,,,,,,,
True,16,2,9576,6388,True,32768,DARKFLAT,0.1,0.1,2022-02-24T11:51:46.916,2022-02-24T11:51:46.916,1,1,100,10,0.246657639741898,3.76,3.76,ZWO ASI6200MM Pro,-10.0,-9.7,40,NP101is,540.0,5.4,Starlight Xpress Fil,Green,FlatWizard,FocusLynx Focuser 1,9663.0,9663.0,13.404,8.1,8.1,TOP-DOWN,2000.0,N.I.N.A. 2.0.0.2048,2022-02-24_11-51-46_Green_-9.70_0.10s_0009.fits,1,/mnt/raid0/AstroImaging/Preselected/Flaming Star Nebula (IC405) started 4th February 2022/DarkFlats/Green/2022-02-24_11-51-46_Green_-9.70_0.10s_0009.fits,,,,,,,,,,,,,,,,,,,
True,16,2,9576,6388,True,32768,DARKFLAT,0.1,0.1,2022-02-24T11:51:52.924,2022-02-24T11:51:52.924,1,1,100,10,0.246657639741898,3.76,3.76,ZWO ASI6200MM Pro,-10.0,-9.6,40,NP101is,540.0,5.4,Starlight Xpress Fil,Green,FlatWizard,FocusLynx Focuser 1,9663.0,9663.0,13.404,8.1,8.1,TOP-DOWN,2000.0,N.I.N.A. 2.0.0.2048,2022-02-24_11-51-52_Green_-9.60_0.10s_0010.fits,1,/mnt/raid0/AstroImaging/Preselected/Flaming Star Nebula (IC405) started 4th February 2022/DarkFlats/Green/2022-02-24_11-51-52_Green_-9.60_0.10s_0010.fits,,,,,,,,,,,,,,,,,,,
True,16,2,9576,6388,True,32768,DARKFLAT,0.1,0.1,2022-02-24T11:51:57.980,2022-02-24T11:51:57.980,1,1,100,10,0.246657639741898,3.76,3.76,ZWO ASI6200MM Pro,-10.0,-9.6,40,NP101is,540.0,5.4,Starlight Xpress Fil,Green,FlatWizard,FocusLynx Focuser 1,9663.0,9663.0,13.404,8.1,8.1,TOP-DOWN,2000.0,N.I.N.A. 2.0.0.2048,2022-02-24_11-51-57_Green_-9.60_0.10s_0011.fits,1,/mnt/raid0/AstroImaging/Preselected/Flaming Star Nebula (IC405) started 4th February 2022/DarkFlats/Green/2022-02-24_11-51-57_Green_-9.60_0.10s_0011.fits,,,,,,,,,,,,,,,,,,,
True,16,2,9576,6388,True,32768,DARKFLAT,0.1,0.1,2022-02-24T11:52:03.283,2022-02-24T11:52:03.283,1,1,100,10,0.246657639741898,3.76,3.76,ZWO ASI6200MM Pro,-10.0,-9.6,40,NP101is,540.0,5.4,Starlight Xpress Fil,Green,FlatWizard,FocusLynx Focuser 1,9663.0,9663.0,13.404,8.1,8.1,TOP-DOWN,2000.0,N.I.N.A. 2.0.0.2048,2022-02-24_11-52-03_Green_-9.60_0.10s_0012.fits,1,/mnt/raid0/AstroImaging/Preselected/Flaming Star Nebula (IC405) started 4th February 2022/DarkFlats/Green/2022-02-24_11-52-03_Green_-9.60_0.10s_0012.fits,,,,,,,,,,,,,,,,,,,
True,16,2,9576,6388,True,32768,DARKFLAT,0.1,0.1,2022-02-24T11:52:09.519,2022-02-24T11:52:09.519,1,1,100,10,0.246657639741898,3.76,3.76,ZWO ASI6200MM Pro,-10.0,-9.5,40,NP101is,540.0,5.4,Starlight Xpress Fil,Green,FlatWizard,FocusLynx Focuser 1,9663.0,9663.0,13.404,8.1,8.1,TOP-DOWN,2000.0,N.I.N.A. 2.0.0.2048,2022-02-24_11-52-09_Green_-9.50_0.10s_0013.fits,1,/mnt/raid0/AstroImaging/Preselected/Flaming Star Nebula (IC405) started 4th February 2022/DarkFlats/Green/2022-02-24_11-52-09_Green_-9.50_0.10s_0013.fits,,,,,,,,,,,,,,,,,,,
True,16,2,9576,6388,True,32768,DARKFLAT,0.1,0.1,2022-02-24T11:52:14.681,2022-02-24T11:52:14.681,1,1,100,10,0.246657639741898,3.76,3.76,ZWO ASI6200MM Pro,-10.0,-9.5,40,NP101is,540.0,5.4,Starlight Xpress Fil,Green,FlatWizard,FocusLynx Focuser 1,9663.0,9663.0,13.404,8.1,8.1,TOP-DOWN,2000.0,N.I.N.A. 2.0.0.2048,2022-02-24_11-52-14_Green_-9.50_0.10s_0014.fits,1,/mnt/raid0/AstroImaging/Preselected/Flaming Star Nebula (IC405) started 4th February 2022/DarkFlats/Green/2022-02-24_11-52-14_Green_-9.50_0.10s_0014.fits,,,,,,,,,,,,,,,,,,,
True,16,2,9576,6388,True,32768,DARKFLAT,0.1,0.1,2022-02-24T11:52:20.266,2022-02-24T11:52:20.266,1,1,100,10,0.246657639741898,3.76,3.76,ZWO ASI6200MM Pro,-10.0,-9.5,40,NP101is,540.0,5.4,Starlight Xpress Fil,Green,FlatWizard,FocusLynx Focuser 1,9663.0,9663.0,13.404,8.1,8.1,TOP-DOWN,2000.0,N.I.N.A. 2.0.0.2048,2022-02-24_11-52-20_Green_-9.50_0.10s_0015.fits,1,/mnt/raid0/AstroImaging/Preselected/Flaming Star Nebula (IC405) started 4th February 2022/DarkFlats/Green/2022-02-24_11-52-20_Green_-9.50_0.10s_0015.fits,,,,,,,,,,,,,,,,,,,
True,16,2,9576,6388,True,32768,DARKFLAT,0.1,0.1,2022-02-24T11:52:26.504,2022-02-24T11:52:26.504,1,1,100,10,0.246657639741898,3.76,3.76,ZWO ASI6200MM Pro,-10.0,-9.5,40,NP101is,540.0,5.4,Starlight Xpress Fil,Green,FlatWizard,FocusLynx Focuser 1,9663.0,9663.0,13.404,8.1,8.1,TOP-DOWN,2000.0,N.I.N.A. 2.0.0.2048,2022-02-24_11-52-26_Green_-9.50_0.10s_0016.fits,1,/mnt/raid0/AstroImaging/Preselected/Flaming Star Nebula (IC405) started 4th February 2022/DarkFlats/Green/2022-02-24_11-52-26_Green_-9.50_0.10s_0016.fits,,,,,,,,,,,,,,,,,,,
True,16,2,9576,6388,True,32768,DARKFLAT,0.1,0.1,2022-02-24T11:52:32.803,2022-02-24T11:52:32.803,1,1,100,10,0.246657639741898,3.76,3.76,ZWO ASI6200MM Pro,-10.0,-9.6,40,NP101is,540.0,5.4,Starlight Xpress Fil,Green,FlatWizard,FocusLynx Focuser 1,9663.0,9663.0,13.404,8.1,8.1,TOP-DOWN,2000.0,N.I.N.A. 2.0.0.2048,2022-02-24_11-52-32_Green_-9.60_0.10s_0017.fits,1,/mnt/raid0/AstroImaging/Preselected/Flaming Star Nebula (IC405) started 4th February 2022/DarkFlats/Green/2022-02-24_11-52-32_Green_-9.60_0.10s_0017.fits,,,,,,,,,,,,,,,,,,,
True,16,2,9576,6388,True,32768,DARKFLAT,0.1,0.1,2022-02-24T11:52:37.859,2022-02-24T11:52:37.859,1,1,100,10,0.246657639741898,3.76,3.76,ZWO ASI6200MM Pro,-10.0,-9.6,40,NP101is,540.0,5.4,Starlight Xpress Fil,Green,FlatWizard,FocusLynx Focuser 1,9663.0,9663.0,13.404,8.1,8.1,TOP-DOWN,2000.0,N.I.N.A. 2.0.0.2048,2022-02-24_11-52-37_Green_-9.60_0.10s_0018.fits,1,/mnt/raid0/AstroImaging/Preselected/Flaming Star Nebula (IC405) started 4th February 2022/DarkFlats/Green/2022-02-24_11-52-37_Green_-9.60_0.10s_0018.fits,,,,,,,,,,,,,,,,,,,
True,16,2,9576,6388,True,32768,DARKFLAT,0.1,0.1,2022-02-24T11:52:43.397,2022-02-24T11:52:43.397,1,1,100,10,0.246657639741898,3.76,3.76,ZWO ASI6200MM Pro,-10.0,-9.6,40,NP101is,540.0,5.4,Starlight Xpress Fil,Green,FlatWizard,FocusLynx Focuser 1,9663.0,9663.0,13.404,8.1,8.1,TOP-DOWN,2000.0,N.I.N.A. 2.0.0.2048,2022-02-24_11-52-43_Green_-9.60_0.10s_0019.fits,1,/mnt/raid0/AstroImaging/Preselected/Flaming Star Nebula (IC405) started 4th February 2022/DarkFlats/Green/2022-02-24_11-52-43_Green_-9.60_0.10s_0019.fits,,,,,,,,,,,,,,,,,,,
True,16,2,9576,6388,True,32768,DARKFLAT,0.1,0.1,2022-02-24T11:52:49.096,2022-02-24T11:52:49.096,1,1,100,10,0.246657639741898,3.76,3.76,ZWO ASI6200MM Pro,-10.0,-9.7,40,NP101is,540.0,5.4,Starlight Xpress Fil,Green,FlatWizard,FocusLynx Focuser 1,9663.0,9663.0,13.404,8.1,8.1,TOP-DOWN,2000.0,N.I.N.A. 2.0.0.2048,2022-02-24_11-52-49_Green_-9.70_0.10s_0020.fits,1,/mnt/raid0/AstroImaging/Preselected/Flaming Star Nebula (IC405) started 4th February 2022/DarkFlats/Green/2022-02-24_11-52-49_Green_-9.70_0.10s_0020.fits,,,,,,,,,,,,,,,,,,,
True,16,2,9576,6388,True,32768,DARKFLAT,0.1,0.1,2022-02-24T11:52:57.496,2022-02-24T11:52:57.496,1,1,100,10,0.246657639741898,3.76,3.76,ZWO ASI6200MM Pro,-10.0,-9.7,40,NP101is,540.0,5.4,Starlight Xpress Fil,Green,FlatWizard,FocusLynx Focuser 1,9663.0,9663.0,13.404,8.1,8.1,TOP-DOWN,2000.0,N.I.N.A. 2.0.0.2048,2022-02-24_11-52-57_Green_-9.70_0.10s_0021.fits,1,/mnt/raid0/AstroImaging/Preselected/Flaming Star Nebula (IC405) started 4th February 2022/DarkFlats/Green/2022-02-24_11-52-57_Green_-9.70_0.10s_0021.fits,,,,,,,,,,,,,,,,,,,
True,16,2,9576,6388,True,32768,DARKFLAT,0.1,0.1,2022-02-24T11:53:02.577,2022-02-24T11:53:02.577,1,1,100,10,0.246657639741898,3.76,3.76,ZWO ASI6200MM Pro,-10.0,-9.8,40,NP101is,540.0,5.4,Starlight Xpress Fil,Green,FlatWizard,FocusLynx Focuser 1,9663.0,9663.0,13.404,8.1,8.1,TOP-DOWN,2000.0,N.I.N.A. 2.0.0.2048,2022-02-24_11-53-02_Green_-9.80_0.10s_0022.fits,1,/mnt/raid0/AstroImaging/Preselected/Flaming Star Nebula (IC405) started 4th February 2022/DarkFlats/Green/2022-02-24_11-53-02_Green_-9.80_0.10s_0022.fits,,,,,,,,,,,,,,,,,,,
True,16,2,9576,6388,True,32768,DARKFLAT,0.1,0.1,2022-02-24T11:53:07.170,2022-02-24T11:53:07.170,1,1,100,10,0.246657639741898,3.76,3.76,ZWO ASI6200MM Pro,-10.0,-9.8,40,NP101is,540.0,5.4,Starlight Xpress Fil,Green,FlatWizard,FocusLynx Focuser 1,9663.0,9663.0,13.404,8.1,8.1,TOP-DOWN,2000.0,N.I.N.A. 2.0.0.2048,2022-02-24_11-53-07_Green_-9.80_0.10s_0023.fits,1,/mnt/raid0/AstroImaging/Preselected/Flaming Star Nebula (IC405) started 4th February 2022/DarkFlats/Green/2022-02-24_11-53-07_Green_-9.80_0.10s_0023.fits,,,,,,,,,,,,,,,,,,,
True,16,2,9576,6388,True,32768,DARKFLAT,0.1,0.1,2022-02-24T11:53:12.640,2022-02-24T11:53:12.640,1,1,100,10,0.246657639741898,3.76,3.76,ZWO ASI6200MM Pro,-10.0,-9.8,40,NP101is,540.0,5.4,Starlight Xpress Fil,Green,FlatWizard,FocusLynx Focuser 1,9663.0,9663.0,13.404,8.1,8.1,TOP-DOWN,2000.0,N.I.N.A. 2.0.0.2048,2022-02-24_11-53-12_Green_-9.80_0.10s_0024.fits,1,/mnt/raid0/AstroImaging/Preselected/Flaming Star Nebula (IC405) started 4th February 2022/DarkFlats/Green/2022-02-24_11-53-12_Green_-9.80_0.10s_0024.fits,,,,,,,,,,,,,,,,,,,
True,16,2,9576,6388,True,32768,DARKFLAT,0.1,0.1,2022-02-24T11:53:18.740,2022-02-24T11:53:18.740,1,1,100,10,0.246657639741898,3.76,3.76,ZWO ASI6200MM Pro,-10.0,-9.8,40,NP101is,540.0,5.4,Starlight Xpress Fil,Green,FlatWizard,FocusLynx Focuser 1,9663.0,9663.0,13.404,8.1,8.1,TOP-DOWN,2000.0,N.I.N.A. 2.0.0.2048,2022-02-24_11-53-18_Green_-9.80_0.10s_0025.fits,1,/mnt/raid0/AstroImaging/Preselected/Flaming Star Nebula (IC405) started 4th February 2022/DarkFlats/Green/2022-02-24_11-53-18_Green_-9.80_0.10s_0025.fits,,,,,,,,,,,,,,,,,,,
True,16,2,9576,6388,True,32768,DARKFLAT,0.1,0.1,2022-02-24T11:53:22.620,2022-02-24T11:53:22.620,1,1,100,10,0.246657639741898,3.76,3.76,ZWO ASI6200MM Pro,-10.0,-9.8,40,NP101is,540.0,5.4,Starlight Xpress Fil,Green,FlatWizard,FocusLynx Focuser 1,9663.0,9663.0,13.404,8.1,8.1,TOP-DOWN,2000.0,N.I.N.A. 2.0.0.2048,2022-02-24_11-53-22_Green_-9.80_0.10s_0026.fits,1,/mnt/raid0/AstroImaging/Preselected/Flaming Star Nebula (IC405) started 4th February 2022/DarkFlats/Green/2022-02-24_11-53-22_Green_-9.80_0.10s_0026.fits,,,,,,,,,,,,,,,,,,,
True,16,2,9576,6388,True,32768,DARKFLAT,0.1,0.1,2022-02-24T11:53:30.388,2022-02-24T11:53:30.388,1,1,100,10,0.246657639741898,3.76,3.76,ZWO ASI6200MM Pro,-10.0,-9.8,40,NP101is,540.0,5.4,Starlight Xpress Fil,Green,FlatWizard,FocusLynx Focuser 1,9663.0,9663.0,13.404,8.1,8.1,TOP-DOWN,2000.0,N.I.N.A. 2.0.0.2048,2022-02-24_11-53-30_Green_-9.80_0.10s_0027.fits,1,/mnt/raid0/AstroImaging/Preselected/Flaming Star Nebula (IC405) started 4th February 2022/DarkFlats/Green/2022-02-24_11-53-30_Green_-9.80_0.10s_0027.fits,,,,,,,,,,,,,,,,,,,
True,16,2,9576,6388,True,32768,DARKFLAT,0.1,0.1,2022-02-24T11:53:34.163,2022-02-24T11:53:34.163,1,1,100,10,0.246657639741898,3.76,3.76,ZWO ASI6200MM Pro,-10.0,-9.8,40,NP101is,540.0,5.4,Starlight Xpress Fil,Green,FlatWizard,FocusLynx Focuser 1,9663.0,9663.0,13.404,8.1,8.1,TOP-DOWN,2000.0,N.I.N.A. 2.0.0.2048,2022-02-24_11-53-34_Green_-9.80_0.10s_0028.fits,1,/mnt/raid0/AstroImaging/Preselected/Flaming Star Nebula (IC405) started 4th February 2022/DarkFlats/Green/2022-02-24_11-53-34_Green_-9.80_0.10s_0028.fits,,,,,,,,,,,,,,,,,,,
True,16,2,9576,6388,True,32768,DARKFLAT,0.1,0.1,2022-02-24T11:53:39.699,2022-02-24T11:53:39.699,1,1,100,10,0.246657639741898,3.76,3.76,ZWO ASI6200MM Pro,-10.0,-9.8,40,NP101is,540.0,5.4,Starlight Xpress Fil,Green,FlatWizard,FocusLynx Focuser 1,9663.0,9663.0,13.404,8.1,8.1,TOP-DOWN,2000.0,N.I.N.A. 2.0.0.2048,2022-02-24_11-53-39_Green_-9.80_0.10s_0029.fits,1,/mnt/raid0/AstroImaging/Preselected/Flaming Star Nebula (IC405) started 4th February 2022/DarkFlats/Green/2022-02-24_11-53-39_Green_-9.80_0.10s_0029.fits,,,,,,,,,,,,,,,,,,,
True,16,2,9576,6388,True,32768,DARKFLAT,0.1,0.1,2022-02-24T11:53:45.225,2022-02-24T11:53:45.225,1,1,100,10,0.246657639741898,3.76,3.76,ZWO ASI6200MM Pro,-10.0,-9.8,40,NP101is,540.0,5.4,Starlight Xpress Fil,Green,FlatWizard,FocusLynx Focuser 1,9663.0,9663.0,13.404,8.1,8.1,TOP-DOWN,2000.0,N.I.N.A. 2.0.0.2048,2022-02-24_11-53-45_Green_-9.80_0.10s_0030.fits,1,/mnt/raid0/AstroImaging/Preselected/Flaming Star Nebula (IC405) started 4th February 2022/DarkFlats/Green/2022-02-24_11-53-45_Green_-9.80_0.10s_0030.fits,,,,,,,,,,,,,,,,,,,
True,16,2,9576,6388,True,32768,DARKFLAT,0.1,0.1,2022-02-24T11:53:50.704,2022-02-24T11:53:50.704,1,1,100,10,0.246657639741898,3.76,3.76,ZWO ASI6200MM Pro,-10.0,-9.8,40,NP101is,540.0,5.4,Starlight Xpress Fil,Green,FlatWizard,FocusLynx Focuser 1,9663.0,9663.0,13.404,8.1,8.1,TOP-DOWN,2000.0,N.I.N.A. 2.0.0.2048,2022-02-24_11-53-50_Green_-9.80_0.10s_0031.fits,1,/mnt/raid0/AstroImaging/Preselected/Flaming Star Nebula (IC405) started 4th February 2022/DarkFlats/Green/2022-02-24_11-53-50_Green_-9.80_0.10s_0031.fits,,,,,,,,,,,,,,,,,,,
True,16,2,9576,6388,True,32768,DARKFLAT,0.1,0.1,2022-02-24T11:53:57.194,2022-02-24T11:53:57.194,1,1,100,10,0.246657639741898,3.76,3.76,ZWO ASI6200MM Pro,-10.0,-9.9,40,NP101is,540.0,5.4,Starlight Xpress Fil,Green,FlatWizard,FocusLynx Focuser 1,9663.0,9663.0,13.404,8.1,8.1,TOP-DOWN,2000.0,N.I.N.A. 2.0.0.2048,2022-02-24_11-53-57_Green_-9.90_0.10s_0032.fits,1,/mnt/raid0/AstroImaging/Preselected/Flaming Star Nebula (IC405) started 4th February 2022/DarkFlats/Green/2022-02-24_11-53-57_Green_-9.90_0.10s_0032.fits,,,,,,,,,,,,,,,,,,,
True,16,2,9576,6388,True,32768,DARKFLAT,0.1,0.1,2022-02-24T11:54:03.066,2022-02-24T11:54:03.066,1,1,100,10,0.246657639741898,3.76,3.76,ZWO ASI6200MM Pro,-10.0,-9.9,40,NP101is,540.0,5.4,Starlight Xpress Fil,Green,FlatWizard,FocusLynx Focuser 1,9663.0,9663.0,13.404,8.1,8.1,TOP-DOWN,2000.0,N.I.N.A. 2.0.0.2048,2022-02-24_11-54-03_Green_-9.90_0.10s_0033.fits,1,/mnt/raid0/AstroImaging/Preselected/Flaming Star Nebula (IC405) started 4th February 2022/DarkFlats/Green/2022-02-24_11-54-03_Green_-9.90_0.10s_0033.fits,,,,,,,,,,,,,,,,,,,
True,16,2,9576,6388,True,32768,DARKFLAT,0.1,0.1,2022-02-24T11:54:09.311,2022-02-24T11:54:09.311,1,1,100,10,0.246657639741898,3.76,3.76,ZWO ASI6200MM Pro,-10.0,-9.9,40,NP101is,540.0,5.4,Starlight Xpress Fil,Green,FlatWizard,FocusLynx Focuser 1,9663.0,9663.0,13.404,8.1,8.1,TOP-DOWN,2000.0,N.I.N.A. 2.0.0.2048,2022-02-24_11-54-09_Green_-9.90_0.10s_0034.fits,1,/mnt/raid0/AstroImaging/Preselected/Flaming Star Nebula (IC405) started 4th February 2022/DarkFlats/Green/2022-02-24_11-54-09_Green_-9.90_0.10s_0034.fits,,,,,,,,,,,,,,,,,,,
True,16,2,9576,6388,True,32768,DARKFLAT,0.1,0.1,2022-02-24T11:54:14.610,2022-02-24T11:54:14.610,1,1,100,10,0.246657639741898,3.76,3.76,ZWO ASI6200MM Pro,-10.0,-9.9,40,NP101is,540.0,5.4,Starlight Xpress Fil,Green,FlatWizard,FocusLynx Focuser 1,9663.0,9663.0,13.404,8.1,8.1,TOP-DOWN,2000.0,N.I.N.A. 2.0.0.2048,2022-02-24_11-54-14_Green_-9.90_0.10s_0035.fits,1,/mnt/raid0/AstroImaging/Preselected/Flaming Star Nebula (IC405) started 4th February 2022/DarkFlats/Green/2022-02-24_11-54-14_Green_-9.90_0.10s_0035.fits,,,,,,,,,,,,,,,,,,,
True,16,2,9576,6388,True,32768,DARKFLAT,0.1,0.1,2022-02-24T11:54:19.369,2022-02-24T11:54:19.369,1,1,100,10,0.246657639741898,3.76,3.76,ZWO ASI6200MM Pro,-10.0,-9.9,40,NP101is,540.0,5.4,Starlight Xpress Fil,Green,FlatWizard,FocusLynx Focuser 1,9663.0,9663.0,13.404,8.1,8.1,TOP-DOWN,2000.0,N.I.N.A. 2.0.0.2048,2022-02-24_11-54-19_Green_-9.90_0.10s_0036.fits,1,/mnt/raid0/AstroImaging/Preselected/Flaming Star Nebula (IC405) started 4th February 2022/DarkFlats/Green/2022-02-24_11-54-19_Green_-9.90_0.10s_0036.fits,,,,,,,,,,,,,,,,,,,
True,16,2,9576,6388,True,32768,DARKFLAT,0.1,0.1,2022-02-24T11:54:25.821,2022-02-24T11:54:25.821,1,1,100,10,0.246657639741898,3.76,3.76,ZWO ASI6200MM Pro,-10.0,-9.9,40,NP101is,540.0,5.4,Starlight Xpress Fil,Green,FlatWizard,FocusLynx Focuser 1,9663.0,9663.0,13.404,8.1,8.1,TOP-DOWN,2000.0,N.I.N.A. 2.0.0.2048,2022-02-24_11-54-25_Green_-9.90_0.10s_0037.fits,1,/mnt/raid0/AstroImaging/Preselected/Flaming Star Nebula (IC405) started 4th February 2022/DarkFlats/Green/2022-02-24_11-54-25_Green_-9.90_0.10s_0037.fits,,,,,,,,,,,,,,,,,,,
True,16,2,9576,6388,True,32768,DARKFLAT,0.1,0.1,2022-02-24T11:54:30.848,2022-02-24T11:54:30.848,1,1,100,10,0.246657639741898,3.76,3.76,ZWO ASI6200MM Pro,-10.0,-10.0,40,NP101is,540.0,5.4,Starlight Xpress Fil,Green,FlatWizard,FocusLynx Focuser 1,9663.0,9663.0,13.404,8.1,8.1,TOP-DOWN,2000.0,N.I.N.A. 2.0.0.2048,2022-02-24_11-54-30_Green_-10.00_0.10s_0038.fits,1,/mnt/raid0/AstroImaging/Preselected/Flaming Star Nebula (IC405) started 4th February 2022/DarkFlats/Green/2022-02-24_11-54-30_Green_-10.00_0.10s_0038.fits,,,,,,,,,,,,,,,,,,,
True,16,2,9576,6388,True,32768,DARKFLAT,0.1,0.1,2022-02-24T11:54:37.111,2022-02-24T11:54:37.111,1,1,100,10,0.246657639741898,3.76,3.76,ZWO ASI6200MM Pro,-10.0,-9.9,40,NP101is,540.0,5.4,Starlight Xpress Fil,Green,FlatWizard,FocusLynx Focuser 1,9663.0,9663.0,13.404,8.1,8.1,TOP-DOWN,2000.0,N.I.N.A. 2.0.0.2048,2022-02-24_11-54-37_Green_-9.90_0.10s_0039.fits,1,/mnt/raid0/AstroImaging/Preselected/Flaming Star Nebula (IC405) started 4th February 2022/DarkFlats/Green/2022-02-24_11-54-37_Green_-9.90_0.10s_0039.fits,,,,,,,,,,,,,,,,,,,
True,16,2,9576,6388,True,32768,DARKFLAT,0.1,0.1,2022-02-24T11:54:42.965,2022-02-24T11:54:42.965,1,1,100,10,0.246657639741898,3.76,3.76,ZWO ASI6200MM Pro,-10.0,-10.0,40,NP101is,540.0,5.4,Starlight Xpress Fil,Green,FlatWizard,FocusLynx Focuser 1,9663.0,9663.0,13.404,8.1,8.1,TOP-DOWN,2000.0,N.I.N.A. 2.0.0.2048,2022-02-24_11-54-42_Green_-10.00_0.10s_0040.fits,1,/mnt/raid0/AstroImaging/Preselected/Flaming Star Nebula (IC405) started 4th February 2022/DarkFlats/Green/2022-02-24_11-54-42_Green_-10.00_0.10s_0040.fits,,,,,,,,,,,,,,,,,,,
True,16,2,9576,6388,True,32768,DARKFLAT,0.1,0.1,2022-02-24T11:54:46.777,2022-02-24T11:54:46.777,1,1,100,10,0.246657639741898,3.76,3.76,ZWO ASI6200MM Pro,-10.0,-10.0,40,NP101is,540.0,5.4,Starlight Xpress Fil,Green,FlatWizard,FocusLynx Focuser 1,9663.0,9663.0,13.404,8.1,8.1,TOP-DOWN,2000.0,N.I.N.A. 2.0.0.2048,2022-02-24_11-54-46_Green_-10.00_0.10s_0041.fits,1,/mnt/raid0/AstroImaging/Preselected/Flaming Star Nebula (IC405) started 4th February 2022/DarkFlats/Green/2022-02-24_11-54-46_Green_-10.00_0.10s_0041.fits,,,,,,,,,,,,,,,,,,,
True,16,2,9576,6388,True,32768,DARKFLAT,0.1,0.1,2022-02-24T11:54:52.634,2022-02-24T11:54:52.634,1,1,100,10,0.246657639741898,3.76,3.76,ZWO ASI6200MM Pro,-10.0,-9.9,40,NP101is,540.0,5.4,Starlight Xpress Fil,Green,FlatWizard,FocusLynx Focuser 1,9663.0,9663.0,13.404,8.1,8.1,TOP-DOWN,2000.0,N.I.N.A. 2.0.0.2048,2022-02-24_11-54-52_Green_-9.90_0.10s_0042.fits,1,/mnt/raid0/AstroImaging/Preselected/Flaming Star Nebula (IC405) started 4th February 2022/DarkFlats/Green/2022-02-24_11-54-52_Green_-9.90_0.10s_0042.fits,,,,,,,,,,,,,,,,,,,
True,16,2,9576,6388,True,32768,DARKFLAT,0.1,0.1,2022-02-24T11:54:58.108,2022-02-24T11:54:58.108,1,1,100,10,0.246657639741898,3.76,3.76,ZWO ASI6200MM Pro,-10.0,-9.9,40,NP101is,540.0,5.4,Starlight Xpress Fil,Green,FlatWizard,FocusLynx Focuser 1,9663.0,9663.0,13.404,8.1,8.1,TOP-DOWN,2000.0,N.I.N.A. 2.0.0.2048,2022-02-24_11-54-58_Green_-9.90_0.10s_0043.fits,1,/mnt/raid0/AstroImaging/Preselected/Flaming Star Nebula (IC405) started 4th February 2022/DarkFlats/Green/2022-02-24_11-54-58_Green_-9.90_0.10s_0043.fits,,,,,,,,,,,,,,,,,,,
True,16,2,9576,6388,True,32768,DARKFLAT,0.1,0.1,2022-02-24T11:55:03.216,2022-02-24T11:55:03.216,1,1,100,10,0.246657639741898,3.76,3.76,ZWO ASI6200MM Pro,-10.0,-9.9,40,NP101is,540.0,5.4,Starlight Xpress Fil,Green,FlatWizard,FocusLynx Focuser 1,9663.0,9663.0,13.404,8.1,8.1,TOP-DOWN,2000.0,N.I.N.A. 2.0.0.2048,2022-02-24_11-55-03_Green_-9.90_0.10s_0044.fits,1,/mnt/raid0/AstroImaging/Preselected/Flaming Star Nebula (IC405) started 4th February 2022/DarkFlats/Green/2022-02-24_11-55-03_Green_-9.90_0.10s_0044.fits,,,,,,,,,,,,,,,,,,,
True,16,2,9576,6388,True,32768,DARKFLAT,0.1,0.1,2022-02-24T11:55:10.718,2022-02-24T11:55:10.718,1,1,100,10,0.246657639741898,3.76,3.76,ZWO ASI6200MM Pro,-10.0,-9.9,40,NP101is,540.0,5.4,Starlight Xpress Fil,Green,FlatWizard,FocusLynx Focuser 1,9663.0,9663.0,13.404,8.1,8.1,TOP-DOWN,2000.0,N.I.N.A. 2.0.0.2048,2022-02-24_11-55-10_Green_-9.90_0.10s_0045.fits,1,/mnt/raid0/AstroImaging/Preselected/Flaming Star Nebula (IC405) started 4th February 2022/DarkFlats/Green/2022-02-24_11-55-10_Green_-9.90_0.10s_0045.fits,,,,,,,,,,,,,,,,,,,
True,16,2,9576,6388,True,32768,DARKFLAT,0.1,0.1,2022-02-24T11:55:16.447,2022-02-24T11:55:16.447,1,1,100,10,0.246657639741898,3.76,3.76,ZWO ASI6200MM Pro,-10.0,-10.0,40,NP101is,540.0,5.4,Starlight Xpress Fil,Green,FlatWizard,FocusLynx Focuser 1,9663.0,9663.0,13.404,8.1,8.1,TOP-DOWN,2000.0,N.I.N.A. 2.0.0.2048,2022-02-24_11-55-16_Green_-10.00_0.10s_0046.fits,1,/mnt/raid0/AstroImaging/Preselected/Flaming Star Nebula (IC405) started 4th February 2022/DarkFlats/Green/2022-02-24_11-55-16_Green_-10.00_0.10s_0046.fits,,,,,,,,,,,,,,,,,,,
True,16,2,9576,6388,True,32768,DARKFLAT,0.1,0.1,2022-02-24T11:55:20.953,2022-02-24T11:55:20.953,1,1,100,10,0.246657639741898,3.76,3.76,ZWO ASI6200MM Pro,-10.0,-10.0,40,NP101is,540.0,5.4,Starlight Xpress Fil,Green,FlatWizard,FocusLynx Focuser 1,9663.0,9663.0,13.404,8.1,8.1,TOP-DOWN,2000.0,N.I.N.A. 2.0.0.2048,2022-02-24_11-55-20_Green_-10.00_0.10s_0047.fits,1,/mnt/raid0/AstroImaging/Preselected/Flaming Star Nebula (IC405) started 4th February 2022/DarkFlats/Green/2022-02-24_11-55-20_Green_-10.00_0.10s_0047.fits,,,,,,,,,,,,,,,,,,,
True,16,2,9576,6388,True,32768,DARKFLAT,0.1,0.1,2022-02-24T11:55:28.165,2022-02-24T11:55:28.165,1,1,100,10,0.246657639741898,3.76,3.76,ZWO ASI6200MM Pro,-10.0,-10.0,40,NP101is,540.0,5.4,Starlight Xpress Fil,Green,FlatWizard,FocusLynx Focuser 1,9663.0,9663.0,13.404,8.1,8.1,TOP-DOWN,2000.0,N.I.N.A. 2.0.0.2048,2022-02-24_11-55-28_Green_-10.00_0.10s_0048.fits,1,/mnt/raid0/AstroImaging/Preselected/Flaming Star Nebula (IC405) started 4th February 2022/DarkFlats/Green/2022-02-24_11-55-28_Green_-10.00_0.10s_0048.fits,,,,,,,,,,,,,,,,,,,
True,16,2,9576,6388,True,32768,DARKFLAT,0.1,0.1,2022-02-24T11:55:33.287,2022-02-24T11:55:33.287,1,1,100,10,0.246657639741898,3.76,3.76,ZWO ASI6200MM Pro,-10.0,-10.0,40,NP101is,540.0,5.4,Starlight Xpress Fil,Green,FlatWizard,FocusLynx Focuser 1,9663.0,9663.0,13.404,8.1,8.1,TOP-DOWN,2000.0,N.I.N.A. 2.0.0.2048,2022-02-24_11-55-33_Green_-10.00_0.10s_0049.fits,1,/mnt/raid0/AstroImaging/Preselected/Flaming Star Nebula (IC405) started 4th February 2022/DarkFlats/Green/2022-02-24_11-55-33_Green_-10.00_0.10s_0049.fits,,,,,,,,,,,,,,,,,,,
True,16,2,9576,6388,True,32768,DARKFLAT,0.85,0.85,2022-02-24T11:36:31.820,2022-02-24T11:36:31.820,1,1,100,10,0.246657639741898,3.76,3.76,ZWO ASI6200MM Pro,-10.0,-10.1,40,NP101is,540.0,5.4,Starlight Xpress Fil,Ha,FlatWizard,FocusLynx Focuser 1,9681.0,9681.0,13.404,7.9,7.9,TOP-DOWN,2000.0,N.I.N.A. 2.0.0.2048,2022-02-24_11-36-31_Ha_-10.10_0.85s_0000.fits,1,/mnt/raid0/AstroImaging/Preselected/Flaming Star Nebula (IC405) started 4th February 2022/DarkFlats/Ha/2022-02-24_11-36-31_Ha_-10.10_0.85s_0000.fits,,,,,,,,,,,,,,,,,,,
True,16,2,9576,6388,True,32768,DARKFLAT,0.85,0.85,2022-02-24T11:36:35.220,2022-02-24T11:36:35.220,1,1,100,10,0.246657639741898,3.76,3.76,ZWO ASI6200MM Pro,-10.0,-10.1,40,NP101is,540.0,5.4,Starlight Xpress Fil,Ha,FlatWizard,FocusLynx Focuser 1,9681.0,9681.0,13.404,7.9,7.9,TOP-DOWN,2000.0,N.I.N.A. 2.0.0.2048,2022-02-24_11-36-35_Ha_-10.10_0.85s_0001.fits,1,/mnt/raid0/AstroImaging/Preselected/Flaming Star Nebula (IC405) started 4th February 2022/DarkFlats/Ha/2022-02-24_11-36-35_Ha_-10.10_0.85s_0001.fits,,,,,,,,,,,,,,,,,,,
True,16,2,9576,6388,True,32768,DARKFLAT,0.85,0.85,2022-02-24T11:36:39.754,2022-02-24T11:36:39.754,1,1,100,10,0.246657639741898,3.76,3.76,ZWO ASI6200MM Pro,-10.0,-10.1,40,NP101is,540.0,5.4,Starlight Xpress Fil,Ha,FlatWizard,FocusLynx Focuser 1,9681.0,9681.0,13.404,7.9,7.9,TOP-DOWN,2000.0,N.I.N.A. 2.0.0.2048,2022-02-24_11-36-39_Ha_-10.10_0.85s_0002.fits,1,/mnt/raid0/AstroImaging/Preselected/Flaming Star Nebula (IC405) started 4th February 2022/DarkFlats/Ha/2022-02-24_11-36-39_Ha_-10.10_0.85s_0002.fits,,,,,,,,,,,,,,,,,,,
True,16,2,9576,6388,True,32768,DARKFLAT,0.85,0.85,2022-02-24T11:36:45.321,2022-02-24T11:36:45.321,1,1,100,10,0.246657639741898,3.76,3.76,ZWO ASI6200MM Pro,-10.0,-10.1,40,NP101is,540.0,5.4,Starlight Xpress Fil,Ha,FlatWizard,FocusLynx Focuser 1,9681.0,9681.0,13.404,7.9,7.9,TOP-DOWN,2000.0,N.I.N.A. 2.0.0.2048,2022-02-24_11-36-45_Ha_-10.10_0.85s_0003.fits,1,/mnt/raid0/AstroImaging/Preselected/Flaming Star Nebula (IC405) started 4th February 2022/DarkFlats/Ha/2022-02-24_11-36-45_Ha_-10.10_0.85s_0003.fits,,,,,,,,,,,,,,,,,,,
True,16,2,9576,6388,True,32768,DARKFLAT,0.85,0.85,2022-02-24T11:36:50.950,2022-02-24T11:36:50.950,1,1,100,10,0.246657639741898,3.76,3.76,ZWO ASI6200MM Pro,-10.0,-10.1,40,NP101is,540.0,5.4,Starlight Xpress Fil,Ha,FlatWizard,FocusLynx Focuser 1,9681.0,9681.0,13.404,7.9,7.9,TOP-DOWN,2000.0,N.I.N.A. 2.0.0.2048,2022-02-24_11-36-50_Ha_-10.10_0.85s_0004.fits,1,/mnt/raid0/AstroImaging/Preselected/Flaming Star Nebula (IC405) started 4th February 2022/DarkFlats/Ha/2022-02-24_11-36-50_Ha_-10.10_0.85s_0004.fits,,,,,,,,,,,,,,,,,,,
True,16,2,9576,6388,True,32768,DARKFLAT,0.85,0.85,2022-02-24T11:36:56.540,2022-02-24T11:36:56.540,1,1,100,10,0.246657639741898,3.76,3.76,ZWO ASI6200MM Pro,-10.0,-10.1,40,NP101is,540.0,5.4,Starlight Xpress Fil,Ha,FlatWizard,FocusLynx Focuser 1,9681.0,9681.0,13.404,7.9,7.9,TOP-DOWN,2000.0,N.I.N.A. 2.0.0.2048,2022-02-24_11-36-56_Ha_-10.10_0.85s_0005.fits,1,/mnt/raid0/AstroImaging/Preselected/Flaming Star Nebula (IC405) started 4th February 2022/DarkFlats/Ha/2022-02-24_11-36-56_Ha_-10.10_0.85s_0005.fits,,,,,,,,,,,,,,,,,,,
True,16,2,9576,6388,True,32768,DARKFLAT,0.85,0.85,2022-02-24T11:37:02.427,2022-02-24T11:37:02.427,1,1,100,10,0.246657639741898,3.76,3.76,ZWO ASI6200MM Pro,-10.0,-10.1,40,NP101is,540.0,5.4,Starlight Xpress Fil,Ha,FlatWizard,FocusLynx Focuser 1,9681.0,9681.0,13.404,7.9,7.9,TOP-DOWN,2000.0,N.I.N.A. 2.0.0.2048,2022-02-24_11-37-02_Ha_-10.10_0.85s_0006.fits,1,/mnt/raid0/AstroImaging/Preselected/Flaming Star Nebula (IC405) started 4th February 2022/DarkFlats/Ha/2022-02-24_11-37-02_Ha_-10.10_0.85s_0006.fits,,,,,,,,,,,,,,,,,,,
True,16,2,9576,6388,True,32768,DARKFLAT,0.85,0.85,2022-02-24T11:37:08.206,2022-02-24T11:37:08.206,1,1,100,10,0.246657639741898,3.76,3.76,ZWO ASI6200MM Pro,-10.0,-10.2,40,NP101is,540.0,5.4,Starlight Xpress Fil,Ha,FlatWizard,FocusLynx Focuser 1,9681.0,9681.0,13.404,7.9,7.9,TOP-DOWN,2000.0,N.I.N.A. 2.0.0.2048,2022-02-24_11-37-08_Ha_-10.20_0.85s_0007.fits,1,/mnt/raid0/AstroImaging/Preselected/Flaming Star Nebula (IC405) started 4th February 2022/DarkFlats/Ha/2022-02-24_11-37-08_Ha_-10.20_0.85s_0007.fits,,,,,,,,,,,,,,,,,,,
True,16,2,9576,6388,True,32768,DARKFLAT,0.85,0.85,2022-02-24T11:37:14.351,2022-02-24T11:37:14.351,1,1,100,10,0.246657639741898,3.76,3.76,ZWO ASI6200MM Pro,-10.0,-10.2,40,NP101is,540.0,5.4,Starlight Xpress Fil,Ha,FlatWizard,FocusLynx Focuser 1,9681.0,9681.0,13.404,7.9,7.9,TOP-DOWN,2000.0,N.I.N.A. 2.0.0.2048,2022-02-24_11-37-14_Ha_-10.20_0.85s_0008.fits,1,/mnt/raid0/AstroImaging/Preselected/Flaming Star Nebula (IC405) started 4th February 2022/DarkFlats/Ha/2022-02-24_11-37-14_Ha_-10.20_0.85s_0008.fits,,,,,,,,,,,,,,,,,,,
True,16,2,9576,6388,True,32768,DARKFLAT,0.85,0.85,2022-02-24T11:37:21.037,2022-02-24T11:37:21.037,1,1,100,10,0.246657639741898,3.76,3.76,ZWO ASI6200MM Pro,-10.0,-10.2,40,NP101is,540.0,5.4,Starlight Xpress Fil,Ha,FlatWizard,FocusLynx Focuser 1,9681.0,9681.0,13.404,7.9,7.9,TOP-DOWN,2000.0,N.I.N.A. 2.0.0.2048,2022-02-24_11-37-21_Ha_-10.20_0.85s_0009.fits,1,/mnt/raid0/AstroImaging/Preselected/Flaming Star Nebula (IC405) started 4th February 2022/DarkFlats/Ha/2022-02-24_11-37-21_Ha_-10.20_0.85s_0009.fits,,,,,,,,,,,,,,,,,,,
True,16,2,9576,6388,True,32768,DARKFLAT,0.85,0.85,2022-02-24T11:37:25.698,2022-02-24T11:37:25.698,1,1,100,10,0.246657639741898,3.76,3.76,ZWO ASI6200MM Pro,-10.0,-10.3,40,NP101is,540.0,5.4,Starlight Xpress Fil,Ha,FlatWizard,FocusLynx Focuser 1,9681.0,9681.0,13.404,7.9,7.9,TOP-DOWN,2000.0,N.I.N.A. 2.0.0.2048,2022-02-24_11-37-25_Ha_-10.30_0.85s_0010.fits,1,/mnt/raid0/AstroImaging/Preselected/Flaming Star Nebula (IC405) started 4th February 2022/DarkFlats/Ha/2022-02-24_11-37-25_Ha_-10.30_0.85s_0010.fits,,,,,,,,,,,,,,,,,,,
True,16,2,9576,6388,True,32768,DARKFLAT,0.85,0.85,2022-02-24T11:37:31.483,2022-02-24T11:37:31.483,1,1,100,10,0.246657639741898,3.76,3.76,ZWO ASI6200MM Pro,-10.0,-10.3,40,NP101is,540.0,5.4,Starlight Xpress Fil,Ha,FlatWizard,FocusLynx Focuser 1,9681.0,9681.0,13.404,7.9,7.9,TOP-DOWN,2000.0,N.I.N.A. 2.0.0.2048,2022-02-24_11-37-31_Ha_-10.30_0.85s_0011.fits,1,/mnt/raid0/AstroImaging/Preselected/Flaming Star Nebula (IC405) started 4th February 2022/DarkFlats/Ha/2022-02-24_11-37-31_Ha_-10.30_0.85s_0011.fits,,,,,,,,,,,,,,,,,,,
True,16,2,9576,6388,True,32768,DARKFLAT,0.85,0.85,2022-02-24T11:37:37.265,2022-02-24T11:37:37.265,1,1,100,10,0.246657639741898,3.76,3.76,ZWO ASI6200MM Pro,-10.0,-10.3,40,NP101is,540.0,5.4,Starlight Xpress Fil,Ha,FlatWizard,FocusLynx Focuser 1,9681.0,9681.0,13.404,7.9,7.9,TOP-DOWN,2000.0,N.I.N.A. 2.0.0.2048,2022-02-24_11-37-37_Ha_-10.30_0.85s_0012.fits,1,/mnt/raid0/AstroImaging/Preselected/Flaming Star Nebula (IC405) started 4th February 2022/DarkFlats/Ha/2022-02-24_11-37-37_Ha_-10.30_0.85s_0012.fits,,,,,,,,,,,,,,,,,,,
True,16,2,9576,6388,True,32768,DARKFLAT,0.85,0.85,2022-02-24T11:37:42.521,2022-02-24T11:37:42.521,1,1,100,10,0.246657639741898,3.76,3.76,ZWO ASI6200MM Pro,-10.0,-10.3,40,NP101is,540.0,5.4,Starlight Xpress Fil,Ha,FlatWizard,FocusLynx Focuser 1,9681.0,9681.0,13.404,7.9,7.9,TOP-DOWN,2000.0,N.I.N.A. 2.0.0.2048,2022-02-24_11-37-42_Ha_-10.30_0.85s_0013.fits,1,/mnt/raid0/AstroImaging/Preselected/Flaming Star Nebula (IC405) started 4th February 2022/DarkFlats/Ha/2022-02-24_11-37-42_Ha_-10.30_0.85s_0013.fits,,,,,,,,,,,,,,,,,,,
True,16,2,9576,6388,True,32768,DARKFLAT,0.85,0.85,2022-02-24T11:37:48.063,2022-02-24T11:37:48.063,1,1,100,10,0.246657639741898,3.76,3.76,ZWO ASI6200MM Pro,-10.0,-10.3,40,NP101is,540.0,5.4,Starlight Xpress Fil,Ha,FlatWizard,FocusLynx Focuser 1,9681.0,9681.0,13.404,7.9,7.9,TOP-DOWN,2000.0,N.I.N.A. 2.0.0.2048,2022-02-24_11-37-48_Ha_-10.30_0.85s_0014.fits,1,/mnt/raid0/AstroImaging/Preselected/Flaming Star Nebula (IC405) started 4th February 2022/DarkFlats/Ha/2022-02-24_11-37-48_Ha_-10.30_0.85s_0014.fits,,,,,,,,,,,,,,,,,,,
True,16,2,9576,6388,True,32768,DARKFLAT,0.85,0.85,2022-02-24T11:37:53.663,2022-02-24T11:37:53.663,1,1,100,10,0.246657639741898,3.76,3.76,ZWO ASI6200MM Pro,-10.0,-10.3,40,NP101is,540.0,5.4,Starlight Xpress Fil,Ha,FlatWizard,FocusLynx Focuser 1,9681.0,9681.0,13.404,7.9,7.9,TOP-DOWN,2000.0,N.I.N.A. 2.0.0.2048,2022-02-24_11-37-53_Ha_-10.30_0.85s_0015.fits,1,/mnt/raid0/AstroImaging/Preselected/Flaming Star Nebula (IC405) started 4th February 2022/DarkFlats/Ha/2022-02-24_11-37-53_Ha_-10.30_0.85s_0015.fits,,,,,,,,,,,,,,,,,,,
True,16,2,9576,6388,True,32768,DARKFLAT,0.85,0.85,2022-02-24T11:37:59.148,2022-02-24T11:37:59.148,1,1,100,10,0.246657639741898,3.76,3.76,ZWO ASI6200MM Pro,-10.0,-10.3,40,NP101is,540.0,5.4,Starlight Xpress Fil,Ha,FlatWizard,FocusLynx Focuser 1,9681.0,9681.0,13.404,7.9,7.9,TOP-DOWN,2000.0,N.I.N.A. 2.0.0.2048,2022-02-24_11-37-59_Ha_-10.30_0.85s_0016.fits,1,/mnt/raid0/AstroImaging/Preselected/Flaming Star Nebula (IC405) started 4th February 2022/DarkFlats/Ha/2022-02-24_11-37-59_Ha_-10.30_0.85s_0016.fits,,,,,,,,,,,,,,,,,,,
True,16,2,9576,6388,True,32768,DARKFLAT,0.85,0.85,2022-02-24T11:38:05.234,2022-02-24T11:38:05.234,1,1,100,10,0.246657639741898,3.76,3.76,ZWO ASI6200MM Pro,-10.0,-10.3,40,NP101is,540.0,5.4,Starlight Xpress Fil,Ha,FlatWizard,FocusLynx Focuser 1,9681.0,9681.0,13.404,7.9,7.9,TOP-DOWN,2000.0,N.I.N.A. 2.0.0.2048,2022-02-24_11-38-05_Ha_-10.30_0.85s_0017.fits,1,/mnt/raid0/AstroImaging/Preselected/Flaming Star Nebula (IC405) started 4th February 2022/DarkFlats/Ha/2022-02-24_11-38-05_Ha_-10.30_0.85s_0017.fits,,,,,,,,,,,,,,,,,,,
True,16,2,9576,6388,True,32768,DARKFLAT,0.85,0.85,2022-02-24T11:38:10.495,2022-02-24T11:38:10.495,1,1,100,10,0.246657639741898,3.76,3.76,ZWO ASI6200MM Pro,-10.0,-10.3,40,NP101is,540.0,5.4,Starlight Xpress Fil,Ha,FlatWizard,FocusLynx Focuser 1,9681.0,9681.0,13.404,7.9,7.9,TOP-DOWN,2000.0,N.I.N.A. 2.0.0.2048,2022-02-24_11-38-10_Ha_-10.30_0.85s_0018.fits,1,/mnt/raid0/AstroImaging/Preselected/Flaming Star Nebula (IC405) started 4th February 2022/DarkFlats/Ha/2022-02-24_11-38-10_Ha_-10.30_0.85s_0018.fits,,,,,,,,,,,,,,,,,,,
True,16,2,9576,6388,True,32768,DARKFLAT,0.85,0.85,2022-02-24T11:38:15.938,2022-02-24T11:38:15.938,1,1,100,10,0.246657639741898,3.76,3.76,ZWO ASI6200MM Pro,-10.0,-10.3,40,NP101is,540.0,5.4,Starlight Xpress Fil,Ha,FlatWizard,FocusLynx Focuser 1,9681.0,9681.0,13.404,7.9,7.9,TOP-DOWN,2000.0,N.I.N.A. 2.0.0.2048,2022-02-24_11-38-15_Ha_-10.30_0.85s_0019.fits,1,/mnt/raid0/AstroImaging/Preselected/Flaming Star Nebula (IC405) started 4th February 2022/DarkFlats/Ha/2022-02-24_11-38-15_Ha_-10.30_0.85s_0019.fits,,,,,,,,,,,,,,,,,,,
True,16,2,9576,6388,True,32768,DARKFLAT,0.85,0.85,2022-02-24T11:38:21.432,2022-02-24T11:38:21.432,1,1,100,10,0.246657639741898,3.76,3.76,ZWO ASI6200MM Pro,-10.0,-10.3,40,NP101is,540.0,5.4,Starlight Xpress Fil,Ha,FlatWizard,FocusLynx Focuser 1,9681.0,9681.0,13.404,7.9,7.9,TOP-DOWN,2000.0,N.I.N.A. 2.0.0.2048,2022-02-24_11-38-21_Ha_-10.30_0.85s_0020.fits,1,/mnt/raid0/AstroImaging/Preselected/Flaming Star Nebula (IC405) started 4th February 2022/DarkFlats/Ha/2022-02-24_11-38-21_Ha_-10.30_0.85s_0020.fits,,,,,,,,,,,,,,,,,,,
True,16,2,9576,6388,True,32768,DARKFLAT,0.85,0.85,2022-02-24T11:38:27.264,2022-02-24T11:38:27.264,1,1,100,10,0.246657639741898,3.76,3.76,ZWO ASI6200MM Pro,-10.0,-10.2,40,NP101is,540.0,5.4,Starlight Xpress Fil,Ha,FlatWizard,FocusLynx Focuser 1,9681.0,9681.0,13.404,7.9,7.9,TOP-DOWN,2000.0,N.I.N.A. 2.0.0.2048,2022-02-24_11-38-27_Ha_-10.20_0.85s_0021.fits,1,/mnt/raid0/AstroImaging/Preselected/Flaming Star Nebula (IC405) started 4th February 2022/DarkFlats/Ha/2022-02-24_11-38-27_Ha_-10.20_0.85s_0021.fits,,,,,,,,,,,,,,,,,,,
True,16,2,9576,6388,True,32768,DARKFLAT,0.85,0.85,2022-02-24T11:38:32.660,2022-02-24T11:38:32.660,1,1,100,10,0.246657639741898,3.76,3.76,ZWO ASI6200MM Pro,-10.0,-10.2,40,NP101is,540.0,5.4,Starlight Xpress Fil,Ha,FlatWizard,FocusLynx Focuser 1,9681.0,9681.0,13.404,7.9,7.9,TOP-DOWN,2000.0,N.I.N.A. 2.0.0.2048,2022-02-24_11-38-32_Ha_-10.20_0.85s_0022.fits,1,/mnt/raid0/AstroImaging/Preselected/Flaming Star Nebula (IC405) started 4th February 2022/DarkFlats/Ha/2022-02-24_11-38-32_Ha_-10.20_0.85s_0022.fits,,,,,,,,,,,,,,,,,,,
True,16,2,9576,6388,True,32768,DARKFLAT,0.85,0.85,2022-02-24T11:38:38.500,2022-02-24T11:38:38.500,1,1,100,10,0.246657639741898,3.76,3.76,ZWO ASI6200MM Pro,-10.0,-10.2,40,NP101is,540.0,5.4,Starlight Xpress Fil,Ha,FlatWizard,FocusLynx Focuser 1,9681.0,9681.0,13.404,7.9,7.9,TOP-DOWN,2000.0,N.I.N.A. 2.0.0.2048,2022-02-24_11-38-38_Ha_-10.20_0.85s_0023.fits,1,/mnt/raid0/AstroImaging/Preselected/Flaming Star Nebula (IC405) started 4th February 2022/DarkFlats/Ha/2022-02-24_11-38-38_Ha_-10.20_0.85s_0023.fits,,,,,,,,,,,,,,,,,,,
True,16,2,9576,6388,True,32768,DARKFLAT,0.85,0.85,2022-02-24T11:38:45.275,2022-02-24T11:38:45.275,1,1,100,10,0.246657639741898,3.76,3.76,ZWO ASI6200MM Pro,-10.0,-10.2,40,NP101is,540.0,5.4,Starlight Xpress Fil,Ha,FlatWizard,FocusLynx Focuser 1,9681.0,9681.0,13.404,7.9,7.9,TOP-DOWN,2000.0,N.I.N.A. 2.0.0.2048,2022-02-24_11-38-45_Ha_-10.20_0.85s_0024.fits,1,/mnt/raid0/AstroImaging/Preselected/Flaming Star Nebula (IC405) started 4th February 2022/DarkFlats/Ha/2022-02-24_11-38-45_Ha_-10.20_0.85s_0024.fits,,,,,,,,,,,,,,,,,,,
True,16,2,9576,6388,True,32768,DARKFLAT,0.85,0.85,2022-02-24T11:38:49.217,2022-02-24T11:38:49.217,1,1,100,10,0.246657639741898,3.76,3.76,ZWO ASI6200MM Pro,-10.0,-10.2,40,NP101is,540.0,5.4,Starlight Xpress Fil,Ha,FlatWizard,FocusLynx Focuser 1,9681.0,9681.0,13.404,7.9,7.9,TOP-DOWN,2000.0,N.I.N.A. 2.0.0.2048,2022-02-24_11-38-49_Ha_-10.20_0.85s_0025.fits,1,/mnt/raid0/AstroImaging/Preselected/Flaming Star Nebula (IC405) started 4th February 2022/DarkFlats/Ha/2022-02-24_11-38-49_Ha_-10.20_0.85s_0025.fits,,,,,,,,,,,,,,,,,,,
True,16,2,9576,6388,True,32768,DARKFLAT,0.85,0.85,2022-02-24T11:38:54.758,2022-02-24T11:38:54.758,1,1,100,10,0.246657639741898,3.76,3.76,ZWO ASI6200MM Pro,-10.0,-10.2,40,NP101is,540.0,5.4,Starlight Xpress Fil,Ha,FlatWizard,FocusLynx Focuser 1,9681.0,9681.0,13.404,7.9,7.9,TOP-DOWN,2000.0,N.I.N.A. 2.0.0.2048,2022-02-24_11-38-54_Ha_-10.20_0.85s_0026.fits,1,/mnt/raid0/AstroImaging/Preselected/Flaming Star Nebula (IC405) started 4th February 2022/DarkFlats/Ha/2022-02-24_11-38-54_Ha_-10.20_0.85s_0026.fits,,,,,,,,,,,,,,,,,,,
True,16,2,9576,6388,True,32768,DARKFLAT,0.85,0.85,2022-02-24T11:39:00.289,2022-02-24T11:39:00.289,1,1,100,10,0.246657639741898,3.76,3.76,ZWO ASI6200MM Pro,-10.0,-10.2,40,NP101is,540.0,5.4,Starlight Xpress Fil,Ha,FlatWizard,FocusLynx Focuser 1,9681.0,9681.0,13.404,7.9,7.9,TOP-DOWN,2000.0,N.I.N.A. 2.0.0.2048,2022-02-24_11-39-00_Ha_-10.20_0.85s_0027.fits,1,/mnt/raid0/AstroImaging/Preselected/Flaming Star Nebula (IC405) started 4th February 2022/DarkFlats/Ha/2022-02-24_11-39-00_Ha_-10.20_0.85s_0027.fits,,,,,,,,,,,,,,,,,,,
True,16,2,9576,6388,True,32768,DARKFLAT,0.85,0.85,2022-02-24T11:39:06.539,2022-02-24T11:39:06.539,1,1,100,10,0.246657639741898,3.76,3.76,ZWO ASI6200MM Pro,-10.0,-10.1,40,NP101is,540.0,5.4,Starlight Xpress Fil,Ha,FlatWizard,FocusLynx Focuser 1,9681.0,9681.0,13.404,7.9,7.9,TOP-DOWN,2000.0,N.I.N.A. 2.0.0.2048,2022-02-24_11-39-06_Ha_-10.10_0.85s_0028.fits,1,/mnt/raid0/AstroImaging/Preselected/Flaming Star Nebula (IC405) started 4th February 2022/DarkFlats/Ha/2022-02-24_11-39-06_Ha_-10.10_0.85s_0028.fits,,,,,,,,,,,,,,,,,,,
True,16,2,9576,6388,True,32768,DARKFLAT,0.85,0.85,2022-02-24T11:39:11.643,2022-02-24T11:39:11.643,1,1,100,10,0.246657639741898,3.76,3.76,ZWO ASI6200MM Pro,-10.0,-10.1,40,NP101is,540.0,5.4,Starlight Xpress Fil,Ha,FlatWizard,FocusLynx Focuser 1,9681.0,9681.0,13.404,7.9,7.9,TOP-DOWN,2000.0,N.I.N.A. 2.0.0.2048,2022-02-24_11-39-11_Ha_-10.10_0.85s_0029.fits,1,/mnt/raid0/AstroImaging/Preselected/Flaming Star Nebula (IC405) started 4th February 2022/DarkFlats/Ha/2022-02-24_11-39-11_Ha_-10.10_0.85s_0029.fits,,,,,,,,,,,,,,,,,,,
True,16,2,9576,6388,True,32768,DARKFLAT,0.85,0.85,2022-02-24T11:39:17.377,2022-02-24T11:39:17.377,1,1,100,10,0.246657639741898,3.76,3.76,ZWO ASI6200MM Pro,-10.0,-10.1,40,NP101is,540.0,5.4,Starlight Xpress Fil,Ha,FlatWizard,FocusLynx Focuser 1,9681.0,9681.0,13.404,7.9,7.9,TOP-DOWN,2000.0,N.I.N.A. 2.0.0.2048,2022-02-24_11-39-17_Ha_-10.10_0.85s_0030.fits,1,/mnt/raid0/AstroImaging/Preselected/Flaming Star Nebula (IC405) started 4th February 2022/DarkFlats/Ha/2022-02-24_11-39-17_Ha_-10.10_0.85s_0030.fits,,,,,,,,,,,,,,,,,,,
True,16,2,9576,6388,True,32768,DARKFLAT,0.85,0.85,2022-02-24T11:39:22.913,2022-02-24T11:39:22.913,1,1,100,10,0.246657639741898,3.76,3.76,ZWO ASI6200MM Pro,-10.0,-10.1,40,NP101is,540.0,5.4,Starlight Xpress Fil,Ha,FlatWizard,FocusLynx Focuser 1,9681.0,9681.0,13.404,7.9,7.9,TOP-DOWN,2000.0,N.I.N.A. 2.0.0.2048,2022-02-24_11-39-22_Ha_-10.10_0.85s_0031.fits,1,/mnt/raid0/AstroImaging/Preselected/Flaming Star Nebula (IC405) started 4th February 2022/DarkFlats/Ha/2022-02-24_11-39-22_Ha_-10.10_0.85s_0031.fits,,,,,,,,,,,,,,,,,,,
True,16,2,9576,6388,True,32768,DARKFLAT,0.85,0.85,2022-02-24T11:39:28.450,2022-02-24T11:39:28.450,1,1,100,10,0.246657639741898,3.76,3.76,ZWO ASI6200MM Pro,-10.0,-10.1,40,NP101is,540.0,5.4,Starlight Xpress Fil,Ha,FlatWizard,FocusLynx Focuser 1,9681.0,9681.0,13.404,7.9,7.9,TOP-DOWN,2000.0,N.I.N.A. 2.0.0.2048,2022-02-24_11-39-28_Ha_-10.10_0.85s_0032.fits,1,/mnt/raid0/AstroImaging/Preselected/Flaming Star Nebula (IC405) started 4th February 2022/DarkFlats/Ha/2022-02-24_11-39-28_Ha_-10.10_0.85s_0032.fits,,,,,,,,,,,,,,,,,,,
True,16,2,9576,6388,True,32768,DARKFLAT,0.85,0.85,2022-02-24T11:39:34.634,2022-02-24T11:39:34.634,1,1,100,10,0.246657639741898,3.76,3.76,ZWO ASI6200MM Pro,-10.0,-10.1,40,NP101is,540.0,5.4,Starlight Xpress Fil,Ha,FlatWizard,FocusLynx Focuser 1,9681.0,9681.0,13.404,7.9,7.9,TOP-DOWN,2000.0,N.I.N.A. 2.0.0.2048,2022-02-24_11-39-34_Ha_-10.10_0.85s_0033.fits,1,/mnt/raid0/AstroImaging/Preselected/Flaming Star Nebula (IC405) started 4th February 2022/DarkFlats/Ha/2022-02-24_11-39-34_Ha_-10.10_0.85s_0033.fits,,,,,,,,,,,,,,,,,,,
True,16,2,9576,6388,True,32768,DARKFLAT,0.85,0.85,2022-02-24T11:39:41.724,2022-02-24T11:39:41.724,1,1,100,10,0.246657639741898,3.76,3.76,ZWO ASI6200MM Pro,-10.0,-10.1,40,NP101is,540.0,5.4,Starlight Xpress Fil,Ha,FlatWizard,FocusLynx Focuser 1,9681.0,9681.0,13.404,7.9,7.9,TOP-DOWN,2000.0,N.I.N.A. 2.0.0.2048,2022-02-24_11-39-41_Ha_-10.10_0.85s_0034.fits,1,/mnt/raid0/AstroImaging/Preselected/Flaming Star Nebula (IC405) started 4th February 2022/DarkFlats/Ha/2022-02-24_11-39-41_Ha_-10.10_0.85s_0034.fits,,,,,,,,,,,,,,,,,,,
True,16,2,9576,6388,True,32768,DARKFLAT,0.85,0.85,2022-02-24T11:39:45.470,2022-02-24T11:39:45.470,1,1,100,10,0.246657639741898,3.76,3.76,ZWO ASI6200MM Pro,-10.0,-10.1,40,NP101is,540.0,5.4,Starlight Xpress Fil,Ha,FlatWizard,FocusLynx Focuser 1,9681.0,9681.0,13.404,7.9,7.9,TOP-DOWN,2000.0,N.I.N.A. 2.0.0.2048,2022-02-24_11-39-45_Ha_-10.10_0.85s_0035.fits,1,/mnt/raid0/AstroImaging/Preselected/Flaming Star Nebula (IC405) started 4th February 2022/DarkFlats/Ha/2022-02-24_11-39-45_Ha_-10.10_0.85s_0035.fits,,,,,,,,,,,,,,,,,,,
True,16,2,9576,6388,True,32768,DARKFLAT,0.85,0.85,2022-02-24T11:39:51.472,2022-02-24T11:39:51.472,1,1,100,10,0.246657639741898,3.76,3.76,ZWO ASI6200MM Pro,-10.0,-10.1,40,NP101is,540.0,5.4,Starlight Xpress Fil,Ha,FlatWizard,FocusLynx Focuser 1,9681.0,9681.0,13.404,7.9,7.9,TOP-DOWN,2000.0,N.I.N.A. 2.0.0.2048,2022-02-24_11-39-51_Ha_-10.10_0.85s_0036.fits,1,/mnt/raid0/AstroImaging/Preselected/Flaming Star Nebula (IC405) started 4th February 2022/DarkFlats/Ha/2022-02-24_11-39-51_Ha_-10.10_0.85s_0036.fits,,,,,,,,,,,,,,,,,,,
True,16,2,9576,6388,True,32768,DARKFLAT,0.85,0.85,2022-02-24T11:39:57.351,2022-02-24T11:39:57.351,1,1,100,10,0.246657639741898,3.76,3.76,ZWO ASI6200MM Pro,-10.0,-10.1,40,NP101is,540.0,5.4,Starlight Xpress Fil,Ha,FlatWizard,FocusLynx Focuser 1,9681.0,9681.0,13.404,7.9,7.9,TOP-DOWN,2000.0,N.I.N.A. 2.0.0.2048,2022-02-24_11-39-57_Ha_-10.10_0.85s_0037.fits,1,/mnt/raid0/AstroImaging/Preselected/Flaming Star Nebula (IC405) started 4th February 2022/DarkFlats/Ha/2022-02-24_11-39-57_Ha_-10.10_0.85s_0037.fits,,,,,,,,,,,,,,,,,,,
True,16,2,9576,6388,True,32768,DARKFLAT,0.85,0.85,2022-02-24T11:40:02.991,2022-02-24T11:40:02.991,1,1,100,10,0.246657639741898,3.76,3.76,ZWO ASI6200MM Pro,-10.0,-10.1,40,NP101is,540.0,5.4,Starlight Xpress Fil,Ha,FlatWizard,FocusLynx Focuser 1,9681.0,9681.0,13.404,7.9,7.9,TOP-DOWN,2000.0,N.I.N.A. 2.0.0.2048,2022-02-24_11-40-02_Ha_-10.10_0.85s_0038.fits,1,/mnt/raid0/AstroImaging/Preselected/Flaming Star Nebula (IC405) started 4th February 2022/DarkFlats/Ha/2022-02-24_11-40-02_Ha_-10.10_0.85s_0038.fits,,,,,,,,,,,,,,,,,,,
True,16,2,9576,6388,True,32768,DARKFLAT,0.85,0.85,2022-02-24T11:40:08.611,2022-02-24T11:40:08.611,1,1,100,10,0.246657639741898,3.76,3.76,ZWO ASI6200MM Pro,-10.0,-10.1,40,NP101is,540.0,5.4,Starlight Xpress Fil,Ha,FlatWizard,FocusLynx Focuser 1,9681.0,9681.0,13.404,7.9,7.9,TOP-DOWN,2000.0,N.I.N.A. 2.0.0.2048,2022-02-24_11-40-08_Ha_-10.10_0.85s_0039.fits,1,/mnt/raid0/AstroImaging/Preselected/Flaming Star Nebula (IC405) started 4th February 2022/DarkFlats/Ha/2022-02-24_11-40-08_Ha_-10.10_0.85s_0039.fits,,,,,,,,,,,,,,,,,,,
True,16,2,9576,6388,True,32768,DARKFLAT,0.85,0.85,2022-02-24T11:40:14.381,2022-02-24T11:40:14.381,1,1,100,10,0.246657639741898,3.76,3.76,ZWO ASI6200MM Pro,-10.0,-10.1,40,NP101is,540.0,5.4,Starlight Xpress Fil,Ha,FlatWizard,FocusLynx Focuser 1,9681.0,9681.0,13.404,7.9,7.9,TOP-DOWN,2000.0,N.I.N.A. 2.0.0.2048,2022-02-24_11-40-14_Ha_-10.10_0.85s_0040.fits,1,/mnt/raid0/AstroImaging/Preselected/Flaming Star Nebula (IC405) started 4th February 2022/DarkFlats/Ha/2022-02-24_11-40-14_Ha_-10.10_0.85s_0040.fits,,,,,,,,,,,,,,,,,,,
True,16,2,9576,6388,True,32768,DARKFLAT,0.85,0.85,2022-02-24T11:40:19.788,2022-02-24T11:40:19.788,1,1,100,10,0.246657639741898,3.76,3.76,ZWO ASI6200MM Pro,-10.0,-10.1,40,NP101is,540.0,5.4,Starlight Xpress Fil,Ha,FlatWizard,FocusLynx Focuser 1,9681.0,9681.0,13.404,7.9,7.9,TOP-DOWN,2000.0,N.I.N.A. 2.0.0.2048,2022-02-24_11-40-19_Ha_-10.10_0.85s_0041.fits,1,/mnt/raid0/AstroImaging/Preselected/Flaming Star Nebula (IC405) started 4th February 2022/DarkFlats/Ha/2022-02-24_11-40-19_Ha_-10.10_0.85s_0041.fits,,,,,,,,,,,,,,,,,,,
True,16,2,9576,6388,True,32768,DARKFLAT,0.85,0.85,2022-02-24T11:40:25.297,2022-02-24T11:40:25.297,1,1,100,10,0.246657639741898,3.76,3.76,ZWO ASI6200MM Pro,-10.0,-10.1,40,NP101is,540.0,5.4,Starlight Xpress Fil,Ha,FlatWizard,FocusLynx Focuser 1,9680.0,9680.0,13.404,8.0,8.0,TOP-DOWN,2000.0,N.I.N.A. 2.0.0.2048,2022-02-24_11-40-25_Ha_-10.10_0.85s_0042.fits,1,/mnt/raid0/AstroImaging/Preselected/Flaming Star Nebula (IC405) started 4th February 2022/DarkFlats/Ha/2022-02-24_11-40-25_Ha_-10.10_0.85s_0042.fits,,,,,,,,,,,,,,,,,,,
True,16,2,9576,6388,True,32768,DARKFLAT,0.85,0.85,2022-02-24T11:40:31.897,2022-02-24T11:40:31.897,1,1,100,10,0.246657639741898,3.76,3.76,ZWO ASI6200MM Pro,-10.0,-10.1,40,NP101is,540.0,5.4,Starlight Xpress Fil,Ha,FlatWizard,FocusLynx Focuser 1,9678.0,9678.0,13.404,8.0,8.0,TOP-DOWN,2000.0,N.I.N.A. 2.0.0.2048,2022-02-24_11-40-31_Ha_-10.10_0.85s_0043.fits,1,/mnt/raid0/AstroImaging/Preselected/Flaming Star Nebula (IC405) started 4th February 2022/DarkFlats/Ha/2022-02-24_11-40-31_Ha_-10.10_0.85s_0043.fits,,,,,,,,,,,,,,,,,,,
True,16,2,9576,6388,True,32768,DARKFLAT,0.85,0.85,2022-02-24T11:40:36.734,2022-02-24T11:40:36.734,1,1,100,10,0.246657639741898,3.76,3.76,ZWO ASI6200MM Pro,-10.0,-10.1,40,NP101is,540.0,5.4,Starlight Xpress Fil,Ha,FlatWizard,FocusLynx Focuser 1,9676.0,9676.0,13.404,8.0,8.0,TOP-DOWN,2000.0,N.I.N.A. 2.0.0.2048,2022-02-24_11-40-36_Ha_-10.10_0.85s_0044.fits,1,/mnt/raid0/AstroImaging/Preselected/Flaming Star Nebula (IC405) started 4th February 2022/DarkFlats/Ha/2022-02-24_11-40-36_Ha_-10.10_0.85s_0044.fits,,,,,,,,,,,,,,,,,,,
True,16,2,9576,6388,True,32768,DARKFLAT,0.85,0.85,2022-02-24T11:40:41.895,2022-02-24T11:40:41.895,1,1,100,10,0.246657639741898,3.76,3.76,ZWO ASI6200MM Pro,-10.0,-10.1,40,NP101is,540.0,5.4,Starlight Xpress Fil,Ha,FlatWizard,FocusLynx Focuser 1,9679.0,9679.0,13.404,8.0,8.0,TOP-DOWN,2000.0,N.I.N.A. 2.0.0.2048,2022-02-24_11-40-41_Ha_-10.10_0.85s_0045.fits,1,/mnt/raid0/AstroImaging/Preselected/Flaming Star Nebula (IC405) started 4th February 2022/DarkFlats/Ha/2022-02-24_11-40-41_Ha_-10.10_0.85s_0045.fits,,,,,,,,,,,,,,,,,,,
True,16,2,9576,6388,True,32768,DARKFLAT,0.85,0.85,2022-02-24T11:40:47.501,2022-02-24T11:40:47.501,1,1,100,10,0.246657639741898,3.76,3.76,ZWO ASI6200MM Pro,-10.0,-10.1,40,NP101is,540.0,5.4,Starlight Xpress Fil,Ha,FlatWizard,FocusLynx Focuser 1,9680.0,9680.0,13.404,8.0,8.0,TOP-DOWN,2000.0,N.I.N.A. 2.0.0.2048,2022-02-24_11-40-47_Ha_-10.10_0.85s_0046.fits,1,/mnt/raid0/AstroImaging/Preselected/Flaming Star Nebula (IC405) started 4th February 2022/DarkFlats/Ha/2022-02-24_11-40-47_Ha_-10.10_0.85s_0046.fits,,,,,,,,,,,,,,,,,,,
True,16,2,9576,6388,True,32768,DARKFLAT,0.85,0.85,2022-02-24T11:40:53.130,2022-02-24T11:40:53.130,1,1,100,10,0.246657639741898,3.76,3.76,ZWO ASI6200MM Pro,-10.0,-10.1,40,NP101is,540.0,5.4,Starlight Xpress Fil,Ha,FlatWizard,FocusLynx Focuser 1,9681.0,9681.0,13.404,7.9,7.9,TOP-DOWN,2000.0,N.I.N.A. 2.0.0.2048,2022-02-24_11-40-53_Ha_-10.10_0.85s_0047.fits,1,/mnt/raid0/AstroImaging/Preselected/Flaming Star Nebula (IC405) started 4th February 2022/DarkFlats/Ha/2022-02-24_11-40-53_Ha_-10.10_0.85s_0047.fits,,,,,,,,,,,,,,,,,,,
True,16,2,9576,6388,True,32768,DARKFLAT,0.85,0.85,2022-02-24T11:40:58.736,2022-02-24T11:40:58.736,1,1,100,10,0.246657639741898,3.76,3.76,ZWO ASI6200MM Pro,-10.0,-10.1,40,NP101is,540.0,5.4,Starlight Xpress Fil,Ha,FlatWizard,FocusLynx Focuser 1,9679.0,9679.0,13.404,7.9,7.9,TOP-DOWN,2000.0,N.I.N.A. 2.0.0.2048,2022-02-24_11-40-58_Ha_-10.10_0.85s_0048.fits,1,/mnt/raid0/AstroImaging/Preselected/Flaming Star Nebula (IC405) started 4th February 2022/DarkFlats/Ha/2022-02-24_11-40-58_Ha_-10.10_0.85s_0048.fits,,,,,,,,,,,,,,,,,,,
True,16,2,9576,6388,True,32768,DARKFLAT,0.85,0.85,2022-02-24T11:41:04.347,2022-02-24T11:41:04.347,1,1,100,10,0.246657639741898,3.76,3.76,ZWO ASI6200MM Pro,-10.0,-10.1,40,NP101is,540.0,5.4,Starlight Xpress Fil,Ha,FlatWizard,FocusLynx Focuser 1,9677.0,9677.0,13.404,8.0,8.0,TOP-DOWN,2000.0,N.I.N.A. 2.0.0.2048,2022-02-24_11-41-04_Ha_-10.10_0.85s_0049.fits,1,/mnt/raid0/AstroImaging/Preselected/Flaming Star Nebula (IC405) started 4th February 2022/DarkFlats/Ha/2022-02-24_11-41-04_Ha_-10.10_0.85s_0049.fits,,,,,,,,,,,,,,,,,,,
True,16,2,9576,6388,True,32768,DARKFLAT,0.09,0.09,2022-02-05T11:35:38.792,2022-02-05T11:35:38.792,1,1,0,10,0.779999971389771,3.76,3.76,ZWO ASI6200MM Pro,-10.0,-10.0,40,NP101is,540.0,5.4,Starlight Xpress Fil,Lum,FlatWizard,,,,,,,TOP-DOWN,2000.0,N.I.N.A. 2.0.0.2043,2022-02-05_11-35-38_Lum_-10.00_0.09s_0000.fits,1,/mnt/raid0/AstroImaging/Preselected/Flaming Star Nebula (IC405) started 4th February 2022/DarkFlats/Lum/2022-02-05_11-35-38_Lum_-10.00_0.09s_0000.fits,,,,,,,,,,,,,,,,,,,
True,16,2,9576,6388,True,32768,DARKFLAT,0.09,0.09,2022-02-05T11:35:40.655,2022-02-05T11:35:40.655,1,1,0,10,0.779999971389771,3.76,3.76,ZWO ASI6200MM Pro,-10.0,-10.0,40,NP101is,540.0,5.4,Starlight Xpress Fil,Lum,FlatWizard,,,,,,,TOP-DOWN,2000.0,N.I.N.A. 2.0.0.2043,2022-02-05_11-35-40_Lum_-10.00_0.09s_0001.fits,1,/mnt/raid0/AstroImaging/Preselected/Flaming Star Nebula (IC405) started 4th February 2022/DarkFlats/Lum/2022-02-05_11-35-40_Lum_-10.00_0.09s_0001.fits,,,,,,,,,,,,,,,,,,,
True,16,2,9576,6388,True,32768,DARKFLAT,0.09,0.09,2022-02-05T11:35:46.325,2022-02-05T11:35:46.325,1,1,0,10,0.779999971389771,3.76,3.76,ZWO ASI6200MM Pro,-10.0,-9.8,40,NP101is,540.0,5.4,Starlight Xpress Fil,Lum,FlatWizard,,,,,,,TOP-DOWN,2000.0,N.I.N.A. 2.0.0.2043,2022-02-05_11-35-46_Lum_-9.80_0.09s_0002.fits,1,/mnt/raid0/AstroImaging/Preselected/Flaming Star Nebula (IC405) started 4th February 2022/DarkFlats/Lum/2022-02-05_11-35-46_Lum_-9.80_0.09s_0002.fits,,,,,,,,,,,,,,,,,,,
True,16,2,9576,6388,True,32768,DARKFLAT,0.09,0.09,2022-02-05T11:35:56.308,2022-02-05T11:35:56.308,1,1,0,10,0.779999971389771,3.76,3.76,ZWO ASI6200MM Pro,-10.0,-9.7,40,NP101is,540.0,5.4,Starlight Xpress Fil,Lum,FlatWizard,,,,,,,TOP-DOWN,2000.0,N.I.N.A. 2.0.0.2043,2022-02-05_11-35-56_Lum_-9.70_0.09s_0003.fits,1,/mnt/raid0/AstroImaging/Preselected/Flaming Star Nebula (IC405) started 4th February 2022/DarkFlats/Lum/2022-02-05_11-35-56_Lum_-9.70_0.09s_0003.fits,,,,,,,,,,,,,,,,,,,
True,16,2,9576,6388,True,32768,DARKFLAT,0.09,0.09,2022-02-05T11:36:03.863,2022-02-05T11:36:03.863,1,1,0,10,0.779999971389771,3.76,3.76,ZWO ASI6200MM Pro,-10.0,-9.6,40,NP101is,540.0,5.4,Starlight Xpress Fil,Lum,FlatWizard,,,,,,,TOP-DOWN,2000.0,N.I.N.A. 2.0.0.2043,2022-02-05_11-36-03_Lum_-9.60_0.09s_0004.fits,1,/mnt/raid0/AstroImaging/Preselected/Flaming Star Nebula (IC405) started 4th February 2022/DarkFlats/Lum/2022-02-05_11-36-03_Lum_-9.60_0.09s_0004.fits,,,,,,,,,,,,,,,,,,,
True,16,2,9576,6388,True,32768,DARKFLAT,0.09,0.09,2022-02-05T11:36:11.950,2022-02-05T11:36:11.950,1,1,0,10,0.779999971389771,3.76,3.76,ZWO ASI6200MM Pro,-10.0,-9.6,40,NP101is,540.0,5.4,Starlight Xpress Fil,Lum,FlatWizard,,,,,,,TOP-DOWN,2000.0,N.I.N.A. 2.0.0.2043,2022-02-05_11-36-11_Lum_-9.60_0.09s_0005.fits,1,/mnt/raid0/AstroImaging/Preselected/Flaming Star Nebula (IC405) started 4th February 2022/DarkFlats/Lum/2022-02-05_11-36-11_Lum_-9.60_0.09s_0005.fits,,,,,,,,,,,,,,,,,,,
True,16,2,9576,6388,True,32768,DARKFLAT,0.09,0.09,2022-02-05T11:36:19.534,2022-02-05T11:36:19.534,1,1,0,10,0.779999971389771,3.76,3.76,ZWO ASI6200MM Pro,-10.0,-9.5,40,NP101is,540.0,5.4,Starlight Xpress Fil,Lum,FlatWizard,,,,,,,TOP-DOWN,2000.0,N.I.N.A. 2.0.0.2043,2022-02-05_11-36-19_Lum_-9.50_0.09s_0006.fits,1,/mnt/raid0/AstroImaging/Preselected/Flaming Star Nebula (IC405) started 4th February 2022/DarkFlats/Lum/2022-02-05_11-36-19_Lum_-9.50_0.09s_0006.fits,,,,,,,,,,,,,,,,,,,
True,16,2,9576,6388,True,32768,DARKFLAT,0.09,0.09,2022-02-05T11:36:27.650,2022-02-05T11:36:27.650,1,1,0,10,0.779999971389771,3.76,3.76,ZWO ASI6200MM Pro,-10.0,-9.5,40,NP101is,540.0,5.4,Starlight Xpress Fil,Lum,FlatWizard,,,,,,,TOP-DOWN,2000.0,N.I.N.A. 2.0.0.2043,2022-02-05_11-36-27_Lum_-9.50_0.09s_0007.fits,1,/mnt/raid0/AstroImaging/Preselected/Flaming Star Nebula (IC405) started 4th February 2022/DarkFlats/Lum/2022-02-05_11-36-27_Lum_-9.50_0.09s_0007.fits,,,,,,,,,,,,,,,,,,,
True,16,2,9576,6388,True,32768,DARKFLAT,0.09,0.09,2022-02-05T11:36:35.179,2022-02-05T11:36:35.179,1,1,0,10,0.779999971389771,3.76,3.76,ZWO ASI6200MM Pro,-10.0,-9.6,40,NP101is,540.0,5.4,Starlight Xpress Fil,Lum,FlatWizard,,,,,,,TOP-DOWN,2000.0,N.I.N.A. 2.0.0.2043,2022-02-05_11-36-35_Lum_-9.60_0.09s_0008.fits,1,/mnt/raid0/AstroImaging/Preselected/Flaming Star Nebula (IC405) started 4th February 2022/DarkFlats/Lum/2022-02-05_11-36-35_Lum_-9.60_0.09s_0008.fits,,,,,,,,,,,,,,,,,,,
True,16,2,9576,6388,True,32768,DARKFLAT,0.09,0.09,2022-02-05T11:36:42.644,2022-02-05T11:36:42.644,1,1,0,10,0.779999971389771,3.76,3.76,ZWO ASI6200MM Pro,-10.0,-9.6,40,NP101is,540.0,5.4,Starlight Xpress Fil,Lum,FlatWizard,,,,,,,TOP-DOWN,2000.0,N.I.N.A. 2.0.0.2043,2022-02-05_11-36-42_Lum_-9.60_0.09s_0009.fits,1,/mnt/raid0/AstroImaging/Preselected/Flaming Star Nebula (IC405) started 4th February 2022/DarkFlats/Lum/2022-02-05_11-36-42_Lum_-9.60_0.09s_0009.fits,,,,,,,,,,,,,,,,,,,
True,16,2,9576,6388,True,32768,DARKFLAT,0.09,0.09,2022-02-05T11:36:50.099,2022-02-05T11:36:50.099,1,1,0,10,0.779999971389771,3.76,3.76,ZWO ASI6200MM Pro,-10.0,-9.6,40,NP101is,540.0,5.4,Starlight Xpress Fil,Lum,FlatWizard,,,,,,,TOP-DOWN,2000.0,N.I.N.A. 2.0.0.2043,2022-02-05_11-36-50_Lum_-9.60_0.09s_0010.fits,1,/mnt/raid0/AstroImaging/Preselected/Flaming Star Nebula (IC405) started 4th February 2022/DarkFlats/Lum/2022-02-05_11-36-50_Lum_-9.60_0.09s_0010.fits,,,,,,,,,,,,,,,,,,,
True,16,2,9576,6388,True,32768,DARKFLAT,0.09,0.09,2022-02-05T11:36:57.598,2022-02-05T11:36:57.598,1,1,0,10,0.779999971389771,3.76,3.76,ZWO ASI6200MM Pro,-10.0,-9.6,40,NP101is,540.0,5.4,Starlight Xpress Fil,Lum,FlatWizard,,,,,,,TOP-DOWN,2000.0,N.I.N.A. 2.0.0.2043,2022-02-05_11-36-57_Lum_-9.60_0.09s_0011.fits,1,/mnt/raid0/AstroImaging/Preselected/Flaming Star Nebula (IC405) started 4th February 2022/DarkFlats/Lum/2022-02-05_11-36-57_Lum_-9.60_0.09s_0011.fits,,,,,,,,,,,,,,,,,,,
True,16,2,9576,6388,True,32768,DARKFLAT,0.09,0.09,2022-02-05T11:37:05.057,2022-02-05T11:37:05.057,1,1,0,10,0.779999971389771,3.76,3.76,ZWO ASI6200MM Pro,-10.0,-9.6,40,NP101is,540.0,5.4,Starlight Xpress Fil,Lum,FlatWizard,,,,,,,TOP-DOWN,2000.0,N.I.N.A. 2.0.0.2043,2022-02-05_11-37-05_Lum_-9.60_0.09s_0012.fits,1,/mnt/raid0/AstroImaging/Preselected/Flaming Star Nebula (IC405) started 4th February 2022/DarkFlats/Lum/2022-02-05_11-37-05_Lum_-9.60_0.09s_0012.fits,,,,,,,,,,,,,,,,,,,
True,16,2,9576,6388,True,32768,DARKFLAT,0.09,0.09,2022-02-05T11:37:12.581,2022-02-05T11:37:12.581,1,1,0,10,0.779999971389771,3.76,3.76,ZWO ASI6200MM Pro,-10.0,-9.6,40,NP101is,540.0,5.4,Starlight Xpress Fil,Lum,FlatWizard,,,,,,,TOP-DOWN,2000.0,N.I.N.A. 2.0.0.2043,2022-02-05_11-37-12_Lum_-9.60_0.09s_0013.fits,1,/mnt/raid0/AstroImaging/Preselected/Flaming Star Nebula (IC405) started 4th February 2022/DarkFlats/Lum/2022-02-05_11-37-12_Lum_-9.60_0.09s_0013.fits,,,,,,,,,,,,,,,,,,,
True,16,2,9576,6388,True,32768,DARKFLAT,0.09,0.09,2022-02-05T11:37:19.986,2022-02-05T11:37:19.986,1,1,0,10,0.779999971389771,3.76,3.76,ZWO ASI6200MM Pro,-10.0,-9.6,40,NP101is,540.0,5.4,Starlight Xpress Fil,Lum,FlatWizard,,,,,,,TOP-DOWN,2000.0,N.I.N.A. 2.0.0.2043,2022-02-05_11-37-19_Lum_-9.60_0.09s_0014.fits,1,/mnt/raid0/AstroImaging/Preselected/Flaming Star Nebula (IC405) started 4th February 2022/DarkFlats/Lum/2022-02-05_11-37-19_Lum_-9.60_0.09s_0014.fits,,,,,,,,,,,,,,,,,,,
True,16,2,9576,6388,True,32768,DARKFLAT,0.09,0.09,2022-02-05T11:37:28.045,2022-02-05T11:37:28.045,1,1,0,10,0.779999971389771,3.76,3.76,ZWO ASI6200MM Pro,-10.0,-9.6,40,NP101is,540.0,5.4,Starlight Xpress Fil,Lum,FlatWizard,,,,,,,TOP-DOWN,2000.0,N.I.N.A. 2.0.0.2043,2022-02-05_11-37-28_Lum_-9.60_0.09s_0015.fits,1,/mnt/raid0/AstroImaging/Preselected/Flaming Star Nebula (IC405) started 4th February 2022/DarkFlats/Lum/2022-02-05_11-37-28_Lum_-9.60_0.09s_0015.fits,,,,,,,,,,,,,,,,,,,
True,16,2,9576,6388,True,32768,DARKFLAT,0.09,0.09,2022-02-05T11:37:35.837,2022-02-05T11:37:35.837,1,1,0,10,0.779999971389771,3.76,3.76,ZWO ASI6200MM Pro,-10.0,-9.6,40,NP101is,540.0,5.4,Starlight Xpress Fil,Lum,FlatWizard,,,,,,,TOP-DOWN,2000.0,N.I.N.A. 2.0.0.2043,2022-02-05_11-37-35_Lum_-9.60_0.09s_0016.fits,1,/mnt/raid0/AstroImaging/Preselected/Flaming Star Nebula (IC405) started 4th February 2022/DarkFlats/Lum/2022-02-05_11-37-35_Lum_-9.60_0.09s_0016.fits,,,,,,,,,,,,,,,,,,,
True,16,2,9576,6388,True,32768,DARKFLAT,0.09,0.09,2022-02-05T11:37:43.889,2022-02-05T11:37:43.889,1,1,0,10,0.779999971389771,3.76,3.76,ZWO ASI6200MM Pro,-10.0,-9.7,40,NP101is,540.0,5.4,Starlight Xpress Fil,Lum,FlatWizard,,,,,,,TOP-DOWN,2000.0,N.I.N.A. 2.0.0.2043,2022-02-05_11-37-43_Lum_-9.70_0.09s_0017.fits,1,/mnt/raid0/AstroImaging/Preselected/Flaming Star Nebula (IC405) started 4th February 2022/DarkFlats/Lum/2022-02-05_11-37-43_Lum_-9.70_0.09s_0017.fits,,,,,,,,,,,,,,,,,,,
True,16,2,9576,6388,True,32768,DARKFLAT,0.09,0.09,2022-02-05T11:37:51.450,2022-02-05T11:37:51.450,1,1,0,10,0.779999971389771,3.76,3.76,ZWO ASI6200MM Pro,-10.0,-9.7,40,NP101is,540.0,5.4,Starlight Xpress Fil,Lum,FlatWizard,,,,,,,TOP-DOWN,2000.0,N.I.N.A. 2.0.0.2043,2022-02-05_11-37-51_Lum_-9.70_0.09s_0018.fits,1,/mnt/raid0/AstroImaging/Preselected/Flaming Star Nebula (IC405) started 4th February 2022/DarkFlats/Lum/2022-02-05_11-37-51_Lum_-9.70_0.09s_0018.fits,,,,,,,,,,,,,,,,,,,
True,16,2,9576,6388,True,32768,DARKFLAT,0.09,0.09,2022-02-05T11:37:59.060,2022-02-05T11:37:59.060,1,1,0,10,0.779999971389771,3.76,3.76,ZWO ASI6200MM Pro,-10.0,-9.7,40,NP101is,540.0,5.4,Starlight Xpress Fil,Lum,FlatWizard,,,,,,,TOP-DOWN,2000.0,N.I.N.A. 2.0.0.2043,2022-02-05_11-37-59_Lum_-9.70_0.09s_0019.fits,1,/mnt/raid0/AstroImaging/Preselected/Flaming Star Nebula (IC405) started 4th February 2022/DarkFlats/Lum/2022-02-05_11-37-59_Lum_-9.70_0.09s_0019.fits,,,,,,,,,,,,,,,,,,,
True,16,2,9576,6388,True,32768,DARKFLAT,0.09,0.09,2022-02-05T11:38:06.420,2022-02-05T11:38:06.420,1,1,0,10,0.779999971389771,3.76,3.76,ZWO ASI6200MM Pro,-10.0,-9.7,40,NP101is,540.0,5.4,Starlight Xpress Fil,Lum,FlatWizard,,,,,,,TOP-DOWN,2000.0,N.I.N.A. 2.0.0.2043,2022-02-05_11-38-06_Lum_-9.70_0.09s_0020.fits,1,/mnt/raid0/AstroImaging/Preselected/Flaming Star Nebula (IC405) started 4th February 2022/DarkFlats/Lum/2022-02-05_11-38-06_Lum_-9.70_0.09s_0020.fits,,,,,,,,,,,,,,,,,,,
True,16,2,9576,6388,True,32768,DARKFLAT,0.09,0.09,2022-02-05T11:38:13.797,2022-02-05T11:38:13.797,1,1,0,10,0.779999971389771,3.76,3.76,ZWO ASI6200MM Pro,-10.0,-9.8,40,NP101is,540.0,5.4,Starlight Xpress Fil,Lum,FlatWizard,,,,,,,TOP-DOWN,2000.0,N.I.N.A. 2.0.0.2043,2022-02-05_11-38-13_Lum_-9.80_0.09s_0021.fits,1,/mnt/raid0/AstroImaging/Preselected/Flaming Star Nebula (IC405) started 4th February 2022/DarkFlats/Lum/2022-02-05_11-38-13_Lum_-9.80_0.09s_0021.fits,,,,,,,,,,,,,,,,,,,
True,16,2,9576,6388,True,32768,DARKFLAT,0.09,0.09,2022-02-05T11:38:21.253,2022-02-05T11:38:21.253,1,1,0,10,0.779999971389771,3.76,3.76,ZWO ASI6200MM Pro,-10.0,-9.8,40,NP101is,540.0,5.4,Starlight Xpress Fil,Lum,FlatWizard,,,,,,,TOP-DOWN,2000.0,N.I.N.A. 2.0.0.2043,2022-02-05_11-38-21_Lum_-9.80_0.09s_0022.fits,1,/mnt/raid0/AstroImaging/Preselected/Flaming Star Nebula (IC405) started 4th February 2022/DarkFlats/Lum/2022-02-05_11-38-21_Lum_-9.80_0.09s_0022.fits,,,,,,,,,,,,,,,,,,,
True,16,2,9576,6388,True,32768,DARKFLAT,0.09,0.09,2022-02-05T11:38:28.547,2022-02-05T11:38:28.547,1,1,0,10,0.779999971389771,3.76,3.76,ZWO ASI6200MM Pro,-10.0,-9.8,40,NP101is,540.0,5.4,Starlight Xpress Fil,Lum,FlatWizard,,,,,,,TOP-DOWN,2000.0,N.I.N.A. 2.0.0.2043,2022-02-05_11-38-28_Lum_-9.80_0.09s_0023.fits,1,/mnt/raid0/AstroImaging/Preselected/Flaming Star Nebula (IC405) started 4th February 2022/DarkFlats/Lum/2022-02-05_11-38-28_Lum_-9.80_0.09s_0023.fits,,,,,,,,,,,,,,,,,,,
True,16,2,9576,6388,True,32768,DARKFLAT,0.09,0.09,2022-02-05T11:38:36.091,2022-02-05T11:38:36.091,1,1,0,10,0.779999971389771,3.76,3.76,ZWO ASI6200MM Pro,-10.0,-9.8,40,NP101is,540.0,5.4,Starlight Xpress Fil,Lum,FlatWizard,,,,,,,TOP-DOWN,2000.0,N.I.N.A. 2.0.0.2043,2022-02-05_11-38-36_Lum_-9.80_0.09s_0024.fits,1,/mnt/raid0/AstroImaging/Preselected/Flaming Star Nebula (IC405) started 4th February 2022/DarkFlats/Lum/2022-02-05_11-38-36_Lum_-9.80_0.09s_0024.fits,,,,,,,,,,,,,,,,,,,
True,16,2,9576,6388,True,32768,DARKFLAT,0.09,0.09,2022-02-05T11:38:43.617,2022-02-05T11:38:43.617,1,1,0,10,0.779999971389771,3.76,3.76,ZWO ASI6200MM Pro,-10.0,-9.8,40,NP101is,540.0,5.4,Starlight Xpress Fil,Lum,FlatWizard,,,,,,,TOP-DOWN,2000.0,N.I.N.A. 2.0.0.2043,2022-02-05_11-38-43_Lum_-9.80_0.09s_0025.fits,1,/mnt/raid0/AstroImaging/Preselected/Flaming Star Nebula (IC405) started 4th February 2022/DarkFlats/Lum/2022-02-05_11-38-43_Lum_-9.80_0.09s_0025.fits,,,,,,,,,,,,,,,,,,,
True,16,2,9576,6388,True,32768,DARKFLAT,0.09,0.09,2022-02-05T11:38:50.942,2022-02-05T11:38:50.942,1,1,0,10,0.779999971389771,3.76,3.76,ZWO ASI6200MM Pro,-10.0,-9.8,40,NP101is,540.0,5.4,Starlight Xpress Fil,Lum,FlatWizard,,,,,,,TOP-DOWN,2000.0,N.I.N.A. 2.0.0.2043,2022-02-05_11-38-50_Lum_-9.80_0.09s_0026.fits,1,/mnt/raid0/AstroImaging/Preselected/Flaming Star Nebula (IC405) started 4th February 2022/DarkFlats/Lum/2022-02-05_11-38-50_Lum_-9.80_0.09s_0026.fits,,,,,,,,,,,,,,,,,,,
True,16,2,9576,6388,True,32768,DARKFLAT,0.09,0.09,2022-02-05T11:38:58.546,2022-02-05T11:38:58.546,1,1,0,10,0.779999971389771,3.76,3.76,ZWO ASI6200MM Pro,-10.0,-9.9,40,NP101is,540.0,5.4,Starlight Xpress Fil,Lum,FlatWizard,,,,,,,TOP-DOWN,2000.0,N.I.N.A. 2.0.0.2043,2022-02-05_11-38-58_Lum_-9.90_0.09s_0027.fits,1,/mnt/raid0/AstroImaging/Preselected/Flaming Star Nebula (IC405) started 4th February 2022/DarkFlats/Lum/2022-02-05_11-38-58_Lum_-9.90_0.09s_0027.fits,,,,,,,,,,,,,,,,,,,
True,16,2,9576,6388,True,32768,DARKFLAT,0.09,0.09,2022-02-05T11:39:05.804,2022-02-05T11:39:05.804,1,1,0,10,0.779999971389771,3.76,3.76,ZWO ASI6200MM Pro,-10.0,-9.9,40,NP101is,540.0,5.4,Starlight Xpress Fil,Lum,FlatWizard,,,,,,,TOP-DOWN,2000.0,N.I.N.A. 2.0.0.2043,2022-02-05_11-39-05_Lum_-9.90_0.09s_0028.fits,1,/mnt/raid0/AstroImaging/Preselected/Flaming Star Nebula (IC405) started 4th February 2022/DarkFlats/Lum/2022-02-05_11-39-05_Lum_-9.90_0.09s_0028.fits,,,,,,,,,,,,,,,,,,,
True,16,2,9576,6388,True,32768,DARKFLAT,0.09,0.09,2022-02-05T11:39:13.164,2022-02-05T11:39:13.164,1,1,0,10,0.779999971389771,3.76,3.76,ZWO ASI6200MM Pro,-10.0,-9.9,40,NP101is,540.0,5.4,Starlight Xpress Fil,Lum,FlatWizard,,,,,,,TOP-DOWN,2000.0,N.I.N.A. 2.0.0.2043,2022-02-05_11-39-13_Lum_-9.90_0.09s_0029.fits,1,/mnt/raid0/AstroImaging/Preselected/Flaming Star Nebula (IC405) started 4th February 2022/DarkFlats/Lum/2022-02-05_11-39-13_Lum_-9.90_0.09s_0029.fits,,,,,,,,,,,,,,,,,,,
True,16,2,9576,6388,True,32768,DARKFLAT,0.09,0.09,2022-02-05T11:39:21.116,2022-02-05T11:39:21.116,1,1,0,10,0.779999971389771,3.76,3.76,ZWO ASI6200MM Pro,-10.0,-9.9,40,NP101is,540.0,5.4,Starlight Xpress Fil,Lum,FlatWizard,,,,,,,TOP-DOWN,2000.0,N.I.N.A. 2.0.0.2043,2022-02-05_11-39-21_Lum_-9.90_0.09s_0030.fits,1,/mnt/raid0/AstroImaging/Preselected/Flaming Star Nebula (IC405) started 4th February 2022/DarkFlats/Lum/2022-02-05_11-39-21_Lum_-9.90_0.09s_0030.fits,,,,,,,,,,,,,,,,,,,
True,16,2,9576,6388,True,32768,DARKFLAT,0.09,0.09,2022-02-05T11:39:28.636,2022-02-05T11:39:28.636,1,1,0,10,0.779999971389771,3.76,3.76,ZWO ASI6200MM Pro,-10.0,-10.0,40,NP101is,540.0,5.4,Starlight Xpress Fil,Lum,FlatWizard,,,,,,,TOP-DOWN,2000.0,N.I.N.A. 2.0.0.2043,2022-02-05_11-39-28_Lum_-10.00_0.09s_0031.fits,1,/mnt/raid0/AstroImaging/Preselected/Flaming Star Nebula (IC405) started 4th February 2022/DarkFlats/Lum/2022-02-05_11-39-28_Lum_-10.00_0.09s_0031.fits,,,,,,,,,,,,,,,,,,,
True,16,2,9576,6388,True,32768,DARKFLAT,0.09,0.09,2022-02-05T11:39:36.134,2022-02-05T11:39:36.134,1,1,0,10,0.779999971389771,3.76,3.76,ZWO ASI6200MM Pro,-10.0,-9.9,40,NP101is,540.0,5.4,Starlight Xpress Fil,Lum,FlatWizard,,,,,,,TOP-DOWN,2000.0,N.I.N.A. 2.0.0.2043,2022-02-05_11-39-36_Lum_-9.90_0.09s_0032.fits,1,/mnt/raid0/AstroImaging/Preselected/Flaming Star Nebula (IC405) started 4th February 2022/DarkFlats/Lum/2022-02-05_11-39-36_Lum_-9.90_0.09s_0032.fits,,,,,,,,,,,,,,,,,,,
True,16,2,9576,6388,True,32768,DARKFLAT,0.09,0.09,2022-02-05T11:39:43.496,2022-02-05T11:39:43.496,1,1,0,10,0.779999971389771,3.76,3.76,ZWO ASI6200MM Pro,-10.0,-9.9,40,NP101is,540.0,5.4,Starlight Xpress Fil,Lum,FlatWizard,,,,,,,TOP-DOWN,2000.0,N.I.N.A. 2.0.0.2043,2022-02-05_11-39-43_Lum_-9.90_0.09s_0033.fits,1,/mnt/raid0/AstroImaging/Preselected/Flaming Star Nebula (IC405) started 4th February 2022/DarkFlats/Lum/2022-02-05_11-39-43_Lum_-9.90_0.09s_0033.fits,,,,,,,,,,,,,,,,,,,
True,16,2,9576,6388,True,32768,DARKFLAT,0.09,0.09,2022-02-05T11:39:50.877,2022-02-05T11:39:50.877,1,1,0,10,0.779999971389771,3.76,3.76,ZWO ASI6200MM Pro,-10.0,-9.9,40,NP101is,540.0,5.4,Starlight Xpress Fil,Lum,FlatWizard,,,,,,,TOP-DOWN,2000.0,N.I.N.A. 2.0.0.2043,2022-02-05_11-39-50_Lum_-9.90_0.09s_0034.fits,1,/mnt/raid0/AstroImaging/Preselected/Flaming Star Nebula (IC405) started 4th February 2022/DarkFlats/Lum/2022-02-05_11-39-50_Lum_-9.90_0.09s_0034.fits,,,,,,,,,,,,,,,,,,,
True,16,2,9576,6388,True,32768,DARKFLAT,0.09,0.09,2022-02-05T11:39:58.925,2022-02-05T11:39:58.925,1,1,0,10,0.779999971389771,3.76,3.76,ZWO ASI6200MM Pro,-10.0,-10.0,40,NP101is,540.0,5.4,Starlight Xpress Fil,Lum,FlatWizard,,,,,,,TOP-DOWN,2000.0,N.I.N.A. 2.0.0.2043,2022-02-05_11-39-58_Lum_-10.00_0.09s_0035.fits,1,/mnt/raid0/AstroImaging/Preselected/Flaming Star Nebula (IC405) started 4th February 2022/DarkFlats/Lum/2022-02-05_11-39-58_Lum_-10.00_0.09s_0035.fits,,,,,,,,,,,,,,,,,,,
True,16,2,9576,6388,True,32768,DARKFLAT,0.09,0.09,2022-02-05T11:40:06.564,2022-02-05T11:40:06.564,1,1,0,10,0.779999971389771,3.76,3.76,ZWO ASI6200MM Pro,-10.0,-10.0,40,NP101is,540.0,5.4,Starlight Xpress Fil,Lum,FlatWizard,,,,,,,TOP-DOWN,2000.0,N.I.N.A. 2.0.0.2043,2022-02-05_11-40-06_Lum_-10.00_0.09s_0036.fits,1,/mnt/raid0/AstroImaging/Preselected/Flaming Star Nebula (IC405) started 4th February 2022/DarkFlats/Lum/2022-02-05_11-40-06_Lum_-10.00_0.09s_0036.fits,,,,,,,,,,,,,,,,,,,
True,16,2,9576,6388,True,32768,DARKFLAT,0.09,0.09,2022-02-05T11:40:13.858,2022-02-05T11:40:13.858,1,1,0,10,0.779999971389771,3.76,3.76,ZWO ASI6200MM Pro,-10.0,-9.9,40,NP101is,540.0,5.4,Starlight Xpress Fil,Lum,FlatWizard,,,,,,,TOP-DOWN,2000.0,N.I.N.A. 2.0.0.2043,2022-02-05_11-40-13_Lum_-9.90_0.09s_0037.fits,1,/mnt/raid0/AstroImaging/Preselected/Flaming Star Nebula (IC405) started 4th February 2022/DarkFlats/Lum/2022-02-05_11-40-13_Lum_-9.90_0.09s_0037.fits,,,,,,,,,,,,,,,,,,,
True,16,2,9576,6388,True,32768,DARKFLAT,0.09,0.09,2022-02-05T11:40:21.221,2022-02-05T11:40:21.221,1,1,0,10,0.779999971389771,3.76,3.76,ZWO ASI6200MM Pro,-10.0,-10.0,40,NP101is,540.0,5.4,Starlight Xpress Fil,Lum,FlatWizard,,,,,,,TOP-DOWN,2000.0,N.I.N.A. 2.0.0.2043,2022-02-05_11-40-21_Lum_-10.00_0.09s_0038.fits,1,/mnt/raid0/AstroImaging/Preselected/Flaming Star Nebula (IC405) started 4th February 2022/DarkFlats/Lum/2022-02-05_11-40-21_Lum_-10.00_0.09s_0038.fits,,,,,,,,,,,,,,,,,,,
True,16,2,9576,6388,True,32768,DARKFLAT,0.09,0.09,2022-02-05T11:40:29.541,2022-02-05T11:40:29.541,1,1,0,10,0.779999971389771,3.76,3.76,ZWO ASI6200MM Pro,-10.0,-10.0,40,NP101is,540.0,5.4,Starlight Xpress Fil,Lum,FlatWizard,,,,,,,TOP-DOWN,2000.0,N.I.N.A. 2.0.0.2043,2022-02-05_11-40-29_Lum_-10.00_0.09s_0039.fits,1,/mnt/raid0/AstroImaging/Preselected/Flaming Star Nebula (IC405) started 4th February 2022/DarkFlats/Lum/2022-02-05_11-40-29_Lum_-10.00_0.09s_0039.fits,,,,,,,,,,,,,,,,,,,
True,16,2,9576,6388,True,32768,DARKFLAT,0.09,0.09,2022-02-05T11:40:37.156,2022-02-05T11:40:37.156,1,1,0,10,0.779999971389771,3.76,3.76,ZWO ASI6200MM Pro,-10.0,-10.0,40,NP101is,540.0,5.4,Starlight Xpress Fil,Lum,FlatWizard,,,,,,,TOP-DOWN,2000.0,N.I.N.A. 2.0.0.2043,2022-02-05_11-40-37_Lum_-10.00_0.09s_0040.fits,1,/mnt/raid0/AstroImaging/Preselected/Flaming Star Nebula (IC405) started 4th February 2022/DarkFlats/Lum/2022-02-05_11-40-37_Lum_-10.00_0.09s_0040.fits,,,,,,,,,,,,,,,,,,,
True,16,2,9576,6388,True,32768,DARKFLAT,0.09,0.09,2022-02-05T11:40:44.524,2022-02-05T11:40:44.524,1,1,0,10,0.779999971389771,3.76,3.76,ZWO ASI6200MM Pro,-10.0,-10.0,40,NP101is,540.0,5.4,Starlight Xpress Fil,Lum,FlatWizard,,,,,,,TOP-DOWN,2000.0,N.I.N.A. 2.0.0.2043,2022-02-05_11-40-44_Lum_-10.00_0.09s_0041.fits,1,/mnt/raid0/AstroImaging/Preselected/Flaming Star Nebula (IC405) started 4th February 2022/DarkFlats/Lum/2022-02-05_11-40-44_Lum_-10.00_0.09s_0041.fits,,,,,,,,,,,,,,,,,,,
True,16,2,9576,6388,True,32768,DARKFLAT,0.09,0.09,2022-02-05T11:40:52.469,2022-02-05T11:40:52.469,1,1,0,10,0.779999971389771,3.76,3.76,ZWO ASI6200MM Pro,-10.0,-10.0,40,NP101is,540.0,5.4,Starlight Xpress Fil,Lum,FlatWizard,,,,,,,TOP-DOWN,2000.0,N.I.N.A. 2.0.0.2043,2022-02-05_11-40-52_Lum_-10.00_0.09s_0042.fits,1,/mnt/raid0/AstroImaging/Preselected/Flaming Star Nebula (IC405) started 4th February 2022/DarkFlats/Lum/2022-02-05_11-40-52_Lum_-10.00_0.09s_0042.fits,,,,,,,,,,,,,,,,,,,
True,16,2,9576,6388,True,32768,DARKFLAT,0.09,0.09,2022-02-05T11:41:00.712,2022-02-05T11:41:00.712,1,1,0,10,0.779999971389771,3.76,3.76,ZWO ASI6200MM Pro,-10.0,-10.0,40,NP101is,540.0,5.4,Starlight Xpress Fil,Lum,FlatWizard,,,,,,,TOP-DOWN,2000.0,N.I.N.A. 2.0.0.2043,2022-02-05_11-41-00_Lum_-10.00_0.09s_0043.fits,1,/mnt/raid0/AstroImaging/Preselected/Flaming Star Nebula (IC405) started 4th February 2022/DarkFlats/Lum/2022-02-05_11-41-00_Lum_-10.00_0.09s_0043.fits,,,,,,,,,,,,,,,,,,,
True,16,2,9576,6388,True,32768,DARKFLAT,0.09,0.09,2022-02-05T11:41:08.241,2022-02-05T11:41:08.241,1,1,0,10,0.779999971389771,3.76,3.76,ZWO ASI6200MM Pro,-10.0,-10.0,40,NP101is,540.0,5.4,Starlight Xpress Fil,Lum,FlatWizard,,,,,,,TOP-DOWN,2000.0,N.I.N.A. 2.0.0.2043,2022-02-05_11-41-08_Lum_-10.00_0.09s_0044.fits,1,/mnt/raid0/AstroImaging/Preselected/Flaming Star Nebula (IC405) started 4th February 2022/DarkFlats/Lum/2022-02-05_11-41-08_Lum_-10.00_0.09s_0044.fits,,,,,,,,,,,,,,,,,,,
True,16,2,9576,6388,True,32768,DARKFLAT,0.09,0.09,2022-02-05T11:41:15.669,2022-02-05T11:41:15.669,1,1,0,10,0.779999971389771,3.76,3.76,ZWO ASI6200MM Pro,-10.0,-10.0,40,NP101is,540.0,5.4,Starlight Xpress Fil,Lum,FlatWizard,,,,,,,TOP-DOWN,2000.0,N.I.N.A. 2.0.0.2043,2022-02-05_11-41-15_Lum_-10.00_0.09s_0045.fits,1,/mnt/raid0/AstroImaging/Preselected/Flaming Star Nebula (IC405) started 4th February 2022/DarkFlats/Lum/2022-02-05_11-41-15_Lum_-10.00_0.09s_0045.fits,,,,,,,,,,,,,,,,,,,
True,16,2,9576,6388,True,32768,DARKFLAT,0.09,0.09,2022-02-05T11:41:23.098,2022-02-05T11:41:23.098,1,1,0,10,0.779999971389771,3.76,3.76,ZWO ASI6200MM Pro,-10.0,-10.0,40,NP101is,540.0,5.4,Starlight Xpress Fil,Lum,FlatWizard,,,,,,,TOP-DOWN,2000.0,N.I.N.A. 2.0.0.2043,2022-02-05_11-41-23_Lum_-10.00_0.09s_0046.fits,1,/mnt/raid0/AstroImaging/Preselected/Flaming Star Nebula (IC405) started 4th February 2022/DarkFlats/Lum/2022-02-05_11-41-23_Lum_-10.00_0.09s_0046.fits,,,,,,,,,,,,,,,,,,,
True,16,2,9576,6388,True,32768,DARKFLAT,0.09,0.09,2022-02-05T11:41:30.588,2022-02-05T11:41:30.588,1,1,0,10,0.779999971389771,3.76,3.76,ZWO ASI6200MM Pro,-10.0,-10.0,40,NP101is,540.0,5.4,Starlight Xpress Fil,Lum,FlatWizard,,,,,,,TOP-DOWN,2000.0,N.I.N.A. 2.0.0.2043,2022-02-05_11-41-30_Lum_-10.00_0.09s_0047.fits,1,/mnt/raid0/AstroImaging/Preselected/Flaming Star Nebula (IC405) started 4th February 2022/DarkFlats/Lum/2022-02-05_11-41-30_Lum_-10.00_0.09s_0047.fits,,,,,,,,,,,,,,,,,,,
True,16,2,9576,6388,True,32768,DARKFLAT,0.09,0.09,2022-02-05T11:41:38.500,2022-02-05T11:41:38.500,1,1,0,10,0.779999971389771,3.76,3.76,ZWO ASI6200MM Pro,-10.0,-10.0,40,NP101is,540.0,5.4,Starlight Xpress Fil,Lum,FlatWizard,,,,,,,TOP-DOWN,2000.0,N.I.N.A. 2.0.0.2043,2022-02-05_11-41-38_Lum_-10.00_0.09s_0048.fits,1,/mnt/raid0/AstroImaging/Preselected/Flaming Star Nebula (IC405) started 4th February 2022/DarkFlats/Lum/2022-02-05_11-41-38_Lum_-10.00_0.09s_0048.fits,,,,,,,,,,,,,,,,,,,
True,16,2,9576,6388,True,32768,DARKFLAT,0.09,0.09,2022-02-05T11:41:45.911,2022-02-05T11:41:45.911,1,1,0,10,0.779999971389771,3.76,3.76,ZWO ASI6200MM Pro,-10.0,-10.0,40,NP101is,540.0,5.4,Starlight Xpress Fil,Lum,FlatWizard,,,,,,,TOP-DOWN,2000.0,N.I.N.A. 2.0.0.2043,2022-02-05_11-41-45_Lum_-10.00_0.09s_0049.fits,1,/mnt/raid0/AstroImaging/Preselected/Flaming Star Nebula (IC405) started 4th February 2022/DarkFlats/Lum/2022-02-05_11-41-45_Lum_-10.00_0.09s_0049.fits,,,,,,,,,,,,,,,,,,,
True,16,2,9576,6388,True,32768,DARKFLAT,0.08,0.08,2022-02-24T11:27:11.185,2022-02-24T11:27:11.185,1,1,100,10,0.246657639741898,3.76,3.76,ZWO ASI6200MM Pro,-10.0,-10.0,40,NP101is,540.0,5.4,Starlight Xpress Fil,Red,FlatWizard,FocusLynx Focuser 1,9689.0,9689.0,13.404,7.8,7.8,TOP-DOWN,2000.0,N.I.N.A. 2.0.0.2048,2022-02-24_11-27-11_Red_-10.00_0.08s_0000.fits,1,/mnt/raid0/AstroImaging/Preselected/Flaming Star Nebula (IC405) started 4th February 2022/DarkFlats/Red/2022-02-24_11-27-11_Red_-10.00_0.08s_0000.fits,,,,,,,,,,,,,,,,,,,
True,16,2,9576,6388,True,32768,DARKFLAT,0.08,0.08,2022-02-24T11:27:13.013,2022-02-24T11:27:13.013,1,1,100,10,0.246657639741898,3.76,3.76,ZWO ASI6200MM Pro,-10.0,-10.0,40,NP101is,540.0,5.4,Starlight Xpress Fil,Red,FlatWizard,FocusLynx Focuser 1,9689.0,9689.0,13.404,7.8,7.8,TOP-DOWN,2000.0,N.I.N.A. 2.0.0.2048,2022-02-24_11-27-13_Red_-10.00_0.08s_0001.fits,1,/mnt/raid0/AstroImaging/Preselected/Flaming Star Nebula (IC405) started 4th February 2022/DarkFlats/Red/2022-02-24_11-27-13_Red_-10.00_0.08s_0001.fits,,,,,,,,,,,,,,,,,,,
True,16,2,9576,6388,True,32768,DARKFLAT,0.08,0.08,2022-02-24T11:27:18.740,2022-02-24T11:27:18.740,1,1,100,10,0.246657639741898,3.76,3.76,ZWO ASI6200MM Pro,-10.0,-10.0,40,NP101is,540.0,5.4,Starlight Xpress Fil,Red,FlatWizard,FocusLynx Focuser 1,9689.0,9689.0,13.404,7.8,7.8,TOP-DOWN,2000.0,N.I.N.A. 2.0.0.2048,2022-02-24_11-27-18_Red_-10.00_0.08s_0002.fits,1,/mnt/raid0/AstroImaging/Preselected/Flaming Star Nebula (IC405) started 4th February 2022/DarkFlats/Red/2022-02-24_11-27-18_Red_-10.00_0.08s_0002.fits,,,,,,,,,,,,,,,,,,,
True,16,2,9576,6388,True,32768,DARKFLAT,0.08,0.08,2022-02-24T11:27:23.888,2022-02-24T11:27:23.888,1,1,100,10,0.246657639741898,3.76,3.76,ZWO ASI6200MM Pro,-10.0,-10.0,40,NP101is,540.0,5.4,Starlight Xpress Fil,Red,FlatWizard,FocusLynx Focuser 1,9689.0,9689.0,13.404,7.8,7.8,TOP-DOWN,2000.0,N.I.N.A. 2.0.0.2048,2022-02-24_11-27-23_Red_-10.00_0.08s_0003.fits,1,/mnt/raid0/AstroImaging/Preselected/Flaming Star Nebula (IC405) started 4th February 2022/DarkFlats/Red/2022-02-24_11-27-23_Red_-10.00_0.08s_0003.fits,,,,,,,,,,,,,,,,,,,
True,16,2,9576,6388,True,32768,DARKFLAT,0.08,0.08,2022-02-24T11:27:29.637,2022-02-24T11:27:29.637,1,1,100,10,0.246657639741898,3.76,3.76,ZWO ASI6200MM Pro,-10.0,-10.0,40,NP101is,540.0,5.4,Starlight Xpress Fil,Red,FlatWizard,FocusLynx Focuser 1,9689.0,9689.0,13.404,7.8,7.8,TOP-DOWN,2000.0,N.I.N.A. 2.0.0.2048,2022-02-24_11-27-29_Red_-10.00_0.08s_0004.fits,1,/mnt/raid0/AstroImaging/Preselected/Flaming Star Nebula (IC405) started 4th February 2022/DarkFlats/Red/2022-02-24_11-27-29_Red_-10.00_0.08s_0004.fits,,,,,,,,,,,,,,,,,,,
True,16,2,9576,6388,True,32768,DARKFLAT,0.08,0.08,2022-02-24T11:27:34.741,2022-02-24T11:27:34.741,1,1,100,10,0.246657639741898,3.76,3.76,ZWO ASI6200MM Pro,-10.0,-10.0,40,NP101is,540.0,5.4,Starlight Xpress Fil,Red,FlatWizard,FocusLynx Focuser 1,9687.0,9687.0,13.404,7.8,7.8,TOP-DOWN,2000.0,N.I.N.A. 2.0.0.2048,2022-02-24_11-27-34_Red_-10.00_0.08s_0005.fits,1,/mnt/raid0/AstroImaging/Preselected/Flaming Star Nebula (IC405) started 4th February 2022/DarkFlats/Red/2022-02-24_11-27-34_Red_-10.00_0.08s_0005.fits,,,,,,,,,,,,,,,,,,,
True,16,2,9576,6388,True,32768,DARKFLAT,0.08,0.08,2022-02-24T11:27:40.498,2022-02-24T11:27:40.498,1,1,100,10,0.246657639741898,3.76,3.76,ZWO ASI6200MM Pro,-10.0,-10.0,40,NP101is,540.0,5.4,Starlight Xpress Fil,Red,FlatWizard,FocusLynx Focuser 1,9687.0,9687.0,13.404,7.8,7.8,TOP-DOWN,2000.0,N.I.N.A. 2.0.0.2048,2022-02-24_11-27-40_Red_-10.00_0.08s_0006.fits,1,/mnt/raid0/AstroImaging/Preselected/Flaming Star Nebula (IC405) started 4th February 2022/DarkFlats/Red/2022-02-24_11-27-40_Red_-10.00_0.08s_0006.fits,,,,,,,,,,,,,,,,,,,
True,16,2,9576,6388,True,32768,DARKFLAT,0.08,0.08,2022-02-24T11:27:47.688,2022-02-24T11:27:47.688,1,1,100,10,0.246657639741898,3.76,3.76,ZWO ASI6200MM Pro,-10.0,-10.0,40,NP101is,540.0,5.4,Starlight Xpress Fil,Red,FlatWizard,FocusLynx Focuser 1,9689.0,9689.0,13.404,7.8,7.8,TOP-DOWN,2000.0,N.I.N.A. 2.0.0.2048,2022-02-24_11-27-47_Red_-10.00_0.08s_0007.fits,1,/mnt/raid0/AstroImaging/Preselected/Flaming Star Nebula (IC405) started 4th February 2022/DarkFlats/Red/2022-02-24_11-27-47_Red_-10.00_0.08s_0007.fits,,,,,,,,,,,,,,,,,,,
True,16,2,9576,6388,True,32768,DARKFLAT,0.08,0.08,2022-02-24T11:27:51.712,2022-02-24T11:27:51.712,1,1,100,10,0.246657639741898,3.76,3.76,ZWO ASI6200MM Pro,-10.0,-10.0,40,NP101is,540.0,5.4,Starlight Xpress Fil,Red,FlatWizard,FocusLynx Focuser 1,9689.0,9689.0,13.404,7.8,7.8,TOP-DOWN,2000.0,N.I.N.A. 2.0.0.2048,2022-02-24_11-27-51_Red_-10.00_0.08s_0008.fits,1,/mnt/raid0/AstroImaging/Preselected/Flaming Star Nebula (IC405) started 4th February 2022/DarkFlats/Red/2022-02-24_11-27-51_Red_-10.00_0.08s_0008.fits,,,,,,,,,,,,,,,,,,,
True,16,2,9576,6388,True,32768,DARKFLAT,0.08,0.08,2022-02-24T11:27:58.179,2022-02-24T11:27:58.179,1,1,100,10,0.246657639741898,3.76,3.76,ZWO ASI6200MM Pro,-10.0,-10.0,40,NP101is,540.0,5.4,Starlight Xpress Fil,Red,FlatWizard,FocusLynx Focuser 1,9687.0,9687.0,13.404,7.8,7.8,TOP-DOWN,2000.0,N.I.N.A. 2.0.0.2048,2022-02-24_11-27-58_Red_-10.00_0.08s_0009.fits,1,/mnt/raid0/AstroImaging/Preselected/Flaming Star Nebula (IC405) started 4th February 2022/DarkFlats/Red/2022-02-24_11-27-58_Red_-10.00_0.08s_0009.fits,,,,,,,,,,,,,,,,,,,
True,16,2,9576,6388,True,32768,DARKFLAT,0.08,0.08,2022-02-24T11:28:02.284,2022-02-24T11:28:02.284,1,1,100,10,0.246657639741898,3.76,3.76,ZWO ASI6200MM Pro,-10.0,-10.0,40,NP101is,540.0,5.4,Starlight Xpress Fil,Red,FlatWizard,FocusLynx Focuser 1,9688.0,9688.0,13.404,7.8,7.8,TOP-DOWN,2000.0,N.I.N.A. 2.0.0.2048,2022-02-24_11-28-02_Red_-10.00_0.08s_0010.fits,1,/mnt/raid0/AstroImaging/Preselected/Flaming Star Nebula (IC405) started 4th February 2022/DarkFlats/Red/2022-02-24_11-28-02_Red_-10.00_0.08s_0010.fits,,,,,,,,,,,,,,,,,,,
True,16,2,9576,6388,True,32768,DARKFLAT,0.08,0.08,2022-02-24T11:28:08.199,2022-02-24T11:28:08.199,1,1,100,10,0.246657639741898,3.76,3.76,ZWO ASI6200MM Pro,-10.0,-10.0,40,NP101is,540.0,5.4,Starlight Xpress Fil,Red,FlatWizard,FocusLynx Focuser 1,9687.0,9687.0,13.404,7.9,7.9,TOP-DOWN,2000.0,N.I.N.A. 2.0.0.2048,2022-02-24_11-28-08_Red_-10.00_0.08s_0011.fits,1,/mnt/raid0/AstroImaging/Preselected/Flaming Star Nebula (IC405) started 4th February 2022/DarkFlats/Red/2022-02-24_11-28-08_Red_-10.00_0.08s_0011.fits,,,,,,,,,,,,,,,,,,,
True,16,2,9576,6388,True,32768,DARKFLAT,0.08,0.08,2022-02-24T11:28:12.062,2022-02-24T11:28:12.062,1,1,100,10,0.246657639741898,3.76,3.76,ZWO ASI6200MM Pro,-10.0,-10.0,40,NP101is,540.0,5.4,Starlight Xpress Fil,Red,FlatWizard,FocusLynx Focuser 1,9687.0,9687.0,13.404,7.8,7.8,TOP-DOWN,2000.0,N.I.N.A. 2.0.0.2048,2022-02-24_11-28-12_Red_-10.00_0.08s_0012.fits,1,/mnt/raid0/AstroImaging/Preselected/Flaming Star Nebula (IC405) started 4th February 2022/DarkFlats/Red/2022-02-24_11-28-12_Red_-10.00_0.08s_0012.fits,,,,,,,,,,,,,,,,,,,
True,16,2,9576,6388,True,32768,DARKFLAT,0.08,0.08,2022-02-24T11:28:17.921,2022-02-24T11:28:17.921,1,1,100,10,0.246657639741898,3.76,3.76,ZWO ASI6200MM Pro,-10.0,-9.9,40,NP101is,540.0,5.4,Starlight Xpress Fil,Red,FlatWizard,FocusLynx Focuser 1,9687.0,9687.0,13.404,7.9,7.9,TOP-DOWN,2000.0,N.I.N.A. 2.0.0.2048,2022-02-24_11-28-17_Red_-9.90_0.08s_0013.fits,1,/mnt/raid0/AstroImaging/Preselected/Flaming Star Nebula (IC405) started 4th February 2022/DarkFlats/Red/2022-02-24_11-28-17_Red_-9.90_0.08s_0013.fits,,,,,,,,,,,,,,,,,,,
True,16,2,9576,6388,True,32768,DARKFLAT,0.08,0.08,2022-02-24T11:28:22.976,2022-02-24T11:28:22.976,1,1,100,10,0.246657639741898,3.76,3.76,ZWO ASI6200MM Pro,-10.0,-9.9,40,NP101is,540.0,5.4,Starlight Xpress Fil,Red,FlatWizard,FocusLynx Focuser 1,9686.0,9686.0,13.404,7.9,7.9,TOP-DOWN,2000.0,N.I.N.A. 2.0.0.2048,2022-02-24_11-28-22_Red_-9.90_0.08s_0014.fits,1,/mnt/raid0/AstroImaging/Preselected/Flaming Star Nebula (IC405) started 4th February 2022/DarkFlats/Red/2022-02-24_11-28-22_Red_-9.90_0.08s_0014.fits,,,,,,,,,,,,,,,,,,,
True,16,2,9576,6388,True,32768,DARKFLAT,0.08,0.08,2022-02-24T11:28:28.500,2022-02-24T11:28:28.500,1,1,100,10,0.246657639741898,3.76,3.76,ZWO ASI6200MM Pro,-10.0,-9.9,40,NP101is,540.0,5.4,Starlight Xpress Fil,Red,FlatWizard,FocusLynx Focuser 1,9688.0,9688.0,13.404,7.8,7.8,TOP-DOWN,2000.0,N.I.N.A. 2.0.0.2048,2022-02-24_11-28-28_Red_-9.90_0.08s_0015.fits,1,/mnt/raid0/AstroImaging/Preselected/Flaming Star Nebula (IC405) started 4th February 2022/DarkFlats/Red/2022-02-24_11-28-28_Red_-9.90_0.08s_0015.fits,,,,,,,,,,,,,,,,,,,
True,16,2,9576,6388,True,32768,DARKFLAT,0.08,0.08,2022-02-24T11:28:33.566,2022-02-24T11:28:33.566,1,1,100,10,0.246657639741898,3.76,3.76,ZWO ASI6200MM Pro,-10.0,-10.0,40,NP101is,540.0,5.4,Starlight Xpress Fil,Red,FlatWizard,FocusLynx Focuser 1,9688.0,9688.0,13.404,7.8,7.8,TOP-DOWN,2000.0,N.I.N.A. 2.0.0.2048,2022-02-24_11-28-33_Red_-10.00_0.08s_0016.fits,1,/mnt/raid0/AstroImaging/Preselected/Flaming Star Nebula (IC405) started 4th February 2022/DarkFlats/Red/2022-02-24_11-28-33_Red_-10.00_0.08s_0016.fits,,,,,,,,,,,,,,,,,,,
True,16,2,9576,6388,True,32768,DARKFLAT,0.08,0.08,2022-02-24T11:28:39.845,2022-02-24T11:28:39.845,1,1,100,10,0.246657639741898,3.76,3.76,ZWO ASI6200MM Pro,-10.0,-10.0,40,NP101is,540.0,5.4,Starlight Xpress Fil,Red,FlatWizard,FocusLynx Focuser 1,9686.0,9686.0,13.404,7.9,7.9,TOP-DOWN,2000.0,N.I.N.A. 2.0.0.2048,2022-02-24_11-28-39_Red_-10.00_0.08s_0017.fits,1,/mnt/raid0/AstroImaging/Preselected/Flaming Star Nebula (IC405) started 4th February 2022/DarkFlats/Red/2022-02-24_11-28-39_Red_-10.00_0.08s_0017.fits,,,,,,,,,,,,,,,,,,,
True,16,2,9576,6388,True,32768,DARKFLAT,0.08,0.08,2022-02-24T11:28:44.984,2022-02-24T11:28:44.984,1,1,100,10,0.246657639741898,3.76,3.76,ZWO ASI6200MM Pro,-10.0,-10.0,40,NP101is,540.0,5.4,Starlight Xpress Fil,Red,FlatWizard,FocusLynx Focuser 1,9683.0,9683.0,13.404,7.9,7.9,TOP-DOWN,2000.0,N.I.N.A. 2.0.0.2048,2022-02-24_11-28-44_Red_-10.00_0.08s_0018.fits,1,/mnt/raid0/AstroImaging/Preselected/Flaming Star Nebula (IC405) started 4th February 2022/DarkFlats/Red/2022-02-24_11-28-44_Red_-10.00_0.08s_0018.fits,,,,,,,,,,,,,,,,,,,
True,16,2,9576,6388,True,32768,DARKFLAT,0.08,0.08,2022-02-24T11:28:50.554,2022-02-24T11:28:50.554,1,1,100,10,0.246657639741898,3.76,3.76,ZWO ASI6200MM Pro,-10.0,-10.0,40,NP101is,540.0,5.4,Starlight Xpress Fil,Red,FlatWizard,FocusLynx Focuser 1,9683.0,9683.0,13.404,7.8,7.8,TOP-DOWN,2000.0,N.I.N.A. 2.0.0.2048,2022-02-24_11-28-50_Red_-10.00_0.08s_0019.fits,1,/mnt/raid0/AstroImaging/Preselected/Flaming Star Nebula (IC405) started 4th February 2022/DarkFlats/Red/2022-02-24_11-28-50_Red_-10.00_0.08s_0019.fits,,,,,,,,,,,,,,,,,,,
True,16,2,9576,6388,True,32768,DARKFLAT,0.08,0.08,2022-02-24T11:28:56.172,2022-02-24T11:28:56.172,1,1,100,10,0.246657639741898,3.76,3.76,ZWO ASI6200MM Pro,-10.0,-10.0,40,NP101is,540.0,5.4,Starlight Xpress Fil,Red,FlatWizard,FocusLynx Focuser 1,9687.0,9687.0,13.404,7.8,7.8,TOP-DOWN,2000.0,N.I.N.A. 2.0.0.2048,2022-02-24_11-28-56_Red_-10.00_0.08s_0020.fits,1,/mnt/raid0/AstroImaging/Preselected/Flaming Star Nebula (IC405) started 4th February 2022/DarkFlats/Red/2022-02-24_11-28-56_Red_-10.00_0.08s_0020.fits,,,,,,,,,,,,,,,,,,,
True,16,2,9576,6388,True,32768,DARKFLAT,0.08,0.08,2022-02-24T11:29:00.240,2022-02-24T11:29:00.240,1,1,100,10,0.246657639741898,3.76,3.76,ZWO ASI6200MM Pro,-10.0,-10.0,40,NP101is,540.0,5.4,Starlight Xpress Fil,Red,FlatWizard,FocusLynx Focuser 1,9688.0,9688.0,13.404,7.9,7.9,TOP-DOWN,2000.0,N.I.N.A. 2.0.0.2048,2022-02-24_11-29-00_Red_-10.00_0.08s_0021.fits,1,/mnt/raid0/AstroImaging/Preselected/Flaming Star Nebula (IC405) started 4th February 2022/DarkFlats/Red/2022-02-24_11-29-00_Red_-10.00_0.08s_0021.fits,,,,,,,,,,,,,,,,,,,
True,16,2,9576,6388,True,32768,DARKFLAT,0.08,0.08,2022-02-24T11:29:06.052,2022-02-24T11:29:06.052,1,1,100,10,0.246657639741898,3.76,3.76,ZWO ASI6200MM Pro,-10.0,-10.0,40,NP101is,540.0,5.4,Starlight Xpress Fil,Red,FlatWizard,FocusLynx Focuser 1,9687.0,9687.0,13.404,7.9,7.9,TOP-DOWN,2000.0,N.I.N.A. 2.0.0.2048,2022-02-24_11-29-06_Red_-10.00_0.08s_0022.fits,1,/mnt/raid0/AstroImaging/Preselected/Flaming Star Nebula (IC405) started 4th February 2022/DarkFlats/Red/2022-02-24_11-29-06_Red_-10.00_0.08s_0022.fits,,,,,,,,,,,,,,,,,,,
True,16,2,9576,6388,True,32768,DARKFLAT,0.08,0.08,2022-02-24T11:29:11.405,2022-02-24T11:29:11.405,1,1,100,10,0.246657639741898,3.76,3.76,ZWO ASI6200MM Pro,-10.0,-10.0,40,NP101is,540.0,5.4,Starlight Xpress Fil,Red,FlatWizard,FocusLynx Focuser 1,9689.0,9689.0,13.404,7.9,7.9,TOP-DOWN,2000.0,N.I.N.A. 2.0.0.2048,2022-02-24_11-29-11_Red_-10.00_0.08s_0023.fits,1,/mnt/raid0/AstroImaging/Preselected/Flaming Star Nebula (IC405) started 4th February 2022/DarkFlats/Red/2022-02-24_11-29-11_Red_-10.00_0.08s_0023.fits,,,,,,,,,,,,,,,,,,,
True,16,2,9576,6388,True,32768,DARKFLAT,0.08,0.08,2022-02-24T11:29:17.384,2022-02-24T11:29:17.384,1,1,100,10,0.246657639741898,3.76,3.76,ZWO ASI6200MM Pro,-10.0,-10.0,40,NP101is,540.0,5.4,Starlight Xpress Fil,Red,FlatWizard,FocusLynx Focuser 1,9687.0,9687.0,13.404,7.9,7.9,TOP-DOWN,2000.0,N.I.N.A. 2.0.0.2048,2022-02-24_11-29-17_Red_-10.00_0.08s_0024.fits,1,/mnt/raid0/AstroImaging/Preselected/Flaming Star Nebula (IC405) started 4th February 2022/DarkFlats/Red/2022-02-24_11-29-17_Red_-10.00_0.08s_0024.fits,,,,,,,,,,,,,,,,,,,
True,16,2,9576,6388,True,32768,DARKFLAT,0.08,0.08,2022-02-24T11:29:23.156,2022-02-24T11:29:23.156,1,1,100,10,0.246657639741898,3.76,3.76,ZWO ASI6200MM Pro,-10.0,-10.0,40,NP101is,540.0,5.4,Starlight Xpress Fil,Red,FlatWizard,FocusLynx Focuser 1,9687.0,9687.0,13.404,7.9,7.9,TOP-DOWN,2000.0,N.I.N.A. 2.0.0.2048,2022-02-24_11-29-23_Red_-10.00_0.08s_0025.fits,1,/mnt/raid0/AstroImaging/Preselected/Flaming Star Nebula (IC405) started 4th February 2022/DarkFlats/Red/2022-02-24_11-29-23_Red_-10.00_0.08s_0025.fits,,,,,,,,,,,,,,,,,,,
True,16,2,9576,6388,True,32768,DARKFLAT,0.08,0.08,2022-02-24T11:29:28.542,2022-02-24T11:29:28.542,1,1,100,10,0.246657639741898,3.76,3.76,ZWO ASI6200MM Pro,-10.0,-10.0,40,NP101is,540.0,5.4,Starlight Xpress Fil,Red,FlatWizard,FocusLynx Focuser 1,9684.0,9684.0,13.404,7.8,7.8,TOP-DOWN,2000.0,N.I.N.A. 2.0.0.2048,2022-02-24_11-29-28_Red_-10.00_0.08s_0026.fits,1,/mnt/raid0/AstroImaging/Preselected/Flaming Star Nebula (IC405) started 4th February 2022/DarkFlats/Red/2022-02-24_11-29-28_Red_-10.00_0.08s_0026.fits,,,,,,,,,,,,,,,,,,,
True,16,2,9576,6388,True,32768,DARKFLAT,0.08,0.08,2022-02-24T11:29:34.174,2022-02-24T11:29:34.174,1,1,100,10,0.246657639741898,3.76,3.76,ZWO ASI6200MM Pro,-10.0,-10.0,40,NP101is,540.0,5.4,Starlight Xpress Fil,Red,FlatWizard,FocusLynx Focuser 1,9686.0,9686.0,13.404,7.8,7.8,TOP-DOWN,2000.0,N.I.N.A. 2.0.0.2048,2022-02-24_11-29-34_Red_-10.00_0.08s_0027.fits,1,/mnt/raid0/AstroImaging/Preselected/Flaming Star Nebula (IC405) started 4th February 2022/DarkFlats/Red/2022-02-24_11-29-34_Red_-10.00_0.08s_0027.fits,,,,,,,,,,,,,,,,,,,
True,16,2,9576,6388,True,32768,DARKFLAT,0.08,0.08,2022-02-24T11:29:38.074,2022-02-24T11:29:38.074,1,1,100,10,0.246657639741898,3.76,3.76,ZWO ASI6200MM Pro,-10.0,-10.0,40,NP101is,540.0,5.4,Starlight Xpress Fil,Red,FlatWizard,FocusLynx Focuser 1,9688.0,9688.0,13.404,7.9,7.9,TOP-DOWN,2000.0,N.I.N.A. 2.0.0.2048,2022-02-24_11-29-38_Red_-10.00_0.08s_0028.fits,1,/mnt/raid0/AstroImaging/Preselected/Flaming Star Nebula (IC405) started 4th February 2022/DarkFlats/Red/2022-02-24_11-29-38_Red_-10.00_0.08s_0028.fits,,,,,,,,,,,,,,,,,,,
True,16,2,9576,6388,True,32768,DARKFLAT,0.08,0.08,2022-02-24T11:29:43.892,2022-02-24T11:29:43.892,1,1,100,10,0.246657639741898,3.76,3.76,ZWO ASI6200MM Pro,-10.0,-10.0,40,NP101is,540.0,5.4,Starlight Xpress Fil,Red,FlatWizard,FocusLynx Focuser 1,9688.0,9688.0,13.404,7.8,7.8,TOP-DOWN,2000.0,N.I.N.A. 2.0.0.2048,2022-02-24_11-29-43_Red_-10.00_0.08s_0029.fits,1,/mnt/raid0/AstroImaging/Preselected/Flaming Star Nebula (IC405) started 4th February 2022/DarkFlats/Red/2022-02-24_11-29-43_Red_-10.00_0.08s_0029.fits,,,,,,,,,,,,,,,,,,,
True,16,2,9576,6388,True,32768,DARKFLAT,0.08,0.08,2022-02-24T11:29:50.345,2022-02-24T11:29:50.345,1,1,100,10,0.246657639741898,3.76,3.76,ZWO ASI6200MM Pro,-10.0,-10.0,40,NP101is,540.0,5.4,Starlight Xpress Fil,Red,FlatWizard,FocusLynx Focuser 1,9687.0,9687.0,13.404,7.9,7.9,TOP-DOWN,2000.0,N.I.N.A. 2.0.0.2048,2022-02-24_11-29-50_Red_-10.00_0.08s_0030.fits,1,/mnt/raid0/AstroImaging/Preselected/Flaming Star Nebula (IC405) started 4th February 2022/DarkFlats/Red/2022-02-24_11-29-50_Red_-10.00_0.08s_0030.fits,,,,,,,,,,,,,,,,,,,
True,16,2,9576,6388,True,32768,DARKFLAT,0.08,0.08,2022-02-24T11:29:55.028,2022-02-24T11:29:55.028,1,1,100,10,0.246657639741898,3.76,3.76,ZWO ASI6200MM Pro,-10.0,-10.0,40,NP101is,540.0,5.4,Starlight Xpress Fil,Red,FlatWizard,FocusLynx Focuser 1,9689.0,9689.0,13.404,7.8,7.8,TOP-DOWN,2000.0,N.I.N.A. 2.0.0.2048,2022-02-24_11-29-55_Red_-10.00_0.08s_0031.fits,1,/mnt/raid0/AstroImaging/Preselected/Flaming Star Nebula (IC405) started 4th February 2022/DarkFlats/Red/2022-02-24_11-29-55_Red_-10.00_0.08s_0031.fits,,,,,,,,,,,,,,,,,,,
True,16,2,9576,6388,True,32768,DARKFLAT,0.08,0.08,2022-02-24T11:30:00.740,2022-02-24T11:30:00.740,1,1,100,10,0.246657639741898,3.76,3.76,ZWO ASI6200MM Pro,-10.0,-9.9,40,NP101is,540.0,5.4,Starlight Xpress Fil,Red,FlatWizard,FocusLynx Focuser 1,9688.0,9688.0,13.404,7.9,7.9,TOP-DOWN,2000.0,N.I.N.A. 2.0.0.2048,2022-02-24_11-30-00_Red_-9.90_0.08s_0032.fits,1,/mnt/raid0/AstroImaging/Preselected/Flaming Star Nebula (IC405) started 4th February 2022/DarkFlats/Red/2022-02-24_11-30-00_Red_-9.90_0.08s_0032.fits,,,,,,,,,,,,,,,,,,,
True,16,2,9576,6388,True,32768,DARKFLAT,0.08,0.08,2022-02-24T11:30:06.460,2022-02-24T11:30:06.460,1,1,100,10,0.246657639741898,3.76,3.76,ZWO ASI6200MM Pro,-10.0,-9.9,40,NP101is,540.0,5.4,Starlight Xpress Fil,Red,FlatWizard,FocusLynx Focuser 1,9689.0,9689.0,13.404,7.8,7.8,TOP-DOWN,2000.0,N.I.N.A. 2.0.0.2048,2022-02-24_11-30-06_Red_-9.90_0.08s_0033.fits,1,/mnt/raid0/AstroImaging/Preselected/Flaming Star Nebula (IC405) started 4th February 2022/DarkFlats/Red/2022-02-24_11-30-06_Red_-9.90_0.08s_0033.fits,,,,,,,,,,,,,,,,,,,
True,16,2,9576,6388,True,32768,DARKFLAT,0.08,0.08,2022-02-24T11:30:15.874,2022-02-24T11:30:15.874,1,1,100,10,0.246657639741898,3.76,3.76,ZWO ASI6200MM Pro,-10.0,-10.0,40,NP101is,540.0,5.4,Starlight Xpress Fil,Red,FlatWizard,FocusLynx Focuser 1,9686.0,9686.0,13.404,7.9,7.9,TOP-DOWN,2000.0,N.I.N.A. 2.0.0.2048,2022-02-24_11-30-15_Red_-10.00_0.08s_0034.fits,1,/mnt/raid0/AstroImaging/Preselected/Flaming Star Nebula (IC405) started 4th February 2022/DarkFlats/Red/2022-02-24_11-30-15_Red_-10.00_0.08s_0034.fits,,,,,,,,,,,,,,,,,,,
True,16,2,9576,6388,True,32768,DARKFLAT,0.08,0.08,2022-02-24T11:30:22.285,2022-02-24T11:30:22.285,1,1,100,10,0.246657639741898,3.76,3.76,ZWO ASI6200MM Pro,-10.0,-10.0,40,NP101is,540.0,5.4,Starlight Xpress Fil,Red,FlatWizard,FocusLynx Focuser 1,9688.0,9688.0,13.404,7.9,7.9,TOP-DOWN,2000.0,N.I.N.A. 2.0.0.2048,2022-02-24_11-30-22_Red_-10.00_0.08s_0035.fits,1,/mnt/raid0/AstroImaging/Preselected/Flaming Star Nebula (IC405) started 4th February 2022/DarkFlats/Red/2022-02-24_11-30-22_Red_-10.00_0.08s_0035.fits,,,,,,,,,,,,,,,,,,,
True,16,2,9576,6388,True,32768,DARKFLAT,0.08,0.08,2022-02-24T11:30:26.196,2022-02-24T11:30:26.196,1,1,100,10,0.246657639741898,3.76,3.76,ZWO ASI6200MM Pro,-10.0,-10.0,40,NP101is,540.0,5.4,Starlight Xpress Fil,Red,FlatWizard,FocusLynx Focuser 1,9688.0,9688.0,13.404,7.9,7.9,TOP-DOWN,2000.0,N.I.N.A. 2.0.0.2048,2022-02-24_11-30-26_Red_-10.00_0.08s_0036.fits,1,/mnt/raid0/AstroImaging/Preselected/Flaming Star Nebula (IC405) started 4th February 2022/DarkFlats/Red/2022-02-24_11-30-26_Red_-10.00_0.08s_0036.fits,,,,,,,,,,,,,,,,,,,
True,16,2,9576,6388,True,32768,DARKFLAT,0.08,0.08,2022-02-24T11:30:31.777,2022-02-24T11:30:31.777,1,1,100,10,0.246657639741898,3.76,3.76,ZWO ASI6200MM Pro,-10.0,-10.0,40,NP101is,540.0,5.4,Starlight Xpress Fil,Red,FlatWizard,FocusLynx Focuser 1,9686.0,9686.0,13.404,7.8,7.8,TOP-DOWN,2000.0,N.I.N.A. 2.0.0.2048,2022-02-24_11-30-31_Red_-10.00_0.08s_0037.fits,1,/mnt/raid0/AstroImaging/Preselected/Flaming Star Nebula (IC405) started 4th February 2022/DarkFlats/Red/2022-02-24_11-30-31_Red_-10.00_0.08s_0037.fits,,,,,,,,,,,,,,,,,,,
True,16,2,9576,6388,True,32768,DARKFLAT,0.08,0.08,2022-02-24T11:30:37.338,2022-02-24T11:30:37.338,1,1,100,10,0.246657639741898,3.76,3.76,ZWO ASI6200MM Pro,-10.0,-10.0,40,NP101is,540.0,5.4,Starlight Xpress Fil,Red,FlatWizard,FocusLynx Focuser 1,9686.0,9686.0,13.404,7.9,7.9,TOP-DOWN,2000.0,N.I.N.A. 2.0.0.2048,2022-02-24_11-30-37_Red_-10.00_0.08s_0038.fits,1,/mnt/raid0/AstroImaging/Preselected/Flaming Star Nebula (IC405) started 4th February 2022/DarkFlats/Red/2022-02-24_11-30-37_Red_-10.00_0.08s_0038.fits,,,,,,,,,,,,,,,,,,,
True,16,2,9576,6388,True,32768,DARKFLAT,0.08,0.08,2022-02-24T11:30:43.074,2022-02-24T11:30:43.074,1,1,100,10,0.246657639741898,3.76,3.76,ZWO ASI6200MM Pro,-10.0,-10.0,40,NP101is,540.0,5.4,Starlight Xpress Fil,Red,FlatWizard,FocusLynx Focuser 1,9682.0,9682.0,13.404,7.9,7.9,TOP-DOWN,2000.0,N.I.N.A. 2.0.0.2048,2022-02-24_11-30-43_Red_-10.00_0.08s_0039.fits,1,/mnt/raid0/AstroImaging/Preselected/Flaming Star Nebula (IC405) started 4th February 2022/DarkFlats/Red/2022-02-24_11-30-43_Red_-10.00_0.08s_0039.fits,,,,,,,,,,,,,,,,,,,
True,16,2,9576,6388,True,32768,DARKFLAT,0.08,0.08,2022-02-24T11:30:48.796,2022-02-24T11:30:48.796,1,1,100,10,0.246657639741898,3.76,3.76,ZWO ASI6200MM Pro,-10.0,-10.0,40,NP101is,540.0,5.4,Starlight Xpress Fil,Red,FlatWizard,FocusLynx Focuser 1,9681.0,9681.0,13.404,7.9,7.9,TOP-DOWN,2000.0,N.I.N.A. 2.0.0.2048,2022-02-24_11-30-48_Red_-10.00_0.08s_0040.fits,1,/mnt/raid0/AstroImaging/Preselected/Flaming Star Nebula (IC405) started 4th February 2022/DarkFlats/Red/2022-02-24_11-30-48_Red_-10.00_0.08s_0040.fits,,,,,,,,,,,,,,,,,,,
True,16,2,9576,6388,True,32768,DARKFLAT,0.08,0.08,2022-02-24T11:30:54.409,2022-02-24T11:30:54.409,1,1,100,10,0.246657639741898,3.76,3.76,ZWO ASI6200MM Pro,-10.0,-10.0,40,NP101is,540.0,5.4,Starlight Xpress Fil,Red,FlatWizard,FocusLynx Focuser 1,9681.0,9681.0,13.404,7.9,7.9,TOP-DOWN,2000.0,N.I.N.A. 2.0.0.2048,2022-02-24_11-30-54_Red_-10.00_0.08s_0041.fits,1,/mnt/raid0/AstroImaging/Preselected/Flaming Star Nebula (IC405) started 4th February 2022/DarkFlats/Red/2022-02-24_11-30-54_Red_-10.00_0.08s_0041.fits,,,,,,,,,,,,,,,,,,,
True,16,2,9576,6388,True,32768,DARKFLAT,0.08,0.08,2022-02-24T11:30:58.837,2022-02-24T11:30:58.837,1,1,100,10,0.246657639741898,3.76,3.76,ZWO ASI6200MM Pro,-10.0,-10.0,40,NP101is,540.0,5.4,Starlight Xpress Fil,Red,FlatWizard,FocusLynx Focuser 1,9681.0,9681.0,13.404,7.9,7.9,TOP-DOWN,2000.0,N.I.N.A. 2.0.0.2048,2022-02-24_11-30-58_Red_-10.00_0.08s_0042.fits,1,/mnt/raid0/AstroImaging/Preselected/Flaming Star Nebula (IC405) started 4th February 2022/DarkFlats/Red/2022-02-24_11-30-58_Red_-10.00_0.08s_0042.fits,,,,,,,,,,,,,,,,,,,
True,16,2,9576,6388,True,32768,DARKFLAT,0.08,0.08,2022-02-24T11:31:03.924,2022-02-24T11:31:03.924,1,1,100,10,0.246657639741898,3.76,3.76,ZWO ASI6200MM Pro,-10.0,-10.0,40,NP101is,540.0,5.4,Starlight Xpress Fil,Red,FlatWizard,FocusLynx Focuser 1,9681.0,9681.0,13.404,7.9,7.9,TOP-DOWN,2000.0,N.I.N.A. 2.0.0.2048,2022-02-24_11-31-03_Red_-10.00_0.08s_0043.fits,1,/mnt/raid0/AstroImaging/Preselected/Flaming Star Nebula (IC405) started 4th February 2022/DarkFlats/Red/2022-02-24_11-31-03_Red_-10.00_0.08s_0043.fits,,,,,,,,,,,,,,,,,,,
True,16,2,9576,6388,True,32768,DARKFLAT,0.08,0.08,2022-02-24T11:31:09.690,2022-02-24T11:31:09.690,1,1,100,10,0.246657639741898,3.76,3.76,ZWO ASI6200MM Pro,-10.0,-10.0,40,NP101is,540.0,5.4,Starlight Xpress Fil,Red,FlatWizard,FocusLynx Focuser 1,9683.0,9683.0,13.404,7.8,7.8,TOP-DOWN,2000.0,N.I.N.A. 2.0.0.2048,2022-02-24_11-31-09_Red_-10.00_0.08s_0044.fits,1,/mnt/raid0/AstroImaging/Preselected/Flaming Star Nebula (IC405) started 4th February 2022/DarkFlats/Red/2022-02-24_11-31-09_Red_-10.00_0.08s_0044.fits,,,,,,,,,,,,,,,,,,,
True,16,2,9576,6388,True,32768,DARKFLAT,0.08,0.08,2022-02-24T11:31:15.191,2022-02-24T11:31:15.191,1,1,100,10,0.246657639741898,3.76,3.76,ZWO ASI6200MM Pro,-10.0,-10.0,40,NP101is,540.0,5.4,Starlight Xpress Fil,Red,FlatWizard,FocusLynx Focuser 1,9683.0,9683.0,13.404,7.9,7.9,TOP-DOWN,2000.0,N.I.N.A. 2.0.0.2048,2022-02-24_11-31-15_Red_-10.00_0.08s_0045.fits,1,/mnt/raid0/AstroImaging/Preselected/Flaming Star Nebula (IC405) started 4th February 2022/DarkFlats/Red/2022-02-24_11-31-15_Red_-10.00_0.08s_0045.fits,,,,,,,,,,,,,,,,,,,
True,16,2,9576,6388,True,32768,DARKFLAT,0.08,0.08,2022-02-24T11:31:20.707,2022-02-24T11:31:20.707,1,1,100,10,0.246657639741898,3.76,3.76,ZWO ASI6200MM Pro,-10.0,-10.0,40,NP101is,540.0,5.4,Starlight Xpress Fil,Red,FlatWizard,FocusLynx Focuser 1,9681.0,9681.0,13.404,7.9,7.9,TOP-DOWN,2000.0,N.I.N.A. 2.0.0.2048,2022-02-24_11-31-20_Red_-10.00_0.08s_0046.fits,1,/mnt/raid0/AstroImaging/Preselected/Flaming Star Nebula (IC405) started 4th February 2022/DarkFlats/Red/2022-02-24_11-31-20_Red_-10.00_0.08s_0046.fits,,,,,,,,,,,,,,,,,,,
True,16,2,9576,6388,True,32768,DARKFLAT,0.08,0.08,2022-02-24T11:31:26.261,2022-02-24T11:31:26.261,1,1,100,10,0.246657639741898,3.76,3.76,ZWO ASI6200MM Pro,-10.0,-10.0,40,NP101is,540.0,5.4,Starlight Xpress Fil,Red,FlatWizard,FocusLynx Focuser 1,9681.0,9681.0,13.404,7.9,7.9,TOP-DOWN,2000.0,N.I.N.A. 2.0.0.2048,2022-02-24_11-31-26_Red_-10.00_0.08s_0047.fits,1,/mnt/raid0/AstroImaging/Preselected/Flaming Star Nebula (IC405) started 4th February 2022/DarkFlats/Red/2022-02-24_11-31-26_Red_-10.00_0.08s_0047.fits,,,,,,,,,,,,,,,,,,,
True,16,2,9576,6388,True,32768,DARKFLAT,0.08,0.08,2022-02-24T11:31:31.744,2022-02-24T11:31:31.744,1,1,100,10,0.246657639741898,3.76,3.76,ZWO ASI6200MM Pro,-10.0,-9.9,40,NP101is,540.0,5.4,Starlight Xpress Fil,Red,FlatWizard,FocusLynx Focuser 1,9683.0,9683.0,13.404,7.9,7.9,TOP-DOWN,2000.0,N.I.N.A. 2.0.0.2048,2022-02-24_11-31-31_Red_-9.90_0.08s_0048.fits,1,/mnt/raid0/AstroImaging/Preselected/Flaming Star Nebula (IC405) started 4th February 2022/DarkFlats/Red/2022-02-24_11-31-31_Red_-9.90_0.08s_0048.fits,,,,,,,,,,,,,,,,,,,
True,16,2,9576,6388,True,32768,DARKFLAT,0.08,0.08,2022-02-24T11:31:42.431,2022-02-24T11:31:42.431,1,1,100,10,0.246657639741898,3.76,3.76,ZWO ASI6200MM Pro,-10.0,-10.0,40,NP101is,540.0,5.4,Starlight Xpress Fil,Red,FlatWizard,FocusLynx Focuser 1,9681.0,9681.0,13.404,7.9,7.9,TOP-DOWN,2000.0,N.I.N.A. 2.0.0.2048,2022-02-24_11-31-42_Red_-10.00_0.08s_0049.fits,1,/mnt/raid0/AstroImaging/Preselected/Flaming Star Nebula (IC405) started 4th February 2022/DarkFlats/Red/2022-02-24_11-31-42_Red_-10.00_0.08s_0049.fits,,,,,,,,,,,,,,,,,,,
True,16,2,9576,6388,True,32768,FLAT,0.27,0.27,2022-03-02T11:20:58.612,2022-03-02T11:20:58.612,1,1,0,10,0.779999971389771,3.76,3.76,ZWO ASI6200MM Pro,-10.0,-9.8,40,NP101is,540.0,5.4,Starlight Xpress Fil,Lum,FlatWizard,,,,,,,TOP-DOWN,2000.0,N.I.N.A. 2.0.0.2048,2022-03-02_11-20-58_Lum_-9.80_0.27_0_10.fits,1,/mnt/raid0/AstroImaging/Preselected/Flaming Star Nebula (IC405) started 4th February 2022/Flats/2022-03-02_11-20-58_Lum_-9.80_0.27_0_10.fits,,,,,,,,,,,,,,,,,,,
True,16,2,9576,6388,True,32768,FLAT,0.27,0.27,2022-03-02T11:21:02.764,2022-03-02T11:21:02.764,1,1,0,10,0.779999971389771,3.76,3.76,ZWO ASI6200MM Pro,-10.0,-9.8,40,NP101is,540.0,5.4,Starlight Xpress Fil,Lum,FlatWizard,,,,,,,TOP-DOWN,2000.0,N.I.N.A. 2.0.0.2048,2022-03-02_11-21-02_Lum_-9.80_0.27_0_10.fits,1,/mnt/raid0/AstroImaging/Preselected/Flaming Star Nebula (IC405) started 4th February 2022/Flats/2022-03-02_11-21-02_Lum_-9.80_0.27_0_10.fits,,,,,,,,,,,,,,,,,,,
True,16,2,9576,6388,True,32768,FLAT,0.27,0.27,2022-03-02T11:21:08.865,2022-03-02T11:21:08.865,1,1,0,10,0.779999971389771,3.76,3.76,ZWO ASI6200MM Pro,-10.0,-9.7,40,NP101is,540.0,5.4,Starlight Xpress Fil,Lum,FlatWizard,,,,,,,TOP-DOWN,2000.0,N.I.N.A. 2.0.0.2048,2022-03-02_11-21-08_Lum_-9.70_0.27_0_10.fits,1,/mnt/raid0/AstroImaging/Preselected/Flaming Star Nebula (IC405) started 4th February 2022/Flats/2022-03-02_11-21-08_Lum_-9.70_0.27_0_10.fits,,,,,,,,,,,,,,,,,,,
True,16,2,9576,6388,True,32768,FLAT,0.27,0.27,2022-03-02T11:21:14.625,2022-03-02T11:21:14.625,1,1,0,10,0.779999971389771,3.76,3.76,ZWO ASI6200MM Pro,-10.0,-9.6,40,NP101is,540.0,5.4,Starlight Xpress Fil,Lum,FlatWizard,,,,,,,TOP-DOWN,2000.0,N.I.N.A. 2.0.0.2048,2022-03-02_11-21-14_Lum_-9.60_0.27_0_10.fits,1,/mnt/raid0/AstroImaging/Preselected/Flaming Star Nebula (IC405) started 4th February 2022/Flats/2022-03-02_11-21-14_Lum_-9.60_0.27_0_10.fits,,,,,,,,,,,,,,,,,,,
True,16,2,9576,6388,True,32768,FLAT,0.27,0.27,2022-03-02T11:21:19.274,2022-03-02T11:21:19.274,1,1,0,10,0.779999971389771,3.76,3.76,ZWO ASI6200MM Pro,-10.0,-9.6,40,NP101is,540.0,5.4,Starlight Xpress Fil,Lum,FlatWizard,,,,,,,TOP-DOWN,2000.0,N.I.N.A. 2.0.0.2048,2022-03-02_11-21-19_Lum_-9.60_0.27_0_10.fits,1,/mnt/raid0/AstroImaging/Preselected/Flaming Star Nebula (IC405) started 4th February 2022/Flats/2022-03-02_11-21-19_Lum_-9.60_0.27_0_10.fits,,,,,,,,,,,,,,,,,,,
True,16,2,9576,6388,True,32768,FLAT,0.27,0.27,2022-03-02T11:21:24.819,2022-03-02T11:21:24.819,1,1,0,10,0.779999971389771,3.76,3.76,ZWO ASI6200MM Pro,-10.0,-9.5,40,NP101is,540.0,5.4,Starlight Xpress Fil,Lum,FlatWizard,,,,,,,TOP-DOWN,2000.0,N.I.N.A. 2.0.0.2048,2022-03-02_11-21-24_Lum_-9.50_0.27_0_10.fits,1,/mnt/raid0/AstroImaging/Preselected/Flaming Star Nebula (IC405) started 4th February 2022/Flats/2022-03-02_11-21-24_Lum_-9.50_0.27_0_10.fits,,,,,,,,,,,,,,,,,,,
True,16,2,9576,6388,True,32768,FLAT,0.27,0.27,2022-03-02T11:21:30.228,2022-03-02T11:21:30.228,1,1,0,10,0.779999971389771,3.76,3.76,ZWO ASI6200MM Pro,-10.0,-9.5,40,NP101is,540.0,5.4,Starlight Xpress Fil,Lum,FlatWizard,,,,,,,TOP-DOWN,2000.0,N.I.N.A. 2.0.0.2048,2022-03-02_11-21-30_Lum_-9.50_0.27_0_10.fits,1,/mnt/raid0/AstroImaging/Preselected/Flaming Star Nebula (IC405) started 4th February 2022/Flats/2022-03-02_11-21-30_Lum_-9.50_0.27_0_10.fits,,,,,,,,,,,,,,,,,,,
True,16,2,9576,6388,True,32768,FLAT,0.27,0.27,2022-03-02T11:21:35.770,2022-03-02T11:21:35.770,1,1,0,10,0.779999971389771,3.76,3.76,ZWO ASI6200MM Pro,-10.0,-9.5,40,NP101is,540.0,5.4,Starlight Xpress Fil,Lum,FlatWizard,,,,,,,TOP-DOWN,2000.0,N.I.N.A. 2.0.0.2048,2022-03-02_11-21-35_Lum_-9.50_0.27_0_10.fits,1,/mnt/raid0/AstroImaging/Preselected/Flaming Star Nebula (IC405) started 4th February 2022/Flats/2022-03-02_11-21-35_Lum_-9.50_0.27_0_10.fits,,,,,,,,,,,,,,,,,,,
True,16,2,9576,6388,True,32768,FLAT,0.27,0.27,2022-03-02T11:21:41.263,2022-03-02T11:21:41.263,1,1,0,10,0.779999971389771,3.76,3.76,ZWO ASI6200MM Pro,-10.0,-9.4,40,NP101is,540.0,5.4,Starlight Xpress Fil,Lum,FlatWizard,,,,,,,TOP-DOWN,2000.0,N.I.N.A. 2.0.0.2048,2022-03-02_11-21-41_Lum_-9.40_0.27_0_10.fits,1,/mnt/raid0/AstroImaging/Preselected/Flaming Star Nebula (IC405) started 4th February 2022/Flats/2022-03-02_11-21-41_Lum_-9.40_0.27_0_10.fits,,,,,,,,,,,,,,,,,,,
True,16,2,9576,6388,True,32768,FLAT,0.27,0.27,2022-03-02T11:21:46.723,2022-03-02T11:21:46.723,1,1,0,10,0.779999971389771,3.76,3.76,ZWO ASI6200MM Pro,-10.0,-9.5,40,NP101is,540.0,5.4,Starlight Xpress Fil,Lum,FlatWizard,,,,,,,TOP-DOWN,2000.0,N.I.N.A. 2.0.0.2048,2022-03-02_11-21-46_Lum_-9.50_0.27_0_10.fits,1,/mnt/raid0/AstroImaging/Preselected/Flaming Star Nebula (IC405) started 4th February 2022/Flats/2022-03-02_11-21-46_Lum_-9.50_0.27_0_10.fits,,,,,,,,,,,,,,,,,,,
True,16,2,9576,6388,True,32768,FLAT,0.27,0.27,2022-03-02T11:21:52.423,2022-03-02T11:21:52.423,1,1,0,10,0.779999971389771,3.76,3.76,ZWO ASI6200MM Pro,-10.0,-9.5,40,NP101is,540.0,5.4,Starlight Xpress Fil,Lum,FlatWizard,,,,,,,TOP-DOWN,2000.0,N.I.N.A. 2.0.0.2048,2022-03-02_11-21-52_Lum_-9.50_0.27_0_10.fits,1,/mnt/raid0/AstroImaging/Preselected/Flaming Star Nebula (IC405) started 4th February 2022/Flats/2022-03-02_11-21-52_Lum_-9.50_0.27_0_10.fits,,,,,,,,,,,,,,,,,,,
True,16,2,9576,6388,True,32768,FLAT,0.27,0.27,2022-03-02T11:21:57.058,2022-03-02T11:21:57.058,1,1,0,10,0.779999971389771,3.76,3.76,ZWO ASI6200MM Pro,-10.0,-9.5,40,NP101is,540.0,5.4,Starlight Xpress Fil,Lum,FlatWizard,,,,,,,TOP-DOWN,2000.0,N.I.N.A. 2.0.0.2048,2022-03-02_11-21-57_Lum_-9.50_0.27_0_10.fits,1,/mnt/raid0/AstroImaging/Preselected/Flaming Star Nebula (IC405) started 4th February 2022/Flats/2022-03-02_11-21-57_Lum_-9.50_0.27_0_10.fits,,,,,,,,,,,,,,,,,,,
True,16,2,9576,6388,True,32768,FLAT,0.27,0.27,2022-03-02T11:22:02.042,2022-03-02T11:22:02.042,1,1,0,10,0.779999971389771,3.76,3.76,ZWO ASI6200MM Pro,-10.0,-9.6,40,NP101is,540.0,5.4,Starlight Xpress Fil,Lum,FlatWizard,,,,,,,TOP-DOWN,2000.0,N.I.N.A. 2.0.0.2048,2022-03-02_11-22-02_Lum_-9.60_0.27_0_10.fits,1,/mnt/raid0/AstroImaging/Preselected/Flaming Star Nebula (IC405) started 4th February 2022/Flats/2022-03-02_11-22-02_Lum_-9.60_0.27_0_10.fits,,,,,,,,,,,,,,,,,,,
True,16,2,9576,6388,True,32768,FLAT,0.27,0.27,2022-03-02T11:22:07.839,2022-03-02T11:22:07.839,1,1,0,10,0.779999971389771,3.76,3.76,ZWO ASI6200MM Pro,-10.0,-9.6,40,NP101is,540.0,5.4,Starlight Xpress Fil,Lum,FlatWizard,,,,,,,TOP-DOWN,2000.0,N.I.N.A. 2.0.0.2048,2022-03-02_11-22-07_Lum_-9.60_0.27_0_10.fits,1,/mnt/raid0/AstroImaging/Preselected/Flaming Star Nebula (IC405) started 4th February 2022/Flats/2022-03-02_11-22-07_Lum_-9.60_0.27_0_10.fits,,,,,,,,,,,,,,,,,,,
True,16,2,9576,6388,True,32768,FLAT,0.27,0.27,2022-03-02T11:22:13.212,2022-03-02T11:22:13.212,1,1,0,10,0.779999971389771,3.76,3.76,ZWO ASI6200MM Pro,-10.0,-9.7,40,NP101is,540.0,5.4,Starlight Xpress Fil,Lum,FlatWizard,,,,,,,TOP-DOWN,2000.0,N.I.N.A. 2.0.0.2048,2022-03-02_11-22-13_Lum_-9.70_0.27_0_10.fits,1,/mnt/raid0/AstroImaging/Preselected/Flaming Star Nebula (IC405) started 4th February 2022/Flats/2022-03-02_11-22-13_Lum_-9.70_0.27_0_10.fits,,,,,,,,,,,,,,,,,,,
True,16,2,9576,6388,True,32768,FLAT,0.27,0.27,2022-03-02T11:22:18.648,2022-03-02T11:22:18.648,1,1,0,10,0.779999971389771,3.76,3.76,ZWO ASI6200MM Pro,-10.0,-9.8,40,NP101is,540.0,5.4,Starlight Xpress Fil,Lum,FlatWizard,,,,,,,TOP-DOWN,2000.0,N.I.N.A. 2.0.0.2048,2022-03-02_11-22-18_Lum_-9.80_0.27_0_10.fits,1,/mnt/raid0/AstroImaging/Preselected/Flaming Star Nebula (IC405) started 4th February 2022/Flats/2022-03-02_11-22-18_Lum_-9.80_0.27_0_10.fits,,,,,,,,,,,,,,,,,,,
True,16,2,9576,6388,True,32768,FLAT,0.27,0.27,2022-03-02T11:22:24.127,2022-03-02T11:22:24.127,1,1,0,10,0.779999971389771,3.76,3.76,ZWO ASI6200MM Pro,-10.0,-9.8,40,NP101is,540.0,5.4,Starlight Xpress Fil,Lum,FlatWizard,,,,,,,TOP-DOWN,2000.0,N.I.N.A. 2.0.0.2048,2022-03-02_11-22-24_Lum_-9.80_0.27_0_10.fits,1,/mnt/raid0/AstroImaging/Preselected/Flaming Star Nebula (IC405) started 4th February 2022/Flats/2022-03-02_11-22-24_Lum_-9.80_0.27_0_10.fits,,,,,,,,,,,,,,,,,,,
True,16,2,9576,6388,True,32768,FLAT,0.27,0.27,2022-03-02T11:22:29.664,2022-03-02T11:22:29.664,1,1,0,10,0.779999971389771,3.76,3.76,ZWO ASI6200MM Pro,-10.0,-9.8,40,NP101is,540.0,5.4,Starlight Xpress Fil,Lum,FlatWizard,,,,,,,TOP-DOWN,2000.0,N.I.N.A. 2.0.0.2048,2022-03-02_11-22-29_Lum_-9.80_0.27_0_10.fits,1,/mnt/raid0/AstroImaging/Preselected/Flaming Star Nebula (IC405) started 4th February 2022/Flats/2022-03-02_11-22-29_Lum_-9.80_0.27_0_10.fits,,,,,,,,,,,,,,,,,,,
True,16,2,9576,6388,True,32768,FLAT,0.27,0.27,2022-03-02T11:22:35.139,2022-03-02T11:22:35.139,1,1,0,10,0.779999971389771,3.76,3.76,ZWO ASI6200MM Pro,-10.0,-9.8,40,NP101is,540.0,5.4,Starlight Xpress Fil,Lum,FlatWizard,,,,,,,TOP-DOWN,2000.0,N.I.N.A. 2.0.0.2048,2022-03-02_11-22-35_Lum_-9.80_0.27_0_10.fits,1,/mnt/raid0/AstroImaging/Preselected/Flaming Star Nebula (IC405) started 4th February 2022/Flats/2022-03-02_11-22-35_Lum_-9.80_0.27_0_10.fits,,,,,,,,,,,,,,,,,,,
True,16,2,9576,6388,True,32768,FLAT,0.27,0.27,2022-03-02T11:22:40.597,2022-03-02T11:22:40.597,1,1,0,10,0.779999971389771,3.76,3.76,ZWO ASI6200MM Pro,-10.0,-9.8,40,NP101is,540.0,5.4,Starlight Xpress Fil,Lum,FlatWizard,,,,,,,TOP-DOWN,2000.0,N.I.N.A. 2.0.0.2048,2022-03-02_11-22-40_Lum_-9.80_0.27_0_10.fits,1,/mnt/raid0/AstroImaging/Preselected/Flaming Star Nebula (IC405) started 4th February 2022/Flats/2022-03-02_11-22-40_Lum_-9.80_0.27_0_10.fits,,,,,,,,,,,,,,,,,,,
True,16,2,9576,6388,True,32768,FLAT,0.27,0.27,2022-03-02T11:22:46.054,2022-03-02T11:22:46.054,1,1,0,10,0.779999971389771,3.76,3.76,ZWO ASI6200MM Pro,-10.0,-9.9,40,NP101is,540.0,5.4,Starlight Xpress Fil,Lum,FlatWizard,,,,,,,TOP-DOWN,2000.0,N.I.N.A. 2.0.0.2048,2022-03-02_11-22-46_Lum_-9.90_0.27_0_10.fits,1,/mnt/raid0/AstroImaging/Preselected/Flaming Star Nebula (IC405) started 4th February 2022/Flats/2022-03-02_11-22-46_Lum_-9.90_0.27_0_10.fits,,,,,,,,,,,,,,,,,,,
True,16,2,9576,6388,True,32768,FLAT,0.27,0.27,2022-03-02T11:22:51.778,2022-03-02T11:22:51.778,1,1,0,10,0.779999971389771,3.76,3.76,ZWO ASI6200MM Pro,-10.0,-9.9,40,NP101is,540.0,5.4,Starlight Xpress Fil,Lum,FlatWizard,,,,,,,TOP-DOWN,2000.0,N.I.N.A. 2.0.0.2048,2022-03-02_11-22-51_Lum_-9.90_0.27_0_10.fits,1,/mnt/raid0/AstroImaging/Preselected/Flaming Star Nebula (IC405) started 4th February 2022/Flats/2022-03-02_11-22-51_Lum_-9.90_0.27_0_10.fits,,,,,,,,,,,,,,,,,,,
True,16,2,9576,6388,True,32768,FLAT,0.27,0.27,2022-03-02T11:22:57.330,2022-03-02T11:22:57.330,1,1,0,10,0.779999971389771,3.76,3.76,ZWO ASI6200MM Pro,-10.0,-9.9,40,NP101is,540.0,5.4,Starlight Xpress Fil,Lum,FlatWizard,,,,,,,TOP-DOWN,2000.0,N.I.N.A. 2.0.0.2048,2022-03-02_11-22-57_Lum_-9.90_0.27_0_10.fits,1,/mnt/raid0/AstroImaging/Preselected/Flaming Star Nebula (IC405) started 4th February 2022/Flats/2022-03-02_11-22-57_Lum_-9.90_0.27_0_10.fits,,,,,,,,,,,,,,,,,,,
True,16,2,9576,6388,True,32768,FLAT,0.27,0.27,2022-03-02T11:23:02.717,2022-03-02T11:23:02.717,1,1,0,10,0.779999971389771,3.76,3.76,ZWO ASI6200MM Pro,-10.0,-9.9,40,NP101is,540.0,5.4,Starlight Xpress Fil,Lum,FlatWizard,,,,,,,TOP-DOWN,2000.0,N.I.N.A. 2.0.0.2048,2022-03-02_11-23-02_Lum_-9.90_0.27_0_10.fits,1,/mnt/raid0/AstroImaging/Preselected/Flaming Star Nebula (IC405) started 4th February 2022/Flats/2022-03-02_11-23-02_Lum_-9.90_0.27_0_10.fits,,,,,,,,,,,,,,,,,,,
True,16,2,9576,6388,True,32768,FLAT,0.27,0.27,2022-03-02T11:23:08.238,2022-03-02T11:23:08.238,1,1,0,10,0.779999971389771,3.76,3.76,ZWO ASI6200MM Pro,-10.0,-9.9,40,NP101is,540.0,5.4,Starlight Xpress Fil,Lum,FlatWizard,,,,,,,TOP-DOWN,2000.0,N.I.N.A. 2.0.0.2048,2022-03-02_11-23-08_Lum_-9.90_0.27_0_10.fits,1,/mnt/raid0/AstroImaging/Preselected/Flaming Star Nebula (IC405) started 4th February 2022/Flats/2022-03-02_11-23-08_Lum_-9.90_0.27_0_10.fits,,,,,,,,,,,,,,,,,,,
True,16,2,9576,6388,True,32768,FLAT,0.27,0.27,2022-03-02T11:23:13.932,2022-03-02T11:23:13.932,1,1,0,10,0.779999971389771,3.76,3.76,ZWO ASI6200MM Pro,-10.0,-9.9,40,NP101is,540.0,5.4,Starlight Xpress Fil,Lum,FlatWizard,,,,,,,TOP-DOWN,2000.0,N.I.N.A. 2.0.0.2048,2022-03-02_11-23-13_Lum_-9.90_0.27_0_10.fits,1,/mnt/raid0/AstroImaging/Preselected/Flaming Star Nebula (IC405) started 4th February 2022/Flats/2022-03-02_11-23-13_Lum_-9.90_0.27_0_10.fits,,,,,,,,,,,,,,,,,,,
True,16,2,9576,6388,True,32768,FLAT,0.27,0.27,2022-03-02T11:23:19.479,2022-03-02T11:23:19.479,1,1,0,10,0.779999971389771,3.76,3.76,ZWO ASI6200MM Pro,-10.0,-9.9,40,NP101is,540.0,5.4,Starlight Xpress Fil,Lum,FlatWizard,,,,,,,TOP-DOWN,2000.0,N.I.N.A. 2.0.0.2048,2022-03-02_11-23-19_Lum_-9.90_0.27_0_10.fits,1,/mnt/raid0/AstroImaging/Preselected/Flaming Star Nebula (IC405) started 4th February 2022/Flats/2022-03-02_11-23-19_Lum_-9.90_0.27_0_10.fits,,,,,,,,,,,,,,,,,,,
True,16,2,9576,6388,True,32768,FLAT,0.27,0.27,2022-03-02T11:23:25.077,2022-03-02T11:23:25.077,1,1,0,10,0.779999971389771,3.76,3.76,ZWO ASI6200MM Pro,-10.0,-9.9,40,NP101is,540.0,5.4,Starlight Xpress Fil,Lum,FlatWizard,,,,,,,TOP-DOWN,2000.0,N.I.N.A. 2.0.0.2048,2022-03-02_11-23-25_Lum_-9.90_0.27_0_10.fits,1,/mnt/raid0/AstroImaging/Preselected/Flaming Star Nebula (IC405) started 4th February 2022/Flats/2022-03-02_11-23-25_Lum_-9.90_0.27_0_10.fits,,,,,,,,,,,,,,,,,,,
True,16,2,9576,6388,True,32768,FLAT,0.27,0.27,2022-03-02T11:23:30.552,2022-03-02T11:23:30.552,1,1,0,10,0.779999971389771,3.76,3.76,ZWO ASI6200MM Pro,-10.0,-9.9,40,NP101is,540.0,5.4,Starlight Xpress Fil,Lum,FlatWizard,,,,,,,TOP-DOWN,2000.0,N.I.N.A. 2.0.0.2048,2022-03-02_11-23-30_Lum_-9.90_0.27_0_10.fits,1,/mnt/raid0/AstroImaging/Preselected/Flaming Star Nebula (IC405) started 4th February 2022/Flats/2022-03-02_11-23-30_Lum_-9.90_0.27_0_10.fits,,,,,,,,,,,,,,,,,,,
True,16,2,9576,6388,True,32768,FLAT,0.27,0.27,2022-03-02T11:23:36.153,2022-03-02T11:23:36.153,1,1,0,10,0.779999971389771,3.76,3.76,ZWO ASI6200MM Pro,-10.0,-9.9,40,NP101is,540.0,5.4,Starlight Xpress Fil,Lum,FlatWizard,,,,,,,TOP-DOWN,2000.0,N.I.N.A. 2.0.0.2048,2022-03-02_11-23-36_Lum_-9.90_0.27_0_10.fits,1,/mnt/raid0/AstroImaging/Preselected/Flaming Star Nebula (IC405) started 4th February 2022/Flats/2022-03-02_11-23-36_Lum_-9.90_0.27_0_10.fits,,,,,,,,,,,,,,,,,,,
True,16,2,9576,6388,True,32768,FLAT,0.27,0.27,2022-03-02T11:23:41.729,2022-03-02T11:23:41.729,1,1,0,10,0.779999971389771,3.76,3.76,ZWO ASI6200MM Pro,-10.0,-9.9,40,NP101is,540.0,5.4,Starlight Xpress Fil,Lum,FlatWizard,,,,,,,TOP-DOWN,2000.0,N.I.N.A. 2.0.0.2048,2022-03-02_11-23-41_Lum_-9.90_0.27_0_10.fits,1,/mnt/raid0/AstroImaging/Preselected/Flaming Star Nebula (IC405) started 4th February 2022/Flats/2022-03-02_11-23-41_Lum_-9.90_0.27_0_10.fits,,,,,,,,,,,,,,,,,,,
True,16,2,9576,6388,True,32768,FLAT,0.27,0.27,2022-03-02T11:23:47.333,2022-03-02T11:23:47.333,1,1,0,10,0.779999971389771,3.76,3.76,ZWO ASI6200MM Pro,-10.0,-10.0,40,NP101is,540.0,5.4,Starlight Xpress Fil,Lum,FlatWizard,,,,,,,TOP-DOWN,2000.0,N.I.N.A. 2.0.0.2048,2022-03-02_11-23-47_Lum_-10.00_0.27_0_10.fits,1,/mnt/raid0/AstroImaging/Preselected/Flaming Star Nebula (IC405) started 4th February 2022/Flats/2022-03-02_11-23-47_Lum_-10.00_0.27_0_10.fits,,,,,,,,,,,,,,,,,,,
True,16,2,9576,6388,True,32768,FLAT,0.27,0.27,2022-03-02T11:23:52.772,2022-03-02T11:23:52.772,1,1,0,10,0.779999971389771,3.76,3.76,ZWO ASI6200MM Pro,-10.0,-10.0,40,NP101is,540.0,5.4,Starlight Xpress Fil,Lum,FlatWizard,,,,,,,TOP-DOWN,2000.0,N.I.N.A. 2.0.0.2048,2022-03-02_11-23-52_Lum_-10.00_0.27_0_10.fits,1,/mnt/raid0/AstroImaging/Preselected/Flaming Star Nebula (IC405) started 4th February 2022/Flats/2022-03-02_11-23-52_Lum_-10.00_0.27_0_10.fits,,,,,,,,,,,,,,,,,,,
True,16,2,9576,6388,True,32768,FLAT,0.27,0.27,2022-03-02T11:23:58.398,2022-03-02T11:23:58.398,1,1,0,10,0.779999971389771,3.76,3.76,ZWO ASI6200MM Pro,-10.0,-10.0,40,NP101is,540.0,5.4,Starlight Xpress Fil,Lum,FlatWizard,,,,,,,TOP-DOWN,2000.0,N.I.N.A. 2.0.0.2048,2022-03-02_11-23-58_Lum_-10.00_0.27_0_10.fits,1,/mnt/raid0/AstroImaging/Preselected/Flaming Star Nebula (IC405) started 4th February 2022/Flats/2022-03-02_11-23-58_Lum_-10.00_0.27_0_10.fits,,,,,,,,,,,,,,,,,,,
True,16,2,9576,6388,True,32768,FLAT,0.27,0.27,2022-03-02T11:24:02.145,2022-03-02T11:24:02.145,1,1,0,10,0.779999971389771,3.76,3.76,ZWO ASI6200MM Pro,-10.0,-10.0,40,NP101is,540.0,5.4,Starlight Xpress Fil,Lum,FlatWizard,,,,,,,TOP-DOWN,2000.0,N.I.N.A. 2.0.0.2048,2022-03-02_11-24-02_Lum_-10.00_0.27_0_10.fits,1,/mnt/raid0/AstroImaging/Preselected/Flaming Star Nebula (IC405) started 4th February 2022/Flats/2022-03-02_11-24-02_Lum_-10.00_0.27_0_10.fits,,,,,,,,,,,,,,,,,,,
True,16,2,9576,6388,True,32768,FLAT,0.27,0.27,2022-03-02T11:24:08.156,2022-03-02T11:24:08.156,1,1,0,10,0.779999971389771,3.76,3.76,ZWO ASI6200MM Pro,-10.0,-9.9,40,NP101is,540.0,5.4,Starlight Xpress Fil,Lum,FlatWizard,,,,,,,TOP-DOWN,2000.0,N.I.N.A. 2.0.0.2048,2022-03-02_11-24-08_Lum_-9.90_0.27_0_10.fits,1,/mnt/raid0/AstroImaging/Preselected/Flaming Star Nebula (IC405) started 4th February 2022/Flats/2022-03-02_11-24-08_Lum_-9.90_0.27_0_10.fits,,,,,,,,,,,,,,,,,,,
True,16,2,9576,6388,True,32768,FLAT,0.27,0.27,2022-03-02T11:24:11.861,2022-03-02T11:24:11.861,1,1,0,10,0.779999971389771,3.76,3.76,ZWO ASI6200MM Pro,-10.0,-10.0,40,NP101is,540.0,5.4,Starlight Xpress Fil,Lum,FlatWizard,,,,,,,TOP-DOWN,2000.0,N.I.N.A. 2.0.0.2048,2022-03-02_11-24-11_Lum_-10.00_0.27_0_10.fits,1,/mnt/raid0/AstroImaging/Preselected/Flaming Star Nebula (IC405) started 4th February 2022/Flats/2022-03-02_11-24-11_Lum_-10.00_0.27_0_10.fits,,,,,,,,,,,,,,,,,,,
True,16,2,9576,6388,True,32768,FLAT,0.27,0.27,2022-03-02T11:24:17.729,2022-03-02T11:24:17.729,1,1,0,10,0.779999971389771,3.76,3.76,ZWO ASI6200MM Pro,-10.0,-9.9,40,NP101is,540.0,5.4,Starlight Xpress Fil,Lum,FlatWizard,,,,,,,TOP-DOWN,2000.0,N.I.N.A. 2.0.0.2048,2022-03-02_11-24-17_Lum_-9.90_0.27_0_10.fits,1,/mnt/raid0/AstroImaging/Preselected/Flaming Star Nebula (IC405) started 4th February 2022/Flats/2022-03-02_11-24-17_Lum_-9.90_0.27_0_10.fits,,,,,,,,,,,,,,,,,,,
True,16,2,9576,6388,True,32768,FLAT,0.27,0.27,2022-03-02T11:24:21.494,2022-03-02T11:24:21.494,1,1,0,10,0.779999971389771,3.76,3.76,ZWO ASI6200MM Pro,-10.0,-10.0,40,NP101is,540.0,5.4,Starlight Xpress Fil,Lum,FlatWizard,,,,,,,TOP-DOWN,2000.0,N.I.N.A. 2.0.0.2048,2022-03-02_11-24-21_Lum_-10.00_0.27_0_10.fits,1,/mnt/raid0/AstroImaging/Preselected/Flaming Star Nebula (IC405) started 4th February 2022/Flats/2022-03-02_11-24-21_Lum_-10.00_0.27_0_10.fits,,,,,,,,,,,,,,,,,,,
True,16,2,9576,6388,True,32768,FLAT,0.27,0.27,2022-03-02T11:24:27.086,2022-03-02T11:24:27.086,1,1,0,10,0.779999971389771,3.76,3.76,ZWO ASI6200MM Pro,-10.0,-9.9,40,NP101is,540.0,5.4,Starlight Xpress Fil,Lum,FlatWizard,,,,,,,TOP-DOWN,2000.0,N.I.N.A. 2.0.0.2048,2022-03-02_11-24-27_Lum_-9.90_0.27_0_10.fits,1,/mnt/raid0/AstroImaging/Preselected/Flaming Star Nebula (IC405) started 4th February 2022/Flats/2022-03-02_11-24-27_Lum_-9.90_0.27_0_10.fits,,,,,,,,,,,,,,,,,,,
True,16,2,9576,6388,True,32768,FLAT,0.27,0.27,2022-03-02T11:24:32.597,2022-03-02T11:24:32.597,1,1,0,10,0.779999971389771,3.76,3.76,ZWO ASI6200MM Pro,-10.0,-10.0,40,NP101is,540.0,5.4,Starlight Xpress Fil,Lum,FlatWizard,,,,,,,TOP-DOWN,2000.0,N.I.N.A. 2.0.0.2048,2022-03-02_11-24-32_Lum_-10.00_0.27_0_10.fits,1,/mnt/raid0/AstroImaging/Preselected/Flaming Star Nebula (IC405) started 4th February 2022/Flats/2022-03-02_11-24-32_Lum_-10.00_0.27_0_10.fits,,,,,,,,,,,,,,,,,,,
True,16,2,9576,6388,True,32768,FLAT,0.27,0.27,2022-03-02T11:24:38.122,2022-03-02T11:24:38.122,1,1,0,10,0.779999971389771,3.76,3.76,ZWO ASI6200MM Pro,-10.0,-10.0,40,NP101is,540.0,5.4,Starlight Xpress Fil,Lum,FlatWizard,,,,,,,TOP-DOWN,2000.0,N.I.N.A. 2.0.0.2048,2022-03-02_11-24-38_Lum_-10.00_0.27_0_10.fits,1,/mnt/raid0/AstroImaging/Preselected/Flaming Star Nebula (IC405) started 4th February 2022/Flats/2022-03-02_11-24-38_Lum_-10.00_0.27_0_10.fits,,,,,,,,,,,,,,,,,,,
True,16,2,9576,6388,True,32768,FLAT,0.27,0.27,2022-03-02T11:24:43.876,2022-03-02T11:24:43.876,1,1,0,10,0.779999971389771,3.76,3.76,ZWO ASI6200MM Pro,-10.0,-10.0,40,NP101is,540.0,5.4,Starlight Xpress Fil,Lum,FlatWizard,,,,,,,TOP-DOWN,2000.0,N.I.N.A. 2.0.0.2048,2022-03-02_11-24-43_Lum_-10.00_0.27_0_10.fits,1,/mnt/raid0/AstroImaging/Preselected/Flaming Star Nebula (IC405) started 4th February 2022/Flats/2022-03-02_11-24-43_Lum_-10.00_0.27_0_10.fits,,,,,,,,,,,,,,,,,,,
True,16,2,9576,6388,True,32768,FLAT,0.27,0.27,2022-03-02T11:24:49.816,2022-03-02T11:24:49.816,1,1,0,10,0.779999971389771,3.76,3.76,ZWO ASI6200MM Pro,-10.0,-10.0,40,NP101is,540.0,5.4,Starlight Xpress Fil,Lum,FlatWizard,,,,,,,TOP-DOWN,2000.0,N.I.N.A. 2.0.0.2048,2022-03-02_11-24-49_Lum_-10.00_0.27_0_10.fits,1,/mnt/raid0/AstroImaging/Preselected/Flaming Star Nebula (IC405) started 4th February 2022/Flats/2022-03-02_11-24-49_Lum_-10.00_0.27_0_10.fits,,,,,,,,,,,,,,,,,,,
True,16,2,9576,6388,True,32768,FLAT,0.27,0.27,2022-03-02T11:24:53.962,2022-03-02T11:24:53.962,1,1,0,10,0.779999971389771,3.76,3.76,ZWO ASI6200MM Pro,-10.0,-10.0,40,NP101is,540.0,5.4,Starlight Xpress Fil,Lum,FlatWizard,,,,,,,TOP-DOWN,2000.0,N.I.N.A. 2.0.0.2048,2022-03-02_11-24-53_Lum_-10.00_0.27_0_10.fits,1,/mnt/raid0/AstroImaging/Preselected/Flaming Star Nebula (IC405) started 4th February 2022/Flats/2022-03-02_11-24-53_Lum_-10.00_0.27_0_10.fits,,,,,,,,,,,,,,,,,,,
True,16,2,9576,6388,True,32768,FLAT,0.27,0.27,2022-03-02T11:24:59.625,2022-03-02T11:24:59.625,1,1,0,10,0.779999971389771,3.76,3.76,ZWO ASI6200MM Pro,-10.0,-10.0,40,NP101is,540.0,5.4,Starlight Xpress Fil,Lum,FlatWizard,,,,,,,TOP-DOWN,2000.0,N.I.N.A. 2.0.0.2048,2022-03-02_11-24-59_Lum_-10.00_0.27_0_10.fits,1,/mnt/raid0/AstroImaging/Preselected/Flaming Star Nebula (IC405) started 4th February 2022/Flats/2022-03-02_11-24-59_Lum_-10.00_0.27_0_10.fits,,,,,,,,,,,,,,,,,,,
True,16,2,9576,6388,True,32768,FLAT,0.27,0.27,2022-03-02T11:25:03.369,2022-03-02T11:25:03.369,1,1,0,10,0.779999971389771,3.76,3.76,ZWO ASI6200MM Pro,-10.0,-10.0,40,NP101is,540.0,5.4,Starlight Xpress Fil,Lum,FlatWizard,,,,,,,TOP-DOWN,2000.0,N.I.N.A. 2.0.0.2048,2022-03-02_11-25-03_Lum_-10.00_0.27_0_10.fits,1,/mnt/raid0/AstroImaging/Preselected/Flaming Star Nebula (IC405) started 4th February 2022/Flats/2022-03-02_11-25-03_Lum_-10.00_0.27_0_10.fits,,,,,,,,,,,,,,,,,,,
True,16,2,9576,6388,True,32768,FLAT,0.27,0.27,2022-03-02T11:25:08.878,2022-03-02T11:25:08.878,1,1,0,10,0.779999971389771,3.76,3.76,ZWO ASI6200MM Pro,-10.0,-10.0,40,NP101is,540.0,5.4,Starlight Xpress Fil,Lum,FlatWizard,,,,,,,TOP-DOWN,2000.0,N.I.N.A. 2.0.0.2048,2022-03-02_11-25-08_Lum_-10.00_0.27_0_10.fits,1,/mnt/raid0/AstroImaging/Preselected/Flaming Star Nebula (IC405) started 4th February 2022/Flats/2022-03-02_11-25-08_Lum_-10.00_0.27_0_10.fits,,,,,,,,,,,,,,,,,,,
True,16,2,9576,6388,True,32768,FLAT,0.27,0.27,2022-03-02T11:25:15.204,2022-03-02T11:25:15.204,1,1,0,10,0.779999971389771,3.76,3.76,ZWO ASI6200MM Pro,-10.0,-10.0,40,NP101is,540.0,5.4,Starlight Xpress Fil,Lum,FlatWizard,,,,,,,TOP-DOWN,2000.0,N.I.N.A. 2.0.0.2048,2022-03-02_11-25-15_Lum_-10.00_0.27_0_10.fits,1,/mnt/raid0/AstroImaging/Preselected/Flaming Star Nebula (IC405) started 4th February 2022/Flats/2022-03-02_11-25-15_Lum_-10.00_0.27_0_10.fits,,,,,,,,,,,,,,,,,,,
True,16,2,9576,6388,True,32768,FLAT,0.27,0.27,2022-03-02T11:25:20.731,2022-03-02T11:25:20.731,1,1,0,10,0.779999971389771,3.76,3.76,ZWO ASI6200MM Pro,-10.0,-10.0,40,NP101is,540.0,5.4,Starlight Xpress Fil,Lum,FlatWizard,,,,,,,TOP-DOWN,2000.0,N.I.N.A. 2.0.0.2048,2022-03-02_11-25-20_Lum_-10.00_0.27_0_10.fits,1,/mnt/raid0/AstroImaging/Preselected/Flaming Star Nebula (IC405) started 4th February 2022/Flats/2022-03-02_11-25-20_Lum_-10.00_0.27_0_10.fits,,,,,,,,,,,,,,,,,,,
True,16,2,9576,6388,True,32768,FLAT,0.95,0.95,2022-03-02T11:25:46.944,2022-03-02T11:25:46.944,1,1,0,10,0.779999971389771,3.76,3.76,ZWO ASI6200MM Pro,-10.0,-10.0,40,NP101is,540.0,5.4,Starlight Xpress Fil,Red,FlatWizard,,,,,,,TOP-DOWN,2000.0,N.I.N.A. 2.0.0.2048,2022-03-02_11-25-46_Red_-10.00_0.95_0_10.fits,1,/mnt/raid0/AstroImaging/Preselected/Flaming Star Nebula (IC405) started 4th February 2022/Flats/2022-03-02_11-25-46_Red_-10.00_0.95_0_10.fits,,,,,,,,,,,,,,,,,,,
True,16,2,9576,6388,True,32768,FLAT,0.95,0.95,2022-03-02T11:25:51.028,2022-03-02T11:25:51.028,1,1,0,10,0.779999971389771,3.76,3.76,ZWO ASI6200MM Pro,-10.0,-10.0,40,NP101is,540.0,5.4,Starlight Xpress Fil,Red,FlatWizard,,,,,,,TOP-DOWN,2000.0,N.I.N.A. 2.0.0.2048,2022-03-02_11-25-51_Red_-10.00_0.95_0_10.fits,1,/mnt/raid0/AstroImaging/Preselected/Flaming Star Nebula (IC405) started 4th February 2022/Flats/2022-03-02_11-25-51_Red_-10.00_0.95_0_10.fits,,,,,,,,,,,,,,,,,,,
True,16,2,9576,6388,True,32768,FLAT,0.95,0.95,2022-03-02T11:25:56.377,2022-03-02T11:25:56.377,1,1,0,10,0.779999971389771,3.76,3.76,ZWO ASI6200MM Pro,-10.0,-10.0,40,NP101is,540.0,5.4,Starlight Xpress Fil,Red,FlatWizard,,,,,,,TOP-DOWN,2000.0,N.I.N.A. 2.0.0.2048,2022-03-02_11-25-56_Red_-10.00_0.95_0_10.fits,1,/mnt/raid0/AstroImaging/Preselected/Flaming Star Nebula (IC405) started 4th February 2022/Flats/2022-03-02_11-25-56_Red_-10.00_0.95_0_10.fits,,,,,,,,,,,,,,,,,,,
True,16,2,9576,6388,True,32768,FLAT,0.95,0.95,2022-03-02T11:26:01.918,2022-03-02T11:26:01.918,1,1,0,10,0.779999971389771,3.76,3.76,ZWO ASI6200MM Pro,-10.0,-10.1,40,NP101is,540.0,5.4,Starlight Xpress Fil,Red,FlatWizard,,,,,,,TOP-DOWN,2000.0,N.I.N.A. 2.0.0.2048,2022-03-02_11-26-01_Red_-10.10_0.95_0_10.fits,1,/mnt/raid0/AstroImaging/Preselected/Flaming Star Nebula (IC405) started 4th February 2022/Flats/2022-03-02_11-26-01_Red_-10.10_0.95_0_10.fits,,,,,,,,,,,,,,,,,,,
True,16,2,9576,6388,True,32768,FLAT,0.95,0.95,2022-03-02T11:26:07.393,2022-03-02T11:26:07.393,1,1,0,10,0.779999971389771,3.76,3.76,ZWO ASI6200MM Pro,-10.0,-10.1,40,NP101is,540.0,5.4,Starlight Xpress Fil,Red,FlatWizard,,,,,,,TOP-DOWN,2000.0,N.I.N.A. 2.0.0.2048,2022-03-02_11-26-07_Red_-10.10_0.95_0_10.fits,1,/mnt/raid0/AstroImaging/Preselected/Flaming Star Nebula (IC405) started 4th February 2022/Flats/2022-03-02_11-26-07_Red_-10.10_0.95_0_10.fits,,,,,,,,,,,,,,,,,,,
True,16,2,9576,6388,True,32768,FLAT,0.95,0.95,2022-03-02T11:26:12.705,2022-03-02T11:26:12.705,1,1,0,10,0.779999971389771,3.76,3.76,ZWO ASI6200MM Pro,-10.0,-10.1,40,NP101is,540.0,5.4,Starlight Xpress Fil,Red,FlatWizard,,,,,,,TOP-DOWN,2000.0,N.I.N.A. 2.0.0.2048,2022-03-02_11-26-12_Red_-10.10_0.95_0_10.fits,1,/mnt/raid0/AstroImaging/Preselected/Flaming Star Nebula (IC405) started 4th February 2022/Flats/2022-03-02_11-26-12_Red_-10.10_0.95_0_10.fits,,,,,,,,,,,,,,,,,,,
True,16,2,9576,6388,True,32768,FLAT,0.95,0.95,2022-03-02T11:26:18.164,2022-03-02T11:26:18.164,1,1,0,10,0.779999971389771,3.76,3.76,ZWO ASI6200MM Pro,-10.0,-10.1,40,NP101is,540.0,5.4,Starlight Xpress Fil,Red,FlatWizard,,,,,,,TOP-DOWN,2000.0,N.I.N.A. 2.0.0.2048,2022-03-02_11-26-18_Red_-10.10_0.95_0_10.fits,1,/mnt/raid0/AstroImaging/Preselected/Flaming Star Nebula (IC405) started 4th February 2022/Flats/2022-03-02_11-26-18_Red_-10.10_0.95_0_10.fits,,,,,,,,,,,,,,,,,,,
True,16,2,9576,6388,True,32768,FLAT,0.95,0.95,2022-03-02T11:26:23.500,2022-03-02T11:26:23.500,1,1,0,10,0.779999971389771,3.76,3.76,ZWO ASI6200MM Pro,-10.0,-10.2,40,NP101is,540.0,5.4,Starlight Xpress Fil,Red,FlatWizard,,,,,,,TOP-DOWN,2000.0,N.I.N.A. 2.0.0.2048,2022-03-02_11-26-23_Red_-10.20_0.95_0_10.fits,1,/mnt/raid0/AstroImaging/Preselected/Flaming Star Nebula (IC405) started 4th February 2022/Flats/2022-03-02_11-26-23_Red_-10.20_0.95_0_10.fits,,,,,,,,,,,,,,,,,,,
True,16,2,9576,6388,True,32768,FLAT,0.95,0.95,2022-03-02T11:26:28.783,2022-03-02T11:26:28.783,1,1,0,10,0.779999971389771,3.76,3.76,ZWO ASI6200MM Pro,-10.0,-10.2,40,NP101is,540.0,5.4,Starlight Xpress Fil,Red,FlatWizard,,,,,,,TOP-DOWN,2000.0,N.I.N.A. 2.0.0.2048,2022-03-02_11-26-28_Red_-10.20_0.95_0_10.fits,1,/mnt/raid0/AstroImaging/Preselected/Flaming Star Nebula (IC405) started 4th February 2022/Flats/2022-03-02_11-26-28_Red_-10.20_0.95_0_10.fits,,,,,,,,,,,,,,,,,,,
True,16,2,9576,6388,True,32768,FLAT,0.95,0.95,2022-03-02T11:26:34.317,2022-03-02T11:26:34.317,1,1,0,10,0.779999971389771,3.76,3.76,ZWO ASI6200MM Pro,-10.0,-10.2,40,NP101is,540.0,5.4,Starlight Xpress Fil,Red,FlatWizard,,,,,,,TOP-DOWN,2000.0,N.I.N.A. 2.0.0.2048,2022-03-02_11-26-34_Red_-10.20_0.95_0_10.fits,1,/mnt/raid0/AstroImaging/Preselected/Flaming Star Nebula (IC405) started 4th February 2022/Flats/2022-03-02_11-26-34_Red_-10.20_0.95_0_10.fits,,,,,,,,,,,,,,,,,,,
True,16,2,9576,6388,True,32768,FLAT,0.95,0.95,2022-03-02T11:26:39.724,2022-03-02T11:26:39.724,1,1,0,10,0.779999971389771,3.76,3.76,ZWO ASI6200MM Pro,-10.0,-10.2,40,NP101is,540.0,5.4,Starlight Xpress Fil,Red,FlatWizard,,,,,,,TOP-DOWN,2000.0,N.I.N.A. 2.0.0.2048,2022-03-02_11-26-39_Red_-10.20_0.95_0_10.fits,1,/mnt/raid0/AstroImaging/Preselected/Flaming Star Nebula (IC405) started 4th February 2022/Flats/2022-03-02_11-26-39_Red_-10.20_0.95_0_10.fits,,,,,,,,,,,,,,,,,,,
True,16,2,9576,6388,True,32768,FLAT,0.95,0.95,2022-03-02T11:26:45.205,2022-03-02T11:26:45.205,1,1,0,10,0.779999971389771,3.76,3.76,ZWO ASI6200MM Pro,-10.0,-10.2,40,NP101is,540.0,5.4,Starlight Xpress Fil,Red,FlatWizard,,,,,,,TOP-DOWN,2000.0,N.I.N.A. 2.0.0.2048,2022-03-02_11-26-45_Red_-10.20_0.95_0_10.fits,1,/mnt/raid0/AstroImaging/Preselected/Flaming Star Nebula (IC405) started 4th February 2022/Flats/2022-03-02_11-26-45_Red_-10.20_0.95_0_10.fits,,,,,,,,,,,,,,,,,,,
True,16,2,9576,6388,True,32768,FLAT,0.95,0.95,2022-03-02T11:26:50.579,2022-03-02T11:26:50.579,1,1,0,10,0.779999971389771,3.76,3.76,ZWO ASI6200MM Pro,-10.0,-10.2,40,NP101is,540.0,5.4,Starlight Xpress Fil,Red,FlatWizard,,,,,,,TOP-DOWN,2000.0,N.I.N.A. 2.0.0.2048,2022-03-02_11-26-50_Red_-10.20_0.95_0_10.fits,1,/mnt/raid0/AstroImaging/Preselected/Flaming Star Nebula (IC405) started 4th February 2022/Flats/2022-03-02_11-26-50_Red_-10.20_0.95_0_10.fits,,,,,,,,,,,,,,,,,,,
True,16,2,9576,6388,True,32768,FLAT,0.95,0.95,2022-03-02T11:26:56.046,2022-03-02T11:26:56.046,1,1,0,10,0.779999971389771,3.76,3.76,ZWO ASI6200MM Pro,-10.0,-10.2,40,NP101is,540.0,5.4,Starlight Xpress Fil,Red,FlatWizard,,,,,,,TOP-DOWN,2000.0,N.I.N.A. 2.0.0.2048,2022-03-02_11-26-56_Red_-10.20_0.95_0_10.fits,1,/mnt/raid0/AstroImaging/Preselected/Flaming Star Nebula (IC405) started 4th February 2022/Flats/2022-03-02_11-26-56_Red_-10.20_0.95_0_10.fits,,,,,,,,,,,,,,,,,,,
True,16,2,9576,6388,True,32768,FLAT,0.95,0.95,2022-03-02T11:27:01.428,2022-03-02T11:27:01.428,1,1,0,10,0.779999971389771,3.76,3.76,ZWO ASI6200MM Pro,-10.0,-10.2,40,NP101is,540.0,5.4,Starlight Xpress Fil,Red,FlatWizard,,,,,,,TOP-DOWN,2000.0,N.I.N.A. 2.0.0.2048,2022-03-02_11-27-01_Red_-10.20_0.95_0_10.fits,1,/mnt/raid0/AstroImaging/Preselected/Flaming Star Nebula (IC405) started 4th February 2022/Flats/2022-03-02_11-27-01_Red_-10.20_0.95_0_10.fits,,,,,,,,,,,,,,,,,,,
True,16,2,9576,6388,True,32768,FLAT,0.95,0.95,2022-03-02T11:27:06.773,2022-03-02T11:27:06.773,1,1,0,10,0.779999971389771,3.76,3.76,ZWO ASI6200MM Pro,-10.0,-10.3,40,NP101is,540.0,5.4,Starlight Xpress Fil,Red,FlatWizard,,,,,,,TOP-DOWN,2000.0,N.I.N.A. 2.0.0.2048,2022-03-02_11-27-06_Red_-10.30_0.95_0_10.fits,1,/mnt/raid0/AstroImaging/Preselected/Flaming Star Nebula (IC405) started 4th February 2022/Flats/2022-03-02_11-27-06_Red_-10.30_0.95_0_10.fits,,,,,,,,,,,,,,,,,,,
True,16,2,9576,6388,True,32768,FLAT,0.95,0.95,2022-03-02T11:27:12.183,2022-03-02T11:27:12.183,1,1,0,10,0.779999971389771,3.76,3.76,ZWO ASI6200MM Pro,-10.0,-10.2,40,NP101is,540.0,5.4,Starlight Xpress Fil,Red,FlatWizard,,,,,,,TOP-DOWN,2000.0,N.I.N.A. 2.0.0.2048,2022-03-02_11-27-12_Red_-10.20_0.95_0_10.fits,1,/mnt/raid0/AstroImaging/Preselected/Flaming Star Nebula (IC405) started 4th February 2022/Flats/2022-03-02_11-27-12_Red_-10.20_0.95_0_10.fits,,,,,,,,,,,,,,,,,,,
True,16,2,9576,6388,True,32768,FLAT,0.95,0.95,2022-03-02T11:27:20.174,2022-03-02T11:27:20.174,1,1,0,10,0.779999971389771,3.76,3.76,ZWO ASI6200MM Pro,-10.0,-10.2,40,NP101is,540.0,5.4,Starlight Xpress Fil,Red,FlatWizard,,,,,,,TOP-DOWN,2000.0,N.I.N.A. 2.0.0.2048,2022-03-02_11-27-20_Red_-10.20_0.95_0_10.fits,1,/mnt/raid0/AstroImaging/Preselected/Flaming Star Nebula (IC405) started 4th February 2022/Flats/2022-03-02_11-27-20_Red_-10.20_0.95_0_10.fits,,,,,,,,,,,,,,,,,,,
True,16,2,9576,6388,True,32768,FLAT,0.95,0.95,2022-03-02T11:27:29.134,2022-03-02T11:27:29.134,1,1,0,10,0.779999971389771,3.76,3.76,ZWO ASI6200MM Pro,-10.0,-10.3,40,NP101is,540.0,5.4,Starlight Xpress Fil,Red,FlatWizard,,,,,,,TOP-DOWN,2000.0,N.I.N.A. 2.0.0.2048,2022-03-02_11-27-29_Red_-10.30_0.95_0_10.fits,1,/mnt/raid0/AstroImaging/Preselected/Flaming Star Nebula (IC405) started 4th February 2022/Flats/2022-03-02_11-27-29_Red_-10.30_0.95_0_10.fits,,,,,,,,,,,,,,,,,,,
True,16,2,9576,6388,True,32768,FLAT,0.95,0.95,2022-03-02T11:27:37.204,2022-03-02T11:27:37.204,1,1,0,10,0.779999971389771,3.76,3.76,ZWO ASI6200MM Pro,-10.0,-10.3,40,NP101is,540.0,5.4,Starlight Xpress Fil,Red,FlatWizard,,,,,,,TOP-DOWN,2000.0,N.I.N.A. 2.0.0.2048,2022-03-02_11-27-37_Red_-10.30_0.95_0_10.fits,1,/mnt/raid0/AstroImaging/Preselected/Flaming Star Nebula (IC405) started 4th February 2022/Flats/2022-03-02_11-27-37_Red_-10.30_0.95_0_10.fits,,,,,,,,,,,,,,,,,,,
True,16,2,9576,6388,True,32768,FLAT,0.95,0.95,2022-03-02T11:27:40.897,2022-03-02T11:27:40.897,1,1,0,10,0.779999971389771,3.76,3.76,ZWO ASI6200MM Pro,-10.0,-10.3,40,NP101is,540.0,5.4,Starlight Xpress Fil,Red,FlatWizard,,,,,,,TOP-DOWN,2000.0,N.I.N.A. 2.0.0.2048,2022-03-02_11-27-40_Red_-10.30_0.95_0_10.fits,1,/mnt/raid0/AstroImaging/Preselected/Flaming Star Nebula (IC405) started 4th February 2022/Flats/2022-03-02_11-27-40_Red_-10.30_0.95_0_10.fits,,,,,,,,,,,,,,,,,,,
True,16,2,9576,6388,True,32768,FLAT,0.95,0.95,2022-03-02T11:27:46.492,2022-03-02T11:27:46.492,1,1,0,10,0.779999971389771,3.76,3.76,ZWO ASI6200MM Pro,-10.0,-10.3,40,NP101is,540.0,5.4,Starlight Xpress Fil,Red,FlatWizard,,,,,,,TOP-DOWN,2000.0,N.I.N.A. 2.0.0.2048,2022-03-02_11-27-46_Red_-10.30_0.95_0_10.fits,1,/mnt/raid0/AstroImaging/Preselected/Flaming Star Nebula (IC405) started 4th February 2022/Flats/2022-03-02_11-27-46_Red_-10.30_0.95_0_10.fits,,,,,,,,,,,,,,,,,,,
True,16,2,9576,6388,True,32768,FLAT,0.95,0.95,2022-03-02T11:27:51.879,2022-03-02T11:27:51.879,1,1,0,10,0.779999971389771,3.76,3.76,ZWO ASI6200MM Pro,-10.0,-10.3,40,NP101is,540.0,5.4,Starlight Xpress Fil,Red,FlatWizard,,,,,,,TOP-DOWN,2000.0,N.I.N.A. 2.0.0.2048,2022-03-02_11-27-51_Red_-10.30_0.95_0_10.fits,1,/mnt/raid0/AstroImaging/Preselected/Flaming Star Nebula (IC405) started 4th February 2022/Flats/2022-03-02_11-27-51_Red_-10.30_0.95_0_10.fits,,,,,,,,,,,,,,,,,,,
True,16,2,9576,6388,True,32768,FLAT,0.95,0.95,2022-03-02T11:27:57.435,2022-03-02T11:27:57.435,1,1,0,10,0.779999971389771,3.76,3.76,ZWO ASI6200MM Pro,-10.0,-10.3,40,NP101is,540.0,5.4,Starlight Xpress Fil,Red,FlatWizard,,,,,,,TOP-DOWN,2000.0,N.I.N.A. 2.0.0.2048,2022-03-02_11-27-57_Red_-10.30_0.95_0_10.fits,1,/mnt/raid0/AstroImaging/Preselected/Flaming Star Nebula (IC405) started 4th February 2022/Flats/2022-03-02_11-27-57_Red_-10.30_0.95_0_10.fits,,,,,,,,,,,,,,,,,,,
True,16,2,9576,6388,True,32768,FLAT,0.95,0.95,2022-03-02T11:28:02.873,2022-03-02T11:28:02.873,1,1,0,10,0.779999971389771,3.76,3.76,ZWO ASI6200MM Pro,-10.0,-10.2,40,NP101is,540.0,5.4,Starlight Xpress Fil,Red,FlatWizard,,,,,,,TOP-DOWN,2000.0,N.I.N.A. 2.0.0.2048,2022-03-02_11-28-02_Red_-10.20_0.95_0_10.fits,1,/mnt/raid0/AstroImaging/Preselected/Flaming Star Nebula (IC405) started 4th February 2022/Flats/2022-03-02_11-28-02_Red_-10.20_0.95_0_10.fits,,,,,,,,,,,,,,,,,,,
True,16,2,9576,6388,True,32768,FLAT,0.95,0.95,2022-03-02T11:28:08.339,2022-03-02T11:28:08.339,1,1,0,10,0.779999971389771,3.76,3.76,ZWO ASI6200MM Pro,-10.0,-10.2,40,NP101is,540.0,5.4,Starlight Xpress Fil,Red,FlatWizard,,,,,,,TOP-DOWN,2000.0,N.I.N.A. 2.0.0.2048,2022-03-02_11-28-08_Red_-10.20_0.95_0_10.fits,1,/mnt/raid0/AstroImaging/Preselected/Flaming Star Nebula (IC405) started 4th February 2022/Flats/2022-03-02_11-28-08_Red_-10.20_0.95_0_10.fits,,,,,,,,,,,,,,,,,,,
True,16,2,9576,6388,True,32768,FLAT,0.95,0.95,2022-03-02T11:28:13.815,2022-03-02T11:28:13.815,1,1,0,10,0.779999971389771,3.76,3.76,ZWO ASI6200MM Pro,-10.0,-10.2,40,NP101is,540.0,5.4,Starlight Xpress Fil,Red,FlatWizard,,,,,,,TOP-DOWN,2000.0,N.I.N.A. 2.0.0.2048,2022-03-02_11-28-13_Red_-10.20_0.95_0_10.fits,1,/mnt/raid0/AstroImaging/Preselected/Flaming Star Nebula (IC405) started 4th February 2022/Flats/2022-03-02_11-28-13_Red_-10.20_0.95_0_10.fits,,,,,,,,,,,,,,,,,,,
True,16,2,9576,6388,True,32768,FLAT,0.95,0.95,2022-03-02T11:28:19.420,2022-03-02T11:28:19.420,1,1,0,10,0.779999971389771,3.76,3.76,ZWO ASI6200MM Pro,-10.0,-10.2,40,NP101is,540.0,5.4,Starlight Xpress Fil,Red,FlatWizard,,,,,,,TOP-DOWN,2000.0,N.I.N.A. 2.0.0.2048,2022-03-02_11-28-19_Red_-10.20_0.95_0_10.fits,1,/mnt/raid0/AstroImaging/Preselected/Flaming Star Nebula (IC405) started 4th February 2022/Flats/2022-03-02_11-28-19_Red_-10.20_0.95_0_10.fits,,,,,,,,,,,,,,,,,,,
True,16,2,9576,6388,True,32768,FLAT,0.95,0.95,2022-03-02T11:28:24.833,2022-03-02T11:28:24.833,1,1,0,10,0.779999971389771,3.76,3.76,ZWO ASI6200MM Pro,-10.0,-10.2,40,NP101is,540.0,5.4,Starlight Xpress Fil,Red,FlatWizard,,,,,,,TOP-DOWN,2000.0,N.I.N.A. 2.0.0.2048,2022-03-02_11-28-24_Red_-10.20_0.95_0_10.fits,1,/mnt/raid0/AstroImaging/Preselected/Flaming Star Nebula (IC405) started 4th February 2022/Flats/2022-03-02_11-28-24_Red_-10.20_0.95_0_10.fits,,,,,,,,,,,,,,,,,,,
True,16,2,9576,6388,True,32768,FLAT,0.95,0.95,2022-03-02T11:28:30.186,2022-03-02T11:28:30.186,1,1,0,10,0.779999971389771,3.76,3.76,ZWO ASI6200MM Pro,-10.0,-10.2,40,NP101is,540.0,5.4,Starlight Xpress Fil,Red,FlatWizard,,,,,,,TOP-DOWN,2000.0,N.I.N.A. 2.0.0.2048,2022-03-02_11-28-30_Red_-10.20_0.95_0_10.fits,1,/mnt/raid0/AstroImaging/Preselected/Flaming Star Nebula (IC405) started 4th February 2022/Flats/2022-03-02_11-28-30_Red_-10.20_0.95_0_10.fits,,,,,,,,,,,,,,,,,,,
True,16,2,9576,6388,True,32768,FLAT,0.95,0.95,2022-03-02T11:28:35.646,2022-03-02T11:28:35.646,1,1,0,10,0.779999971389771,3.76,3.76,ZWO ASI6200MM Pro,-10.0,-10.2,40,NP101is,540.0,5.4,Starlight Xpress Fil,Red,FlatWizard,,,,,,,TOP-DOWN,2000.0,N.I.N.A. 2.0.0.2048,2022-03-02_11-28-35_Red_-10.20_0.95_0_10.fits,1,/mnt/raid0/AstroImaging/Preselected/Flaming Star Nebula (IC405) started 4th February 2022/Flats/2022-03-02_11-28-35_Red_-10.20_0.95_0_10.fits,,,,,,,,,,,,,,,,,,,
True,16,2,9576,6388,True,32768,FLAT,0.95,0.95,2022-03-02T11:28:41.087,2022-03-02T11:28:41.087,1,1,0,10,0.779999971389771,3.76,3.76,ZWO ASI6200MM Pro,-10.0,-10.2,40,NP101is,540.0,5.4,Starlight Xpress Fil,Red,FlatWizard,,,,,,,TOP-DOWN,2000.0,N.I.N.A. 2.0.0.2048,2022-03-02_11-28-41_Red_-10.20_0.95_0_10.fits,1,/mnt/raid0/AstroImaging/Preselected/Flaming Star Nebula (IC405) started 4th February 2022/Flats/2022-03-02_11-28-41_Red_-10.20_0.95_0_10.fits,,,,,,,,,,,,,,,,,,,
True,16,2,9576,6388,True,32768,FLAT,0.95,0.95,2022-03-02T11:28:46.554,2022-03-02T11:28:46.554,1,1,0,10,0.779999971389771,3.76,3.76,ZWO ASI6200MM Pro,-10.0,-10.2,40,NP101is,540.0,5.4,Starlight Xpress Fil,Red,FlatWizard,,,,,,,TOP-DOWN,2000.0,N.I.N.A. 2.0.0.2048,2022-03-02_11-28-46_Red_-10.20_0.95_0_10.fits,1,/mnt/raid0/AstroImaging/Preselected/Flaming Star Nebula (IC405) started 4th February 2022/Flats/2022-03-02_11-28-46_Red_-10.20_0.95_0_10.fits,,,,,,,,,,,,,,,,,,,
True,16,2,9576,6388,True,32768,FLAT,0.95,0.95,2022-03-02T11:28:51.969,2022-03-02T11:28:51.969,1,1,0,10,0.779999971389771,3.76,3.76,ZWO ASI6200MM Pro,-10.0,-10.1,40,NP101is,540.0,5.4,Starlight Xpress Fil,Red,FlatWizard,,,,,,,TOP-DOWN,2000.0,N.I.N.A. 2.0.0.2048,2022-03-02_11-28-51_Red_-10.10_0.95_0_10.fits,1,/mnt/raid0/AstroImaging/Preselected/Flaming Star Nebula (IC405) started 4th February 2022/Flats/2022-03-02_11-28-51_Red_-10.10_0.95_0_10.fits,,,,,,,,,,,,,,,,,,,
True,16,2,9576,6388,True,32768,FLAT,0.95,0.95,2022-03-02T11:28:58.001,2022-03-02T11:28:58.001,1,1,0,10,0.779999971389771,3.76,3.76,ZWO ASI6200MM Pro,-10.0,-10.1,40,NP101is,540.0,5.4,Starlight Xpress Fil,Red,FlatWizard,,,,,,,TOP-DOWN,2000.0,N.I.N.A. 2.0.0.2048,2022-03-02_11-28-58_Red_-10.10_0.95_0_10.fits,1,/mnt/raid0/AstroImaging/Preselected/Flaming Star Nebula (IC405) started 4th February 2022/Flats/2022-03-02_11-28-58_Red_-10.10_0.95_0_10.fits,,,,,,,,,,,,,,,,,,,
True,16,2,9576,6388,True,32768,FLAT,0.95,0.95,2022-03-02T11:29:04.751,2022-03-02T11:29:04.751,1,1,0,10,0.779999971389771,3.76,3.76,ZWO ASI6200MM Pro,-10.0,-10.1,40,NP101is,540.0,5.4,Starlight Xpress Fil,Red,FlatWizard,,,,,,,TOP-DOWN,2000.0,N.I.N.A. 2.0.0.2048,2022-03-02_11-29-04_Red_-10.10_0.95_0_10.fits,1,/mnt/raid0/AstroImaging/Preselected/Flaming Star Nebula (IC405) started 4th February 2022/Flats/2022-03-02_11-29-04_Red_-10.10_0.95_0_10.fits,,,,,,,,,,,,,,,,,,,
True,16,2,9576,6388,True,32768,FLAT,0.95,0.95,2022-03-02T11:29:10.875,2022-03-02T11:29:10.875,1,1,0,10,0.779999971389771,3.76,3.76,ZWO ASI6200MM Pro,-10.0,-10.1,40,NP101is,540.0,5.4,Starlight Xpress Fil,Red,FlatWizard,,,,,,,TOP-DOWN,2000.0,N.I.N.A. 2.0.0.2048,2022-03-02_11-29-10_Red_-10.10_0.95_0_10.fits,1,/mnt/raid0/AstroImaging/Preselected/Flaming Star Nebula (IC405) started 4th February 2022/Flats/2022-03-02_11-29-10_Red_-10.10_0.95_0_10.fits,,,,,,,,,,,,,,,,,,,
True,16,2,9576,6388,True,32768,FLAT,0.95,0.95,2022-03-02T11:29:14.734,2022-03-02T11:29:14.734,1,1,0,10,0.779999971389771,3.76,3.76,ZWO ASI6200MM Pro,-10.0,-10.1,40,NP101is,540.0,5.4,Starlight Xpress Fil,Red,FlatWizard,,,,,,,TOP-DOWN,2000.0,N.I.N.A. 2.0.0.2048,2022-03-02_11-29-14_Red_-10.10_0.95_0_10.fits,1,/mnt/raid0/AstroImaging/Preselected/Flaming Star Nebula (IC405) started 4th February 2022/Flats/2022-03-02_11-29-14_Red_-10.10_0.95_0_10.fits,,,,,,,,,,,,,,,,,,,
True,16,2,9576,6388,True,32768,FLAT,0.95,0.95,2022-03-02T11:29:20.500,2022-03-02T11:29:20.500,1,1,0,10,0.779999971389771,3.76,3.76,ZWO ASI6200MM Pro,-10.0,-10.1,40,NP101is,540.0,5.4,Starlight Xpress Fil,Red,FlatWizard,,,,,,,TOP-DOWN,2000.0,N.I.N.A. 2.0.0.2048,2022-03-02_11-29-20_Red_-10.10_0.95_0_10.fits,1,/mnt/raid0/AstroImaging/Preselected/Flaming Star Nebula (IC405) started 4th February 2022/Flats/2022-03-02_11-29-20_Red_-10.10_0.95_0_10.fits,,,,,,,,,,,,,,,,,,,
True,16,2,9576,6388,True,32768,FLAT,0.95,0.95,2022-03-02T11:29:25.977,2022-03-02T11:29:25.977,1,1,0,10,0.779999971389771,3.76,3.76,ZWO ASI6200MM Pro,-10.0,-10.1,40,NP101is,540.0,5.4,Starlight Xpress Fil,Red,FlatWizard,,,,,,,TOP-DOWN,2000.0,N.I.N.A. 2.0.0.2048,2022-03-02_11-29-25_Red_-10.10_0.95_0_10.fits,1,/mnt/raid0/AstroImaging/Preselected/Flaming Star Nebula (IC405) started 4th February 2022/Flats/2022-03-02_11-29-25_Red_-10.10_0.95_0_10.fits,,,,,,,,,,,,,,,,,,,
True,16,2,9576,6388,True,32768,FLAT,0.95,0.95,2022-03-02T11:29:31.346,2022-03-02T11:29:31.346,1,1,0,10,0.779999971389771,3.76,3.76,ZWO ASI6200MM Pro,-10.0,-10.1,40,NP101is,540.0,5.4,Starlight Xpress Fil,Red,FlatWizard,,,,,,,TOP-DOWN,2000.0,N.I.N.A. 2.0.0.2048,2022-03-02_11-29-31_Red_-10.10_0.95_0_10.fits,1,/mnt/raid0/AstroImaging/Preselected/Flaming Star Nebula (IC405) started 4th February 2022/Flats/2022-03-02_11-29-31_Red_-10.10_0.95_0_10.fits,,,,,,,,,,,,,,,,,,,
True,16,2,9576,6388,True,32768,FLAT,0.95,0.95,2022-03-02T11:29:36.879,2022-03-02T11:29:36.879,1,1,0,10,0.779999971389771,3.76,3.76,ZWO ASI6200MM Pro,-10.0,-10.1,40,NP101is,540.0,5.4,Starlight Xpress Fil,Red,FlatWizard,,,,,,,TOP-DOWN,2000.0,N.I.N.A. 2.0.0.2048,2022-03-02_11-29-36_Red_-10.10_0.95_0_10.fits,1,/mnt/raid0/AstroImaging/Preselected/Flaming Star Nebula (IC405) started 4th February 2022/Flats/2022-03-02_11-29-36_Red_-10.10_0.95_0_10.fits,,,,,,,,,,,,,,,,,,,
True,16,2,9576,6388,True,32768,FLAT,0.95,0.95,2022-03-02T11:29:42.502,2022-03-02T11:29:42.502,1,1,0,10,0.779999971389771,3.76,3.76,ZWO ASI6200MM Pro,-10.0,-10.1,40,NP101is,540.0,5.4,Starlight Xpress Fil,Red,FlatWizard,,,,,,,TOP-DOWN,2000.0,N.I.N.A. 2.0.0.2048,2022-03-02_11-29-42_Red_-10.10_0.95_0_10.fits,1,/mnt/raid0/AstroImaging/Preselected/Flaming Star Nebula (IC405) started 4th February 2022/Flats/2022-03-02_11-29-42_Red_-10.10_0.95_0_10.fits,,,,,,,,,,,,,,,,,,,
True,16,2,9576,6388,True,32768,FLAT,0.95,0.95,2022-03-02T11:29:50.394,2022-03-02T11:29:50.394,1,1,0,10,0.779999971389771,3.76,3.76,ZWO ASI6200MM Pro,-10.0,-10.1,40,NP101is,540.0,5.4,Starlight Xpress Fil,Red,FlatWizard,,,,,,,TOP-DOWN,2000.0,N.I.N.A. 2.0.0.2048,2022-03-02_11-29-50_Red_-10.10_0.95_0_10.fits,1,/mnt/raid0/AstroImaging/Preselected/Flaming Star Nebula (IC405) started 4th February 2022/Flats/2022-03-02_11-29-50_Red_-10.10_0.95_0_10.fits,,,,,,,,,,,,,,,,,,,
True,16,2,9576,6388,True,32768,FLAT,0.95,0.95,2022-03-02T11:29:54.264,2022-03-02T11:29:54.264,1,1,0,10,0.779999971389771,3.76,3.76,ZWO ASI6200MM Pro,-10.0,-10.1,40,NP101is,540.0,5.4,Starlight Xpress Fil,Red,FlatWizard,,,,,,,TOP-DOWN,2000.0,N.I.N.A. 2.0.0.2048,2022-03-02_11-29-54_Red_-10.10_0.95_0_10.fits,1,/mnt/raid0/AstroImaging/Preselected/Flaming Star Nebula (IC405) started 4th February 2022/Flats/2022-03-02_11-29-54_Red_-10.10_0.95_0_10.fits,,,,,,,,,,,,,,,,,,,
True,16,2,9576,6388,True,32768,FLAT,0.95,0.95,2022-03-02T11:29:59.689,2022-03-02T11:29:59.689,1,1,0,10,0.779999971389771,3.76,3.76,ZWO ASI6200MM Pro,-10.0,-10.0,40,NP101is,540.0,5.4,Starlight Xpress Fil,Red,FlatWizard,,,,,,,TOP-DOWN,2000.0,N.I.N.A. 2.0.0.2048,2022-03-02_11-29-59_Red_-10.00_0.95_0_10.fits,1,/mnt/raid0/AstroImaging/Preselected/Flaming Star Nebula (IC405) started 4th February 2022/Flats/2022-03-02_11-29-59_Red_-10.00_0.95_0_10.fits,,,,,,,,,,,,,,,,,,,
True,16,2,9576,6388,True,32768,FLAT,0.95,0.95,2022-03-02T11:30:05.085,2022-03-02T11:30:05.085,1,1,0,10,0.779999971389771,3.76,3.76,ZWO ASI6200MM Pro,-10.0,-10.0,40,NP101is,540.0,5.4,Starlight Xpress Fil,Red,FlatWizard,,,,,,,TOP-DOWN,2000.0,N.I.N.A. 2.0.0.2048,2022-03-02_11-30-05_Red_-10.00_0.95_0_10.fits,1,/mnt/raid0/AstroImaging/Preselected/Flaming Star Nebula (IC405) started 4th February 2022/Flats/2022-03-02_11-30-05_Red_-10.00_0.95_0_10.fits,,,,,,,,,,,,,,,,,,,
True,16,2,9576,6388,True,32768,FLAT,0.95,0.95,2022-03-02T11:30:10.331,2022-03-02T11:30:10.331,1,1,0,10,0.779999971389771,3.76,3.76,ZWO ASI6200MM Pro,-10.0,-10.0,40,NP101is,540.0,5.4,Starlight Xpress Fil,Red,FlatWizard,,,,,,,TOP-DOWN,2000.0,N.I.N.A. 2.0.0.2048,2022-03-02_11-30-10_Red_-10.00_0.95_0_10.fits,1,/mnt/raid0/AstroImaging/Preselected/Flaming Star Nebula (IC405) started 4th February 2022/Flats/2022-03-02_11-30-10_Red_-10.00_0.95_0_10.fits,,,,,,,,,,,,,,,,,,,
True,16,2,9576,6388,True,32768,FLAT,0.95,0.95,2022-03-02T11:30:15.747,2022-03-02T11:30:15.747,1,1,0,10,0.779999971389771,3.76,3.76,ZWO ASI6200MM Pro,-10.0,-10.0,40,NP101is,540.0,5.4,Starlight Xpress Fil,Red,FlatWizard,,,,,,,TOP-DOWN,2000.0,N.I.N.A. 2.0.0.2048,2022-03-02_11-30-15_Red_-10.00_0.95_0_10.fits,1,/mnt/raid0/AstroImaging/Preselected/Flaming Star Nebula (IC405) started 4th February 2022/Flats/2022-03-02_11-30-15_Red_-10.00_0.95_0_10.fits,,,,,,,,,,,,,,,,,,,
True,16,2,9576,6388,True,32768,FLAT,0.95,0.95,2022-03-02T11:30:21.115,2022-03-02T11:30:21.115,1,1,0,10,0.779999971389771,3.76,3.76,ZWO ASI6200MM Pro,-10.0,-10.0,40,NP101is,540.0,5.4,Starlight Xpress Fil,Red,FlatWizard,,,,,,,TOP-DOWN,2000.0,N.I.N.A. 2.0.0.2048,2022-03-02_11-30-21_Red_-10.00_0.95_0_10.fits,1,/mnt/raid0/AstroImaging/Preselected/Flaming Star Nebula (IC405) started 4th February 2022/Flats/2022-03-02_11-30-21_Red_-10.00_0.95_0_10.fits,,,,,,,,,,,,,,,,,,,
True,16,2,9576,6388,True,32768,FLAT,1.3,1.3,2022-03-02T11:30:47.704,2022-03-02T11:30:47.704,1,1,0,10,0.779999971389771,3.76,3.76,ZWO ASI6200MM Pro,-10.0,-9.9,40,NP101is,540.0,5.4,Starlight Xpress Fil,Green,FlatWizard,,,,,,,TOP-DOWN,2000.0,N.I.N.A. 2.0.0.2048,2022-03-02_11-30-47_Green_-9.90_1.30_0_10.fits,1,/mnt/raid0/AstroImaging/Preselected/Flaming Star Nebula (IC405) started 4th February 2022/Flats/2022-03-02_11-30-47_Green_-9.90_1.30_0_10.fits,,,,,,,,,,,,,,,,,,,
True,16,2,9576,6388,True,32768,FLAT,1.3,1.3,2022-03-02T11:30:51.939,2022-03-02T11:30:51.939,1,1,0,10,0.779999971389771,3.76,3.76,ZWO ASI6200MM Pro,-10.0,-9.9,40,NP101is,540.0,5.4,Starlight Xpress Fil,Green,FlatWizard,,,,,,,TOP-DOWN,2000.0,N.I.N.A. 2.0.0.2048,2022-03-02_11-30-51_Green_-9.90_1.30_0_10.fits,1,/mnt/raid0/AstroImaging/Preselected/Flaming Star Nebula (IC405) started 4th February 2022/Flats/2022-03-02_11-30-51_Green_-9.90_1.30_0_10.fits,,,,,,,,,,,,,,,,,,,
True,16,2,9576,6388,True,32768,FLAT,1.3,1.3,2022-03-02T11:30:57.566,2022-03-02T11:30:57.566,1,1,0,10,0.779999971389771,3.76,3.76,ZWO ASI6200MM Pro,-10.0,-9.9,40,NP101is,540.0,5.4,Starlight Xpress Fil,Green,FlatWizard,,,,,,,TOP-DOWN,2000.0,N.I.N.A. 2.0.0.2048,2022-03-02_11-30-57_Green_-9.90_1.30_0_10.fits,1,/mnt/raid0/AstroImaging/Preselected/Flaming Star Nebula (IC405) started 4th February 2022/Flats/2022-03-02_11-30-57_Green_-9.90_1.30_0_10.fits,,,,,,,,,,,,,,,,,,,
True,16,2,9576,6388,True,32768,FLAT,1.3,1.3,2022-03-02T11:31:03.268,2022-03-02T11:31:03.268,1,1,0,10,0.779999971389771,3.76,3.76,ZWO ASI6200MM Pro,-10.0,-9.9,40,NP101is,540.0,5.4,Starlight Xpress Fil,Green,FlatWizard,,,,,,,TOP-DOWN,2000.0,N.I.N.A. 2.0.0.2048,2022-03-02_11-31-03_Green_-9.90_1.30_0_10.fits,1,/mnt/raid0/AstroImaging/Preselected/Flaming Star Nebula (IC405) started 4th February 2022/Flats/2022-03-02_11-31-03_Green_-9.90_1.30_0_10.fits,,,,,,,,,,,,,,,,,,,
True,16,2,9576,6388,True,32768,FLAT,1.3,1.3,2022-03-02T11:31:08.664,2022-03-02T11:31:08.664,1,1,0,10,0.779999971389771,3.76,3.76,ZWO ASI6200MM Pro,-10.0,-9.9,40,NP101is,540.0,5.4,Starlight Xpress Fil,Green,FlatWizard,,,,,,,TOP-DOWN,2000.0,N.I.N.A. 2.0.0.2048,2022-03-02_11-31-08_Green_-9.90_1.30_0_10.fits,1,/mnt/raid0/AstroImaging/Preselected/Flaming Star Nebula (IC405) started 4th February 2022/Flats/2022-03-02_11-31-08_Green_-9.90_1.30_0_10.fits,,,,,,,,,,,,,,,,,,,
True,16,2,9576,6388,True,32768,FLAT,1.3,1.3,2022-03-02T11:31:14.127,2022-03-02T11:31:14.127,1,1,0,10,0.779999971389771,3.76,3.76,ZWO ASI6200MM Pro,-10.0,-9.9,40,NP101is,540.0,5.4,Starlight Xpress Fil,Green,FlatWizard,,,,,,,TOP-DOWN,2000.0,N.I.N.A. 2.0.0.2048,2022-03-02_11-31-14_Green_-9.90_1.30_0_10.fits,1,/mnt/raid0/AstroImaging/Preselected/Flaming Star Nebula (IC405) started 4th February 2022/Flats/2022-03-02_11-31-14_Green_-9.90_1.30_0_10.fits,,,,,,,,,,,,,,,,,,,
True,16,2,9576,6388,True,32768,FLAT,1.3,1.3,2022-03-02T11:31:19.674,2022-03-02T11:31:19.674,1,1,0,10,0.779999971389771,3.76,3.76,ZWO ASI6200MM Pro,-10.0,-9.9,40,NP101is,540.0,5.4,Starlight Xpress Fil,Green,FlatWizard,,,,,,,TOP-DOWN,2000.0,N.I.N.A. 2.0.0.2048,2022-03-02_11-31-19_Green_-9.90_1.30_0_10.fits,1,/mnt/raid0/AstroImaging/Preselected/Flaming Star Nebula (IC405) started 4th February 2022/Flats/2022-03-02_11-31-19_Green_-9.90_1.30_0_10.fits,,,,,,,,,,,,,,,,,,,
True,16,2,9576,6388,True,32768,FLAT,1.3,1.3,2022-03-02T11:31:27.421,2022-03-02T11:31:27.421,1,1,0,10,0.779999971389771,3.76,3.76,ZWO ASI6200MM Pro,-10.0,-9.9,40,NP101is,540.0,5.4,Starlight Xpress Fil,Green,FlatWizard,,,,,,,TOP-DOWN,2000.0,N.I.N.A. 2.0.0.2048,2022-03-02_11-31-27_Green_-9.90_1.30_0_10.fits,1,/mnt/raid0/AstroImaging/Preselected/Flaming Star Nebula (IC405) started 4th February 2022/Flats/2022-03-02_11-31-27_Green_-9.90_1.30_0_10.fits,,,,,,,,,,,,,,,,,,,
True,16,2,9576,6388,True,32768,FLAT,1.3,1.3,2022-03-02T11:31:31.376,2022-03-02T11:31:31.376,1,1,0,10,0.779999971389771,3.76,3.76,ZWO ASI6200MM Pro,-10.0,-10.0,40,NP101is,540.0,5.4,Starlight Xpress Fil,Green,FlatWizard,,,,,,,TOP-DOWN,2000.0,N.I.N.A. 2.0.0.2048,2022-03-02_11-31-31_Green_-10.00_1.30_0_10.fits,1,/mnt/raid0/AstroImaging/Preselected/Flaming Star Nebula (IC405) started 4th February 2022/Flats/2022-03-02_11-31-31_Green_-10.00_1.30_0_10.fits,,,,,,,,,,,,,,,,,,,
True,16,2,9576,6388,True,32768,FLAT,1.3,1.3,2022-03-02T11:31:36.943,2022-03-02T11:31:36.943,1,1,0,10,0.779999971389771,3.76,3.76,ZWO ASI6200MM Pro,-10.0,-9.9,40,NP101is,540.0,5.4,Starlight Xpress Fil,Green,FlatWizard,,,,,,,TOP-DOWN,2000.0,N.I.N.A. 2.0.0.2048,2022-03-02_11-31-36_Green_-9.90_1.30_0_10.fits,1,/mnt/raid0/AstroImaging/Preselected/Flaming Star Nebula (IC405) started 4th February 2022/Flats/2022-03-02_11-31-36_Green_-9.90_1.30_0_10.fits,,,,,,,,,,,,,,,,,,,
True,16,2,9576,6388,True,32768,FLAT,1.3,1.3,2022-03-02T11:31:44.943,2022-03-02T11:31:44.943,1,1,0,10,0.779999971389771,3.76,3.76,ZWO ASI6200MM Pro,-10.0,-10.0,40,NP101is,540.0,5.4,Starlight Xpress Fil,Green,FlatWizard,,,,,,,TOP-DOWN,2000.0,N.I.N.A. 2.0.0.2048,2022-03-02_11-31-44_Green_-10.00_1.30_0_10.fits,1,/mnt/raid0/AstroImaging/Preselected/Flaming Star Nebula (IC405) started 4th February 2022/Flats/2022-03-02_11-31-44_Green_-10.00_1.30_0_10.fits,,,,,,,,,,,,,,,,,,,
True,16,2,9576,6388,True,32768,FLAT,1.3,1.3,2022-03-02T11:31:48.671,2022-03-02T11:31:48.671,1,1,0,10,0.779999971389771,3.76,3.76,ZWO ASI6200MM Pro,-10.0,-10.0,40,NP101is,540.0,5.4,Starlight Xpress Fil,Green,FlatWizard,,,,,,,TOP-DOWN,2000.0,N.I.N.A. 2.0.0.2048,2022-03-02_11-31-48_Green_-10.00_1.30_0_10.fits,1,/mnt/raid0/AstroImaging/Preselected/Flaming Star Nebula (IC405) started 4th February 2022/Flats/2022-03-02_11-31-48_Green_-10.00_1.30_0_10.fits,,,,,,,,,,,,,,,,,,,
True,16,2,9576,6388,True,32768,FLAT,1.3,1.3,2022-03-02T11:31:57.209,2022-03-02T11:31:57.209,1,1,0,10,0.779999971389771,3.76,3.76,ZWO ASI6200MM Pro,-10.0,-10.0,40,NP101is,540.0,5.4,Starlight Xpress Fil,Green,FlatWizard,,,,,,,TOP-DOWN,2000.0,N.I.N.A. 2.0.0.2048,2022-03-02_11-31-57_Green_-10.00_1.30_0_10.fits,1,/mnt/raid0/AstroImaging/Preselected/Flaming Star Nebula (IC405) started 4th February 2022/Flats/2022-03-02_11-31-57_Green_-10.00_1.30_0_10.fits,,,,,,,,,,,,,,,,,,,
True,16,2,9576,6388,True,32768,FLAT,1.3,1.3,2022-03-02T11:32:05.495,2022-03-02T11:32:05.495,1,1,0,10,0.779999971389771,3.76,3.76,ZWO ASI6200MM Pro,-10.0,-10.0,40,NP101is,540.0,5.4,Starlight Xpress Fil,Green,FlatWizard,,,,,,,TOP-DOWN,2000.0,N.I.N.A. 2.0.0.2048,2022-03-02_11-32-05_Green_-10.00_1.30_0_10.fits,1,/mnt/raid0/AstroImaging/Preselected/Flaming Star Nebula (IC405) started 4th February 2022/Flats/2022-03-02_11-32-05_Green_-10.00_1.30_0_10.fits,,,,,,,,,,,,,,,,,,,
True,16,2,9576,6388,True,32768,FLAT,1.3,1.3,2022-03-02T11:32:09.354,2022-03-02T11:32:09.354,1,1,0,10,0.779999971389771,3.76,3.76,ZWO ASI6200MM Pro,-10.0,-10.0,40,NP101is,540.0,5.4,Starlight Xpress Fil,Green,FlatWizard,,,,,,,TOP-DOWN,2000.0,N.I.N.A. 2.0.0.2048,2022-03-02_11-32-09_Green_-10.00_1.30_0_10.fits,1,/mnt/raid0/AstroImaging/Preselected/Flaming Star Nebula (IC405) started 4th February 2022/Flats/2022-03-02_11-32-09_Green_-10.00_1.30_0_10.fits,,,,,,,,,,,,,,,,,,,
True,16,2,9576,6388,True,32768,FLAT,1.3,1.3,2022-03-02T11:32:14.994,2022-03-02T11:32:14.994,1,1,0,10,0.779999971389771,3.76,3.76,ZWO ASI6200MM Pro,-10.0,-10.0,40,NP101is,540.0,5.4,Starlight Xpress Fil,Green,FlatWizard,,,,,,,TOP-DOWN,2000.0,N.I.N.A. 2.0.0.2048,2022-03-02_11-32-14_Green_-10.00_1.30_0_10.fits,1,/mnt/raid0/AstroImaging/Preselected/Flaming Star Nebula (IC405) started 4th February 2022/Flats/2022-03-02_11-32-14_Green_-10.00_1.30_0_10.fits,,,,,,,,,,,,,,,,,,,
True,16,2,9576,6388,True,32768,FLAT,1.3,1.3,2022-03-02T11:32:20.651,2022-03-02T11:32:20.651,1,1,0,10,0.779999971389771,3.76,3.76,ZWO ASI6200MM Pro,-10.0,-10.0,40,NP101is,540.0,5.4,Starlight Xpress Fil,Green,FlatWizard,,,,,,,TOP-DOWN,2000.0,N.I.N.A. 2.0.0.2048,2022-03-02_11-32-20_Green_-10.00_1.30_0_10.fits,1,/mnt/raid0/AstroImaging/Preselected/Flaming Star Nebula (IC405) started 4th February 2022/Flats/2022-03-02_11-32-20_Green_-10.00_1.30_0_10.fits,,,,,,,,,,,,,,,,,,,
True,16,2,9576,6388,True,32768,FLAT,1.3,1.3,2022-03-02T11:32:28.521,2022-03-02T11:32:28.521,1,1,0,10,0.779999971389771,3.76,3.76,ZWO ASI6200MM Pro,-10.0,-10.0,40,NP101is,540.0,5.4,Starlight Xpress Fil,Green,FlatWizard,,,,,,,TOP-DOWN,2000.0,N.I.N.A. 2.0.0.2048,2022-03-02_11-32-28_Green_-10.00_1.30_0_10.fits,1,/mnt/raid0/AstroImaging/Preselected/Flaming Star Nebula (IC405) started 4th February 2022/Flats/2022-03-02_11-32-28_Green_-10.00_1.30_0_10.fits,,,,,,,,,,,,,,,,,,,
True,16,2,9576,6388,True,32768,FLAT,1.3,1.3,2022-03-02T11:32:32.698,2022-03-02T11:32:32.698,1,1,0,10,0.779999971389771,3.76,3.76,ZWO ASI6200MM Pro,-10.0,-10.0,40,NP101is,540.0,5.4,Starlight Xpress Fil,Green,FlatWizard,,,,,,,TOP-DOWN,2000.0,N.I.N.A. 2.0.0.2048,2022-03-02_11-32-32_Green_-10.00_1.30_0_10.fits,1,/mnt/raid0/AstroImaging/Preselected/Flaming Star Nebula (IC405) started 4th February 2022/Flats/2022-03-02_11-32-32_Green_-10.00_1.30_0_10.fits,,,,,,,,,,,,,,,,,,,
True,16,2,9576,6388,True,32768,FLAT,1.3,1.3,2022-03-02T11:32:38.074,2022-03-02T11:32:38.074,1,1,0,10,0.779999971389771,3.76,3.76,ZWO ASI6200MM Pro,-10.0,-10.0,40,NP101is,540.0,5.4,Starlight Xpress Fil,Green,FlatWizard,,,,,,,TOP-DOWN,2000.0,N.I.N.A. 2.0.0.2048,2022-03-02_11-32-38_Green_-10.00_1.30_0_10.fits,1,/mnt/raid0/AstroImaging/Preselected/Flaming Star Nebula (IC405) started 4th February 2022/Flats/2022-03-02_11-32-38_Green_-10.00_1.30_0_10.fits,,,,,,,,,,,,,,,,,,,
True,16,2,9576,6388,True,32768,FLAT,1.3,1.3,2022-03-02T11:32:43.559,2022-03-02T11:32:43.559,1,1,0,10,0.779999971389771,3.76,3.76,ZWO ASI6200MM Pro,-10.0,-10.0,40,NP101is,540.0,5.4,Starlight Xpress Fil,Green,FlatWizard,,,,,,,TOP-DOWN,2000.0,N.I.N.A. 2.0.0.2048,2022-03-02_11-32-43_Green_-10.00_1.30_0_10.fits,1,/mnt/raid0/AstroImaging/Preselected/Flaming Star Nebula (IC405) started 4th February 2022/Flats/2022-03-02_11-32-43_Green_-10.00_1.30_0_10.fits,,,,,,,,,,,,,,,,,,,
True,16,2,9576,6388,True,32768,FLAT,1.3,1.3,2022-03-02T11:32:49.005,2022-03-02T11:32:49.005,1,1,0,10,0.779999971389771,3.76,3.76,ZWO ASI6200MM Pro,-10.0,-10.0,40,NP101is,540.0,5.4,Starlight Xpress Fil,Green,FlatWizard,,,,,,,TOP-DOWN,2000.0,N.I.N.A. 2.0.0.2048,2022-03-02_11-32-49_Green_-10.00_1.30_0_10.fits,1,/mnt/raid0/AstroImaging/Preselected/Flaming Star Nebula (IC405) started 4th February 2022/Flats/2022-03-02_11-32-49_Green_-10.00_1.30_0_10.fits,,,,,,,,,,,,,,,,,,,
True,16,2,9576,6388,True,32768,FLAT,1.3,1.3,2022-03-02T11:32:54.627,2022-03-02T11:32:54.627,1,1,0,10,0.779999971389771,3.76,3.76,ZWO ASI6200MM Pro,-10.0,-9.9,40,NP101is,540.0,5.4,Starlight Xpress Fil,Green,FlatWizard,,,,,,,TOP-DOWN,2000.0,N.I.N.A. 2.0.0.2048,2022-03-02_11-32-54_Green_-9.90_1.30_0_10.fits,1,/mnt/raid0/AstroImaging/Preselected/Flaming Star Nebula (IC405) started 4th February 2022/Flats/2022-03-02_11-32-54_Green_-9.90_1.30_0_10.fits,,,,,,,,,,,,,,,,,,,
True,16,2,9576,6388,True,32768,FLAT,1.3,1.3,2022-03-02T11:33:00.092,2022-03-02T11:33:00.092,1,1,0,10,0.779999971389771,3.76,3.76,ZWO ASI6200MM Pro,-10.0,-9.9,40,NP101is,540.0,5.4,Starlight Xpress Fil,Green,FlatWizard,,,,,,,TOP-DOWN,2000.0,N.I.N.A. 2.0.0.2048,2022-03-02_11-33-00_Green_-9.90_1.30_0_10.fits,1,/mnt/raid0/AstroImaging/Preselected/Flaming Star Nebula (IC405) started 4th February 2022/Flats/2022-03-02_11-33-00_Green_-9.90_1.30_0_10.fits,,,,,,,,,,,,,,,,,,,
True,16,2,9576,6388,True,32768,FLAT,1.3,1.3,2022-03-02T11:33:05.645,2022-03-02T11:33:05.645,1,1,0,10,0.779999971389771,3.76,3.76,ZWO ASI6200MM Pro,-10.0,-10.0,40,NP101is,540.0,5.4,Starlight Xpress Fil,Green,FlatWizard,,,,,,,TOP-DOWN,2000.0,N.I.N.A. 2.0.0.2048,2022-03-02_11-33-05_Green_-10.00_1.30_0_10.fits,1,/mnt/raid0/AstroImaging/Preselected/Flaming Star Nebula (IC405) started 4th February 2022/Flats/2022-03-02_11-33-05_Green_-10.00_1.30_0_10.fits,,,,,,,,,,,,,,,,,,,
True,16,2,9576,6388,True,32768,FLAT,1.3,1.3,2022-03-02T11:33:11.321,2022-03-02T11:33:11.321,1,1,0,10,0.779999971389771,3.76,3.76,ZWO ASI6200MM Pro,-10.0,-10.0,40,NP101is,540.0,5.4,Starlight Xpress Fil,Green,FlatWizard,,,,,,,TOP-DOWN,2000.0,N.I.N.A. 2.0.0.2048,2022-03-02_11-33-11_Green_-10.00_1.30_0_10.fits,1,/mnt/raid0/AstroImaging/Preselected/Flaming Star Nebula (IC405) started 4th February 2022/Flats/2022-03-02_11-33-11_Green_-10.00_1.30_0_10.fits,,,,,,,,,,,,,,,,,,,
True,16,2,9576,6388,True,32768,FLAT,1.3,1.3,2022-03-02T11:33:16.883,2022-03-02T11:33:16.883,1,1,0,10,0.779999971389771,3.76,3.76,ZWO ASI6200MM Pro,-10.0,-10.0,40,NP101is,540.0,5.4,Starlight Xpress Fil,Green,FlatWizard,,,,,,,TOP-DOWN,2000.0,N.I.N.A. 2.0.0.2048,2022-03-02_11-33-16_Green_-10.00_1.30_0_10.fits,1,/mnt/raid0/AstroImaging/Preselected/Flaming Star Nebula (IC405) started 4th February 2022/Flats/2022-03-02_11-33-16_Green_-10.00_1.30_0_10.fits,,,,,,,,,,,,,,,,,,,
True,16,2,9576,6388,True,32768,FLAT,1.3,1.3,2022-03-02T11:33:22.379,2022-03-02T11:33:22.379,1,1,0,10,0.779999971389771,3.76,3.76,ZWO ASI6200MM Pro,-10.0,-10.0,40,NP101is,540.0,5.4,Starlight Xpress Fil,Green,FlatWizard,,,,,,,TOP-DOWN,2000.0,N.I.N.A. 2.0.0.2048,2022-03-02_11-33-22_Green_-10.00_1.30_0_10.fits,1,/mnt/raid0/AstroImaging/Preselected/Flaming Star Nebula (IC405) started 4th February 2022/Flats/2022-03-02_11-33-22_Green_-10.00_1.30_0_10.fits,,,,,,,,,,,,,,,,,,,
True,16,2,9576,6388,True,32768,FLAT,1.3,1.3,2022-03-02T11:33:27.833,2022-03-02T11:33:27.833,1,1,0,10,0.779999971389771,3.76,3.76,ZWO ASI6200MM Pro,-10.0,-10.0,40,NP101is,540.0,5.4,Starlight Xpress Fil,Green,FlatWizard,,,,,,,TOP-DOWN,2000.0,N.I.N.A. 2.0.0.2048,2022-03-02_11-33-27_Green_-10.00_1.30_0_10.fits,1,/mnt/raid0/AstroImaging/Preselected/Flaming Star Nebula (IC405) started 4th February 2022/Flats/2022-03-02_11-33-27_Green_-10.00_1.30_0_10.fits,,,,,,,,,,,,,,,,,,,
True,16,2,9576,6388,True,32768,FLAT,1.3,1.3,2022-03-02T11:33:33.261,2022-03-02T11:33:33.261,1,1,0,10,0.779999971389771,3.76,3.76,ZWO ASI6200MM Pro,-10.0,-10.0,40,NP101is,540.0,5.4,Starlight Xpress Fil,Green,FlatWizard,,,,,,,TOP-DOWN,2000.0,N.I.N.A. 2.0.0.2048,2022-03-02_11-33-33_Green_-10.00_1.30_0_10.fits,1,/mnt/raid0/AstroImaging/Preselected/Flaming Star Nebula (IC405) started 4th February 2022/Flats/2022-03-02_11-33-33_Green_-10.00_1.30_0_10.fits,,,,,,,,,,,,,,,,,,,
True,16,2,9576,6388,True,32768,FLAT,1.3,1.3,2022-03-02T11:33:41.426,2022-03-02T11:33:41.426,1,1,0,10,0.779999971389771,3.76,3.76,ZWO ASI6200MM Pro,-10.0,-10.0,40,NP101is,540.0,5.4,Starlight Xpress Fil,Green,FlatWizard,,,,,,,TOP-DOWN,2000.0,N.I.N.A. 2.0.0.2048,2022-03-02_11-33-41_Green_-10.00_1.30_0_10.fits,1,/mnt/raid0/AstroImaging/Preselected/Flaming Star Nebula (IC405) started 4th February 2022/Flats/2022-03-02_11-33-41_Green_-10.00_1.30_0_10.fits,,,,,,,,,,,,,,,,,,,
True,16,2,9576,6388,True,32768,FLAT,1.3,1.3,2022-03-02T11:33:45.151,2022-03-02T11:33:45.151,1,1,0,10,0.779999971389771,3.76,3.76,ZWO ASI6200MM Pro,-10.0,-10.0,40,NP101is,540.0,5.4,Starlight Xpress Fil,Green,FlatWizard,,,,,,,TOP-DOWN,2000.0,N.I.N.A. 2.0.0.2048,2022-03-02_11-33-45_Green_-10.00_1.30_0_10.fits,1,/mnt/raid0/AstroImaging/Preselected/Flaming Star Nebula (IC405) started 4th February 2022/Flats/2022-03-02_11-33-45_Green_-10.00_1.30_0_10.fits,,,,,,,,,,,,,,,,,,,
True,16,2,9576,6388,True,32768,FLAT,1.3,1.3,2022-03-02T11:33:51.237,2022-03-02T11:33:51.237,1,1,0,10,0.779999971389771,3.76,3.76,ZWO ASI6200MM Pro,-10.0,-10.0,40,NP101is,540.0,5.4,Starlight Xpress Fil,Green,FlatWizard,,,,,,,TOP-DOWN,2000.0,N.I.N.A. 2.0.0.2048,2022-03-02_11-33-51_Green_-10.00_1.30_0_10.fits,1,/mnt/raid0/AstroImaging/Preselected/Flaming Star Nebula (IC405) started 4th February 2022/Flats/2022-03-02_11-33-51_Green_-10.00_1.30_0_10.fits,,,,,,,,,,,,,,,,,,,
True,16,2,9576,6388,True,32768,FLAT,1.3,1.3,2022-03-02T11:33:57.545,2022-03-02T11:33:57.545,1,1,0,10,0.779999971389771,3.76,3.76,ZWO ASI6200MM Pro,-10.0,-10.0,40,NP101is,540.0,5.4,Starlight Xpress Fil,Green,FlatWizard,,,,,,,TOP-DOWN,2000.0,N.I.N.A. 2.0.0.2048,2022-03-02_11-33-57_Green_-10.00_1.30_0_10.fits,1,/mnt/raid0/AstroImaging/Preselected/Flaming Star Nebula (IC405) started 4th February 2022/Flats/2022-03-02_11-33-57_Green_-10.00_1.30_0_10.fits,,,,,,,,,,,,,,,,,,,
True,16,2,9576,6388,True,32768,FLAT,1.3,1.3,2022-03-02T11:34:02.956,2022-03-02T11:34:02.956,1,1,0,10,0.779999971389771,3.76,3.76,ZWO ASI6200MM Pro,-10.0,-10.0,40,NP101is,540.0,5.4,Starlight Xpress Fil,Green,FlatWizard,,,,,,,TOP-DOWN,2000.0,N.I.N.A. 2.0.0.2048,2022-03-02_11-34-02_Green_-10.00_1.30_0_10.fits,1,/mnt/raid0/AstroImaging/Preselected/Flaming Star Nebula (IC405) started 4th February 2022/Flats/2022-03-02_11-34-02_Green_-10.00_1.30_0_10.fits,,,,,,,,,,,,,,,,,,,
True,16,2,9576,6388,True,32768,FLAT,1.3,1.3,2022-03-02T11:34:08.501,2022-03-02T11:34:08.501,1,1,0,10,0.779999971389771,3.76,3.76,ZWO ASI6200MM Pro,-10.0,-9.9,40,NP101is,540.0,5.4,Starlight Xpress Fil,Green,FlatWizard,,,,,,,TOP-DOWN,2000.0,N.I.N.A. 2.0.0.2048,2022-03-02_11-34-08_Green_-9.90_1.30_0_10.fits,1,/mnt/raid0/AstroImaging/Preselected/Flaming Star Nebula (IC405) started 4th February 2022/Flats/2022-03-02_11-34-08_Green_-9.90_1.30_0_10.fits,,,,,,,,,,,,,,,,,,,
True,16,2,9576,6388,True,32768,FLAT,1.3,1.3,2022-03-02T11:34:13.835,2022-03-02T11:34:13.835,1,1,0,10,0.779999971389771,3.76,3.76,ZWO ASI6200MM Pro,-10.0,-9.9,40,NP101is,540.0,5.4,Starlight Xpress Fil,Green,FlatWizard,,,,,,,TOP-DOWN,2000.0,N.I.N.A. 2.0.0.2048,2022-03-02_11-34-13_Green_-9.90_1.30_0_10.fits,1,/mnt/raid0/AstroImaging/Preselected/Flaming Star Nebula (IC405) started 4th February 2022/Flats/2022-03-02_11-34-13_Green_-9.90_1.30_0_10.fits,,,,,,,,,,,,,,,,,,,
True,16,2,9576,6388,True,32768,FLAT,1.3,1.3,2022-03-02T11:34:19.220,2022-03-02T11:34:19.220,1,1,0,10,0.779999971389771,3.76,3.76,ZWO ASI6200MM Pro,-10.0,-9.9,40,NP101is,540.0,5.4,Starlight Xpress Fil,Green,FlatWizard,,,,,,,TOP-DOWN,2000.0,N.I.N.A. 2.0.0.2048,2022-03-02_11-34-19_Green_-9.90_1.30_0_10.fits,1,/mnt/raid0/AstroImaging/Preselected/Flaming Star Nebula (IC405) started 4th February 2022/Flats/2022-03-02_11-34-19_Green_-9.90_1.30_0_10.fits,,,,,,,,,,,,,,,,,,,
True,16,2,9576,6388,True,32768,FLAT,1.3,1.3,2022-03-02T11:34:24.502,2022-03-02T11:34:24.502,1,1,0,10,0.779999971389771,3.76,3.76,ZWO ASI6200MM Pro,-10.0,-9.9,40,NP101is,540.0,5.4,Starlight Xpress Fil,Green,FlatWizard,,,,,,,TOP-DOWN,2000.0,N.I.N.A. 2.0.0.2048,2022-03-02_11-34-24_Green_-9.90_1.30_0_10.fits,1,/mnt/raid0/AstroImaging/Preselected/Flaming Star Nebula (IC405) started 4th February 2022/Flats/2022-03-02_11-34-24_Green_-9.90_1.30_0_10.fits,,,,,,,,,,,,,,,,,,,
True,16,2,9576,6388,True,32768,FLAT,1.3,1.3,2022-03-02T11:34:29.866,2022-03-02T11:34:29.866,1,1,0,10,0.779999971389771,3.76,3.76,ZWO ASI6200MM Pro,-10.0,-10.0,40,NP101is,540.0,5.4,Starlight Xpress Fil,Green,FlatWizard,,,,,,,TOP-DOWN,2000.0,N.I.N.A. 2.0.0.2048,2022-03-02_11-34-29_Green_-10.00_1.30_0_10.fits,1,/mnt/raid0/AstroImaging/Preselected/Flaming Star Nebula (IC405) started 4th February 2022/Flats/2022-03-02_11-34-29_Green_-10.00_1.30_0_10.fits,,,,,,,,,,,,,,,,,,,
True,16,2,9576,6388,True,32768,FLAT,1.3,1.3,2022-03-02T11:34:35.346,2022-03-02T11:34:35.346,1,1,0,10,0.779999971389771,3.76,3.76,ZWO ASI6200MM Pro,-10.0,-10.0,40,NP101is,540.0,5.4,Starlight Xpress Fil,Green,FlatWizard,,,,,,,TOP-DOWN,2000.0,N.I.N.A. 2.0.0.2048,2022-03-02_11-34-35_Green_-10.00_1.30_0_10.fits,1,/mnt/raid0/AstroImaging/Preselected/Flaming Star Nebula (IC405) started 4th February 2022/Flats/2022-03-02_11-34-35_Green_-10.00_1.30_0_10.fits,,,,,,,,,,,,,,,,,,,
True,16,2,9576,6388,True,32768,FLAT,1.3,1.3,2022-03-02T11:34:40.798,2022-03-02T11:34:40.798,1,1,0,10,0.779999971389771,3.76,3.76,ZWO ASI6200MM Pro,-10.0,-10.0,40,NP101is,540.0,5.4,Starlight Xpress Fil,Green,FlatWizard,,,,,,,TOP-DOWN,2000.0,N.I.N.A. 2.0.0.2048,2022-03-02_11-34-40_Green_-10.00_1.30_0_10.fits,1,/mnt/raid0/AstroImaging/Preselected/Flaming Star Nebula (IC405) started 4th February 2022/Flats/2022-03-02_11-34-40_Green_-10.00_1.30_0_10.fits,,,,,,,,,,,,,,,,,,,
True,16,2,9576,6388,True,32768,FLAT,1.3,1.3,2022-03-02T11:34:46.259,2022-03-02T11:34:46.259,1,1,0,10,0.779999971389771,3.76,3.76,ZWO ASI6200MM Pro,-10.0,-10.0,40,NP101is,540.0,5.4,Starlight Xpress Fil,Green,FlatWizard,,,,,,,TOP-DOWN,2000.0,N.I.N.A. 2.0.0.2048,2022-03-02_11-34-46_Green_-10.00_1.30_0_10.fits,1,/mnt/raid0/AstroImaging/Preselected/Flaming Star Nebula (IC405) started 4th February 2022/Flats/2022-03-02_11-34-46_Green_-10.00_1.30_0_10.fits,,,,,,,,,,,,,,,,,,,
True,16,2,9576,6388,True,32768,FLAT,1.3,1.3,2022-03-02T11:34:51.752,2022-03-02T11:34:51.752,1,1,0,10,0.779999971389771,3.76,3.76,ZWO ASI6200MM Pro,-10.0,-10.0,40,NP101is,540.0,5.4,Starlight Xpress Fil,Green,FlatWizard,,,,,,,TOP-DOWN,2000.0,N.I.N.A. 2.0.0.2048,2022-03-02_11-34-51_Green_-10.00_1.30_0_10.fits,1,/mnt/raid0/AstroImaging/Preselected/Flaming Star Nebula (IC405) started 4th February 2022/Flats/2022-03-02_11-34-51_Green_-10.00_1.30_0_10.fits,,,,,,,,,,,,,,,,,,,
True,16,2,9576,6388,True,32768,FLAT,1.3,1.3,2022-03-02T11:35:00.541,2022-03-02T11:35:00.541,1,1,0,10,0.779999971389771,3.76,3.76,ZWO ASI6200MM Pro,-10.0,-10.0,40,NP101is,540.0,5.4,Starlight Xpress Fil,Green,FlatWizard,,,,,,,TOP-DOWN,2000.0,N.I.N.A. 2.0.0.2048,2022-03-02_11-35-00_Green_-10.00_1.30_0_10.fits,1,/mnt/raid0/AstroImaging/Preselected/Flaming Star Nebula (IC405) started 4th February 2022/Flats/2022-03-02_11-35-00_Green_-10.00_1.30_0_10.fits,,,,,,,,,,,,,,,,,,,
True,16,2,9576,6388,True,32768,FLAT,1.3,1.3,2022-03-02T11:35:04.647,2022-03-02T11:35:04.647,1,1,0,10,0.779999971389771,3.76,3.76,ZWO ASI6200MM Pro,-10.0,-10.0,40,NP101is,540.0,5.4,Starlight Xpress Fil,Green,FlatWizard,,,,,,,TOP-DOWN,2000.0,N.I.N.A. 2.0.0.2048,2022-03-02_11-35-04_Green_-10.00_1.30_0_10.fits,1,/mnt/raid0/AstroImaging/Preselected/Flaming Star Nebula (IC405) started 4th February 2022/Flats/2022-03-02_11-35-04_Green_-10.00_1.30_0_10.fits,,,,,,,,,,,,,,,,,,,
True,16,2,9576,6388,True,32768,FLAT,1.3,1.3,2022-03-02T11:35:10.043,2022-03-02T11:35:10.043,1,1,0,10,0.779999971389771,3.76,3.76,ZWO ASI6200MM Pro,-10.0,-10.0,40,NP101is,540.0,5.4,Starlight Xpress Fil,Green,FlatWizard,,,,,,,TOP-DOWN,2000.0,N.I.N.A. 2.0.0.2048,2022-03-02_11-35-10_Green_-10.00_1.30_0_10.fits,1,/mnt/raid0/AstroImaging/Preselected/Flaming Star Nebula (IC405) started 4th February 2022/Flats/2022-03-02_11-35-10_Green_-10.00_1.30_0_10.fits,,,,,,,,,,,,,,,,,,,
True,16,2,9576,6388,True,32768,FLAT,1.3,1.3,2022-03-02T11:35:18.356,2022-03-02T11:35:18.356,1,1,0,10,0.779999971389771,3.76,3.76,ZWO ASI6200MM Pro,-10.0,-10.0,40,NP101is,540.0,5.4,Starlight Xpress Fil,Green,FlatWizard,,,,,,,TOP-DOWN,2000.0,N.I.N.A. 2.0.0.2048,2022-03-02_11-35-18_Green_-10.00_1.30_0_10.fits,1,/mnt/raid0/AstroImaging/Preselected/Flaming Star Nebula (IC405) started 4th February 2022/Flats/2022-03-02_11-35-18_Green_-10.00_1.30_0_10.fits,,,,,,,,,,,,,,,,,,,
True,16,2,9576,6388,True,32768,FLAT,1.3,1.3,2022-03-02T11:35:26.344,2022-03-02T11:35:26.344,1,1,0,10,0.779999971389771,3.76,3.76,ZWO ASI6200MM Pro,-10.0,-10.0,40,NP101is,540.0,5.4,Starlight Xpress Fil,Green,FlatWizard,,,,,,,TOP-DOWN,2000.0,N.I.N.A. 2.0.0.2048,2022-03-02_11-35-26_Green_-10.00_1.30_0_10.fits,1,/mnt/raid0/AstroImaging/Preselected/Flaming Star Nebula (IC405) started 4th February 2022/Flats/2022-03-02_11-35-26_Green_-10.00_1.30_0_10.fits,,,,,,,,,,,,,,,,,,,
True,16,2,9576,6388,True,32768,FLAT,1.3,1.3,2022-03-02T11:35:34.334,2022-03-02T11:35:34.334,1,1,0,10,0.779999971389771,3.76,3.76,ZWO ASI6200MM Pro,-10.0,-10.0,40,NP101is,540.0,5.4,Starlight Xpress Fil,Green,FlatWizard,,,,,,,TOP-DOWN,2000.0,N.I.N.A. 2.0.0.2048,2022-03-02_11-35-34_Green_-10.00_1.30_0_10.fits,1,/mnt/raid0/AstroImaging/Preselected/Flaming Star Nebula (IC405) started 4th February 2022/Flats/2022-03-02_11-35-34_Green_-10.00_1.30_0_10.fits,,,,,,,,,,,,,,,,,,,
True,16,2,9576,6388,True,32768,FLAT,1.44,1.44,2022-03-02T11:36:04.196,2022-03-02T11:36:04.196,1,1,0,10,0.779999971389771,3.76,3.76,ZWO ASI6200MM Pro,-10.0,-10.0,40,NP101is,540.0,5.4,Starlight Xpress Fil,Blue,FlatWizard,,,,,,,TOP-DOWN,2000.0,N.I.N.A. 2.0.0.2048,2022-03-02_11-36-04_Blue_-10.00_1.44_0_10.fits,1,/mnt/raid0/AstroImaging/Preselected/Flaming Star Nebula (IC405) started 4th February 2022/Flats/2022-03-02_11-36-04_Blue_-10.00_1.44_0_10.fits,,,,,,,,,,,,,,,,,,,
True,16,2,9576,6388,True,32768,FLAT,1.44,1.44,2022-03-02T11:36:08.410,2022-03-02T11:36:08.410,1,1,0,10,0.779999971389771,3.76,3.76,ZWO ASI6200MM Pro,-10.0,-9.9,40,NP101is,540.0,5.4,Starlight Xpress Fil,Blue,FlatWizard,,,,,,,TOP-DOWN,2000.0,N.I.N.A. 2.0.0.2048,2022-03-02_11-36-08_Blue_-9.90_1.44_0_10.fits,1,/mnt/raid0/AstroImaging/Preselected/Flaming Star Nebula (IC405) started 4th February 2022/Flats/2022-03-02_11-36-08_Blue_-9.90_1.44_0_10.fits,,,,,,,,,,,,,,,,,,,
True,16,2,9576,6388,True,32768,FLAT,1.44,1.44,2022-03-02T11:36:13.969,2022-03-02T11:36:13.969,1,1,0,10,0.779999971389771,3.76,3.76,ZWO ASI6200MM Pro,-10.0,-9.9,40,NP101is,540.0,5.4,Starlight Xpress Fil,Blue,FlatWizard,,,,,,,TOP-DOWN,2000.0,N.I.N.A. 2.0.0.2048,2022-03-02_11-36-13_Blue_-9.90_1.44_0_10.fits,1,/mnt/raid0/AstroImaging/Preselected/Flaming Star Nebula (IC405) started 4th February 2022/Flats/2022-03-02_11-36-13_Blue_-9.90_1.44_0_10.fits,,,,,,,,,,,,,,,,,,,
True,16,2,9576,6388,True,32768,FLAT,1.44,1.44,2022-03-02T11:36:22.156,2022-03-02T11:36:22.156,1,1,0,10,0.779999971389771,3.76,3.76,ZWO ASI6200MM Pro,-10.0,-9.9,40,NP101is,540.0,5.4,Starlight Xpress Fil,Blue,FlatWizard,,,,,,,TOP-DOWN,2000.0,N.I.N.A. 2.0.0.2048,2022-03-02_11-36-22_Blue_-9.90_1.44_0_10.fits,1,/mnt/raid0/AstroImaging/Preselected/Flaming Star Nebula (IC405) started 4th February 2022/Flats/2022-03-02_11-36-22_Blue_-9.90_1.44_0_10.fits,,,,,,,,,,,,,,,,,,,
True,16,2,9576,6388,True,32768,FLAT,1.44,1.44,2022-03-02T11:36:26.476,2022-03-02T11:36:26.476,1,1,0,10,0.779999971389771,3.76,3.76,ZWO ASI6200MM Pro,-10.0,-9.9,40,NP101is,540.0,5.4,Starlight Xpress Fil,Blue,FlatWizard,,,,,,,TOP-DOWN,2000.0,N.I.N.A. 2.0.0.2048,2022-03-02_11-36-26_Blue_-9.90_1.44_0_10.fits,1,/mnt/raid0/AstroImaging/Preselected/Flaming Star Nebula (IC405) started 4th February 2022/Flats/2022-03-02_11-36-26_Blue_-9.90_1.44_0_10.fits,,,,,,,,,,,,,,,,,,,
True,16,2,9576,6388,True,32768,FLAT,1.44,1.44,2022-03-02T11:36:32.368,2022-03-02T11:36:32.368,1,1,0,10,0.779999971389771,3.76,3.76,ZWO ASI6200MM Pro,-10.0,-9.9,40,NP101is,540.0,5.4,Starlight Xpress Fil,Blue,FlatWizard,,,,,,,TOP-DOWN,2000.0,N.I.N.A. 2.0.0.2048,2022-03-02_11-36-32_Blue_-9.90_1.44_0_10.fits,1,/mnt/raid0/AstroImaging/Preselected/Flaming Star Nebula (IC405) started 4th February 2022/Flats/2022-03-02_11-36-32_Blue_-9.90_1.44_0_10.fits,,,,,,,,,,,,,,,,,,,
True,16,2,9576,6388,True,32768,FLAT,1.44,1.44,2022-03-02T11:36:41.445,2022-03-02T11:36:41.445,1,1,0,10,0.779999971389771,3.76,3.76,ZWO ASI6200MM Pro,-10.0,-9.9,40,NP101is,540.0,5.4,Starlight Xpress Fil,Blue,FlatWizard,,,,,,,TOP-DOWN,2000.0,N.I.N.A. 2.0.0.2048,2022-03-02_11-36-41_Blue_-9.90_1.44_0_10.fits,1,/mnt/raid0/AstroImaging/Preselected/Flaming Star Nebula (IC405) started 4th February 2022/Flats/2022-03-02_11-36-41_Blue_-9.90_1.44_0_10.fits,,,,,,,,,,,,,,,,,,,
True,16,2,9576,6388,True,32768,FLAT,1.44,1.44,2022-03-02T11:36:45.179,2022-03-02T11:36:45.179,1,1,0,10,0.779999971389771,3.76,3.76,ZWO ASI6200MM Pro,-10.0,-10.0,40,NP101is,540.0,5.4,Starlight Xpress Fil,Blue,FlatWizard,,,,,,,TOP-DOWN,2000.0,N.I.N.A. 2.0.0.2048,2022-03-02_11-36-45_Blue_-10.00_1.44_0_10.fits,1,/mnt/raid0/AstroImaging/Preselected/Flaming Star Nebula (IC405) started 4th February 2022/Flats/2022-03-02_11-36-45_Blue_-10.00_1.44_0_10.fits,,,,,,,,,,,,,,,,,,,
True,16,2,9576,6388,True,32768,FLAT,1.44,1.44,2022-03-02T11:36:50.697,2022-03-02T11:36:50.697,1,1,0,10,0.779999971389771,3.76,3.76,ZWO ASI6200MM Pro,-10.0,-10.0,40,NP101is,540.0,5.4,Starlight Xpress Fil,Blue,FlatWizard,,,,,,,TOP-DOWN,2000.0,N.I.N.A. 2.0.0.2048,2022-03-02_11-36-50_Blue_-10.00_1.44_0_10.fits,1,/mnt/raid0/AstroImaging/Preselected/Flaming Star Nebula (IC405) started 4th February 2022/Flats/2022-03-02_11-36-50_Blue_-10.00_1.44_0_10.fits,,,,,,,,,,,,,,,,,,,
True,16,2,9576,6388,True,32768,FLAT,1.44,1.44,2022-03-02T11:36:54.556,2022-03-02T11:36:54.556,1,1,0,10,0.779999971389771,3.76,3.76,ZWO ASI6200MM Pro,-10.0,-10.0,40,NP101is,540.0,5.4,Starlight Xpress Fil,Blue,FlatWizard,,,,,,,TOP-DOWN,2000.0,N.I.N.A. 2.0.0.2048,2022-03-02_11-36-54_Blue_-10.00_1.44_0_10.fits,1,/mnt/raid0/AstroImaging/Preselected/Flaming Star Nebula (IC405) started 4th February 2022/Flats/2022-03-02_11-36-54_Blue_-10.00_1.44_0_10.fits,,,,,,,,,,,,,,,,,,,
True,16,2,9576,6388,True,32768,FLAT,1.44,1.44,2022-03-02T11:36:58.705,2022-03-02T11:36:58.705,1,1,0,10,0.779999971389771,3.76,3.76,ZWO ASI6200MM Pro,-10.0,-9.9,40,NP101is,540.0,5.4,Starlight Xpress Fil,Blue,FlatWizard,,,,,,,TOP-DOWN,2000.0,N.I.N.A. 2.0.0.2048,2022-03-02_11-36-58_Blue_-9.90_1.44_0_10.fits,1,/mnt/raid0/AstroImaging/Preselected/Flaming Star Nebula (IC405) started 4th February 2022/Flats/2022-03-02_11-36-58_Blue_-9.90_1.44_0_10.fits,,,,,,,,,,,,,,,,,,,
True,16,2,9576,6388,True,32768,FLAT,1.44,1.44,2022-03-02T11:37:03.012,2022-03-02T11:37:03.012,1,1,0,10,0.779999971389771,3.76,3.76,ZWO ASI6200MM Pro,-10.0,-9.9,40,NP101is,540.0,5.4,Starlight Xpress Fil,Blue,FlatWizard,,,,,,,TOP-DOWN,2000.0,N.I.N.A. 2.0.0.2048,2022-03-02_11-37-03_Blue_-9.90_1.44_0_10.fits,1,/mnt/raid0/AstroImaging/Preselected/Flaming Star Nebula (IC405) started 4th February 2022/Flats/2022-03-02_11-37-03_Blue_-9.90_1.44_0_10.fits,,,,,,,,,,,,,,,,,,,
True,16,2,9576,6388,True,32768,FLAT,1.44,1.44,2022-03-02T11:37:08.550,2022-03-02T11:37:08.550,1,1,0,10,0.779999971389771,3.76,3.76,ZWO ASI6200MM Pro,-10.0,-9.9,40,NP101is,540.0,5.4,Starlight Xpress Fil,Blue,FlatWizard,,,,,,,TOP-DOWN,2000.0,N.I.N.A. 2.0.0.2048,2022-03-02_11-37-08_Blue_-9.90_1.44_0_10.fits,1,/mnt/raid0/AstroImaging/Preselected/Flaming Star Nebula (IC405) started 4th February 2022/Flats/2022-03-02_11-37-08_Blue_-9.90_1.44_0_10.fits,,,,,,,,,,,,,,,,,,,
True,16,2,9576,6388,True,32768,FLAT,1.44,1.44,2022-03-02T11:37:13.771,2022-03-02T11:37:13.771,1,1,0,10,0.779999971389771,3.76,3.76,ZWO ASI6200MM Pro,-10.0,-9.9,40,NP101is,540.0,5.4,Starlight Xpress Fil,Blue,FlatWizard,,,,,,,TOP-DOWN,2000.0,N.I.N.A. 2.0.0.2048,2022-03-02_11-37-13_Blue_-9.90_1.44_0_10.fits,1,/mnt/raid0/AstroImaging/Preselected/Flaming Star Nebula (IC405) started 4th February 2022/Flats/2022-03-02_11-37-13_Blue_-9.90_1.44_0_10.fits,,,,,,,,,,,,,,,,,,,
True,16,2,9576,6388,True,32768,FLAT,1.44,1.44,2022-03-02T11:37:19.262,2022-03-02T11:37:19.262,1,1,0,10,0.779999971389771,3.76,3.76,ZWO ASI6200MM Pro,-10.0,-9.9,40,NP101is,540.0,5.4,Starlight Xpress Fil,Blue,FlatWizard,,,,,,,TOP-DOWN,2000.0,N.I.N.A. 2.0.0.2048,2022-03-02_11-37-19_Blue_-9.90_1.44_0_10.fits,1,/mnt/raid0/AstroImaging/Preselected/Flaming Star Nebula (IC405) started 4th February 2022/Flats/2022-03-02_11-37-19_Blue_-9.90_1.44_0_10.fits,,,,,,,,,,,,,,,,,,,
True,16,2,9576,6388,True,32768,FLAT,1.44,1.44,2022-03-02T11:37:27.331,2022-03-02T11:37:27.331,1,1,0,10,0.779999971389771,3.76,3.76,ZWO ASI6200MM Pro,-10.0,-9.9,40,NP101is,540.0,5.4,Starlight Xpress Fil,Blue,FlatWizard,,,,,,,TOP-DOWN,2000.0,N.I.N.A. 2.0.0.2048,2022-03-02_11-37-27_Blue_-9.90_1.44_0_10.fits,1,/mnt/raid0/AstroImaging/Preselected/Flaming Star Nebula (IC405) started 4th February 2022/Flats/2022-03-02_11-37-27_Blue_-9.90_1.44_0_10.fits,,,,,,,,,,,,,,,,,,,
True,16,2,9576,6388,True,32768,FLAT,1.44,1.44,2022-03-02T11:37:31.094,2022-03-02T11:37:31.094,1,1,0,10,0.779999971389771,3.76,3.76,ZWO ASI6200MM Pro,-10.0,-10.0,40,NP101is,540.0,5.4,Starlight Xpress Fil,Blue,FlatWizard,,,,,,,TOP-DOWN,2000.0,N.I.N.A. 2.0.0.2048,2022-03-02_11-37-31_Blue_-10.00_1.44_0_10.fits,1,/mnt/raid0/AstroImaging/Preselected/Flaming Star Nebula (IC405) started 4th February 2022/Flats/2022-03-02_11-37-31_Blue_-10.00_1.44_0_10.fits,,,,,,,,,,,,,,,,,,,
True,16,2,9576,6388,True,32768,FLAT,1.44,1.44,2022-03-02T11:37:39.369,2022-03-02T11:37:39.369,1,1,0,10,0.779999971389771,3.76,3.76,ZWO ASI6200MM Pro,-10.0,-10.0,40,NP101is,540.0,5.4,Starlight Xpress Fil,Blue,FlatWizard,,,,,,,TOP-DOWN,2000.0,N.I.N.A. 2.0.0.2048,2022-03-02_11-37-39_Blue_-10.00_1.44_0_10.fits,1,/mnt/raid0/AstroImaging/Preselected/Flaming Star Nebula (IC405) started 4th February 2022/Flats/2022-03-02_11-37-39_Blue_-10.00_1.44_0_10.fits,,,,,,,,,,,,,,,,,,,
True,16,2,9576,6388,True,32768,FLAT,1.44,1.44,2022-03-02T11:37:43.114,2022-03-02T11:37:43.114,1,1,0,10,0.779999971389771,3.76,3.76,ZWO ASI6200MM Pro,-10.0,-10.0,40,NP101is,540.0,5.4,Starlight Xpress Fil,Blue,FlatWizard,,,,,,,TOP-DOWN,2000.0,N.I.N.A. 2.0.0.2048,2022-03-02_11-37-43_Blue_-10.00_1.44_0_10.fits,1,/mnt/raid0/AstroImaging/Preselected/Flaming Star Nebula (IC405) started 4th February 2022/Flats/2022-03-02_11-37-43_Blue_-10.00_1.44_0_10.fits,,,,,,,,,,,,,,,,,,,
True,16,2,9576,6388,True,32768,FLAT,1.44,1.44,2022-03-02T11:37:48.672,2022-03-02T11:37:48.672,1,1,0,10,0.779999971389771,3.76,3.76,ZWO ASI6200MM Pro,-10.0,-10.0,40,NP101is,540.0,5.4,Starlight Xpress Fil,Blue,FlatWizard,,,,,,,TOP-DOWN,2000.0,N.I.N.A. 2.0.0.2048,2022-03-02_11-37-48_Blue_-10.00_1.44_0_10.fits,1,/mnt/raid0/AstroImaging/Preselected/Flaming Star Nebula (IC405) started 4th February 2022/Flats/2022-03-02_11-37-48_Blue_-10.00_1.44_0_10.fits,,,,,,,,,,,,,,,,,,,
True,16,2,9576,6388,True,32768,FLAT,1.44,1.44,2022-03-02T11:37:54.139,2022-03-02T11:37:54.139,1,1,0,10,0.779999971389771,3.76,3.76,ZWO ASI6200MM Pro,-10.0,-10.0,40,NP101is,540.0,5.4,Starlight Xpress Fil,Blue,FlatWizard,,,,,,,TOP-DOWN,2000.0,N.I.N.A. 2.0.0.2048,2022-03-02_11-37-54_Blue_-10.00_1.44_0_10.fits,1,/mnt/raid0/AstroImaging/Preselected/Flaming Star Nebula (IC405) started 4th February 2022/Flats/2022-03-02_11-37-54_Blue_-10.00_1.44_0_10.fits,,,,,,,,,,,,,,,,,,,
True,16,2,9576,6388,True,32768,FLAT,1.44,1.44,2022-03-02T11:37:59.556,2022-03-02T11:37:59.556,1,1,0,10,0.779999971389771,3.76,3.76,ZWO ASI6200MM Pro,-10.0,-10.0,40,NP101is,540.0,5.4,Starlight Xpress Fil,Blue,FlatWizard,,,,,,,TOP-DOWN,2000.0,N.I.N.A. 2.0.0.2048,2022-03-02_11-37-59_Blue_-10.00_1.44_0_10.fits,1,/mnt/raid0/AstroImaging/Preselected/Flaming Star Nebula (IC405) started 4th February 2022/Flats/2022-03-02_11-37-59_Blue_-10.00_1.44_0_10.fits,,,,,,,,,,,,,,,,,,,
True,16,2,9576,6388,True,32768,FLAT,1.44,1.44,2022-03-02T11:38:04.969,2022-03-02T11:38:04.969,1,1,0,10,0.779999971389771,3.76,3.76,ZWO ASI6200MM Pro,-10.0,-10.0,40,NP101is,540.0,5.4,Starlight Xpress Fil,Blue,FlatWizard,,,,,,,TOP-DOWN,2000.0,N.I.N.A. 2.0.0.2048,2022-03-02_11-38-04_Blue_-10.00_1.44_0_10.fits,1,/mnt/raid0/AstroImaging/Preselected/Flaming Star Nebula (IC405) started 4th February 2022/Flats/2022-03-02_11-38-04_Blue_-10.00_1.44_0_10.fits,,,,,,,,,,,,,,,,,,,
True,16,2,9576,6388,True,32768,FLAT,1.44,1.44,2022-03-02T11:38:10.402,2022-03-02T11:38:10.402,1,1,0,10,0.779999971389771,3.76,3.76,ZWO ASI6200MM Pro,-10.0,-10.0,40,NP101is,540.0,5.4,Starlight Xpress Fil,Blue,FlatWizard,,,,,,,TOP-DOWN,2000.0,N.I.N.A. 2.0.0.2048,2022-03-02_11-38-10_Blue_-10.00_1.44_0_10.fits,1,/mnt/raid0/AstroImaging/Preselected/Flaming Star Nebula (IC405) started 4th February 2022/Flats/2022-03-02_11-38-10_Blue_-10.00_1.44_0_10.fits,,,,,,,,,,,,,,,,,,,
True,16,2,9576,6388,True,32768,FLAT,1.44,1.44,2022-03-02T11:38:15.814,2022-03-02T11:38:15.814,1,1,0,10,0.779999971389771,3.76,3.76,ZWO ASI6200MM Pro,-10.0,-10.0,40,NP101is,540.0,5.4,Starlight Xpress Fil,Blue,FlatWizard,,,,,,,TOP-DOWN,2000.0,N.I.N.A. 2.0.0.2048,2022-03-02_11-38-15_Blue_-10.00_1.44_0_10.fits,1,/mnt/raid0/AstroImaging/Preselected/Flaming Star Nebula (IC405) started 4th February 2022/Flats/2022-03-02_11-38-15_Blue_-10.00_1.44_0_10.fits,,,,,,,,,,,,,,,,,,,
True,16,2,9576,6388,True,32768,FLAT,1.44,1.44,2022-03-02T11:38:21.218,2022-03-02T11:38:21.218,1,1,0,10,0.779999971389771,3.76,3.76,ZWO ASI6200MM Pro,-10.0,-10.0,40,NP101is,540.0,5.4,Starlight Xpress Fil,Blue,FlatWizard,,,,,,,TOP-DOWN,2000.0,N.I.N.A. 2.0.0.2048,2022-03-02_11-38-21_Blue_-10.00_1.44_0_10.fits,1,/mnt/raid0/AstroImaging/Preselected/Flaming Star Nebula (IC405) started 4th February 2022/Flats/2022-03-02_11-38-21_Blue_-10.00_1.44_0_10.fits,,,,,,,,,,,,,,,,,,,
True,16,2,9576,6388,True,32768,FLAT,1.44,1.44,2022-03-02T11:38:29.368,2022-03-02T11:38:29.368,1,1,0,10,0.779999971389771,3.76,3.76,ZWO ASI6200MM Pro,-10.0,-10.0,40,NP101is,540.0,5.4,Starlight Xpress Fil,Blue,FlatWizard,,,,,,,TOP-DOWN,2000.0,N.I.N.A. 2.0.0.2048,2022-03-02_11-38-29_Blue_-10.00_1.44_0_10.fits,1,/mnt/raid0/AstroImaging/Preselected/Flaming Star Nebula (IC405) started 4th February 2022/Flats/2022-03-02_11-38-29_Blue_-10.00_1.44_0_10.fits,,,,,,,,,,,,,,,,,,,
True,16,2,9576,6388,True,32768,FLAT,1.44,1.44,2022-03-02T11:38:33.094,2022-03-02T11:38:33.094,1,1,0,10,0.779999971389771,3.76,3.76,ZWO ASI6200MM Pro,-10.0,-10.0,40,NP101is,540.0,5.4,Starlight Xpress Fil,Blue,FlatWizard,,,,,,,TOP-DOWN,2000.0,N.I.N.A. 2.0.0.2048,2022-03-02_11-38-33_Blue_-10.00_1.44_0_10.fits,1,/mnt/raid0/AstroImaging/Preselected/Flaming Star Nebula (IC405) started 4th February 2022/Flats/2022-03-02_11-38-33_Blue_-10.00_1.44_0_10.fits,,,,,,,,,,,,,,,,,,,
True,16,2,9576,6388,True,32768,FLAT,1.44,1.44,2022-03-02T11:38:40.934,2022-03-02T11:38:40.934,1,1,0,10,0.779999971389771,3.76,3.76,ZWO ASI6200MM Pro,-10.0,-10.0,40,NP101is,540.0,5.4,Starlight Xpress Fil,Blue,FlatWizard,,,,,,,TOP-DOWN,2000.0,N.I.N.A. 2.0.0.2048,2022-03-02_11-38-40_Blue_-10.00_1.44_0_10.fits,1,/mnt/raid0/AstroImaging/Preselected/Flaming Star Nebula (IC405) started 4th February 2022/Flats/2022-03-02_11-38-40_Blue_-10.00_1.44_0_10.fits,,,,,,,,,,,,,,,,,,,
True,16,2,9576,6388,True,32768,FLAT,1.44,1.44,2022-03-02T11:38:44.690,2022-03-02T11:38:44.690,1,1,0,10,0.779999971389771,3.76,3.76,ZWO ASI6200MM Pro,-10.0,-10.0,40,NP101is,540.0,5.4,Starlight Xpress Fil,Blue,FlatWizard,,,,,,,TOP-DOWN,2000.0,N.I.N.A. 2.0.0.2048,2022-03-02_11-38-44_Blue_-10.00_1.44_0_10.fits,1,/mnt/raid0/AstroImaging/Preselected/Flaming Star Nebula (IC405) started 4th February 2022/Flats/2022-03-02_11-38-44_Blue_-10.00_1.44_0_10.fits,,,,,,,,,,,,,,,,,,,
True,16,2,9576,6388,True,32768,FLAT,1.44,1.44,2022-03-02T11:38:50.258,2022-03-02T11:38:50.258,1,1,0,10,0.779999971389771,3.76,3.76,ZWO ASI6200MM Pro,-10.0,-10.0,40,NP101is,540.0,5.4,Starlight Xpress Fil,Blue,FlatWizard,,,,,,,TOP-DOWN,2000.0,N.I.N.A. 2.0.0.2048,2022-03-02_11-38-50_Blue_-10.00_1.44_0_10.fits,1,/mnt/raid0/AstroImaging/Preselected/Flaming Star Nebula (IC405) started 4th February 2022/Flats/2022-03-02_11-38-50_Blue_-10.00_1.44_0_10.fits,,,,,,,,,,,,,,,,,,,
True,16,2,9576,6388,True,32768,FLAT,1.44,1.44,2022-03-02T11:38:55.753,2022-03-02T11:38:55.753,1,1,0,10,0.779999971389771,3.76,3.76,ZWO ASI6200MM Pro,-10.0,-10.0,40,NP101is,540.0,5.4,Starlight Xpress Fil,Blue,FlatWizard,,,,,,,TOP-DOWN,2000.0,N.I.N.A. 2.0.0.2048,2022-03-02_11-38-55_Blue_-10.00_1.44_0_10.fits,1,/mnt/raid0/AstroImaging/Preselected/Flaming Star Nebula (IC405) started 4th February 2022/Flats/2022-03-02_11-38-55_Blue_-10.00_1.44_0_10.fits,,,,,,,,,,,,,,,,,,,
True,16,2,9576,6388,True,32768,FLAT,1.44,1.44,2022-03-02T11:39:01.151,2022-03-02T11:39:01.151,1,1,0,10,0.779999971389771,3.76,3.76,ZWO ASI6200MM Pro,-10.0,-10.0,40,NP101is,540.0,5.4,Starlight Xpress Fil,Blue,FlatWizard,,,,,,,TOP-DOWN,2000.0,N.I.N.A. 2.0.0.2048,2022-03-02_11-39-01_Blue_-10.00_1.44_0_10.fits,1,/mnt/raid0/AstroImaging/Preselected/Flaming Star Nebula (IC405) started 4th February 2022/Flats/2022-03-02_11-39-01_Blue_-10.00_1.44_0_10.fits,,,,,,,,,,,,,,,,,,,
True,16,2,9576,6388,True,32768,FLAT,1.44,1.44,2022-03-02T11:39:09.333,2022-03-02T11:39:09.333,1,1,0,10,0.779999971389771,3.76,3.76,ZWO ASI6200MM Pro,-10.0,-10.0,40,NP101is,540.0,5.4,Starlight Xpress Fil,Blue,FlatWizard,,,,,,,TOP-DOWN,2000.0,N.I.N.A. 2.0.0.2048,2022-03-02_11-39-09_Blue_-10.00_1.44_0_10.fits,1,/mnt/raid0/AstroImaging/Preselected/Flaming Star Nebula (IC405) started 4th February 2022/Flats/2022-03-02_11-39-09_Blue_-10.00_1.44_0_10.fits,,,,,,,,,,,,,,,,,,,
True,16,2,9576,6388,True,32768,FLAT,1.44,1.44,2022-03-02T11:39:13.107,2022-03-02T11:39:13.107,1,1,0,10,0.779999971389771,3.76,3.76,ZWO ASI6200MM Pro,-10.0,-10.0,40,NP101is,540.0,5.4,Starlight Xpress Fil,Blue,FlatWizard,,,,,,,TOP-DOWN,2000.0,N.I.N.A. 2.0.0.2048,2022-03-02_11-39-13_Blue_-10.00_1.44_0_10.fits,1,/mnt/raid0/AstroImaging/Preselected/Flaming Star Nebula (IC405) started 4th February 2022/Flats/2022-03-02_11-39-13_Blue_-10.00_1.44_0_10.fits,,,,,,,,,,,,,,,,,,,
True,16,2,9576,6388,True,32768,FLAT,1.44,1.44,2022-03-02T11:39:18.648,2022-03-02T11:39:18.648,1,1,0,10,0.779999971389771,3.76,3.76,ZWO ASI6200MM Pro,-10.0,-10.0,40,NP101is,540.0,5.4,Starlight Xpress Fil,Blue,FlatWizard,,,,,,,TOP-DOWN,2000.0,N.I.N.A. 2.0.0.2048,2022-03-02_11-39-18_Blue_-10.00_1.44_0_10.fits,1,/mnt/raid0/AstroImaging/Preselected/Flaming Star Nebula (IC405) started 4th February 2022/Flats/2022-03-02_11-39-18_Blue_-10.00_1.44_0_10.fits,,,,,,,,,,,,,,,,,,,
True,16,2,9576,6388,True,32768,FLAT,1.44,1.44,2022-03-02T11:39:26.303,2022-03-02T11:39:26.303,1,1,0,10,0.779999971389771,3.76,3.76,ZWO ASI6200MM Pro,-10.0,-10.0,40,NP101is,540.0,5.4,Starlight Xpress Fil,Blue,FlatWizard,,,,,,,TOP-DOWN,2000.0,N.I.N.A. 2.0.0.2048,2022-03-02_11-39-26_Blue_-10.00_1.44_0_10.fits,1,/mnt/raid0/AstroImaging/Preselected/Flaming Star Nebula (IC405) started 4th February 2022/Flats/2022-03-02_11-39-26_Blue_-10.00_1.44_0_10.fits,,,,,,,,,,,,,,,,,,,
True,16,2,9576,6388,True,32768,FLAT,1.44,1.44,2022-03-02T11:39:30.074,2022-03-02T11:39:30.074,1,1,0,10,0.779999971389771,3.76,3.76,ZWO ASI6200MM Pro,-10.0,-10.0,40,NP101is,540.0,5.4,Starlight Xpress Fil,Blue,FlatWizard,,,,,,,TOP-DOWN,2000.0,N.I.N.A. 2.0.0.2048,2022-03-02_11-39-30_Blue_-10.00_1.44_0_10.fits,1,/mnt/raid0/AstroImaging/Preselected/Flaming Star Nebula (IC405) started 4th February 2022/Flats/2022-03-02_11-39-30_Blue_-10.00_1.44_0_10.fits,,,,,,,,,,,,,,,,,,,
True,16,2,9576,6388,True,32768,FLAT,1.44,1.44,2022-03-02T11:39:35.565,2022-03-02T11:39:35.565,1,1,0,10,0.779999971389771,3.76,3.76,ZWO ASI6200MM Pro,-10.0,-10.0,40,NP101is,540.0,5.4,Starlight Xpress Fil,Blue,FlatWizard,,,,,,,TOP-DOWN,2000.0,N.I.N.A. 2.0.0.2048,2022-03-02_11-39-35_Blue_-10.00_1.44_0_10.fits,1,/mnt/raid0/AstroImaging/Preselected/Flaming Star Nebula (IC405) started 4th February 2022/Flats/2022-03-02_11-39-35_Blue_-10.00_1.44_0_10.fits,,,,,,,,,,,,,,,,,,,
True,16,2,9576,6388,True,32768,FLAT,1.44,1.44,2022-03-02T11:39:40.973,2022-03-02T11:39:40.973,1,1,0,10,0.779999971389771,3.76,3.76,ZWO ASI6200MM Pro,-10.0,-10.0,40,NP101is,540.0,5.4,Starlight Xpress Fil,Blue,FlatWizard,,,,,,,TOP-DOWN,2000.0,N.I.N.A. 2.0.0.2048,2022-03-02_11-39-40_Blue_-10.00_1.44_0_10.fits,1,/mnt/raid0/AstroImaging/Preselected/Flaming Star Nebula (IC405) started 4th February 2022/Flats/2022-03-02_11-39-40_Blue_-10.00_1.44_0_10.fits,,,,,,,,,,,,,,,,,,,
True,16,2,9576,6388,True,32768,FLAT,1.44,1.44,2022-03-02T11:39:48.539,2022-03-02T11:39:48.539,1,1,0,10,0.779999971389771,3.76,3.76,ZWO ASI6200MM Pro,-10.0,-10.0,40,NP101is,540.0,5.4,Starlight Xpress Fil,Blue,FlatWizard,,,,,,,TOP-DOWN,2000.0,N.I.N.A. 2.0.0.2048,2022-03-02_11-39-48_Blue_-10.00_1.44_0_10.fits,1,/mnt/raid0/AstroImaging/Preselected/Flaming Star Nebula (IC405) started 4th February 2022/Flats/2022-03-02_11-39-48_Blue_-10.00_1.44_0_10.fits,,,,,,,,,,,,,,,,,,,
True,16,2,9576,6388,True,32768,FLAT,1.44,1.44,2022-03-02T11:39:52.517,2022-03-02T11:39:52.517,1,1,0,10,0.779999971389771,3.76,3.76,ZWO ASI6200MM Pro,-10.0,-10.0,40,NP101is,540.0,5.4,Starlight Xpress Fil,Blue,FlatWizard,,,,,,,TOP-DOWN,2000.0,N.I.N.A. 2.0.0.2048,2022-03-02_11-39-52_Blue_-10.00_1.44_0_10.fits,1,/mnt/raid0/AstroImaging/Preselected/Flaming Star Nebula (IC405) started 4th February 2022/Flats/2022-03-02_11-39-52_Blue_-10.00_1.44_0_10.fits,,,,,,,,,,,,,,,,,,,
True,16,2,9576,6388,True,32768,FLAT,1.44,1.44,2022-03-02T11:39:57.928,2022-03-02T11:39:57.928,1,1,0,10,0.779999971389771,3.76,3.76,ZWO ASI6200MM Pro,-10.0,-10.0,40,NP101is,540.0,5.4,Starlight Xpress Fil,Blue,FlatWizard,,,,,,,TOP-DOWN,2000.0,N.I.N.A. 2.0.0.2048,2022-03-02_11-39-57_Blue_-10.00_1.44_0_10.fits,1,/mnt/raid0/AstroImaging/Preselected/Flaming Star Nebula (IC405) started 4th February 2022/Flats/2022-03-02_11-39-57_Blue_-10.00_1.44_0_10.fits,,,,,,,,,,,,,,,,,,,
True,16,2,9576,6388,True,32768,FLAT,1.44,1.44,2022-03-02T11:40:05.447,2022-03-02T11:40:05.447,1,1,0,10,0.779999971389771,3.76,3.76,ZWO ASI6200MM Pro,-10.0,-10.0,40,NP101is,540.0,5.4,Starlight Xpress Fil,Blue,FlatWizard,,,,,,,TOP-DOWN,2000.0,N.I.N.A. 2.0.0.2048,2022-03-02_11-40-05_Blue_-10.00_1.44_0_10.fits,1,/mnt/raid0/AstroImaging/Preselected/Flaming Star Nebula (IC405) started 4th February 2022/Flats/2022-03-02_11-40-05_Blue_-10.00_1.44_0_10.fits,,,,,,,,,,,,,,,,,,,
True,16,2,9576,6388,True,32768,FLAT,1.44,1.44,2022-03-02T11:40:09.262,2022-03-02T11:40:09.262,1,1,0,10,0.779999971389771,3.76,3.76,ZWO ASI6200MM Pro,-10.0,-10.0,40,NP101is,540.0,5.4,Starlight Xpress Fil,Blue,FlatWizard,,,,,,,TOP-DOWN,2000.0,N.I.N.A. 2.0.0.2048,2022-03-02_11-40-09_Blue_-10.00_1.44_0_10.fits,1,/mnt/raid0/AstroImaging/Preselected/Flaming Star Nebula (IC405) started 4th February 2022/Flats/2022-03-02_11-40-09_Blue_-10.00_1.44_0_10.fits,,,,,,,,,,,,,,,,,,,
True,16,2,9576,6388,True,32768,FLAT,1.44,1.44,2022-03-02T11:40:14.643,2022-03-02T11:40:14.643,1,1,0,10,0.779999971389771,3.76,3.76,ZWO ASI6200MM Pro,-10.0,-10.0,40,NP101is,540.0,5.4,Starlight Xpress Fil,Blue,FlatWizard,,,,,,,TOP-DOWN,2000.0,N.I.N.A. 2.0.0.2048,2022-03-02_11-40-14_Blue_-10.00_1.44_0_10.fits,1,/mnt/raid0/AstroImaging/Preselected/Flaming Star Nebula (IC405) started 4th February 2022/Flats/2022-03-02_11-40-14_Blue_-10.00_1.44_0_10.fits,,,,,,,,,,,,,,,,,,,
True,16,2,9576,6388,True,32768,FLAT,1.44,1.44,2022-03-02T11:40:20.113,2022-03-02T11:40:20.113,1,1,0,10,0.779999971389771,3.76,3.76,ZWO ASI6200MM Pro,-10.0,-10.0,40,NP101is,540.0,5.4,Starlight Xpress Fil,Blue,FlatWizard,,,,,,,TOP-DOWN,2000.0,N.I.N.A. 2.0.0.2048,2022-03-02_11-40-20_Blue_-10.00_1.44_0_10.fits,1,/mnt/raid0/AstroImaging/Preselected/Flaming Star Nebula (IC405) started 4th February 2022/Flats/2022-03-02_11-40-20_Blue_-10.00_1.44_0_10.fits,,,,,,,,,,,,,,,,,,,
True,16,2,9576,6388,True,32768,FLAT,1.44,1.44,2022-03-02T11:40:25.540,2022-03-02T11:40:25.540,1,1,0,10,0.779999971389771,3.76,3.76,ZWO ASI6200MM Pro,-10.0,-10.0,40,NP101is,540.0,5.4,Starlight Xpress Fil,Blue,FlatWizard,,,,,,,TOP-DOWN,2000.0,N.I.N.A. 2.0.0.2048,2022-03-02_11-40-25_Blue_-10.00_1.44_0_10.fits,1,/mnt/raid0/AstroImaging/Preselected/Flaming Star Nebula (IC405) started 4th February 2022/Flats/2022-03-02_11-40-25_Blue_-10.00_1.44_0_10.fits,,,,,,,,,,,,,,,,,,,
True,16,2,9576,6388,True,32768,FLAT,1.44,1.44,2022-03-02T11:40:32.045,2022-03-02T11:40:32.045,1,1,0,10,0.779999971389771,3.76,3.76,ZWO ASI6200MM Pro,-10.0,-10.0,40,NP101is,540.0,5.4,Starlight Xpress Fil,Blue,FlatWizard,,,,,,,TOP-DOWN,2000.0,N.I.N.A. 2.0.0.2048,2022-03-02_11-40-32_Blue_-10.00_1.44_0_10.fits,1,/mnt/raid0/AstroImaging/Preselected/Flaming Star Nebula (IC405) started 4th February 2022/Flats/2022-03-02_11-40-32_Blue_-10.00_1.44_0_10.fits,,,,,,,,,,,,,,,,,,,
True,16,2,9576,6388,True,32768,FLAT,1.44,1.44,2022-03-02T11:40:37.451,2022-03-02T11:40:37.451,1,1,0,10,0.779999971389771,3.76,3.76,ZWO ASI6200MM Pro,-10.0,-10.0,40,NP101is,540.0,5.4,Starlight Xpress Fil,Blue,FlatWizard,,,,,,,TOP-DOWN,2000.0,N.I.N.A. 2.0.0.2048,2022-03-02_11-40-37_Blue_-10.00_1.44_0_10.fits,1,/mnt/raid0/AstroImaging/Preselected/Flaming Star Nebula (IC405) started 4th February 2022/Flats/2022-03-02_11-40-37_Blue_-10.00_1.44_0_10.fits,,,,,,,,,,,,,,,,,,,
True,16,2,9576,6388,True,32768,FLAT,5.87,5.87,2022-03-02T15:18:42.992,2022-03-02T15:18:42.992,1,1,100,10,0.246657639741898,3.76,3.76,ZWO ASI6200MM Pro,-10.0,-0.3,40,NP101is,540.0,5.4,Starlight Xpress Fil,Ha,FlatWizard,,,,,,,TOP-DOWN,2000.0,N.I.N.A. 2.0.0.2048,2022-03-02_15-18-42_Ha_-0.30_5.87_100_10_0000.fits,1,/mnt/raid0/AstroImaging/Preselected/Flaming Star Nebula (IC405) started 4th February 2022/Flats/2022-03-02_15-18-42_Ha_-0.30_5.87_100_10_0000.fits,,,,,,,,,,,,,,,,,,,
True,16,2,9576,6388,True,32768,FLAT,5.87,5.87,2022-03-02T15:18:50.857,2022-03-02T15:18:50.857,1,1,100,10,0.246657639741898,3.76,3.76,ZWO ASI6200MM Pro,-10.0,-0.7,40,NP101is,540.0,5.4,Starlight Xpress Fil,Ha,FlatWizard,,,,,,,TOP-DOWN,2000.0,N.I.N.A. 2.0.0.2048,2022-03-02_15-18-50_Ha_-0.70_5.87_100_10_0001.fits,1,/mnt/raid0/AstroImaging/Preselected/Flaming Star Nebula (IC405) started 4th February 2022/Flats/2022-03-02_15-18-50_Ha_-0.70_5.87_100_10_0001.fits,,,,,,,,,,,,,,,,,,,
True,16,2,9576,6388,True,32768,FLAT,5.87,5.87,2022-03-02T15:18:58.827,2022-03-02T15:18:58.827,1,1,100,10,0.246657639741898,3.76,3.76,ZWO ASI6200MM Pro,-10.0,-1.0,40,NP101is,540.0,5.4,Starlight Xpress Fil,Ha,FlatWizard,,,,,,,TOP-DOWN,2000.0,N.I.N.A. 2.0.0.2048,2022-03-02_15-18-58_Ha_-1.00_5.87_100_10_0002.fits,1,/mnt/raid0/AstroImaging/Preselected/Flaming Star Nebula (IC405) started 4th February 2022/Flats/2022-03-02_15-18-58_Ha_-1.00_5.87_100_10_0002.fits,,,,,,,,,,,,,,,,,,,
True,16,2,9576,6388,True,32768,FLAT,5.87,5.87,2022-03-02T15:19:06.819,2022-03-02T15:19:06.819,1,1,100,10,0.246657639741898,3.76,3.76,ZWO ASI6200MM Pro,-10.0,-1.4,40,NP101is,540.0,5.4,Starlight Xpress Fil,Ha,FlatWizard,,,,,,,TOP-DOWN,2000.0,N.I.N.A. 2.0.0.2048,2022-03-02_15-19-06_Ha_-1.40_5.87_100_10_0003.fits,1,/mnt/raid0/AstroImaging/Preselected/Flaming Star Nebula (IC405) started 4th February 2022/Flats/2022-03-02_15-19-06_Ha_-1.40_5.87_100_10_0003.fits,,,,,,,,,,,,,,,,,,,
True,16,2,9576,6388,True,32768,FLAT,5.87,5.87,2022-03-02T15:19:14.495,2022-03-02T15:19:14.495,1,1,100,10,0.246657639741898,3.76,3.76,ZWO ASI6200MM Pro,-10.0,-1.7,40,NP101is,540.0,5.4,Starlight Xpress Fil,Ha,FlatWizard,,,,,,,TOP-DOWN,2000.0,N.I.N.A. 2.0.0.2048,2022-03-02_15-19-14_Ha_-1.70_5.87_100_10_0004.fits,1,/mnt/raid0/AstroImaging/Preselected/Flaming Star Nebula (IC405) started 4th February 2022/Flats/2022-03-02_15-19-14_Ha_-1.70_5.87_100_10_0004.fits,,,,,,,,,,,,,,,,,,,
True,16,2,9576,6388,True,32768,FLAT,5.87,5.87,2022-03-02T15:19:22.241,2022-03-02T15:19:22.241,1,1,100,10,0.246657639741898,3.76,3.76,ZWO ASI6200MM Pro,-10.0,-2.0,40,NP101is,540.0,5.4,Starlight Xpress Fil,Ha,FlatWizard,,,,,,,TOP-DOWN,2000.0,N.I.N.A. 2.0.0.2048,2022-03-02_15-19-22_Ha_-2.00_5.87_100_10_0005.fits,1,/mnt/raid0/AstroImaging/Preselected/Flaming Star Nebula (IC405) started 4th February 2022/Flats/2022-03-02_15-19-22_Ha_-2.00_5.87_100_10_0005.fits,,,,,,,,,,,,,,,,,,,
True,16,2,9576,6388,True,32768,FLAT,5.87,5.87,2022-03-02T15:19:31.382,2022-03-02T15:19:31.382,1,1,100,10,0.246657639741898,3.76,3.76,ZWO ASI6200MM Pro,-10.0,-2.6,40,NP101is,540.0,5.4,Starlight Xpress Fil,Ha,FlatWizard,,,,,,,TOP-DOWN,2000.0,N.I.N.A. 2.0.0.2048,2022-03-02_15-19-31_Ha_-2.60_5.87_100_10_0006.fits,1,/mnt/raid0/AstroImaging/Preselected/Flaming Star Nebula (IC405) started 4th February 2022/Flats/2022-03-02_15-19-31_Ha_-2.60_5.87_100_10_0006.fits,,,,,,,,,,,,,,,,,,,
True,16,2,9576,6388,True,32768,FLAT,5.87,5.87,2022-03-02T15:19:39.089,2022-03-02T15:19:39.089,1,1,100,10,0.246657639741898,3.76,3.76,ZWO ASI6200MM Pro,-10.0,-3.1,40,NP101is,540.0,5.4,Starlight Xpress Fil,Ha,FlatWizard,,,,,,,TOP-DOWN,2000.0,N.I.N.A. 2.0.0.2048,2022-03-02_15-19-39_Ha_-3.10_5.87_100_10_0007.fits,1,/mnt/raid0/AstroImaging/Preselected/Flaming Star Nebula (IC405) started 4th February 2022/Flats/2022-03-02_15-19-39_Ha_-3.10_5.87_100_10_0007.fits,,,,,,,,,,,,,,,,,,,
True,16,2,9576,6388,True,32768,FLAT,5.87,5.87,2022-03-02T15:19:46.743,2022-03-02T15:19:46.743,1,1,100,10,0.246657639741898,3.76,3.76,ZWO ASI6200MM Pro,-10.0,-3.5,40,NP101is,540.0,5.4,Starlight Xpress Fil,Ha,FlatWizard,,,,,,,TOP-DOWN,2000.0,N.I.N.A. 2.0.0.2048,2022-03-02_15-19-46_Ha_-3.50_5.87_100_10_0008.fits,1,/mnt/raid0/AstroImaging/Preselected/Flaming Star Nebula (IC405) started 4th February 2022/Flats/2022-03-02_15-19-46_Ha_-3.50_5.87_100_10_0008.fits,,,,,,,,,,,,,,,,,,,
True,16,2,9576,6388,True,32768,FLAT,5.87,5.87,2022-03-02T15:19:54.367,2022-03-02T15:19:54.367,1,1,100,10,0.246657639741898,3.76,3.76,ZWO ASI6200MM Pro,-10.0,-3.9,40,NP101is,540.0,5.4,Starlight Xpress Fil,Ha,FlatWizard,,,,,,,TOP-DOWN,2000.0,N.I.N.A. 2.0.0.2048,2022-03-02_15-19-54_Ha_-3.90_5.87_100_10_0009.fits,1,/mnt/raid0/AstroImaging/Preselected/Flaming Star Nebula (IC405) started 4th February 2022/Flats/2022-03-02_15-19-54_Ha_-3.90_5.87_100_10_0009.fits,,,,,,,,,,,,,,,,,,,
True,16,2,9576,6388,True,32768,FLAT,5.87,5.87,2022-03-02T15:20:02.082,2022-03-02T15:20:02.082,1,1,100,10,0.246657639741898,3.76,3.76,ZWO ASI6200MM Pro,-10.0,-4.3,40,NP101is,540.0,5.4,Starlight Xpress Fil,Ha,FlatWizard,,,,,,,TOP-DOWN,2000.0,N.I.N.A. 2.0.0.2048,2022-03-02_15-20-02_Ha_-4.30_5.87_100_10_0010.fits,1,/mnt/raid0/AstroImaging/Preselected/Flaming Star Nebula (IC405) started 4th February 2022/Flats/2022-03-02_15-20-02_Ha_-4.30_5.87_100_10_0010.fits,,,,,,,,,,,,,,,,,,,
True,16,2,9576,6388,True,32768,FLAT,5.87,5.87,2022-03-02T15:20:09.698,2022-03-02T15:20:09.698,1,1,100,10,0.246657639741898,3.76,3.76,ZWO ASI6200MM Pro,-10.0,-4.8,40,NP101is,540.0,5.4,Starlight Xpress Fil,Ha,FlatWizard,,,,,,,TOP-DOWN,2000.0,N.I.N.A. 2.0.0.2048,2022-03-02_15-20-09_Ha_-4.80_5.87_100_10_0011.fits,1,/mnt/raid0/AstroImaging/Preselected/Flaming Star Nebula (IC405) started 4th February 2022/Flats/2022-03-02_15-20-09_Ha_-4.80_5.87_100_10_0011.fits,,,,,,,,,,,,,,,,,,,
True,16,2,9576,6388,True,32768,FLAT,5.87,5.87,2022-03-02T15:20:17.376,2022-03-02T15:20:17.376,1,1,100,10,0.246657639741898,3.76,3.76,ZWO ASI6200MM Pro,-10.0,-5.1,40,NP101is,540.0,5.4,Starlight Xpress Fil,Ha,FlatWizard,,,,,,,TOP-DOWN,2000.0,N.I.N.A. 2.0.0.2048,2022-03-02_15-20-17_Ha_-5.10_5.87_100_10_0012.fits,1,/mnt/raid0/AstroImaging/Preselected/Flaming Star Nebula (IC405) started 4th February 2022/Flats/2022-03-02_15-20-17_Ha_-5.10_5.87_100_10_0012.fits,,,,,,,,,,,,,,,,,,,
True,16,2,9576,6388,True,32768,FLAT,5.87,5.87,2022-03-02T15:20:25.089,2022-03-02T15:20:25.089,1,1,100,10,0.246657639741898,3.76,3.76,ZWO ASI6200MM Pro,-10.0,-5.5,40,NP101is,540.0,5.4,Starlight Xpress Fil,Ha,FlatWizard,,,,,,,TOP-DOWN,2000.0,N.I.N.A. 2.0.0.2048,2022-03-02_15-20-25_Ha_-5.50_5.87_100_10_0013.fits,1,/mnt/raid0/AstroImaging/Preselected/Flaming Star Nebula (IC405) started 4th February 2022/Flats/2022-03-02_15-20-25_Ha_-5.50_5.87_100_10_0013.fits,,,,,,,,,,,,,,,,,,,
True,16,2,9576,6388,True,32768,FLAT,5.87,5.87,2022-03-02T15:20:32.765,2022-03-02T15:20:32.765,1,1,100,10,0.246657639741898,3.76,3.76,ZWO ASI6200MM Pro,-10.0,-5.9,40,NP101is,540.0,5.4,Starlight Xpress Fil,Ha,FlatWizard,,,,,,,TOP-DOWN,2000.0,N.I.N.A. 2.0.0.2048,2022-03-02_15-20-32_Ha_-5.90_5.87_100_10_0014.fits,1,/mnt/raid0/AstroImaging/Preselected/Flaming Star Nebula (IC405) started 4th February 2022/Flats/2022-03-02_15-20-32_Ha_-5.90_5.87_100_10_0014.fits,,,,,,,,,,,,,,,,,,,
True,16,2,9576,6388,True,32768,FLAT,5.87,5.87,2022-03-02T15:20:40.440,2022-03-02T15:20:40.440,1,1,100,10,0.246657639741898,3.76,3.76,ZWO ASI6200MM Pro,-10.0,-6.3,40,NP101is,540.0,5.4,Starlight Xpress Fil,Ha,FlatWizard,,,,,,,TOP-DOWN,2000.0,N.I.N.A. 2.0.0.2048,2022-03-02_15-20-40_Ha_-6.30_5.87_100_10_0015.fits,1,/mnt/raid0/AstroImaging/Preselected/Flaming Star Nebula (IC405) started 4th February 2022/Flats/2022-03-02_15-20-40_Ha_-6.30_5.87_100_10_0015.fits,,,,,,,,,,,,,,,,,,,
True,16,2,9576,6388,True,32768,FLAT,5.87,5.87,2022-03-02T15:20:48.131,2022-03-02T15:20:48.131,1,1,100,10,0.246657639741898,3.76,3.76,ZWO ASI6200MM Pro,-10.0,-6.8,40,NP101is,540.0,5.4,Starlight Xpress Fil,Ha,FlatWizard,,,,,,,TOP-DOWN,2000.0,N.I.N.A. 2.0.0.2048,2022-03-02_15-20-48_Ha_-6.80_5.87_100_10_0016.fits,1,/mnt/raid0/AstroImaging/Preselected/Flaming Star Nebula (IC405) started 4th February 2022/Flats/2022-03-02_15-20-48_Ha_-6.80_5.87_100_10_0016.fits,,,,,,,,,,,,,,,,,,,
True,16,2,9576,6388,True,32768,FLAT,5.87,5.87,2022-03-02T15:20:55.806,2022-03-02T15:20:55.806,1,1,100,10,0.246657639741898,3.76,3.76,ZWO ASI6200MM Pro,-10.0,-7.2,40,NP101is,540.0,5.4,Starlight Xpress Fil,Ha,FlatWizard,,,,,,,TOP-DOWN,2000.0,N.I.N.A. 2.0.0.2048,2022-03-02_15-20-55_Ha_-7.20_5.87_100_10_0017.fits,1,/mnt/raid0/AstroImaging/Preselected/Flaming Star Nebula (IC405) started 4th February 2022/Flats/2022-03-02_15-20-55_Ha_-7.20_5.87_100_10_0017.fits,,,,,,,,,,,,,,,,,,,
True,16,2,9576,6388,True,32768,FLAT,5.87,5.87,2022-03-02T15:21:03.434,2022-03-02T15:21:03.434,1,1,100,10,0.246657639741898,3.76,3.76,ZWO ASI6200MM Pro,-10.0,-7.6,40,NP101is,540.0,5.4,Starlight Xpress Fil,Ha,FlatWizard,,,,,,,TOP-DOWN,2000.0,N.I.N.A. 2.0.0.2048,2022-03-02_15-21-03_Ha_-7.60_5.87_100_10_0018.fits,1,/mnt/raid0/AstroImaging/Preselected/Flaming Star Nebula (IC405) started 4th February 2022/Flats/2022-03-02_15-21-03_Ha_-7.60_5.87_100_10_0018.fits,,,,,,,,,,,,,,,,,,,
True,16,2,9576,6388,True,32768,FLAT,5.87,5.87,2022-03-02T15:21:11.052,2022-03-02T15:21:11.052,1,1,100,10,0.246657639741898,3.76,3.76,ZWO ASI6200MM Pro,-10.0,-8.1,40,NP101is,540.0,5.4,Starlight Xpress Fil,Ha,FlatWizard,,,,,,,TOP-DOWN,2000.0,N.I.N.A. 2.0.0.2048,2022-03-02_15-21-11_Ha_-8.10_5.87_100_10_0019.fits,1,/mnt/raid0/AstroImaging/Preselected/Flaming Star Nebula (IC405) started 4th February 2022/Flats/2022-03-02_15-21-11_Ha_-8.10_5.87_100_10_0019.fits,,,,,,,,,,,,,,,,,,,
True,16,2,9576,6388,True,32768,FLAT,5.87,5.87,2022-03-02T15:21:18.693,2022-03-02T15:21:18.693,1,1,100,10,0.246657639741898,3.76,3.76,ZWO ASI6200MM Pro,-10.0,-8.5,40,NP101is,540.0,5.4,Starlight Xpress Fil,Ha,FlatWizard,,,,,,,TOP-DOWN,2000.0,N.I.N.A. 2.0.0.2048,2022-03-02_15-21-18_Ha_-8.50_5.87_100_10_0020.fits,1,/mnt/raid0/AstroImaging/Preselected/Flaming Star Nebula (IC405) started 4th February 2022/Flats/2022-03-02_15-21-18_Ha_-8.50_5.87_100_10_0020.fits,,,,,,,,,,,,,,,,,,,
True,16,2,9576,6388,True,32768,FLAT,5.87,5.87,2022-03-02T15:21:26.347,2022-03-02T15:21:26.347,1,1,100,10,0.246657639741898,3.76,3.76,ZWO ASI6200MM Pro,-10.0,-8.9,40,NP101is,540.0,5.4,Starlight Xpress Fil,Ha,FlatWizard,,,,,,,TOP-DOWN,2000.0,N.I.N.A. 2.0.0.2048,2022-03-02_15-21-26_Ha_-8.90_5.87_100_10_0021.fits,1,/mnt/raid0/AstroImaging/Preselected/Flaming Star Nebula (IC405) started 4th February 2022/Flats/2022-03-02_15-21-26_Ha_-8.90_5.87_100_10_0021.fits,,,,,,,,,,,,,,,,,,,
True,16,2,9576,6388,True,32768,FLAT,5.87,5.87,2022-03-02T15:21:34.047,2022-03-02T15:21:34.047,1,1,100,10,0.246657639741898,3.76,3.76,ZWO ASI6200MM Pro,-10.0,-9.3,40,NP101is,540.0,5.4,Starlight Xpress Fil,Ha,FlatWizard,,,,,,,TOP-DOWN,2000.0,N.I.N.A. 2.0.0.2048,2022-03-02_15-21-34_Ha_-9.30_5.87_100_10_0022.fits,1,/mnt/raid0/AstroImaging/Preselected/Flaming Star Nebula (IC405) started 4th February 2022/Flats/2022-03-02_15-21-34_Ha_-9.30_5.87_100_10_0022.fits,,,,,,,,,,,,,,,,,,,
True,16,2,9576,6388,True,32768,FLAT,5.87,5.87,2022-03-02T15:21:41.692,2022-03-02T15:21:41.692,1,1,100,10,0.246657639741898,3.76,3.76,ZWO ASI6200MM Pro,-10.0,-9.7,40,NP101is,540.0,5.4,Starlight Xpress Fil,Ha,FlatWizard,,,,,,,TOP-DOWN,2000.0,N.I.N.A. 2.0.0.2048,2022-03-02_15-21-41_Ha_-9.70_5.87_100_10_0023.fits,1,/mnt/raid0/AstroImaging/Preselected/Flaming Star Nebula (IC405) started 4th February 2022/Flats/2022-03-02_15-21-41_Ha_-9.70_5.87_100_10_0023.fits,,,,,,,,,,,,,,,,,,,
True,16,2,9576,6388,True,32768,FLAT,5.87,5.87,2022-03-02T15:21:49.439,2022-03-02T15:21:49.439,1,1,100,10,0.246657639741898,3.76,3.76,ZWO ASI6200MM Pro,-10.0,-9.9,40,NP101is,540.0,5.4,Starlight Xpress Fil,Ha,FlatWizard,,,,,,,TOP-DOWN,2000.0,N.I.N.A. 2.0.0.2048,2022-03-02_15-21-49_Ha_-9.90_5.87_100_10_0024.fits,1,/mnt/raid0/AstroImaging/Preselected/Flaming Star Nebula (IC405) started 4th February 2022/Flats/2022-03-02_15-21-49_Ha_-9.90_5.87_100_10_0024.fits,,,,,,,,,,,,,,,,,,,
True,16,2,9576,6388,True,32768,FLAT,5.87,5.87,2022-03-02T15:21:57.155,2022-03-02T15:21:57.155,1,1,100,10,0.246657639741898,3.76,3.76,ZWO ASI6200MM Pro,-10.0,-10.2,40,NP101is,540.0,5.4,Starlight Xpress Fil,Ha,FlatWizard,,,,,,,TOP-DOWN,2000.0,N.I.N.A. 2.0.0.2048,2022-03-02_15-21-57_Ha_-10.20_5.87_100_10_0025.fits,1,/mnt/raid0/AstroImaging/Preselected/Flaming Star Nebula (IC405) started 4th February 2022/Flats/2022-03-02_15-21-57_Ha_-10.20_5.87_100_10_0025.fits,,,,,,,,,,,,,,,,,,,
True,16,2,9576,6388,True,32768,FLAT,5.87,5.87,2022-03-02T15:22:04.813,2022-03-02T15:22:04.813,1,1,100,10,0.246657639741898,3.76,3.76,ZWO ASI6200MM Pro,-10.0,-10.5,40,NP101is,540.0,5.4,Starlight Xpress Fil,Ha,FlatWizard,,,,,,,TOP-DOWN,2000.0,N.I.N.A. 2.0.0.2048,2022-03-02_15-22-04_Ha_-10.50_5.87_100_10_0026.fits,1,/mnt/raid0/AstroImaging/Preselected/Flaming Star Nebula (IC405) started 4th February 2022/Flats/2022-03-02_15-22-04_Ha_-10.50_5.87_100_10_0026.fits,,,,,,,,,,,,,,,,,,,
True,16,2,9576,6388,True,32768,FLAT,5.87,5.87,2022-03-02T15:22:12.449,2022-03-02T15:22:12.449,1,1,100,10,0.246657639741898,3.76,3.76,ZWO ASI6200MM Pro,-10.0,-10.7,40,NP101is,540.0,5.4,Starlight Xpress Fil,Ha,FlatWizard,,,,,,,TOP-DOWN,2000.0,N.I.N.A. 2.0.0.2048,2022-03-02_15-22-12_Ha_-10.70_5.87_100_10_0027.fits,1,/mnt/raid0/AstroImaging/Preselected/Flaming Star Nebula (IC405) started 4th February 2022/Flats/2022-03-02_15-22-12_Ha_-10.70_5.87_100_10_0027.fits,,,,,,,,,,,,,,,,,,,
True,16,2,9576,6388,True,32768,FLAT,5.87,5.87,2022-03-02T15:22:20.173,2022-03-02T15:22:20.173,1,1,100,10,0.246657639741898,3.76,3.76,ZWO ASI6200MM Pro,-10.0,-10.8,40,NP101is,540.0,5.4,Starlight Xpress Fil,Ha,FlatWizard,,,,,,,TOP-DOWN,2000.0,N.I.N.A. 2.0.0.2048,2022-03-02_15-22-20_Ha_-10.80_5.87_100_10_0028.fits,1,/mnt/raid0/AstroImaging/Preselected/Flaming Star Nebula (IC405) started 4th February 2022/Flats/2022-03-02_15-22-20_Ha_-10.80_5.87_100_10_0028.fits,,,,,,,,,,,,,,,,,,,
True,16,2,9576,6388,True,32768,FLAT,5.87,5.87,2022-03-02T15:22:28.371,2022-03-02T15:22:28.371,1,1,100,10,0.246657639741898,3.76,3.76,ZWO ASI6200MM Pro,-10.0,-10.9,40,NP101is,540.0,5.4,Starlight Xpress Fil,Ha,FlatWizard,,,,,,,TOP-DOWN,2000.0,N.I.N.A. 2.0.0.2048,2022-03-02_15-22-28_Ha_-10.90_5.87_100_10_0029.fits,1,/mnt/raid0/AstroImaging/Preselected/Flaming Star Nebula (IC405) started 4th February 2022/Flats/2022-03-02_15-22-28_Ha_-10.90_5.87_100_10_0029.fits,,,,,,,,,,,,,,,,,,,
True,16,2,9576,6388,True,32768,FLAT,5.87,5.87,2022-03-02T15:22:36.068,2022-03-02T15:22:36.068,1,1,100,10,0.246657639741898,3.76,3.76,ZWO ASI6200MM Pro,-10.0,-11.0,40,NP101is,540.0,5.4,Starlight Xpress Fil,Ha,FlatWizard,,,,,,,TOP-DOWN,2000.0,N.I.N.A. 2.0.0.2048,2022-03-02_15-22-36_Ha_-11.00_5.87_100_10_0030.fits,1,/mnt/raid0/AstroImaging/Preselected/Flaming Star Nebula (IC405) started 4th February 2022/Flats/2022-03-02_15-22-36_Ha_-11.00_5.87_100_10_0030.fits,,,,,,,,,,,,,,,,,,,
True,16,2,9576,6388,True,32768,FLAT,5.87,5.87,2022-03-02T15:22:43.773,2022-03-02T15:22:43.773,1,1,100,10,0.246657639741898,3.76,3.76,ZWO ASI6200MM Pro,-10.0,-11.0,40,NP101is,540.0,5.4,Starlight Xpress Fil,Ha,FlatWizard,,,,,,,TOP-DOWN,2000.0,N.I.N.A. 2.0.0.2048,2022-03-02_15-22-43_Ha_-11.00_5.87_100_10_0031.fits,1,/mnt/raid0/AstroImaging/Preselected/Flaming Star Nebula (IC405) started 4th February 2022/Flats/2022-03-02_15-22-43_Ha_-11.00_5.87_100_10_0031.fits,,,,,,,,,,,,,,,,,,,
True,16,2,9576,6388,True,32768,FLAT,5.87,5.87,2022-03-02T15:22:51.470,2022-03-02T15:22:51.470,1,1,100,10,0.246657639741898,3.76,3.76,ZWO ASI6200MM Pro,-10.0,-10.9,40,NP101is,540.0,5.4,Starlight Xpress Fil,Ha,FlatWizard,,,,,,,TOP-DOWN,2000.0,N.I.N.A. 2.0.0.2048,2022-03-02_15-22-51_Ha_-10.90_5.87_100_10_0032.fits,1,/mnt/raid0/AstroImaging/Preselected/Flaming Star Nebula (IC405) started 4th February 2022/Flats/2022-03-02_15-22-51_Ha_-10.90_5.87_100_10_0032.fits,,,,,,,,,,,,,,,,,,,
True,16,2,9576,6388,True,32768,FLAT,5.87,5.87,2022-03-02T15:22:59.166,2022-03-02T15:22:59.166,1,1,100,10,0.246657639741898,3.76,3.76,ZWO ASI6200MM Pro,-10.0,-10.8,40,NP101is,540.0,5.4,Starlight Xpress Fil,Ha,FlatWizard,,,,,,,TOP-DOWN,2000.0,N.I.N.A. 2.0.0.2048,2022-03-02_15-22-59_Ha_-10.80_5.87_100_10_0033.fits,1,/mnt/raid0/AstroImaging/Preselected/Flaming Star Nebula (IC405) started 4th February 2022/Flats/2022-03-02_15-22-59_Ha_-10.80_5.87_100_10_0033.fits,,,,,,,,,,,,,,,,,,,
True,16,2,9576,6388,True,32768,FLAT,5.87,5.87,2022-03-02T15:23:06.815,2022-03-02T15:23:06.815,1,1,100,10,0.246657639741898,3.76,3.76,ZWO ASI6200MM Pro,-10.0,-10.8,40,NP101is,540.0,5.4,Starlight Xpress Fil,Ha,FlatWizard,,,,,,,TOP-DOWN,2000.0,N.I.N.A. 2.0.0.2048,2022-03-02_15-23-06_Ha_-10.80_5.87_100_10_0034.fits,1,/mnt/raid0/AstroImaging/Preselected/Flaming Star Nebula (IC405) started 4th February 2022/Flats/2022-03-02_15-23-06_Ha_-10.80_5.87_100_10_0034.fits,,,,,,,,,,,,,,,,,,,
True,16,2,9576,6388,True,32768,FLAT,5.87,5.87,2022-03-02T15:23:14.440,2022-03-02T15:23:14.440,1,1,100,10,0.246657639741898,3.76,3.76,ZWO ASI6200MM Pro,-10.0,-10.7,40,NP101is,540.0,5.4,Starlight Xpress Fil,Ha,FlatWizard,,,,,,,TOP-DOWN,2000.0,N.I.N.A. 2.0.0.2048,2022-03-02_15-23-14_Ha_-10.70_5.87_100_10_0035.fits,1,/mnt/raid0/AstroImaging/Preselected/Flaming Star Nebula (IC405) started 4th February 2022/Flats/2022-03-02_15-23-14_Ha_-10.70_5.87_100_10_0035.fits,,,,,,,,,,,,,,,,,,,
True,16,2,9576,6388,True,32768,FLAT,5.87,5.87,2022-03-02T15:23:22.144,2022-03-02T15:23:22.144,1,1,100,10,0.246657639741898,3.76,3.76,ZWO ASI6200MM Pro,-10.0,-10.5,40,NP101is,540.0,5.4,Starlight Xpress Fil,Ha,FlatWizard,,,,,,,TOP-DOWN,2000.0,N.I.N.A. 2.0.0.2048,2022-03-02_15-23-22_Ha_-10.50_5.87_100_10_0036.fits,1,/mnt/raid0/AstroImaging/Preselected/Flaming Star Nebula (IC405) started 4th February 2022/Flats/2022-03-02_15-23-22_Ha_-10.50_5.87_100_10_0036.fits,,,,,,,,,,,,,,,,,,,
True,16,2,9576,6388,True,32768,FLAT,5.87,5.87,2022-03-02T15:23:29.798,2022-03-02T15:23:29.798,1,1,100,10,0.246657639741898,3.76,3.76,ZWO ASI6200MM Pro,-10.0,-10.4,40,NP101is,540.0,5.4,Starlight Xpress Fil,Ha,FlatWizard,,,,,,,TOP-DOWN,2000.0,N.I.N.A. 2.0.0.2048,2022-03-02_15-23-29_Ha_-10.40_5.87_100_10_0037.fits,1,/mnt/raid0/AstroImaging/Preselected/Flaming Star Nebula (IC405) started 4th February 2022/Flats/2022-03-02_15-23-29_Ha_-10.40_5.87_100_10_0037.fits,,,,,,,,,,,,,,,,,,,
True,16,2,9576,6388,True,32768,FLAT,5.87,5.87,2022-03-02T15:23:37.490,2022-03-02T15:23:37.490,1,1,100,10,0.246657639741898,3.76,3.76,ZWO ASI6200MM Pro,-10.0,-10.3,40,NP101is,540.0,5.4,Starlight Xpress Fil,Ha,FlatWizard,,,,,,,TOP-DOWN,2000.0,N.I.N.A. 2.0.0.2048,2022-03-02_15-23-37_Ha_-10.30_5.87_100_10_0038.fits,1,/mnt/raid0/AstroImaging/Preselected/Flaming Star Nebula (IC405) started 4th February 2022/Flats/2022-03-02_15-23-37_Ha_-10.30_5.87_100_10_0038.fits,,,,,,,,,,,,,,,,,,,
True,16,2,9576,6388,True,32768,FLAT,5.87,5.87,2022-03-02T15:23:45.180,2022-03-02T15:23:45.180,1,1,100,10,0.246657639741898,3.76,3.76,ZWO ASI6200MM Pro,-10.0,-10.1,40,NP101is,540.0,5.4,Starlight Xpress Fil,Ha,FlatWizard,,,,,,,TOP-DOWN,2000.0,N.I.N.A. 2.0.0.2048,2022-03-02_15-23-45_Ha_-10.10_5.87_100_10_0039.fits,1,/mnt/raid0/AstroImaging/Preselected/Flaming Star Nebula (IC405) started 4th February 2022/Flats/2022-03-02_15-23-45_Ha_-10.10_5.87_100_10_0039.fits,,,,,,,,,,,,,,,,,,,
True,16,2,9576,6388,True,32768,FLAT,5.87,5.87,2022-03-02T15:23:52.848,2022-03-02T15:23:52.848,1,1,100,10,0.246657639741898,3.76,3.76,ZWO ASI6200MM Pro,-10.0,-10.0,40,NP101is,540.0,5.4,Starlight Xpress Fil,Ha,FlatWizard,,,,,,,TOP-DOWN,2000.0,N.I.N.A. 2.0.0.2048,2022-03-02_15-23-52_Ha_-10.00_5.87_100_10_0040.fits,1,/mnt/raid0/AstroImaging/Preselected/Flaming Star Nebula (IC405) started 4th February 2022/Flats/2022-03-02_15-23-52_Ha_-10.00_5.87_100_10_0040.fits,,,,,,,,,,,,,,,,,,,
True,16,2,9576,6388,True,32768,FLAT,5.87,5.87,2022-03-02T15:24:00.521,2022-03-02T15:24:00.521,1,1,100,10,0.246657639741898,3.76,3.76,ZWO ASI6200MM Pro,-10.0,-9.9,40,NP101is,540.0,5.4,Starlight Xpress Fil,Ha,FlatWizard,,,,,,,TOP-DOWN,2000.0,N.I.N.A. 2.0.0.2048,2022-03-02_15-24-00_Ha_-9.90_5.87_100_10_0041.fits,1,/mnt/raid0/AstroImaging/Preselected/Flaming Star Nebula (IC405) started 4th February 2022/Flats/2022-03-02_15-24-00_Ha_-9.90_5.87_100_10_0041.fits,,,,,,,,,,,,,,,,,,,
True,16,2,9576,6388,True,32768,FLAT,5.87,5.87,2022-03-02T15:24:08.166,2022-03-02T15:24:08.166,1,1,100,10,0.246657639741898,3.76,3.76,ZWO ASI6200MM Pro,-10.0,-9.9,40,NP101is,540.0,5.4,Starlight Xpress Fil,Ha,FlatWizard,,,,,,,TOP-DOWN,2000.0,N.I.N.A. 2.0.0.2048,2022-03-02_15-24-08_Ha_-9.90_5.87_100_10_0042.fits,1,/mnt/raid0/AstroImaging/Preselected/Flaming Star Nebula (IC405) started 4th February 2022/Flats/2022-03-02_15-24-08_Ha_-9.90_5.87_100_10_0042.fits,,,,,,,,,,,,,,,,,,,
True,16,2,9576,6388,True,32768,FLAT,5.87,5.87,2022-03-02T15:24:15.904,2022-03-02T15:24:15.904,1,1,100,10,0.246657639741898,3.76,3.76,ZWO ASI6200MM Pro,-10.0,-9.8,40,NP101is,540.0,5.4,Starlight Xpress Fil,Ha,FlatWizard,,,,,,,TOP-DOWN,2000.0,N.I.N.A. 2.0.0.2048,2022-03-02_15-24-15_Ha_-9.80_5.87_100_10_0043.fits,1,/mnt/raid0/AstroImaging/Preselected/Flaming Star Nebula (IC405) started 4th February 2022/Flats/2022-03-02_15-24-15_Ha_-9.80_5.87_100_10_0043.fits,,,,,,,,,,,,,,,,,,,
True,16,2,9576,6388,True,32768,FLAT,5.87,5.87,2022-03-02T15:24:23.627,2022-03-02T15:24:23.627,1,1,100,10,0.246657639741898,3.76,3.76,ZWO ASI6200MM Pro,-10.0,-9.8,40,NP101is,540.0,5.4,Starlight Xpress Fil,Ha,FlatWizard,,,,,,,TOP-DOWN,2000.0,N.I.N.A. 2.0.0.2048,2022-03-02_15-24-23_Ha_-9.80_5.87_100_10_0044.fits,1,/mnt/raid0/AstroImaging/Preselected/Flaming Star Nebula (IC405) started 4th February 2022/Flats/2022-03-02_15-24-23_Ha_-9.80_5.87_100_10_0044.fits,,,,,,,,,,,,,,,,,,,
True,16,2,9576,6388,True,32768,FLAT,5.87,5.87,2022-03-02T15:24:31.295,2022-03-02T15:24:31.295,1,1,100,10,0.246657639741898,3.76,3.76,ZWO ASI6200MM Pro,-10.0,-9.8,40,NP101is,540.0,5.4,Starlight Xpress Fil,Ha,FlatWizard,,,,,,,TOP-DOWN,2000.0,N.I.N.A. 2.0.0.2048,2022-03-02_15-24-31_Ha_-9.80_5.87_100_10_0045.fits,1,/mnt/raid0/AstroImaging/Preselected/Flaming Star Nebula (IC405) started 4th February 2022/Flats/2022-03-02_15-24-31_Ha_-9.80_5.87_100_10_0045.fits,,,,,,,,,,,,,,,,,,,
True,16,2,9576,6388,True,32768,FLAT,5.87,5.87,2022-03-02T15:24:38.995,2022-03-02T15:24:38.995,1,1,100,10,0.246657639741898,3.76,3.76,ZWO ASI6200MM Pro,-10.0,-9.7,40,NP101is,540.0,5.4,Starlight Xpress Fil,Ha,FlatWizard,,,,,,,TOP-DOWN,2000.0,N.I.N.A. 2.0.0.2048,2022-03-02_15-24-38_Ha_-9.70_5.87_100_10_0046.fits,1,/mnt/raid0/AstroImaging/Preselected/Flaming Star Nebula (IC405) started 4th February 2022/Flats/2022-03-02_15-24-38_Ha_-9.70_5.87_100_10_0046.fits,,,,,,,,,,,,,,,,,,,
True,16,2,9576,6388,True,32768,FLAT,5.87,5.87,2022-03-02T15:24:46.641,2022-03-02T15:24:46.641,1,1,100,10,0.246657639741898,3.76,3.76,ZWO ASI6200MM Pro,-10.0,-9.7,40,NP101is,540.0,5.4,Starlight Xpress Fil,Ha,FlatWizard,,,,,,,TOP-DOWN,2000.0,N.I.N.A. 2.0.0.2048,2022-03-02_15-24-46_Ha_-9.70_5.87_100_10_0047.fits,1,/mnt/raid0/AstroImaging/Preselected/Flaming Star Nebula (IC405) started 4th February 2022/Flats/2022-03-02_15-24-46_Ha_-9.70_5.87_100_10_0047.fits,,,,,,,,,,,,,,,,,,,
True,16,2,9576,6388,True,32768,FLAT,5.87,5.87,2022-03-02T15:24:54.364,2022-03-02T15:24:54.364,1,1,100,10,0.246657639741898,3.76,3.76,ZWO ASI6200MM Pro,-10.0,-9.6,40,NP101is,540.0,5.4,Starlight Xpress Fil,Ha,FlatWizard,,,,,,,TOP-DOWN,2000.0,N.I.N.A. 2.0.0.2048,2022-03-02_15-24-54_Ha_-9.60_5.87_100_10_0048.fits,1,/mnt/raid0/AstroImaging/Preselected/Flaming Star Nebula (IC405) started 4th February 2022/Flats/2022-03-02_15-24-54_Ha_-9.60_5.87_100_10_0048.fits,,,,,,,,,,,,,,,,,,,
True,16,2,9576,6388,True,32768,FLAT,5.87,5.87,2022-03-02T15:25:02.708,2022-03-02T15:25:02.708,1,1,100,10,0.246657639741898,3.76,3.76,ZWO ASI6200MM Pro,-10.0,-9.7,40,NP101is,540.0,5.4,Starlight Xpress Fil,Ha,FlatWizard,,,,,,,TOP-DOWN,2000.0,N.I.N.A. 2.0.0.2048,2022-03-02_15-25-02_Ha_-9.70_5.87_100_10_0049.fits,1,/mnt/raid0/AstroImaging/Preselected/Flaming Star Nebula (IC405) started 4th February 2022/Flats/2022-03-02_15-25-02_Ha_-9.70_5.87_100_10_0049.fits,,,,,,,,,,,,,,,,,,,
True,16,2,9576,6388,True,32768,FLAT,5.36,5.36,2022-03-02T15:25:34.264,2022-03-02T15:25:34.264,1,1,100,10,0.246657639741898,3.76,3.76,ZWO ASI6200MM Pro,-10.0,-9.6,40,NP101is,540.0,5.4,Starlight Xpress Fil,SII,FlatWizard,,,,,,,TOP-DOWN,2000.0,N.I.N.A. 2.0.0.2048,2022-03-02_15-25-34_SII_-9.60_5.36_100_10_0000.fits,1,/mnt/raid0/AstroImaging/Preselected/Flaming Star Nebula (IC405) started 4th February 2022/Flats/2022-03-02_15-25-34_SII_-9.60_5.36_100_10_0000.fits,,,,,,,,,,,,,,,,,,,
True,16,2,9576,6388,True,32768,FLAT,5.36,5.36,2022-03-02T15:25:41.431,2022-03-02T15:25:41.431,1,1,100,10,0.246657639741898,3.76,3.76,ZWO ASI6200MM Pro,-10.0,-9.6,40,NP101is,540.0,5.4,Starlight Xpress Fil,SII,FlatWizard,,,,,,,TOP-DOWN,2000.0,N.I.N.A. 2.0.0.2048,2022-03-02_15-25-41_SII_-9.60_5.36_100_10_0001.fits,1,/mnt/raid0/AstroImaging/Preselected/Flaming Star Nebula (IC405) started 4th February 2022/Flats/2022-03-02_15-25-41_SII_-9.60_5.36_100_10_0001.fits,,,,,,,,,,,,,,,,,,,
True,16,2,9576,6388,True,32768,FLAT,5.36,5.36,2022-03-02T15:25:48.649,2022-03-02T15:25:48.649,1,1,100,10,0.246657639741898,3.76,3.76,ZWO ASI6200MM Pro,-10.0,-9.6,40,NP101is,540.0,5.4,Starlight Xpress Fil,SII,FlatWizard,,,,,,,TOP-DOWN,2000.0,N.I.N.A. 2.0.0.2048,2022-03-02_15-25-48_SII_-9.60_5.36_100_10_0002.fits,1,/mnt/raid0/AstroImaging/Preselected/Flaming Star Nebula (IC405) started 4th February 2022/Flats/2022-03-02_15-25-48_SII_-9.60_5.36_100_10_0002.fits,,,,,,,,,,,,,,,,,,,
True,16,2,9576,6388,True,32768,FLAT,5.36,5.36,2022-03-02T15:25:55.759,2022-03-02T15:25:55.759,1,1,100,10,0.246657639741898,3.76,3.76,ZWO ASI6200MM Pro,-10.0,-9.6,40,NP101is,540.0,5.4,Starlight Xpress Fil,SII,FlatWizard,,,,,,,TOP-DOWN,2000.0,N.I.N.A. 2.0.0.2048,2022-03-02_15-25-55_SII_-9.60_5.36_100_10_0003.fits,1,/mnt/raid0/AstroImaging/Preselected/Flaming Star Nebula (IC405) started 4th February 2022/Flats/2022-03-02_15-25-55_SII_-9.60_5.36_100_10_0003.fits,,,,,,,,,,,,,,,,,,,
True,16,2,9576,6388,True,32768,FLAT,5.36,5.36,2022-03-02T15:26:02.957,2022-03-02T15:26:02.957,1,1,100,10,0.246657639741898,3.76,3.76,ZWO ASI6200MM Pro,-10.0,-9.7,40,NP101is,540.0,5.4,Starlight Xpress Fil,SII,FlatWizard,,,,,,,TOP-DOWN,2000.0,N.I.N.A. 2.0.0.2048,2022-03-02_15-26-02_SII_-9.70_5.36_100_10_0004.fits,1,/mnt/raid0/AstroImaging/Preselected/Flaming Star Nebula (IC405) started 4th February 2022/Flats/2022-03-02_15-26-02_SII_-9.70_5.36_100_10_0004.fits,,,,,,,,,,,,,,,,,,,
True,16,2,9576,6388,True,32768,FLAT,5.36,5.36,2022-03-02T15:26:10.106,2022-03-02T15:26:10.106,1,1,100,10,0.246657639741898,3.76,3.76,ZWO ASI6200MM Pro,-10.0,-9.7,40,NP101is,540.0,5.4,Starlight Xpress Fil,SII,FlatWizard,,,,,,,TOP-DOWN,2000.0,N.I.N.A. 2.0.0.2048,2022-03-02_15-26-10_SII_-9.70_5.36_100_10_0005.fits,1,/mnt/raid0/AstroImaging/Preselected/Flaming Star Nebula (IC405) started 4th February 2022/Flats/2022-03-02_15-26-10_SII_-9.70_5.36_100_10_0005.fits,,,,,,,,,,,,,,,,,,,
True,16,2,9576,6388,True,32768,FLAT,5.36,5.36,2022-03-02T15:26:17.308,2022-03-02T15:26:17.308,1,1,100,10,0.246657639741898,3.76,3.76,ZWO ASI6200MM Pro,-10.0,-9.7,40,NP101is,540.0,5.4,Starlight Xpress Fil,SII,FlatWizard,,,,,,,TOP-DOWN,2000.0,N.I.N.A. 2.0.0.2048,2022-03-02_15-26-17_SII_-9.70_5.36_100_10_0006.fits,1,/mnt/raid0/AstroImaging/Preselected/Flaming Star Nebula (IC405) started 4th February 2022/Flats/2022-03-02_15-26-17_SII_-9.70_5.36_100_10_0006.fits,,,,,,,,,,,,,,,,,,,
True,16,2,9576,6388,True,32768,FLAT,5.36,5.36,2022-03-02T15:26:24.514,2022-03-02T15:26:24.514,1,1,100,10,0.246657639741898,3.76,3.76,ZWO ASI6200MM Pro,-10.0,-9.7,40,NP101is,540.0,5.4,Starlight Xpress Fil,SII,FlatWizard,,,,,,,TOP-DOWN,2000.0,N.I.N.A. 2.0.0.2048,2022-03-02_15-26-24_SII_-9.70_5.36_100_10_0007.fits,1,/mnt/raid0/AstroImaging/Preselected/Flaming Star Nebula (IC405) started 4th February 2022/Flats/2022-03-02_15-26-24_SII_-9.70_5.36_100_10_0007.fits,,,,,,,,,,,,,,,,,,,
True,16,2,9576,6388,True,32768,FLAT,5.36,5.36,2022-03-02T15:26:31.694,2022-03-02T15:26:31.694,1,1,100,10,0.246657639741898,3.76,3.76,ZWO ASI6200MM Pro,-10.0,-9.7,40,NP101is,540.0,5.4,Starlight Xpress Fil,SII,FlatWizard,,,,,,,TOP-DOWN,2000.0,N.I.N.A. 2.0.0.2048,2022-03-02_15-26-31_SII_-9.70_5.36_100_10_0008.fits,1,/mnt/raid0/AstroImaging/Preselected/Flaming Star Nebula (IC405) started 4th February 2022/Flats/2022-03-02_15-26-31_SII_-9.70_5.36_100_10_0008.fits,,,,,,,,,,,,,,,,,,,
True,16,2,9576,6388,True,32768,FLAT,5.36,5.36,2022-03-02T15:26:38.998,2022-03-02T15:26:38.998,1,1,100,10,0.246657639741898,3.76,3.76,ZWO ASI6200MM Pro,-10.0,-9.7,40,NP101is,540.0,5.4,Starlight Xpress Fil,SII,FlatWizard,,,,,,,TOP-DOWN,2000.0,N.I.N.A. 2.0.0.2048,2022-03-02_15-26-38_SII_-9.70_5.36_100_10_0009.fits,1,/mnt/raid0/AstroImaging/Preselected/Flaming Star Nebula (IC405) started 4th February 2022/Flats/2022-03-02_15-26-38_SII_-9.70_5.36_100_10_0009.fits,,,,,,,,,,,,,,,,,,,
True,16,2,9576,6388,True,32768,FLAT,5.36,5.36,2022-03-02T15:26:46.158,2022-03-02T15:26:46.158,1,1,100,10,0.246657639741898,3.76,3.76,ZWO ASI6200MM Pro,-10.0,-9.8,40,NP101is,540.0,5.4,Starlight Xpress Fil,SII,FlatWizard,,,,,,,TOP-DOWN,2000.0,N.I.N.A. 2.0.0.2048,2022-03-02_15-26-46_SII_-9.80_5.36_100_10_0010.fits,1,/mnt/raid0/AstroImaging/Preselected/Flaming Star Nebula (IC405) started 4th February 2022/Flats/2022-03-02_15-26-46_SII_-9.80_5.36_100_10_0010.fits,,,,,,,,,,,,,,,,,,,
True,16,2,9576,6388,True,32768,FLAT,5.36,5.36,2022-03-02T15:26:53.363,2022-03-02T15:26:53.363,1,1,100,10,0.246657639741898,3.76,3.76,ZWO ASI6200MM Pro,-10.0,-9.8,40,NP101is,540.0,5.4,Starlight Xpress Fil,SII,FlatWizard,,,,,,,TOP-DOWN,2000.0,N.I.N.A. 2.0.0.2048,2022-03-02_15-26-53_SII_-9.80_5.36_100_10_0011.fits,1,/mnt/raid0/AstroImaging/Preselected/Flaming Star Nebula (IC405) started 4th February 2022/Flats/2022-03-02_15-26-53_SII_-9.80_5.36_100_10_0011.fits,,,,,,,,,,,,,,,,,,,
True,16,2,9576,6388,True,32768,FLAT,5.36,5.36,2022-03-02T15:27:00.507,2022-03-02T15:27:00.507,1,1,100,10,0.246657639741898,3.76,3.76,ZWO ASI6200MM Pro,-10.0,-9.8,40,NP101is,540.0,5.4,Starlight Xpress Fil,SII,FlatWizard,,,,,,,TOP-DOWN,2000.0,N.I.N.A. 2.0.0.2048,2022-03-02_15-27-00_SII_-9.80_5.36_100_10_0012.fits,1,/mnt/raid0/AstroImaging/Preselected/Flaming Star Nebula (IC405) started 4th February 2022/Flats/2022-03-02_15-27-00_SII_-9.80_5.36_100_10_0012.fits,,,,,,,,,,,,,,,,,,,
True,16,2,9576,6388,True,32768,FLAT,5.36,5.36,2022-03-02T15:27:07.672,2022-03-02T15:27:07.672,1,1,100,10,0.246657639741898,3.76,3.76,ZWO ASI6200MM Pro,-10.0,-9.7,40,NP101is,540.0,5.4,Starlight Xpress Fil,SII,FlatWizard,,,,,,,TOP-DOWN,2000.0,N.I.N.A. 2.0.0.2048,2022-03-02_15-27-07_SII_-9.70_5.36_100_10_0013.fits,1,/mnt/raid0/AstroImaging/Preselected/Flaming Star Nebula (IC405) started 4th February 2022/Flats/2022-03-02_15-27-07_SII_-9.70_5.36_100_10_0013.fits,,,,,,,,,,,,,,,,,,,
True,16,2,9576,6388,True,32768,FLAT,5.36,5.36,2022-03-02T15:27:14.981,2022-03-02T15:27:14.981,1,1,100,10,0.246657639741898,3.76,3.76,ZWO ASI6200MM Pro,-10.0,-9.8,40,NP101is,540.0,5.4,Starlight Xpress Fil,SII,FlatWizard,,,,,,,TOP-DOWN,2000.0,N.I.N.A. 2.0.0.2048,2022-03-02_15-27-14_SII_-9.80_5.36_100_10_0014.fits,1,/mnt/raid0/AstroImaging/Preselected/Flaming Star Nebula (IC405) started 4th February 2022/Flats/2022-03-02_15-27-14_SII_-9.80_5.36_100_10_0014.fits,,,,,,,,,,,,,,,,,,,
True,16,2,9576,6388,True,32768,FLAT,5.36,5.36,2022-03-02T15:27:22.205,2022-03-02T15:27:22.205,1,1,100,10,0.246657639741898,3.76,3.76,ZWO ASI6200MM Pro,-10.0,-9.8,40,NP101is,540.0,5.4,Starlight Xpress Fil,SII,FlatWizard,,,,,,,TOP-DOWN,2000.0,N.I.N.A. 2.0.0.2048,2022-03-02_15-27-22_SII_-9.80_5.36_100_10_0015.fits,1,/mnt/raid0/AstroImaging/Preselected/Flaming Star Nebula (IC405) started 4th February 2022/Flats/2022-03-02_15-27-22_SII_-9.80_5.36_100_10_0015.fits,,,,,,,,,,,,,,,,,,,
True,16,2,9576,6388,True,32768,FLAT,5.36,5.36,2022-03-02T15:27:29.346,2022-03-02T15:27:29.346,1,1,100,10,0.246657639741898,3.76,3.76,ZWO ASI6200MM Pro,-10.0,-9.8,40,NP101is,540.0,5.4,Starlight Xpress Fil,SII,FlatWizard,,,,,,,TOP-DOWN,2000.0,N.I.N.A. 2.0.0.2048,2022-03-02_15-27-29_SII_-9.80_5.36_100_10_0016.fits,1,/mnt/raid0/AstroImaging/Preselected/Flaming Star Nebula (IC405) started 4th February 2022/Flats/2022-03-02_15-27-29_SII_-9.80_5.36_100_10_0016.fits,,,,,,,,,,,,,,,,,,,
True,16,2,9576,6388,True,32768,FLAT,5.36,5.36,2022-03-02T15:27:36.537,2022-03-02T15:27:36.537,1,1,100,10,0.246657639741898,3.76,3.76,ZWO ASI6200MM Pro,-10.0,-9.8,40,NP101is,540.0,5.4,Starlight Xpress Fil,SII,FlatWizard,,,,,,,TOP-DOWN,2000.0,N.I.N.A. 2.0.0.2048,2022-03-02_15-27-36_SII_-9.80_5.36_100_10_0017.fits,1,/mnt/raid0/AstroImaging/Preselected/Flaming Star Nebula (IC405) started 4th February 2022/Flats/2022-03-02_15-27-36_SII_-9.80_5.36_100_10_0017.fits,,,,,,,,,,,,,,,,,,,
True,16,2,9576,6388,True,32768,FLAT,5.36,5.36,2022-03-02T15:27:43.754,2022-03-02T15:27:43.754,1,1,100,10,0.246657639741898,3.76,3.76,ZWO ASI6200MM Pro,-10.0,-9.8,40,NP101is,540.0,5.4,Starlight Xpress Fil,SII,FlatWizard,,,,,,,TOP-DOWN,2000.0,N.I.N.A. 2.0.0.2048,2022-03-02_15-27-43_SII_-9.80_5.36_100_10_0018.fits,1,/mnt/raid0/AstroImaging/Preselected/Flaming Star Nebula (IC405) started 4th February 2022/Flats/2022-03-02_15-27-43_SII_-9.80_5.36_100_10_0018.fits,,,,,,,,,,,,,,,,,,,
True,16,2,9576,6388,True,32768,FLAT,5.36,5.36,2022-03-02T15:27:50.948,2022-03-02T15:27:50.948,1,1,100,10,0.246657639741898,3.76,3.76,ZWO ASI6200MM Pro,-10.0,-9.8,40,NP101is,540.0,5.4,Starlight Xpress Fil,SII,FlatWizard,,,,,,,TOP-DOWN,2000.0,N.I.N.A. 2.0.0.2048,2022-03-02_15-27-50_SII_-9.80_5.36_100_10_0019.fits,1,/mnt/raid0/AstroImaging/Preselected/Flaming Star Nebula (IC405) started 4th February 2022/Flats/2022-03-02_15-27-50_SII_-9.80_5.36_100_10_0019.fits,,,,,,,,,,,,,,,,,,,
True,16,2,9576,6388,True,32768,FLAT,5.36,5.36,2022-03-02T15:27:58.220,2022-03-02T15:27:58.220,1,1,100,10,0.246657639741898,3.76,3.76,ZWO ASI6200MM Pro,-10.0,-9.8,40,NP101is,540.0,5.4,Starlight Xpress Fil,SII,FlatWizard,,,,,,,TOP-DOWN,2000.0,N.I.N.A. 2.0.0.2048,2022-03-02_15-27-58_SII_-9.80_5.36_100_10_0020.fits,1,/mnt/raid0/AstroImaging/Preselected/Flaming Star Nebula (IC405) started 4th February 2022/Flats/2022-03-02_15-27-58_SII_-9.80_5.36_100_10_0020.fits,,,,,,,,,,,,,,,,,,,
True,16,2,9576,6388,True,32768,FLAT,5.36,5.36,2022-03-02T15:28:05.429,2022-03-02T15:28:05.429,1,1,100,10,0.246657639741898,3.76,3.76,ZWO ASI6200MM Pro,-10.0,-9.9,40,NP101is,540.0,5.4,Starlight Xpress Fil,SII,FlatWizard,,,,,,,TOP-DOWN,2000.0,N.I.N.A. 2.0.0.2048,2022-03-02_15-28-05_SII_-9.90_5.36_100_10_0021.fits,1,/mnt/raid0/AstroImaging/Preselected/Flaming Star Nebula (IC405) started 4th February 2022/Flats/2022-03-02_15-28-05_SII_-9.90_5.36_100_10_0021.fits,,,,,,,,,,,,,,,,,,,
True,16,2,9576,6388,True,32768,FLAT,5.36,5.36,2022-03-02T15:28:12.619,2022-03-02T15:28:12.619,1,1,100,10,0.246657639741898,3.76,3.76,ZWO ASI6200MM Pro,-10.0,-9.9,40,NP101is,540.0,5.4,Starlight Xpress Fil,SII,FlatWizard,,,,,,,TOP-DOWN,2000.0,N.I.N.A. 2.0.0.2048,2022-03-02_15-28-12_SII_-9.90_5.36_100_10_0022.fits,1,/mnt/raid0/AstroImaging/Preselected/Flaming Star Nebula (IC405) started 4th February 2022/Flats/2022-03-02_15-28-12_SII_-9.90_5.36_100_10_0022.fits,,,,,,,,,,,,,,,,,,,
True,16,2,9576,6388,True,32768,FLAT,5.36,5.36,2022-03-02T15:28:19.875,2022-03-02T15:28:19.875,1,1,100,10,0.246657639741898,3.76,3.76,ZWO ASI6200MM Pro,-10.0,-9.9,40,NP101is,540.0,5.4,Starlight Xpress Fil,SII,FlatWizard,,,,,,,TOP-DOWN,2000.0,N.I.N.A. 2.0.0.2048,2022-03-02_15-28-19_SII_-9.90_5.36_100_10_0023.fits,1,/mnt/raid0/AstroImaging/Preselected/Flaming Star Nebula (IC405) started 4th February 2022/Flats/2022-03-02_15-28-19_SII_-9.90_5.36_100_10_0023.fits,,,,,,,,,,,,,,,,,,,
True,16,2,9576,6388,True,32768,FLAT,5.36,5.36,2022-03-02T15:28:27.044,2022-03-02T15:28:27.044,1,1,100,10,0.246657639741898,3.76,3.76,ZWO ASI6200MM Pro,-10.0,-9.9,40,NP101is,540.0,5.4,Starlight Xpress Fil,SII,FlatWizard,,,,,,,TOP-DOWN,2000.0,N.I.N.A. 2.0.0.2048,2022-03-02_15-28-27_SII_-9.90_5.36_100_10_0024.fits,1,/mnt/raid0/AstroImaging/Preselected/Flaming Star Nebula (IC405) started 4th February 2022/Flats/2022-03-02_15-28-27_SII_-9.90_5.36_100_10_0024.fits,,,,,,,,,,,,,,,,,,,
True,16,2,9576,6388,True,32768,FLAT,5.36,5.36,2022-03-02T15:28:34.252,2022-03-02T15:28:34.252,1,1,100,10,0.246657639741898,3.76,3.76,ZWO ASI6200MM Pro,-10.0,-10.0,40,NP101is,540.0,5.4,Starlight Xpress Fil,SII,FlatWizard,,,,,,,TOP-DOWN,2000.0,N.I.N.A. 2.0.0.2048,2022-03-02_15-28-34_SII_-10.00_5.36_100_10_0025.fits,1,/mnt/raid0/AstroImaging/Preselected/Flaming Star Nebula (IC405) started 4th February 2022/Flats/2022-03-02_15-28-34_SII_-10.00_5.36_100_10_0025.fits,,,,,,,,,,,,,,,,,,,
True,16,2,9576,6388,True,32768,FLAT,5.36,5.36,2022-03-02T15:28:41.471,2022-03-02T15:28:41.471,1,1,100,10,0.246657639741898,3.76,3.76,ZWO ASI6200MM Pro,-10.0,-10.0,40,NP101is,540.0,5.4,Starlight Xpress Fil,SII,FlatWizard,,,,,,,TOP-DOWN,2000.0,N.I.N.A. 2.0.0.2048,2022-03-02_15-28-41_SII_-10.00_5.36_100_10_0026.fits,1,/mnt/raid0/AstroImaging/Preselected/Flaming Star Nebula (IC405) started 4th February 2022/Flats/2022-03-02_15-28-41_SII_-10.00_5.36_100_10_0026.fits,,,,,,,,,,,,,,,,,,,
True,16,2,9576,6388,True,32768,FLAT,5.36,5.36,2022-03-02T15:28:48.666,2022-03-02T15:28:48.666,1,1,100,10,0.246657639741898,3.76,3.76,ZWO ASI6200MM Pro,-10.0,-10.0,40,NP101is,540.0,5.4,Starlight Xpress Fil,SII,FlatWizard,,,,,,,TOP-DOWN,2000.0,N.I.N.A. 2.0.0.2048,2022-03-02_15-28-48_SII_-10.00_5.36_100_10_0027.fits,1,/mnt/raid0/AstroImaging/Preselected/Flaming Star Nebula (IC405) started 4th February 2022/Flats/2022-03-02_15-28-48_SII_-10.00_5.36_100_10_0027.fits,,,,,,,,,,,,,,,,,,,
True,16,2,9576,6388,True,32768,FLAT,5.36,5.36,2022-03-02T15:28:55.820,2022-03-02T15:28:55.820,1,1,100,10,0.246657639741898,3.76,3.76,ZWO ASI6200MM Pro,-10.0,-10.0,40,NP101is,540.0,5.4,Starlight Xpress Fil,SII,FlatWizard,,,,,,,TOP-DOWN,2000.0,N.I.N.A. 2.0.0.2048,2022-03-02_15-28-55_SII_-10.00_5.36_100_10_0028.fits,1,/mnt/raid0/AstroImaging/Preselected/Flaming Star Nebula (IC405) started 4th February 2022/Flats/2022-03-02_15-28-55_SII_-10.00_5.36_100_10_0028.fits,,,,,,,,,,,,,,,,,,,
True,16,2,9576,6388,True,32768,FLAT,5.36,5.36,2022-03-02T15:29:03.001,2022-03-02T15:29:03.001,1,1,100,10,0.246657639741898,3.76,3.76,ZWO ASI6200MM Pro,-10.0,-10.0,40,NP101is,540.0,5.4,Starlight Xpress Fil,SII,FlatWizard,,,,,,,TOP-DOWN,2000.0,N.I.N.A. 2.0.0.2048,2022-03-02_15-29-03_SII_-10.00_5.36_100_10_0029.fits,1,/mnt/raid0/AstroImaging/Preselected/Flaming Star Nebula (IC405) started 4th February 2022/Flats/2022-03-02_15-29-03_SII_-10.00_5.36_100_10_0029.fits,,,,,,,,,,,,,,,,,,,
True,16,2,9576,6388,True,32768,FLAT,5.36,5.36,2022-03-02T15:29:10.166,2022-03-02T15:29:10.166,1,1,100,10,0.246657639741898,3.76,3.76,ZWO ASI6200MM Pro,-10.0,-10.0,40,NP101is,540.0,5.4,Starlight Xpress Fil,SII,FlatWizard,,,,,,,TOP-DOWN,2000.0,N.I.N.A. 2.0.0.2048,2022-03-02_15-29-10_SII_-10.00_5.36_100_10_0030.fits,1,/mnt/raid0/AstroImaging/Preselected/Flaming Star Nebula (IC405) started 4th February 2022/Flats/2022-03-02_15-29-10_SII_-10.00_5.36_100_10_0030.fits,,,,,,,,,,,,,,,,,,,
True,16,2,9576,6388,True,32768,FLAT,5.36,5.36,2022-03-02T15:29:17.449,2022-03-02T15:29:17.449,1,1,100,10,0.246657639741898,3.76,3.76,ZWO ASI6200MM Pro,-10.0,-10.0,40,NP101is,540.0,5.4,Starlight Xpress Fil,SII,FlatWizard,,,,,,,TOP-DOWN,2000.0,N.I.N.A. 2.0.0.2048,2022-03-02_15-29-17_SII_-10.00_5.36_100_10_0031.fits,1,/mnt/raid0/AstroImaging/Preselected/Flaming Star Nebula (IC405) started 4th February 2022/Flats/2022-03-02_15-29-17_SII_-10.00_5.36_100_10_0031.fits,,,,,,,,,,,,,,,,,,,
True,16,2,9576,6388,True,32768,FLAT,5.36,5.36,2022-03-02T15:29:24.693,2022-03-02T15:29:24.693,1,1,100,10,0.246657639741898,3.76,3.76,ZWO ASI6200MM Pro,-10.0,-10.0,40,NP101is,540.0,5.4,Starlight Xpress Fil,SII,FlatWizard,,,,,,,TOP-DOWN,2000.0,N.I.N.A. 2.0.0.2048,2022-03-02_15-29-24_SII_-10.00_5.36_100_10_0032.fits,1,/mnt/raid0/AstroImaging/Preselected/Flaming Star Nebula (IC405) started 4th February 2022/Flats/2022-03-02_15-29-24_SII_-10.00_5.36_100_10_0032.fits,,,,,,,,,,,,,,,,,,,
True,16,2,9576,6388,True,32768,FLAT,5.36,5.36,2022-03-02T15:29:31.876,2022-03-02T15:29:31.876,1,1,100,10,0.246657639741898,3.76,3.76,ZWO ASI6200MM Pro,-10.0,-10.0,40,NP101is,540.0,5.4,Starlight Xpress Fil,SII,FlatWizard,,,,,,,TOP-DOWN,2000.0,N.I.N.A. 2.0.0.2048,2022-03-02_15-29-31_SII_-10.00_5.36_100_10_0033.fits,1,/mnt/raid0/AstroImaging/Preselected/Flaming Star Nebula (IC405) started 4th February 2022/Flats/2022-03-02_15-29-31_SII_-10.00_5.36_100_10_0033.fits,,,,,,,,,,,,,,,,,,,
True,16,2,9576,6388,True,32768,FLAT,5.36,5.36,2022-03-02T15:29:39.037,2022-03-02T15:29:39.037,1,1,100,10,0.246657639741898,3.76,3.76,ZWO ASI6200MM Pro,-10.0,-10.0,40,NP101is,540.0,5.4,Starlight Xpress Fil,SII,FlatWizard,,,,,,,TOP-DOWN,2000.0,N.I.N.A. 2.0.0.2048,2022-03-02_15-29-39_SII_-10.00_5.36_100_10_0034.fits,1,/mnt/raid0/AstroImaging/Preselected/Flaming Star Nebula (IC405) started 4th February 2022/Flats/2022-03-02_15-29-39_SII_-10.00_5.36_100_10_0034.fits,,,,,,,,,,,,,,,,,,,
True,16,2,9576,6388,True,32768,FLAT,5.36,5.36,2022-03-02T15:29:46.268,2022-03-02T15:29:46.268,1,1,100,10,0.246657639741898,3.76,3.76,ZWO ASI6200MM Pro,-10.0,-10.0,40,NP101is,540.0,5.4,Starlight Xpress Fil,SII,FlatWizard,,,,,,,TOP-DOWN,2000.0,N.I.N.A. 2.0.0.2048,2022-03-02_15-29-46_SII_-10.00_5.36_100_10_0035.fits,1,/mnt/raid0/AstroImaging/Preselected/Flaming Star Nebula (IC405) started 4th February 2022/Flats/2022-03-02_15-29-46_SII_-10.00_5.36_100_10_0035.fits,,,,,,,,,,,,,,,,,,,
True,16,2,9576,6388,True,32768,FLAT,5.36,5.36,2022-03-02T15:29:53.396,2022-03-02T15:29:53.396,1,1,100,10,0.246657639741898,3.76,3.76,ZWO ASI6200MM Pro,-10.0,-10.0,40,NP101is,540.0,5.4,Starlight Xpress Fil,SII,FlatWizard,,,,,,,TOP-DOWN,2000.0,N.I.N.A. 2.0.0.2048,2022-03-02_15-29-53_SII_-10.00_5.36_100_10_0036.fits,1,/mnt/raid0/AstroImaging/Preselected/Flaming Star Nebula (IC405) started 4th February 2022/Flats/2022-03-02_15-29-53_SII_-10.00_5.36_100_10_0036.fits,,,,,,,,,,,,,,,,,,,
True,16,2,9576,6388,True,32768,FLAT,5.36,5.36,2022-03-02T15:30:00.565,2022-03-02T15:30:00.565,1,1,100,10,0.246657639741898,3.76,3.76,ZWO ASI6200MM Pro,-10.0,-10.0,40,NP101is,540.0,5.4,Starlight Xpress Fil,SII,FlatWizard,,,,,,,TOP-DOWN,2000.0,N.I.N.A. 2.0.0.2048,2022-03-02_15-30-00_SII_-10.00_5.36_100_10_0037.fits,1,/mnt/raid0/AstroImaging/Preselected/Flaming Star Nebula (IC405) started 4th February 2022/Flats/2022-03-02_15-30-00_SII_-10.00_5.36_100_10_0037.fits,,,,,,,,,,,,,,,,,,,
True,16,2,9576,6388,True,32768,FLAT,5.36,5.36,2022-03-02T15:30:07.838,2022-03-02T15:30:07.838,1,1,100,10,0.246657639741898,3.76,3.76,ZWO ASI6200MM Pro,-10.0,-10.0,40,NP101is,540.0,5.4,Starlight Xpress Fil,SII,FlatWizard,,,,,,,TOP-DOWN,2000.0,N.I.N.A. 2.0.0.2048,2022-03-02_15-30-07_SII_-10.00_5.36_100_10_0038.fits,1,/mnt/raid0/AstroImaging/Preselected/Flaming Star Nebula (IC405) started 4th February 2022/Flats/2022-03-02_15-30-07_SII_-10.00_5.36_100_10_0038.fits,,,,,,,,,,,,,,,,,,,
True,16,2,9576,6388,True,32768,FLAT,5.36,5.36,2022-03-02T15:30:15.053,2022-03-02T15:30:15.053,1,1,100,10,0.246657639741898,3.76,3.76,ZWO ASI6200MM Pro,-10.0,-10.0,40,NP101is,540.0,5.4,Starlight Xpress Fil,SII,FlatWizard,,,,,,,TOP-DOWN,2000.0,N.I.N.A. 2.0.0.2048,2022-03-02_15-30-15_SII_-10.00_5.36_100_10_0039.fits,1,/mnt/raid0/AstroImaging/Preselected/Flaming Star Nebula (IC405) started 4th February 2022/Flats/2022-03-02_15-30-15_SII_-10.00_5.36_100_10_0039.fits,,,,,,,,,,,,,,,,,,,
True,16,2,9576,6388,True,32768,FLAT,5.36,5.36,2022-03-02T15:30:22.141,2022-03-02T15:30:22.141,1,1,100,10,0.246657639741898,3.76,3.76,ZWO ASI6200MM Pro,-10.0,-10.0,40,NP101is,540.0,5.4,Starlight Xpress Fil,SII,FlatWizard,,,,,,,TOP-DOWN,2000.0,N.I.N.A. 2.0.0.2048,2022-03-02_15-30-22_SII_-10.00_5.36_100_10_0040.fits,1,/mnt/raid0/AstroImaging/Preselected/Flaming Star Nebula (IC405) started 4th February 2022/Flats/2022-03-02_15-30-22_SII_-10.00_5.36_100_10_0040.fits,,,,,,,,,,,,,,,,,,,
True,16,2,9576,6388,True,32768,FLAT,5.36,5.36,2022-03-02T15:30:29.304,2022-03-02T15:30:29.304,1,1,100,10,0.246657639741898,3.76,3.76,ZWO ASI6200MM Pro,-10.0,-10.0,40,NP101is,540.0,5.4,Starlight Xpress Fil,SII,FlatWizard,,,,,,,TOP-DOWN,2000.0,N.I.N.A. 2.0.0.2048,2022-03-02_15-30-29_SII_-10.00_5.36_100_10_0041.fits,1,/mnt/raid0/AstroImaging/Preselected/Flaming Star Nebula (IC405) started 4th February 2022/Flats/2022-03-02_15-30-29_SII_-10.00_5.36_100_10_0041.fits,,,,,,,,,,,,,,,,,,,
True,16,2,9576,6388,True,32768,FLAT,5.36,5.36,2022-03-02T15:30:36.542,2022-03-02T15:30:36.542,1,1,100,10,0.246657639741898,3.76,3.76,ZWO ASI6200MM Pro,-10.0,-10.0,40,NP101is,540.0,5.4,Starlight Xpress Fil,SII,FlatWizard,,,,,,,TOP-DOWN,2000.0,N.I.N.A. 2.0.0.2048,2022-03-02_15-30-36_SII_-10.00_5.36_100_10_0042.fits,1,/mnt/raid0/AstroImaging/Preselected/Flaming Star Nebula (IC405) started 4th February 2022/Flats/2022-03-02_15-30-36_SII_-10.00_5.36_100_10_0042.fits,,,,,,,,,,,,,,,,,,,
True,16,2,9576,6388,True,32768,FLAT,5.36,5.36,2022-03-02T15:30:43.865,2022-03-02T15:30:43.865,1,1,100,10,0.246657639741898,3.76,3.76,ZWO ASI6200MM Pro,-10.0,-10.0,40,NP101is,540.0,5.4,Starlight Xpress Fil,SII,FlatWizard,,,,,,,TOP-DOWN,2000.0,N.I.N.A. 2.0.0.2048,2022-03-02_15-30-43_SII_-10.00_5.36_100_10_0043.fits,1,/mnt/raid0/AstroImaging/Preselected/Flaming Star Nebula (IC405) started 4th February 2022/Flats/2022-03-02_15-30-43_SII_-10.00_5.36_100_10_0043.fits,,,,,,,,,,,,,,,,,,,
True,16,2,9576,6388,True,32768,FLAT,5.36,5.36,2022-03-02T15:30:51.015,2022-03-02T15:30:51.015,1,1,100,10,0.246657639741898,3.76,3.76,ZWO ASI6200MM Pro,-10.0,-10.0,40,NP101is,540.0,5.4,Starlight Xpress Fil,SII,FlatWizard,,,,,,,TOP-DOWN,2000.0,N.I.N.A. 2.0.0.2048,2022-03-02_15-30-51_SII_-10.00_5.36_100_10_0044.fits,1,/mnt/raid0/AstroImaging/Preselected/Flaming Star Nebula (IC405) started 4th February 2022/Flats/2022-03-02_15-30-51_SII_-10.00_5.36_100_10_0044.fits,,,,,,,,,,,,,,,,,,,
True,16,2,9576,6388,True,32768,FLAT,5.36,5.36,2022-03-02T15:30:58.780,2022-03-02T15:30:58.780,1,1,100,10,0.246657639741898,3.76,3.76,ZWO ASI6200MM Pro,-10.0,-10.0,40,NP101is,540.0,5.4,Starlight Xpress Fil,SII,FlatWizard,,,,,,,TOP-DOWN,2000.0,N.I.N.A. 2.0.0.2048,2022-03-02_15-30-58_SII_-10.00_5.36_100_10_0045.fits,1,/mnt/raid0/AstroImaging/Preselected/Flaming Star Nebula (IC405) started 4th February 2022/Flats/2022-03-02_15-30-58_SII_-10.00_5.36_100_10_0045.fits,,,,,,,,,,,,,,,,,,,
True,16,2,9576,6388,True,32768,FLAT,5.36,5.36,2022-03-02T15:31:05.987,2022-03-02T15:31:05.987,1,1,100,10,0.246657639741898,3.76,3.76,ZWO ASI6200MM Pro,-10.0,-10.0,40,NP101is,540.0,5.4,Starlight Xpress Fil,SII,FlatWizard,,,,,,,TOP-DOWN,2000.0,N.I.N.A. 2.0.0.2048,2022-03-02_15-31-05_SII_-10.00_5.36_100_10_0046.fits,1,/mnt/raid0/AstroImaging/Preselected/Flaming Star Nebula (IC405) started 4th February 2022/Flats/2022-03-02_15-31-05_SII_-10.00_5.36_100_10_0046.fits,,,,,,,,,,,,,,,,,,,
True,16,2,9576,6388,True,32768,FLAT,5.36,5.36,2022-03-02T15:31:13.226,2022-03-02T15:31:13.226,1,1,100,10,0.246657639741898,3.76,3.76,ZWO ASI6200MM Pro,-10.0,-10.0,40,NP101is,540.0,5.4,Starlight Xpress Fil,SII,FlatWizard,,,,,,,TOP-DOWN,2000.0,N.I.N.A. 2.0.0.2048,2022-03-02_15-31-13_SII_-10.00_5.36_100_10_0047.fits,1,/mnt/raid0/AstroImaging/Preselected/Flaming Star Nebula (IC405) started 4th February 2022/Flats/2022-03-02_15-31-13_SII_-10.00_5.36_100_10_0047.fits,,,,,,,,,,,,,,,,,,,
True,16,2,9576,6388,True,32768,FLAT,5.36,5.36,2022-03-02T15:31:20.274,2022-03-02T15:31:20.274,1,1,100,10,0.246657639741898,3.76,3.76,ZWO ASI6200MM Pro,-10.0,-10.0,40,NP101is,540.0,5.4,Starlight Xpress Fil,SII,FlatWizard,,,,,,,TOP-DOWN,2000.0,N.I.N.A. 2.0.0.2048,2022-03-02_15-31-20_SII_-10.00_5.36_100_10_0048.fits,1,/mnt/raid0/AstroImaging/Preselected/Flaming Star Nebula (IC405) started 4th February 2022/Flats/2022-03-02_15-31-20_SII_-10.00_5.36_100_10_0048.fits,,,,,,,,,,,,,,,,,,,
True,16,2,9576,6388,True,32768,FLAT,5.36,5.36,2022-03-02T15:31:27.363,2022-03-02T15:31:27.363,1,1,100,10,0.246657639741898,3.76,3.76,ZWO ASI6200MM Pro,-10.0,-10.0,40,NP101is,540.0,5.4,Starlight Xpress Fil,SII,FlatWizard,,,,,,,TOP-DOWN,2000.0,N.I.N.A. 2.0.0.2048,2022-03-02_15-31-27_SII_-10.00_5.36_100_10_0049.fits,1,/mnt/raid0/AstroImaging/Preselected/Flaming Star Nebula (IC405) started 4th February 2022/Flats/2022-03-02_15-31-27_SII_-10.00_5.36_100_10_0049.fits,,,,,,,,,,,,,,,,,,,
True,16,2,9576,6388,True,32768,FLAT,6.94,6.94,2022-03-02T15:32:02.208,2022-03-02T15:32:02.208,1,1,100,10,0.246657639741898,3.76,3.76,ZWO ASI6200MM Pro,-10.0,-10.0,40,NP101is,540.0,5.4,Starlight Xpress Fil,OIII,FlatWizard,,,,,,,TOP-DOWN,2000.0,N.I.N.A. 2.0.0.2048,2022-03-02_15-32-02_OIII_-10.00_6.94_100_10_0000.fits,1,/mnt/raid0/AstroImaging/Preselected/Flaming Star Nebula (IC405) started 4th February 2022/Flats/2022-03-02_15-32-02_OIII_-10.00_6.94_100_10_0000.fits,,,,,,,,,,,,,,,,,,,
True,16,2,9576,6388,True,32768,FLAT,6.94,6.94,2022-03-02T15:32:10.842,2022-03-02T15:32:10.842,1,1,100,10,0.246657639741898,3.76,3.76,ZWO ASI6200MM Pro,-10.0,-10.0,40,NP101is,540.0,5.4,Starlight Xpress Fil,OIII,FlatWizard,,,,,,,TOP-DOWN,2000.0,N.I.N.A. 2.0.0.2048,2022-03-02_15-32-10_OIII_-10.00_6.94_100_10_0001.fits,1,/mnt/raid0/AstroImaging/Preselected/Flaming Star Nebula (IC405) started 4th February 2022/Flats/2022-03-02_15-32-10_OIII_-10.00_6.94_100_10_0001.fits,,,,,,,,,,,,,,,,,,,
True,16,2,9576,6388,True,32768,FLAT,6.94,6.94,2022-03-02T15:32:19.617,2022-03-02T15:32:19.617,1,1,100,10,0.246657639741898,3.76,3.76,ZWO ASI6200MM Pro,-10.0,-10.0,40,NP101is,540.0,5.4,Starlight Xpress Fil,OIII,FlatWizard,,,,,,,TOP-DOWN,2000.0,N.I.N.A. 2.0.0.2048,2022-03-02_15-32-19_OIII_-10.00_6.94_100_10_0002.fits,1,/mnt/raid0/AstroImaging/Preselected/Flaming Star Nebula (IC405) started 4th February 2022/Flats/2022-03-02_15-32-19_OIII_-10.00_6.94_100_10_0002.fits,,,,,,,,,,,,,,,,,,,
True,16,2,9576,6388,True,32768,FLAT,6.94,6.94,2022-03-02T15:32:28.282,2022-03-02T15:32:28.282,1,1,100,10,0.246657639741898,3.76,3.76,ZWO ASI6200MM Pro,-10.0,-10.0,40,NP101is,540.0,5.4,Starlight Xpress Fil,OIII,FlatWizard,,,,,,,TOP-DOWN,2000.0,N.I.N.A. 2.0.0.2048,2022-03-02_15-32-28_OIII_-10.00_6.94_100_10_0003.fits,1,/mnt/raid0/AstroImaging/Preselected/Flaming Star Nebula (IC405) started 4th February 2022/Flats/2022-03-02_15-32-28_OIII_-10.00_6.94_100_10_0003.fits,,,,,,,,,,,,,,,,,,,
True,16,2,9576,6388,True,32768,FLAT,6.94,6.94,2022-03-02T15:32:36.986,2022-03-02T15:32:36.986,1,1,100,10,0.246657639741898,3.76,3.76,ZWO ASI6200MM Pro,-10.0,-10.0,40,NP101is,540.0,5.4,Starlight Xpress Fil,OIII,FlatWizard,,,,,,,TOP-DOWN,2000.0,N.I.N.A. 2.0.0.2048,2022-03-02_15-32-36_OIII_-10.00_6.94_100_10_0004.fits,1,/mnt/raid0/AstroImaging/Preselected/Flaming Star Nebula (IC405) started 4th February 2022/Flats/2022-03-02_15-32-36_OIII_-10.00_6.94_100_10_0004.fits,,,,,,,,,,,,,,,,,,,
True,16,2,9576,6388,True,32768,FLAT,6.94,6.94,2022-03-02T15:32:45.678,2022-03-02T15:32:45.678,1,1,100,10,0.246657639741898,3.76,3.76,ZWO ASI6200MM Pro,-10.0,-10.0,40,NP101is,540.0,5.4,Starlight Xpress Fil,OIII,FlatWizard,,,,,,,TOP-DOWN,2000.0,N.I.N.A. 2.0.0.2048,2022-03-02_15-32-45_OIII_-10.00_6.94_100_10_0005.fits,1,/mnt/raid0/AstroImaging/Preselected/Flaming Star Nebula (IC405) started 4th February 2022/Flats/2022-03-02_15-32-45_OIII_-10.00_6.94_100_10_0005.fits,,,,,,,,,,,,,,,,,,,
True,16,2,9576,6388,True,32768,FLAT,6.94,6.94,2022-03-02T15:32:54.380,2022-03-02T15:32:54.380,1,1,100,10,0.246657639741898,3.76,3.76,ZWO ASI6200MM Pro,-10.0,-10.0,40,NP101is,540.0,5.4,Starlight Xpress Fil,OIII,FlatWizard,,,,,,,TOP-DOWN,2000.0,N.I.N.A. 2.0.0.2048,2022-03-02_15-32-54_OIII_-10.00_6.94_100_10_0006.fits,1,/mnt/raid0/AstroImaging/Preselected/Flaming Star Nebula (IC405) started 4th February 2022/Flats/2022-03-02_15-32-54_OIII_-10.00_6.94_100_10_0006.fits,,,,,,,,,,,,,,,,,,,
True,16,2,9576,6388,True,32768,FLAT,6.94,6.94,2022-03-02T15:33:03.038,2022-03-02T15:33:03.038,1,1,100,10,0.246657639741898,3.76,3.76,ZWO ASI6200MM Pro,-10.0,-10.0,40,NP101is,540.0,5.4,Starlight Xpress Fil,OIII,FlatWizard,,,,,,,TOP-DOWN,2000.0,N.I.N.A. 2.0.0.2048,2022-03-02_15-33-03_OIII_-10.00_6.94_100_10_0007.fits,1,/mnt/raid0/AstroImaging/Preselected/Flaming Star Nebula (IC405) started 4th February 2022/Flats/2022-03-02_15-33-03_OIII_-10.00_6.94_100_10_0007.fits,,,,,,,,,,,,,,,,,,,
True,16,2,9576,6388,True,32768,FLAT,6.94,6.94,2022-03-02T15:33:11.757,2022-03-02T15:33:11.757,1,1,100,10,0.246657639741898,3.76,3.76,ZWO ASI6200MM Pro,-10.0,-10.0,40,NP101is,540.0,5.4,Starlight Xpress Fil,OIII,FlatWizard,,,,,,,TOP-DOWN,2000.0,N.I.N.A. 2.0.0.2048,2022-03-02_15-33-11_OIII_-10.00_6.94_100_10_0008.fits,1,/mnt/raid0/AstroImaging/Preselected/Flaming Star Nebula (IC405) started 4th February 2022/Flats/2022-03-02_15-33-11_OIII_-10.00_6.94_100_10_0008.fits,,,,,,,,,,,,,,,,,,,
True,16,2,9576,6388,True,32768,FLAT,6.94,6.94,2022-03-02T15:33:20.436,2022-03-02T15:33:20.436,1,1,100,10,0.246657639741898,3.76,3.76,ZWO ASI6200MM Pro,-10.0,-10.0,40,NP101is,540.0,5.4,Starlight Xpress Fil,OIII,FlatWizard,,,,,,,TOP-DOWN,2000.0,N.I.N.A. 2.0.0.2048,2022-03-02_15-33-20_OIII_-10.00_6.94_100_10_0009.fits,1,/mnt/raid0/AstroImaging/Preselected/Flaming Star Nebula (IC405) started 4th February 2022/Flats/2022-03-02_15-33-20_OIII_-10.00_6.94_100_10_0009.fits,,,,,,,,,,,,,,,,,,,
True,16,2,9576,6388,True,32768,FLAT,6.94,6.94,2022-03-02T15:33:29.110,2022-03-02T15:33:29.110,1,1,100,10,0.246657639741898,3.76,3.76,ZWO ASI6200MM Pro,-10.0,-10.0,40,NP101is,540.0,5.4,Starlight Xpress Fil,OIII,FlatWizard,,,,,,,TOP-DOWN,2000.0,N.I.N.A. 2.0.0.2048,2022-03-02_15-33-29_OIII_-10.00_6.94_100_10_0010.fits,1,/mnt/raid0/AstroImaging/Preselected/Flaming Star Nebula (IC405) started 4th February 2022/Flats/2022-03-02_15-33-29_OIII_-10.00_6.94_100_10_0010.fits,,,,,,,,,,,,,,,,,,,
True,16,2,9576,6388,True,32768,FLAT,6.94,6.94,2022-03-02T15:33:37.774,2022-03-02T15:33:37.774,1,1,100,10,0.246657639741898,3.76,3.76,ZWO ASI6200MM Pro,-10.0,-10.0,40,NP101is,540.0,5.4,Starlight Xpress Fil,OIII,FlatWizard,,,,,,,TOP-DOWN,2000.0,N.I.N.A. 2.0.0.2048,2022-03-02_15-33-37_OIII_-10.00_6.94_100_10_0011.fits,1,/mnt/raid0/AstroImaging/Preselected/Flaming Star Nebula (IC405) started 4th February 2022/Flats/2022-03-02_15-33-37_OIII_-10.00_6.94_100_10_0011.fits,,,,,,,,,,,,,,,,,,,
True,16,2,9576,6388,True,32768,FLAT,6.94,6.94,2022-03-02T15:33:46.428,2022-03-02T15:33:46.428,1,1,100,10,0.246657639741898,3.76,3.76,ZWO ASI6200MM Pro,-10.0,-10.0,40,NP101is,540.0,5.4,Starlight Xpress Fil,OIII,FlatWizard,,,,,,,TOP-DOWN,2000.0,N.I.N.A. 2.0.0.2048,2022-03-02_15-33-46_OIII_-10.00_6.94_100_10_0012.fits,1,/mnt/raid0/AstroImaging/Preselected/Flaming Star Nebula (IC405) started 4th February 2022/Flats/2022-03-02_15-33-46_OIII_-10.00_6.94_100_10_0012.fits,,,,,,,,,,,,,,,,,,,
True,16,2,9576,6388,True,32768,FLAT,6.94,6.94,2022-03-02T15:33:55.179,2022-03-02T15:33:55.179,1,1,100,10,0.246657639741898,3.76,3.76,ZWO ASI6200MM Pro,-10.0,-10.0,40,NP101is,540.0,5.4,Starlight Xpress Fil,OIII,FlatWizard,,,,,,,TOP-DOWN,2000.0,N.I.N.A. 2.0.0.2048,2022-03-02_15-33-55_OIII_-10.00_6.94_100_10_0013.fits,1,/mnt/raid0/AstroImaging/Preselected/Flaming Star Nebula (IC405) started 4th February 2022/Flats/2022-03-02_15-33-55_OIII_-10.00_6.94_100_10_0013.fits,,,,,,,,,,,,,,,,,,,
True,16,2,9576,6388,True,32768,FLAT,6.94,6.94,2022-03-02T15:34:03.853,2022-03-02T15:34:03.853,1,1,100,10,0.246657639741898,3.76,3.76,ZWO ASI6200MM Pro,-10.0,-10.0,40,NP101is,540.0,5.4,Starlight Xpress Fil,OIII,FlatWizard,,,,,,,TOP-DOWN,2000.0,N.I.N.A. 2.0.0.2048,2022-03-02_15-34-03_OIII_-10.00_6.94_100_10_0014.fits,1,/mnt/raid0/AstroImaging/Preselected/Flaming Star Nebula (IC405) started 4th February 2022/Flats/2022-03-02_15-34-03_OIII_-10.00_6.94_100_10_0014.fits,,,,,,,,,,,,,,,,,,,
True,16,2,9576,6388,True,32768,FLAT,6.94,6.94,2022-03-02T15:34:12.537,2022-03-02T15:34:12.537,1,1,100,10,0.246657639741898,3.76,3.76,ZWO ASI6200MM Pro,-10.0,-10.1,40,NP101is,540.0,5.4,Starlight Xpress Fil,OIII,FlatWizard,,,,,,,TOP-DOWN,2000.0,N.I.N.A. 2.0.0.2048,2022-03-02_15-34-12_OIII_-10.10_6.94_100_10_0015.fits,1,/mnt/raid0/AstroImaging/Preselected/Flaming Star Nebula (IC405) started 4th February 2022/Flats/2022-03-02_15-34-12_OIII_-10.10_6.94_100_10_0015.fits,,,,,,,,,,,,,,,,,,,
True,16,2,9576,6388,True,32768,FLAT,6.94,6.94,2022-03-02T15:34:21.327,2022-03-02T15:34:21.327,1,1,100,10,0.246657639741898,3.76,3.76,ZWO ASI6200MM Pro,-10.0,-10.1,40,NP101is,540.0,5.4,Starlight Xpress Fil,OIII,FlatWizard,,,,,,,TOP-DOWN,2000.0,N.I.N.A. 2.0.0.2048,2022-03-02_15-34-21_OIII_-10.10_6.94_100_10_0016.fits,1,/mnt/raid0/AstroImaging/Preselected/Flaming Star Nebula (IC405) started 4th February 2022/Flats/2022-03-02_15-34-21_OIII_-10.10_6.94_100_10_0016.fits,,,,,,,,,,,,,,,,,,,
True,16,2,9576,6388,True,32768,FLAT,6.94,6.94,2022-03-02T15:34:30.066,2022-03-02T15:34:30.066,1,1,100,10,0.246657639741898,3.76,3.76,ZWO ASI6200MM Pro,-10.0,-10.1,40,NP101is,540.0,5.4,Starlight Xpress Fil,OIII,FlatWizard,,,,,,,TOP-DOWN,2000.0,N.I.N.A. 2.0.0.2048,2022-03-02_15-34-30_OIII_-10.10_6.94_100_10_0017.fits,1,/mnt/raid0/AstroImaging/Preselected/Flaming Star Nebula (IC405) started 4th February 2022/Flats/2022-03-02_15-34-30_OIII_-10.10_6.94_100_10_0017.fits,,,,,,,,,,,,,,,,,,,
True,16,2,9576,6388,True,32768,FLAT,6.94,6.94,2022-03-02T15:34:38.794,2022-03-02T15:34:38.794,1,1,100,10,0.246657639741898,3.76,3.76,ZWO ASI6200MM Pro,-10.0,-10.1,40,NP101is,540.0,5.4,Starlight Xpress Fil,OIII,FlatWizard,,,,,,,TOP-DOWN,2000.0,N.I.N.A. 2.0.0.2048,2022-03-02_15-34-38_OIII_-10.10_6.94_100_10_0018.fits,1,/mnt/raid0/AstroImaging/Preselected/Flaming Star Nebula (IC405) started 4th February 2022/Flats/2022-03-02_15-34-38_OIII_-10.10_6.94_100_10_0018.fits,,,,,,,,,,,,,,,,,,,
True,16,2,9576,6388,True,32768,FLAT,6.94,6.94,2022-03-02T15:34:47.442,2022-03-02T15:34:47.442,1,1,100,10,0.246657639741898,3.76,3.76,ZWO ASI6200MM Pro,-10.0,-10.1,40,NP101is,540.0,5.4,Starlight Xpress Fil,OIII,FlatWizard,,,,,,,TOP-DOWN,2000.0,N.I.N.A. 2.0.0.2048,2022-03-02_15-34-47_OIII_-10.10_6.94_100_10_0019.fits,1,/mnt/raid0/AstroImaging/Preselected/Flaming Star Nebula (IC405) started 4th February 2022/Flats/2022-03-02_15-34-47_OIII_-10.10_6.94_100_10_0019.fits,,,,,,,,,,,,,,,,,,,
True,16,2,9576,6388,True,32768,FLAT,6.94,6.94,2022-03-02T15:34:56.079,2022-03-02T15:34:56.079,1,1,100,10,0.246657639741898,3.76,3.76,ZWO ASI6200MM Pro,-10.0,-10.1,40,NP101is,540.0,5.4,Starlight Xpress Fil,OIII,FlatWizard,,,,,,,TOP-DOWN,2000.0,N.I.N.A. 2.0.0.2048,2022-03-02_15-34-56_OIII_-10.10_6.94_100_10_0020.fits,1,/mnt/raid0/AstroImaging/Preselected/Flaming Star Nebula (IC405) started 4th February 2022/Flats/2022-03-02_15-34-56_OIII_-10.10_6.94_100_10_0020.fits,,,,,,,,,,,,,,,,,,,
True,16,2,9576,6388,True,32768,FLAT,6.94,6.94,2022-03-02T15:35:04.751,2022-03-02T15:35:04.751,1,1,100,10,0.246657639741898,3.76,3.76,ZWO ASI6200MM Pro,-10.0,-10.1,40,NP101is,540.0,5.4,Starlight Xpress Fil,OIII,FlatWizard,,,,,,,TOP-DOWN,2000.0,N.I.N.A. 2.0.0.2048,2022-03-02_15-35-04_OIII_-10.10_6.94_100_10_0021.fits,1,/mnt/raid0/AstroImaging/Preselected/Flaming Star Nebula (IC405) started 4th February 2022/Flats/2022-03-02_15-35-04_OIII_-10.10_6.94_100_10_0021.fits,,,,,,,,,,,,,,,,,,,
True,16,2,9576,6388,True,32768,FLAT,6.94,6.94,2022-03-02T15:35:13.431,2022-03-02T15:35:13.431,1,1,100,10,0.246657639741898,3.76,3.76,ZWO ASI6200MM Pro,-10.0,-10.1,40,NP101is,540.0,5.4,Starlight Xpress Fil,OIII,FlatWizard,,,,,,,TOP-DOWN,2000.0,N.I.N.A. 2.0.0.2048,2022-03-02_15-35-13_OIII_-10.10_6.94_100_10_0022.fits,1,/mnt/raid0/AstroImaging/Preselected/Flaming Star Nebula (IC405) started 4th February 2022/Flats/2022-03-02_15-35-13_OIII_-10.10_6.94_100_10_0022.fits,,,,,,,,,,,,,,,,,,,
True,16,2,9576,6388,True,32768,FLAT,6.94,6.94,2022-03-02T15:35:22.103,2022-03-02T15:35:22.103,1,1,100,10,0.246657639741898,3.76,3.76,ZWO ASI6200MM Pro,-10.0,-10.1,40,NP101is,540.0,5.4,Starlight Xpress Fil,OIII,FlatWizard,,,,,,,TOP-DOWN,2000.0,N.I.N.A. 2.0.0.2048,2022-03-02_15-35-22_OIII_-10.10_6.94_100_10_0023.fits,1,/mnt/raid0/AstroImaging/Preselected/Flaming Star Nebula (IC405) started 4th February 2022/Flats/2022-03-02_15-35-22_OIII_-10.10_6.94_100_10_0023.fits,,,,,,,,,,,,,,,,,,,
True,16,2,9576,6388,True,32768,FLAT,6.94,6.94,2022-03-02T15:35:30.819,2022-03-02T15:35:30.819,1,1,100,10,0.246657639741898,3.76,3.76,ZWO ASI6200MM Pro,-10.0,-10.1,40,NP101is,540.0,5.4,Starlight Xpress Fil,OIII,FlatWizard,,,,,,,TOP-DOWN,2000.0,N.I.N.A. 2.0.0.2048,2022-03-02_15-35-30_OIII_-10.10_6.94_100_10_0024.fits,1,/mnt/raid0/AstroImaging/Preselected/Flaming Star Nebula (IC405) started 4th February 2022/Flats/2022-03-02_15-35-30_OIII_-10.10_6.94_100_10_0024.fits,,,,,,,,,,,,,,,,,,,
True,16,2,9576,6388,True,32768,FLAT,6.94,6.94,2022-03-02T15:35:39.458,2022-03-02T15:35:39.458,1,1,100,10,0.246657639741898,3.76,3.76,ZWO ASI6200MM Pro,-10.0,-10.1,40,NP101is,540.0,5.4,Starlight Xpress Fil,OIII,FlatWizard,,,,,,,TOP-DOWN,2000.0,N.I.N.A. 2.0.0.2048,2022-03-02_15-35-39_OIII_-10.10_6.94_100_10_0025.fits,1,/mnt/raid0/AstroImaging/Preselected/Flaming Star Nebula (IC405) started 4th February 2022/Flats/2022-03-02_15-35-39_OIII_-10.10_6.94_100_10_0025.fits,,,,,,,,,,,,,,,,,,,
True,16,2,9576,6388,True,32768,FLAT,6.94,6.94,2022-03-02T15:35:48.181,2022-03-02T15:35:48.181,1,1,100,10,0.246657639741898,3.76,3.76,ZWO ASI6200MM Pro,-10.0,-10.1,40,NP101is,540.0,5.4,Starlight Xpress Fil,OIII,FlatWizard,,,,,,,TOP-DOWN,2000.0,N.I.N.A. 2.0.0.2048,2022-03-02_15-35-48_OIII_-10.10_6.94_100_10_0026.fits,1,/mnt/raid0/AstroImaging/Preselected/Flaming Star Nebula (IC405) started 4th February 2022/Flats/2022-03-02_15-35-48_OIII_-10.10_6.94_100_10_0026.fits,,,,,,,,,,,,,,,,,,,
True,16,2,9576,6388,True,32768,FLAT,6.94,6.94,2022-03-02T15:35:57.081,2022-03-02T15:35:57.081,1,1,100,10,0.246657639741898,3.76,3.76,ZWO ASI6200MM Pro,-10.0,-10.1,40,NP101is,540.0,5.4,Starlight Xpress Fil,OIII,FlatWizard,,,,,,,TOP-DOWN,2000.0,N.I.N.A. 2.0.0.2048,2022-03-02_15-35-57_OIII_-10.10_6.94_100_10_0027.fits,1,/mnt/raid0/AstroImaging/Preselected/Flaming Star Nebula (IC405) started 4th February 2022/Flats/2022-03-02_15-35-57_OIII_-10.10_6.94_100_10_0027.fits,,,,,,,,,,,,,,,,,,,
True,16,2,9576,6388,True,32768,FLAT,6.94,6.94,2022-03-02T15:36:06.064,2022-03-02T15:36:06.064,1,1,100,10,0.246657639741898,3.76,3.76,ZWO ASI6200MM Pro,-10.0,-10.1,40,NP101is,540.0,5.4,Starlight Xpress Fil,OIII,FlatWizard,,,,,,,TOP-DOWN,2000.0,N.I.N.A. 2.0.0.2048,2022-03-02_15-36-06_OIII_-10.10_6.94_100_10_0028.fits,1,/mnt/raid0/AstroImaging/Preselected/Flaming Star Nebula (IC405) started 4th February 2022/Flats/2022-03-02_15-36-06_OIII_-10.10_6.94_100_10_0028.fits,,,,,,,,,,,,,,,,,,,
True,16,2,9576,6388,True,32768,FLAT,6.94,6.94,2022-03-02T15:36:14.709,2022-03-02T15:36:14.709,1,1,100,10,0.246657639741898,3.76,3.76,ZWO ASI6200MM Pro,-10.0,-10.1,40,NP101is,540.0,5.4,Starlight Xpress Fil,OIII,FlatWizard,,,,,,,TOP-DOWN,2000.0,N.I.N.A. 2.0.0.2048,2022-03-02_15-36-14_OIII_-10.10_6.94_100_10_0029.fits,1,/mnt/raid0/AstroImaging/Preselected/Flaming Star Nebula (IC405) started 4th February 2022/Flats/2022-03-02_15-36-14_OIII_-10.10_6.94_100_10_0029.fits,,,,,,,,,,,,,,,,,,,
True,16,2,9576,6388,True,32768,FLAT,6.94,6.94,2022-03-02T15:36:23.379,2022-03-02T15:36:23.379,1,1,100,10,0.246657639741898,3.76,3.76,ZWO ASI6200MM Pro,-10.0,-10.0,40,NP101is,540.0,5.4,Starlight Xpress Fil,OIII,FlatWizard,,,,,,,TOP-DOWN,2000.0,N.I.N.A. 2.0.0.2048,2022-03-02_15-36-23_OIII_-10.00_6.94_100_10_0030.fits,1,/mnt/raid0/AstroImaging/Preselected/Flaming Star Nebula (IC405) started 4th February 2022/Flats/2022-03-02_15-36-23_OIII_-10.00_6.94_100_10_0030.fits,,,,,,,,,,,,,,,,,,,
True,16,2,9576,6388,True,32768,FLAT,6.94,6.94,2022-03-02T15:36:32.018,2022-03-02T15:36:32.018,1,1,100,10,0.246657639741898,3.76,3.76,ZWO ASI6200MM Pro,-10.0,-10.0,40,NP101is,540.0,5.4,Starlight Xpress Fil,OIII,FlatWizard,,,,,,,TOP-DOWN,2000.0,N.I.N.A. 2.0.0.2048,2022-03-02_15-36-32_OIII_-10.00_6.94_100_10_0031.fits,1,/mnt/raid0/AstroImaging/Preselected/Flaming Star Nebula (IC405) started 4th February 2022/Flats/2022-03-02_15-36-32_OIII_-10.00_6.94_100_10_0031.fits,,,,,,,,,,,,,,,,,,,
True,16,2,9576,6388,True,32768,FLAT,6.94,6.94,2022-03-02T15:36:40.732,2022-03-02T15:36:40.732,1,1,100,10,0.246657639741898,3.76,3.76,ZWO ASI6200MM Pro,-10.0,-10.0,40,NP101is,540.0,5.4,Starlight Xpress Fil,OIII,FlatWizard,,,,,,,TOP-DOWN,2000.0,N.I.N.A. 2.0.0.2048,2022-03-02_15-36-40_OIII_-10.00_6.94_100_10_0032.fits,1,/mnt/raid0/AstroImaging/Preselected/Flaming Star Nebula (IC405) started 4th February 2022/Flats/2022-03-02_15-36-40_OIII_-10.00_6.94_100_10_0032.fits,,,,,,,,,,,,,,,,,,,
True,16,2,9576,6388,True,32768,FLAT,6.94,6.94,2022-03-02T15:36:49.395,2022-03-02T15:36:49.395,1,1,100,10,0.246657639741898,3.76,3.76,ZWO ASI6200MM Pro,-10.0,-10.0,40,NP101is,540.0,5.4,Starlight Xpress Fil,OIII,FlatWizard,,,,,,,TOP-DOWN,2000.0,N.I.N.A. 2.0.0.2048,2022-03-02_15-36-49_OIII_-10.00_6.94_100_10_0033.fits,1,/mnt/raid0/AstroImaging/Preselected/Flaming Star Nebula (IC405) started 4th February 2022/Flats/2022-03-02_15-36-49_OIII_-10.00_6.94_100_10_0033.fits,,,,,,,,,,,,,,,,,,,
True,16,2,9576,6388,True,32768,FLAT,6.94,6.94,2022-03-02T15:36:58.063,2022-03-02T15:36:58.063,1,1,100,10,0.246657639741898,3.76,3.76,ZWO ASI6200MM Pro,-10.0,-10.0,40,NP101is,540.0,5.4,Starlight Xpress Fil,OIII,FlatWizard,,,,,,,TOP-DOWN,2000.0,N.I.N.A. 2.0.0.2048,2022-03-02_15-36-58_OIII_-10.00_6.94_100_10_0034.fits,1,/mnt/raid0/AstroImaging/Preselected/Flaming Star Nebula (IC405) started 4th February 2022/Flats/2022-03-02_15-36-58_OIII_-10.00_6.94_100_10_0034.fits,,,,,,,,,,,,,,,,,,,
True,16,2,9576,6388,True,32768,FLAT,6.94,6.94,2022-03-02T15:37:06.783,2022-03-02T15:37:06.783,1,1,100,10,0.246657639741898,3.76,3.76,ZWO ASI6200MM Pro,-10.0,-10.0,40,NP101is,540.0,5.4,Starlight Xpress Fil,OIII,FlatWizard,,,,,,,TOP-DOWN,2000.0,N.I.N.A. 2.0.0.2048,2022-03-02_15-37-06_OIII_-10.00_6.94_100_10_0035.fits,1,/mnt/raid0/AstroImaging/Preselected/Flaming Star Nebula (IC405) started 4th February 2022/Flats/2022-03-02_15-37-06_OIII_-10.00_6.94_100_10_0035.fits,,,,,,,,,,,,,,,,,,,
True,16,2,9576,6388,True,32768,FLAT,6.94,6.94,2022-03-02T15:37:15.436,2022-03-02T15:37:15.436,1,1,100,10,0.246657639741898,3.76,3.76,ZWO ASI6200MM Pro,-10.0,-10.0,40,NP101is,540.0,5.4,Starlight Xpress Fil,OIII,FlatWizard,,,,,,,TOP-DOWN,2000.0,N.I.N.A. 2.0.0.2048,2022-03-02_15-37-15_OIII_-10.00_6.94_100_10_0036.fits,1,/mnt/raid0/AstroImaging/Preselected/Flaming Star Nebula (IC405) started 4th February 2022/Flats/2022-03-02_15-37-15_OIII_-10.00_6.94_100_10_0036.fits,,,,,,,,,,,,,,,,,,,
True,16,2,9576,6388,True,32768,FLAT,6.94,6.94,2022-03-02T15:37:24.073,2022-03-02T15:37:24.073,1,1,100,10,0.246657639741898,3.76,3.76,ZWO ASI6200MM Pro,-10.0,-10.0,40,NP101is,540.0,5.4,Starlight Xpress Fil,OIII,FlatWizard,,,,,,,TOP-DOWN,2000.0,N.I.N.A. 2.0.0.2048,2022-03-02_15-37-24_OIII_-10.00_6.94_100_10_0037.fits,1,/mnt/raid0/AstroImaging/Preselected/Flaming Star Nebula (IC405) started 4th February 2022/Flats/2022-03-02_15-37-24_OIII_-10.00_6.94_100_10_0037.fits,,,,,,,,,,,,,,,,,,,
True,16,2,9576,6388,True,32768,FLAT,6.94,6.94,2022-03-02T15:37:32.837,2022-03-02T15:37:32.837,1,1,100,10,0.246657639741898,3.76,3.76,ZWO ASI6200MM Pro,-10.0,-10.0,40,NP101is,540.0,5.4,Starlight Xpress Fil,OIII,FlatWizard,,,,,,,TOP-DOWN,2000.0,N.I.N.A. 2.0.0.2048,2022-03-02_15-37-32_OIII_-10.00_6.94_100_10_0038.fits,1,/mnt/raid0/AstroImaging/Preselected/Flaming Star Nebula (IC405) started 4th February 2022/Flats/2022-03-02_15-37-32_OIII_-10.00_6.94_100_10_0038.fits,,,,,,,,,,,,,,,,,,,
True,16,2,9576,6388,True,32768,FLAT,6.94,6.94,2022-03-02T15:37:41.529,2022-03-02T15:37:41.529,1,1,100,10,0.246657639741898,3.76,3.76,ZWO ASI6200MM Pro,-10.0,-10.0,40,NP101is,540.0,5.4,Starlight Xpress Fil,OIII,FlatWizard,,,,,,,TOP-DOWN,2000.0,N.I.N.A. 2.0.0.2048,2022-03-02_15-37-41_OIII_-10.00_6.94_100_10_0039.fits,1,/mnt/raid0/AstroImaging/Preselected/Flaming Star Nebula (IC405) started 4th February 2022/Flats/2022-03-02_15-37-41_OIII_-10.00_6.94_100_10_0039.fits,,,,,,,,,,,,,,,,,,,
True,16,2,9576,6388,True,32768,FLAT,6.94,6.94,2022-03-02T15:37:50.203,2022-03-02T15:37:50.203,1,1,100,10,0.246657639741898,3.76,3.76,ZWO ASI6200MM Pro,-10.0,-10.0,40,NP101is,540.0,5.4,Starlight Xpress Fil,OIII,FlatWizard,,,,,,,TOP-DOWN,2000.0,N.I.N.A. 2.0.0.2048,2022-03-02_15-37-50_OIII_-10.00_6.94_100_10_0040.fits,1,/mnt/raid0/AstroImaging/Preselected/Flaming Star Nebula (IC405) started 4th February 2022/Flats/2022-03-02_15-37-50_OIII_-10.00_6.94_100_10_0040.fits,,,,,,,,,,,,,,,,,,,
True,16,2,9576,6388,True,32768,FLAT,6.94,6.94,2022-03-02T15:37:58.857,2022-03-02T15:37:58.857,1,1,100,10,0.246657639741898,3.76,3.76,ZWO ASI6200MM Pro,-10.0,-10.0,40,NP101is,540.0,5.4,Starlight Xpress Fil,OIII,FlatWizard,,,,,,,TOP-DOWN,2000.0,N.I.N.A. 2.0.0.2048,2022-03-02_15-37-58_OIII_-10.00_6.94_100_10_0041.fits,1,/mnt/raid0/AstroImaging/Preselected/Flaming Star Nebula (IC405) started 4th February 2022/Flats/2022-03-02_15-37-58_OIII_-10.00_6.94_100_10_0041.fits,,,,,,,,,,,,,,,,,,,
True,16,2,9576,6388,True,32768,FLAT,6.94,6.94,2022-03-02T15:38:07.509,2022-03-02T15:38:07.509,1,1,100,10,0.246657639741898,3.76,3.76,ZWO ASI6200MM Pro,-10.0,-10.0,40,NP101is,540.0,5.4,Starlight Xpress Fil,OIII,FlatWizard,,,,,,,TOP-DOWN,2000.0,N.I.N.A. 2.0.0.2048,2022-03-02_15-38-07_OIII_-10.00_6.94_100_10_0042.fits,1,/mnt/raid0/AstroImaging/Preselected/Flaming Star Nebula (IC405) started 4th February 2022/Flats/2022-03-02_15-38-07_OIII_-10.00_6.94_100_10_0042.fits,,,,,,,,,,,,,,,,,,,
True,16,2,9576,6388,True,32768,FLAT,6.94,6.94,2022-03-02T15:38:16.175,2022-03-02T15:38:16.175,1,1,100,10,0.246657639741898,3.76,3.76,ZWO ASI6200MM Pro,-10.0,-10.0,40,NP101is,540.0,5.4,Starlight Xpress Fil,OIII,FlatWizard,,,,,,,TOP-DOWN,2000.0,N.I.N.A. 2.0.0.2048,2022-03-02_15-38-16_OIII_-10.00_6.94_100_10_0043.fits,1,/mnt/raid0/AstroImaging/Preselected/Flaming Star Nebula (IC405) started 4th February 2022/Flats/2022-03-02_15-38-16_OIII_-10.00_6.94_100_10_0043.fits,,,,,,,,,,,,,,,,,,,
True,16,2,9576,6388,True,32768,FLAT,6.94,6.94,2022-03-02T15:38:24.887,2022-03-02T15:38:24.887,1,1,100,10,0.246657639741898,3.76,3.76,ZWO ASI6200MM Pro,-10.0,-10.0,40,NP101is,540.0,5.4,Starlight Xpress Fil,OIII,FlatWizard,,,,,,,TOP-DOWN,2000.0,N.I.N.A. 2.0.0.2048,2022-03-02_15-38-24_OIII_-10.00_6.94_100_10_0044.fits,1,/mnt/raid0/AstroImaging/Preselected/Flaming Star Nebula (IC405) started 4th February 2022/Flats/2022-03-02_15-38-24_OIII_-10.00_6.94_100_10_0044.fits,,,,,,,,,,,,,,,,,,,
True,16,2,9576,6388,True,32768,FLAT,6.94,6.94,2022-03-02T15:38:33.544,2022-03-02T15:38:33.544,1,1,100,10,0.246657639741898,3.76,3.76,ZWO ASI6200MM Pro,-10.0,-10.0,40,NP101is,540.0,5.4,Starlight Xpress Fil,OIII,FlatWizard,,,,,,,TOP-DOWN,2000.0,N.I.N.A. 2.0.0.2048,2022-03-02_15-38-33_OIII_-10.00_6.94_100_10_0045.fits,1,/mnt/raid0/AstroImaging/Preselected/Flaming Star Nebula (IC405) started 4th February 2022/Flats/2022-03-02_15-38-33_OIII_-10.00_6.94_100_10_0045.fits,,,,,,,,,,,,,,,,,,,
True,16,2,9576,6388,True,32768,FLAT,6.94,6.94,2022-03-02T15:38:42.358,2022-03-02T15:38:42.358,1,1,100,10,0.246657639741898,3.76,3.76,ZWO ASI6200MM Pro,-10.0,-10.0,40,NP101is,540.0,5.4,Starlight Xpress Fil,OIII,FlatWizard,,,,,,,TOP-DOWN,2000.0,N.I.N.A. 2.0.0.2048,2022-03-02_15-38-42_OIII_-10.00_6.94_100_10_0046.fits,1,/mnt/raid0/AstroImaging/Preselected/Flaming Star Nebula (IC405) started 4th February 2022/Flats/2022-03-02_15-38-42_OIII_-10.00_6.94_100_10_0046.fits,,,,,,,,,,,,,,,,,,,
True,16,2,9576,6388,True,32768,FLAT,6.94,6.94,2022-03-02T15:38:51.133,2022-03-02T15:38:51.133,1,1,100,10,0.246657639741898,3.76,3.76,ZWO ASI6200MM Pro,-10.0,-10.0,40,NP101is,540.0,5.4,Starlight Xpress Fil,OIII,FlatWizard,,,,,,,TOP-DOWN,2000.0,N.I.N.A. 2.0.0.2048,2022-03-02_15-38-51_OIII_-10.00_6.94_100_10_0047.fits,1,/mnt/raid0/AstroImaging/Preselected/Flaming Star Nebula (IC405) started 4th February 2022/Flats/2022-03-02_15-38-51_OIII_-10.00_6.94_100_10_0047.fits,,,,,,,,,,,,,,,,,,,
True,16,2,9576,6388,True,32768,FLAT,6.94,6.94,2022-03-02T15:38:59.812,2022-03-02T15:38:59.812,1,1,100,10,0.246657639741898,3.76,3.76,ZWO ASI6200MM Pro,-10.0,-9.9,40,NP101is,540.0,5.4,Starlight Xpress Fil,OIII,FlatWizard,,,,,,,TOP-DOWN,2000.0,N.I.N.A. 2.0.0.2048,2022-03-02_15-38-59_OIII_-9.90_6.94_100_10_0048.fits,1,/mnt/raid0/AstroImaging/Preselected/Flaming Star Nebula (IC405) started 4th February 2022/Flats/2022-03-02_15-38-59_OIII_-9.90_6.94_100_10_0048.fits,,,,,,,,,,,,,,,,,,,
True,16,2,9576,6388,True,32768,FLAT,6.94,6.94,2022-03-02T15:39:08.451,2022-03-02T15:39:08.451,1,1,100,10,0.246657639741898,3.76,3.76,ZWO ASI6200MM Pro,-10.0,-10.0,40,NP101is,540.0,5.4,Starlight Xpress Fil,OIII,FlatWizard,,,,,,,TOP-DOWN,2000.0,N.I.N.A. 2.0.0.2048,2022-03-02_15-39-08_OIII_-10.00_6.94_100_10_0049.fits,1,/mnt/raid0/AstroImaging/Preselected/Flaming Star Nebula (IC405) started 4th February 2022/Flats/2022-03-02_15-39-08_OIII_-10.00_6.94_100_10_0049.fits,,,,,,,,,,,,,,,,,,,
True,16,2,9576,6388,True,32768,LIGHT,300.0,300.0,2022-02-24T19:28:49.027,2022-02-24T19:28:49.027,1,1,0,10,0.779999971389771,3.76,3.76,ZWO ASI6200MM Pro,-10.0,-9.9,40,NP101is,540.0,5.4,Starlight Xpress Fil,Blue,IC 405,FocusLynx Focuser 1,9616.0,9616.0,13.404,1.1,1.1,TOP-DOWN,2000.0,N.I.N.A. 2.0.0.2048,2022-02-24_19-28-49_Blue_-9.90_300.00s_0005.fits,1,/mnt/raid0/AstroImaging/Preselected/Flaming Star Nebula (IC405) started 4th February 2022/Lights/Blue/2022-02-24_19-28-49_Blue_-9.90_300.00s_0005.fits,79.3101583754534,34.903671875,71.5810974427389,203.071301036781,1.05380705709812,East,40.0,52.2486111111111,-0.123055555555556,05 20 58,+33 46 43,87.26,7.0,-1.1,72.0,1008.2,3.5,248.0,11.16
True,16,2,9576,6388,True,32768,LIGHT,300.0,300.0,2022-02-24T19:33:53.750,2022-02-24T19:33:53.750,1,1,0,10,0.779999971389771,3.76,3.76,ZWO ASI6200MM Pro,-10.0,-10.0,40,NP101is,540.0,5.4,Starlight Xpress Fil,Blue,IC 405,FocusLynx Focuser 1,9616.0,9616.0,13.404,1.0,1.0,TOP-DOWN,2000.0,N.I.N.A. 2.0.0.2048,2022-02-24_19-33-53_Blue_-10.00_300.00s_0006.fits,1,/mnt/raid0/AstroImaging/Preselected/Flaming Star Nebula (IC405) started 4th February 2022/Lights/Blue/2022-02-24_19-33-53_Blue_-10.00_300.00s_0006.fits,79.3107718206264,34.9073046875,71.2604819752463,206.182027218949,1.05578646148514,East,40.0,52.2486111111111,-0.123055555555556,05 20 58,+33 46 43,87.26,8.0,-1.2,72.0,1008.2,3.3,210.0,11.16
True,16,2,9576,6388,True,32768,LIGHT,300.0,300.0,2022-02-24T19:38:56.367,2022-02-24T19:38:56.367,1,1,0,10,0.779999971389771,3.76,3.76,ZWO ASI6200MM Pro,-10.0,-10.0,40,NP101is,540.0,5.4,Starlight Xpress Fil,Blue,IC 405,FocusLynx Focuser 1,9616.0,9616.0,13.404,1.0,1.0,TOP-DOWN,2000.0,N.I.N.A. 2.0.0.2048,2022-02-24_19-38-56_Blue_-10.00_300.00s_0007.fits,1,/mnt/raid0/AstroImaging/Preselected/Flaming Star Nebula (IC405) started 4th February 2022/Lights/Blue/2022-02-24_19-38-56_Blue_-10.00_300.00s_0007.fits,79.3103766267675,34.90265625,70.895035589908,209.187951404011,1.05809215688545,East,40.0,52.2486111111111,-0.123055555555556,05 20 58,+33 46 43,87.26,8.0,-1.2,72.0,1008.2,3.3,210.0,11.16
True,16,2,9576,6388,True,32768,LIGHT,300.0,300.0,2022-02-24T19:43:59.854,2022-02-24T19:43:59.854,1,1,0,10,0.779999971389771,3.76,3.76,ZWO ASI6200MM Pro,-10.0,-10.0,40,NP101is,540.0,5.4,Starlight Xpress Fil,Blue,IC 405,FocusLynx Focuser 1,9616.0,9616.0,13.404,1.0,1.0,TOP-DOWN,2000.0,N.I.N.A. 2.0.0.2048,2022-02-24_19-43-59_Blue_-10.00_300.00s_0008.fits,1,/mnt/raid0/AstroImaging/Preselected/Flaming Star Nebula (IC405) started 4th February 2022/Lights/Blue/2022-02-24_19-43-59_Blue_-10.00_300.00s_0008.fits,79.3106711557922,34.9069921875,70.5057865448624,212.085404304756,1.06060662177627,East,40.0,52.2486111111111,-0.123055555555556,05 20 58,+33 46 43,87.26,8.0,-1.3,72.0,1008.2,3.3,210.0,11.16
True,16,2,9576,6388,True,32768,LIGHT,300.0,300.0,2022-02-24T19:55:30.189,2022-02-24T19:55:30.189,1,1,0,10,0.779999971389771,3.76,3.76,ZWO ASI6200MM Pro,-10.0,-9.9,40,NP101is,540.0,5.4,Starlight Xpress Fil,Blue,IC 405,FocusLynx Focuser 1,9611.0,9611.0,13.404,1.0,1.0,TOP-DOWN,2000.0,N.I.N.A. 2.0.0.2048,2022-02-24_19-55-30_Blue_-9.90_300.00s_0009.fits,1,/mnt/raid0/AstroImaging/Preselected/Flaming Star Nebula (IC405) started 4th February 2022/Lights/Blue/2022-02-24_19-55-30_Blue_-9.90_300.00s_0009.fits,79.3107602083145,34.9081640625,69.4785674655772,218.384064483472,1.06753736413552,East,40.0,52.2486111111111,-0.123055555555556,05 20 58,+33 46 43,87.26,8.0,-1.2,72.0,1008.2,3.3,210.0,11.16
True,16,2,9576,6388,True,32768,LIGHT,300.0,300.0,2022-02-24T20:00:39.620,2022-02-24T20:00:39.620,1,1,0,10,0.779999971389771,3.76,3.76,ZWO ASI6200MM Pro,-10.0,-10.0,40,NP101is,540.0,5.4,Starlight Xpress Fil,Blue,IC 405,FocusLynx Focuser 1,9611.0,9611.0,13.404,0.9,0.9,TOP-DOWN,2000.0,N.I.N.A. 2.0.0.2048,2022-02-24_20-00-39_Blue_-10.00_300.00s_0010.fits,1,/mnt/raid0/AstroImaging/Preselected/Flaming Star Nebula (IC405) started 4th February 2022/Lights/Blue/2022-02-24_20-00-39_Blue_-10.00_300.00s_0010.fits,79.3093438252101,34.90265625,68.9770756798305,220.959903152348,1.07107938896376,East,40.0,52.2486111111111,-0.123055555555556,05 20 58,+33 46 43,87.26,8.0,-1.2,72.0,1008.2,3.3,210.0,11.16
True,16,2,9576,6388,True,32768,LIGHT,300.0,300.0,2022-02-24T20:06:14.440,2022-02-24T20:06:14.440,1,1,0,10,0.779999971389771,3.76,3.76,ZWO ASI6200MM Pro,-10.0,-9.9,40,NP101is,540.0,5.4,Starlight Xpress Fil,Blue,IC 405,FocusLynx Focuser 1,9611.0,9611.0,13.404,0.8,0.8,TOP-DOWN,2000.0,N.I.N.A. 2.0.0.2048,2022-02-24_20-06-14_Blue_-9.90_300.00s_0011.fits,1,/mnt/raid0/AstroImaging/Preselected/Flaming Star Nebula (IC405) started 4th February 2022/Lights/Blue/2022-02-24_20-06-14_Blue_-9.90_300.00s_0011.fits,79.3029492544609,34.9118359375,68.4073950297487,223.705755455857,1.07523178205057,East,40.0,52.2486111111111,-0.123055555555556,05 20 58,+33 46 43,87.26,8.0,-1.2,72.0,1008.2,3.4,247.0,12.96
True,16,2,9576,6388,True,32768,LIGHT,300.0,300.0,2022-02-24T20:11:17.075,2022-02-24T20:11:17.075,1,1,0,10,0.779999971389771,3.76,3.76,ZWO ASI6200MM Pro,-10.0,-9.9,40,NP101is,540.0,5.4,Starlight Xpress Fil,Blue,IC 405,FocusLynx Focuser 1,9611.0,9611.0,13.404,0.8,0.8,TOP-DOWN,2000.0,N.I.N.A. 2.0.0.2048,2022-02-24_20-11-17_Blue_-9.90_300.00s_0012.fits,1,/mnt/raid0/AstroImaging/Preselected/Flaming Star Nebula (IC405) started 4th February 2022/Lights/Blue/2022-02-24_20-11-17_Blue_-9.90_300.00s_0012.fits,79.3023168193764,34.91328125,67.8618916839576,226.075772513546,1.07933844478824,East,40.0,52.2486111111111,-0.123055555555556,05 20 58,+33 46 43,87.26,8.0,-1.2,72.0,1008.2,3.4,247.0,12.96
True,16,2,9576,6388,True,32768,LIGHT,300.0,300.0,2022-02-24T20:16:19.640,2022-02-24T20:16:19.640,1,1,0,10,0.779999971389771,3.76,3.76,ZWO ASI6200MM Pro,-10.0,-10.0,40,NP101is,540.0,5.4,Starlight Xpress Fil,Blue,IC 405,FocusLynx Focuser 1,9611.0,9611.0,13.404,0.7,0.7,TOP-DOWN,2000.0,N.I.N.A. 2.0.0.2048,2022-02-24_20-16-19_Blue_-10.00_300.00s_0013.fits,1,/mnt/raid0/AstroImaging/Preselected/Flaming Star Nebula (IC405) started 4th February 2022/Lights/Blue/2022-02-24_20-16-19_Blue_-10.00_300.00s_0013.fits,79.3014080158659,34.9093359375,67.2894178337895,228.348306724393,1.08378789217789,East,40.0,52.2486111111111,-0.123055555555556,05 20 58,+33 46 43,87.26,8.0,-1.2,72.0,1008.2,3.4,247.0,12.96
True,16,2,9576,6388,True,32768,LIGHT,300.0,300.0,2022-02-24T20:27:46.514,2022-02-24T20:27:46.514,1,1,0,10,0.779999971389771,3.76,3.76,ZWO ASI6200MM Pro,-10.0,-10.0,40,NP101is,540.0,5.4,Starlight Xpress Fil,Blue,IC 405,FocusLynx Focuser 1,9602.0,9602.0,13.404,0.6,0.6,TOP-DOWN,2000.0,N.I.N.A. 2.0.0.2048,2022-02-24_20-27-46_Blue_-10.00_300.00s_0014.fits,1,/mnt/raid0/AstroImaging/Preselected/Flaming Star Nebula (IC405) started 4th February 2022/Lights/Blue/2022-02-24_20-27-46_Blue_-10.00_300.00s_0014.fits,79.3000377812979,34.914296875,65.928302005933,233.206758885918,1.09495723997694,East,40.0,52.2486111111111,-0.123055555555556,05 20 58,+33 46 43,87.26,8.0,-1.3,72.0,1008.2,3.3,244.0,12.96
True,16,2,9576,6388,True,32768,LIGHT,300.0,300.0,2022-02-24T20:32:50.888,2022-02-24T20:32:50.888,1,1,0,10,0.779999971389771,3.76,3.76,ZWO ASI6200MM Pro,-10.0,-10.0,40,NP101is,540.0,5.4,Starlight Xpress Fil,Blue,IC 405,FocusLynx Focuser 1,9602.0,9602.0,13.404,0.5,0.5,TOP-DOWN,2000.0,N.I.N.A. 2.0.0.2048,2022-02-24_20-32-50_Blue_-10.00_300.00s_0015.fits,1,/mnt/raid0/AstroImaging/Preselected/Flaming Star Nebula (IC405) started 4th February 2022/Lights/Blue/2022-02-24_20-32-50_Blue_-10.00_300.00s_0015.fits,79.3003536133683,34.91453125,65.2985167355696,235.211942606259,1.10041468228147,East,40.0,52.2486111111111,-0.123055555555556,05 20 58,+33 46 43,87.26,8.0,-1.3,72.0,1008.2,3.3,244.0,12.96
True,16,2,9576,6388,True,32768,LIGHT,300.0,300.0,2022-02-24T20:37:53.653,2022-02-24T20:37:53.653,1,1,0,10,0.779999971389771,3.76,3.76,ZWO ASI6200MM Pro,-10.0,-10.0,40,NP101is,540.0,5.4,Starlight Xpress Fil,Blue,IC 405,FocusLynx Focuser 1,9602.0,9602.0,13.404,0.4,0.4,TOP-DOWN,2000.0,N.I.N.A. 2.0.0.2048,2022-02-24_20-37-53_Blue_-10.00_300.00s_0016.fits,1,/mnt/raid0/AstroImaging/Preselected/Flaming Star Nebula (IC405) started 4th February 2022/Lights/Blue/2022-02-24_20-37-53_Blue_-10.00_300.00s_0016.fits,79.2999971801135,34.914609375,64.657287559936,237.129759684994,1.10616519322211,East,40.0,52.2486111111111,-0.123055555555556,05 20 58,+33 46 43,87.26,9.0,-1.4,72.0,1009.2,3.2,244.0,12.96
True,16,2,9576,6388,True,32768,LIGHT,300.0,300.0,2022-02-24T20:43:08.843,2022-02-24T20:43:08.843,1,1,0,10,0.779999971389771,3.76,3.76,ZWO ASI6200MM Pro,-10.0,-10.0,40,NP101is,540.0,5.4,Starlight Xpress Fil,Blue,IC 405,FocusLynx Focuser 1,9602.0,9602.0,13.404,0.4,0.4,TOP-DOWN,2000.0,N.I.N.A. 2.0.0.2048,2022-02-24_20-43-08_Blue_-10.00_300.00s_0017.fits,1,/mnt/raid0/AstroImaging/Preselected/Flaming Star Nebula (IC405) started 4th February 2022/Lights/Blue/2022-02-24_20-43-08_Blue_-10.00_300.00s_0017.fits,79.2997406676517,34.9123828125,63.9717536435806,239.052098224288,1.1125345088021,East,40.0,52.2486111111111,-0.123055555555556,05 20 58,+33 46 43,87.26,9.0,-1.4,72.0,1009.2,3.2,244.0,12.96
True,16,2,9576,6388,True,32768,LIGHT,300.0,300.0,2022-02-24T20:48:11.479,2022-02-24T20:48:11.479,1,1,0,10,0.779999971389771,3.76,3.76,ZWO ASI6200MM Pro,-10.0,-9.9,40,NP101is,540.0,5.4,Starlight Xpress Fil,Blue,IC 405,FocusLynx Focuser 1,9602.0,9602.0,13.404,0.3,0.3,TOP-DOWN,2000.0,N.I.N.A. 2.0.0.2048,2022-02-24_20-48-11_Blue_-9.90_300.00s_0018.fits,1,/mnt/raid0/AstroImaging/Preselected/Flaming Star Nebula (IC405) started 4th February 2022/Lights/Blue/2022-02-24_20-48-11_Blue_-9.90_300.00s_0018.fits,79.2990671233173,34.91125,63.2996502715935,240.835680047078,1.11900670913171,East,40.0,52.2486111111111,-0.123055555555556,05 20 58,+33 46 43,87.26,9.0,-1.3,73.0,1009.2,3.1,244.0,12.96
True,16,2,9576,6388,True,32768,LIGHT,300.0,300.0,2022-02-24T20:59:39.325,2022-02-24T20:59:39.325,1,1,0,10,0.779999971389771,3.76,3.76,ZWO ASI6200MM Pro,-10.0,-9.8,40,NP101is,540.0,5.4,Starlight Xpress Fil,Blue,IC 405,FocusLynx Focuser 1,9596.0,9596.0,13.404,0.4,0.4,TOP-DOWN,2000.0,N.I.N.A. 2.0.0.2048,2022-02-24_20-59-39_Blue_-9.80_300.00s_0019.fits,1,/mnt/raid0/AstroImaging/Preselected/Flaming Star Nebula (IC405) started 4th February 2022/Lights/Blue/2022-02-24_20-59-39_Blue_-9.80_300.00s_0019.fits,79.2974873356435,34.91296875,61.7181844369888,244.702317997177,1.13515862997562,East,40.0,52.2486111111111,-0.123055555555556,05 20 58,+33 46 43,87.26,9.0,-1.2,73.0,1009.2,3.1,237.0,17.64
True,16,2,9576,6388,True,32768,LIGHT,300.0,300.0,2022-02-24T21:04:48.956,2022-02-24T21:04:48.956,1,1,0,10,0.779999971389771,3.76,3.76,ZWO ASI6200MM Pro,-10.0,-9.9,40,NP101is,540.0,5.4,Starlight Xpress Fil,Blue,IC 405,FocusLynx Focuser 1,9596.0,9596.0,13.404,0.4,0.4,TOP-DOWN,2000.0,N.I.N.A. 2.0.0.2048,2022-02-24_21-04-48_Blue_-9.90_300.00s_0020.fits,1,/mnt/raid0/AstroImaging/Preselected/Flaming Star Nebula (IC405) started 4th February 2022/Lights/Blue/2022-02-24_21-04-48_Blue_-9.90_300.00s_0020.fits,79.2969873917775,34.91203125,61.0150483703043,246.284512223522,1.14277210985113,East,40.0,52.2486111111111,-0.123055555555556,05 20 58,+33 46 43,87.26,9.0,-1.3,73.0,1009.2,3.1,237.0,17.64
True,16,2,9576,6388,True,32768,LIGHT,300.0,300.0,2022-02-24T21:09:51.523,2022-02-24T21:09:51.523,1,1,0,10,0.779999971389771,3.76,3.76,ZWO ASI6200MM Pro,-10.0,-10.0,40,NP101is,540.0,5.4,Starlight Xpress Fil,Blue,IC 405,FocusLynx Focuser 1,9596.0,9596.0,13.404,0.4,0.4,TOP-DOWN,2000.0,N.I.N.A. 2.0.0.2048,2022-02-24_21-09-51_Blue_-10.00_300.00s_0021.fits,1,/mnt/raid0/AstroImaging/Preselected/Flaming Star Nebula (IC405) started 4th February 2022/Lights/Blue/2022-02-24_21-09-51_Blue_-10.00_300.00s_0021.fits,79.2963126978371,34.91390625,60.2988914459321,247.833616456427,1.15081118170281,East,40.0,52.2486111111111,-0.123055555555556,05 20 58,+33 46 43,87.26,9.0,-1.3,73.0,1009.2,3.1,237.0,17.64
True,16,2,9576,6388,True,32768,LIGHT,300.0,300.0,2022-02-24T21:14:54.079,2022-02-24T21:14:54.079,1,1,0,10,0.779999971389771,3.76,3.76,ZWO ASI6200MM Pro,-10.0,-10.0,40,NP101is,540.0,5.4,Starlight Xpress Fil,Blue,IC 405,FocusLynx Focuser 1,9596.0,9596.0,13.404,0.4,0.4,TOP-DOWN,2000.0,N.I.N.A. 2.0.0.2048,2022-02-24_21-14-54_Blue_-10.00_300.00s_0022.fits,1,/mnt/raid0/AstroImaging/Preselected/Flaming Star Nebula (IC405) started 4th February 2022/Lights/Blue/2022-02-24_21-14-54_Blue_-10.00_300.00s_0022.fits,79.2947193560638,34.912890625,59.5805467821309,249.314369133414,1.15917195657686,East,40.0,52.2486111111111,-0.123055555555556,05 20 58,+33 46 43,87.26,9.0,-1.3,73.0,1009.2,3.0,237.0,17.64
True,16,2,9576,6388,True,32768,LIGHT,300.0,300.0,2022-02-24T21:20:17.266,2022-02-24T21:20:17.266,1,1,0,10,0.779999971389771,3.76,3.76,ZWO ASI6200MM Pro,-10.0,-9.9,40,NP101is,540.0,5.4,Starlight Xpress Fil,Blue,IC 405,FocusLynx Focuser 1,9596.0,9596.0,13.404,0.4,0.4,TOP-DOWN,2000.0,N.I.N.A. 2.0.0.2048,2022-02-24_21-20-17_Blue_-9.90_300.00s_0023.fits,1,/mnt/raid0/AstroImaging/Preselected/Flaming Star Nebula (IC405) started 4th February 2022/Lights/Blue/2022-02-24_21-20-17_Blue_-9.90_300.00s_0023.fits,79.2933321122695,34.9188671875,58.8049415197912,250.867434479972,1.16854387186152,East,40.0,52.2486111111111,-0.123055555555556,05 20 58,+33 46 43,87.26,9.0,-1.3,73.0,1009.2,3.0,237.0,17.64
True,16,2,9576,6388,True,32768,LIGHT,300.0,300.0,2022-02-24T21:25:19.914,2022-02-24T21:25:19.914,1,1,0,10,0.779999971389771,3.76,3.76,ZWO ASI6200MM Pro,-10.0,-10.0,40,NP101is,540.0,5.4,Starlight Xpress Fil,Blue,IC 405,FocusLynx Focuser 1,9596.0,9596.0,13.404,0.4,0.4,TOP-DOWN,2000.0,N.I.N.A. 2.0.0.2048,2022-02-24_21-25-19_Blue_-10.00_300.00s_0024.fits,1,/mnt/raid0/AstroImaging/Preselected/Flaming Star Nebula (IC405) started 4th February 2022/Lights/Blue/2022-02-24_21-25-19_Blue_-10.00_300.00s_0024.fits,79.2939165378954,34.9169921875,58.0711845922791,252.259479539887,1.17775031116649,East,40.0,52.2486111111111,-0.123055555555556,05 20 58,+33 46 43,87.26,9.0,-1.6,72.0,1009.2,3.0,240.0,16.2
True,16,2,9576,6388,True,32768,LIGHT,300.0,300.0,2022-02-24T21:40:35.981,2022-02-24T21:40:35.981,1,1,0,10,0.779999971389771,3.76,3.76,ZWO ASI6200MM Pro,-10.0,-9.8,40,NP101is,540.0,5.4,Starlight Xpress Fil,Blue,IC 405,FocusLynx Focuser 1,9588.0,9588.0,13.404,0.4,0.4,TOP-DOWN,2000.0,N.I.N.A. 2.0.0.2048,2022-02-24_21-40-35_Blue_-9.80_300.00s_0025.fits,1,/mnt/raid0/AstroImaging/Preselected/Flaming Star Nebula (IC405) started 4th February 2022/Lights/Blue/2022-02-24_21-40-35_Blue_-9.80_300.00s_0025.fits,79.3006751704256,34.9138671875,55.8113646066065,256.262856473962,1.20830290228103,East,40.0,52.2486111111111,-0.123055555555556,05 20 58,+33 46 43,87.26,9.0,-1.4,73.0,1009.2,3.0,240.0,16.2
True,16,2,9576,6388,True,32768,LIGHT,300.0,300.0,2022-02-24T21:45:40.274,2022-02-24T21:45:40.274,1,1,0,10,0.779999971389771,3.76,3.76,ZWO ASI6200MM Pro,-10.0,-9.8,40,NP101is,540.0,5.4,Starlight Xpress Fil,Blue,IC 405,FocusLynx Focuser 1,9588.0,9588.0,13.404,0.5,0.5,TOP-DOWN,2000.0,N.I.N.A. 2.0.0.2048,2022-02-24_21-45-40_Blue_-9.80_300.00s_0026.fits,1,/mnt/raid0/AstroImaging/Preselected/Flaming Star Nebula (IC405) started 4th February 2022/Lights/Blue/2022-02-24_21-45-40_Blue_-9.80_300.00s_0026.fits,79.2978404203566,34.908671875,55.0550847783142,257.508862086827,1.21931314712731,East,40.0,52.2486111111111,-0.123055555555556,05 20 58,+33 46 43,87.26,9.0,-1.4,73.0,1009.2,3.0,240.0,16.2
True,16,2,9576,6388,True,32768,LIGHT,300.0,300.0,2022-02-24T21:55:46.999,2022-02-24T21:55:46.999,1,1,0,10,0.779999971389771,3.76,3.76,ZWO ASI6200MM Pro,-10.0,-10.0,40,NP101is,540.0,5.4,Starlight Xpress Fil,Blue,IC 405,FocusLynx Focuser 1,9588.0,9588.0,13.404,0.6,0.6,TOP-DOWN,2000.0,N.I.N.A. 2.0.0.2048,2022-02-24_21-55-46_Blue_-10.00_300.00s_0028.fits,1,/mnt/raid0/AstroImaging/Preselected/Flaming Star Nebula (IC405) started 4th February 2022/Lights/Blue/2022-02-24_21-55-46_Blue_-10.00_300.00s_0028.fits,79.2980162310306,34.911953125,53.5320017932584,259.94486263642,1.24277187235237,East,40.0,52.2486111111111,-0.123055555555556,05 20 58,+33 46 43,87.26,9.0,-1.4,73.0,1009.2,3.0,237.0,19.44
True,16,2,9576,6388,True,32768,LIGHT,300.0,300.0,2022-02-24T22:07:33.012,2022-02-24T22:07:33.012,1,1,0,10,0.779999971389771,3.76,3.76,ZWO ASI6200MM Pro,-10.0,-9.8,40,NP101is,540.0,5.4,Starlight Xpress Fil,Blue,IC 405,FocusLynx Focuser 1,9586.0,9586.0,13.404,0.6,0.6,TOP-DOWN,2000.0,N.I.N.A. 2.0.0.2048,2022-02-24_22-07-33_Blue_-9.80_300.00s_0029.fits,1,/mnt/raid0/AstroImaging/Preselected/Flaming Star Nebula (IC405) started 4th February 2022/Lights/Blue/2022-02-24_22-07-33_Blue_-9.80_300.00s_0029.fits,79.3048430219201,34.91546875,51.7405720061427,262.652637021426,1.27271682773128,East,40.0,52.2486111111111,-0.123055555555556,05 20 58,+33 46 43,87.26,9.0,-1.4,73.0,1009.2,3.0,237.0,19.44
True,16,2,9576,6388,True,32768,LIGHT,300.0,300.0,2022-02-24T22:12:40.780,2022-02-24T22:12:40.780,1,1,0,10,0.779999971389771,3.76,3.76,ZWO ASI6200MM Pro,-10.0,-9.9,40,NP101is,540.0,5.4,Starlight Xpress Fil,Blue,IC 405,FocusLynx Focuser 1,9586.0,9586.0,13.404,0.6,0.6,TOP-DOWN,2000.0,N.I.N.A. 2.0.0.2048,2022-02-24_22-12-40_Blue_-9.90_300.00s_0030.fits,1,/mnt/raid0/AstroImaging/Preselected/Flaming Star Nebula (IC405) started 4th February 2022/Lights/Blue/2022-02-24_22-12-40_Blue_-9.90_300.00s_0030.fits,79.3046267182483,34.917578125,50.9738987321614,263.768502726037,1.28636603549566,East,40.0,52.2486111111111,-0.123055555555556,05 20 58,+33 46 43,87.26,9.0,-1.4,73.0,1009.2,3.0,237.0,19.44
True,16,2,9576,6388,True,32768,LIGHT,300.0,300.0,2022-02-24T22:21:23.216,2022-02-24T22:21:23.216,1,1,0,10,0.779999971389771,3.76,3.76,ZWO ASI6200MM Pro,-10.0,-9.9,40,NP101is,540.0,5.4,Starlight Xpress Fil,Blue,IC 405,FocusLynx Focuser 1,9586.0,9586.0,13.404,0.7,0.7,TOP-DOWN,2000.0,N.I.N.A. 2.0.0.2048,2022-02-24_22-21-23_Blue_-9.90_300.00s_0031.fits,1,/mnt/raid0/AstroImaging/Preselected/Flaming Star Nebula (IC405) started 4th February 2022/Lights/Blue/2022-02-24_22-21-23_Blue_-9.90_300.00s_0031.fits,79.2945827583445,34.9087890625,49.6282974052413,265.645528025008,1.31161750933698,East,40.0,52.2486111111111,-0.123055555555556,05 20 58,+33 46 43,87.26,9.0,-1.3,73.0,1009.2,3.0,237.0,19.44
True,16,2,9576,6388,True,32768,LIGHT,300.0,300.0,2022-02-24T22:26:27.138,2022-02-24T22:26:27.138,1,1,0,10,0.779999971389771,3.76,3.76,ZWO ASI6200MM Pro,-10.0,-10.0,40,NP101is,540.0,5.4,Starlight Xpress Fil,Blue,IC 405,FocusLynx Focuser 1,9586.0,9586.0,13.404,0.7,0.7,TOP-DOWN,2000.0,N.I.N.A. 2.0.0.2048,2022-02-24_22-26-27_Blue_-10.00_300.00s_0032.fits,1,/mnt/raid0/AstroImaging/Preselected/Flaming Star Nebula (IC405) started 4th February 2022/Lights/Blue/2022-02-24_22-26-27_Blue_-10.00_300.00s_0032.fits,79.2938114572364,34.9093359375,48.8544846267233,266.708247490138,1.32692724209152,East,40.0,52.2486111111111,-0.123055555555556,05 20 58,+33 46 43,87.26,9.0,-1.1,74.0,1009.2,3.0,230.0,17.64
True,16,2,9576,6388,True,32768,LIGHT,300.0,300.0,2022-02-24T22:37:58.202,2022-02-24T22:37:58.202,1,1,0,10,0.779999971389771,3.76,3.76,ZWO ASI6200MM Pro,-10.0,-9.8,40,NP101is,540.0,5.4,Starlight Xpress Fil,Blue,IC 405,FocusLynx Focuser 1,9588.0,9588.0,13.404,0.8,0.8,TOP-DOWN,2000.0,N.I.N.A. 2.0.0.2048,2022-02-24_22-37-58_Blue_-9.80_300.00s_0033.fits,1,/mnt/raid0/AstroImaging/Preselected/Flaming Star Nebula (IC405) started 4th February 2022/Lights/Blue/2022-02-24_22-37-58_Blue_-9.80_300.00s_0033.fits,79.293050007542,34.913671875,47.0750264155789,269.08932690796,1.36448616669151,East,40.0,52.2486111111111,-0.123055555555556,05 20 58,+33 46 43,87.26,9.0,-1.1,74.0,1009.2,3.0,230.0,17.64
True,16,2,9576,6388,True,32768,LIGHT,300.0,300.0,2022-02-24T22:43:07.277,2022-02-24T22:43:07.277,1,1,0,10,0.779999971389771,3.76,3.76,ZWO ASI6200MM Pro,-10.0,-10.0,40,NP101is,540.0,5.4,Starlight Xpress Fil,Blue,IC 405,FocusLynx Focuser 1,9588.0,9588.0,13.404,0.8,0.8,TOP-DOWN,2000.0,N.I.N.A. 2.0.0.2048,2022-02-24_22-43-07_Blue_-10.00_300.00s_0034.fits,1,/mnt/raid0/AstroImaging/Preselected/Flaming Star Nebula (IC405) started 4th February 2022/Lights/Blue/2022-02-24_22-43-07_Blue_-10.00_300.00s_0034.fits,79.2911039081457,34.9130078125,46.298149985748,270.097232805296,1.38198143544659,East,40.0,52.2486111111111,-0.123055555555556,05 20 58,+33 46 43,87.26,9.0,-1.1,74.0,1009.2,3.0,230.0,17.64
True,16,2,9576,6388,True,32768,LIGHT,300.0,300.0,2022-02-24T22:48:30.768,2022-02-24T22:48:30.768,1,1,0,10,0.779999971389771,3.76,3.76,ZWO ASI6200MM Pro,-10.0,-9.9,40,NP101is,540.0,5.4,Starlight Xpress Fil,Blue,IC 405,FocusLynx Focuser 1,9588.0,9588.0,13.404,0.7,0.7,TOP-DOWN,2000.0,N.I.N.A. 2.0.0.2048,2022-02-24_22-48-30_Blue_-9.90_300.00s_0035.fits,1,/mnt/raid0/AstroImaging/Preselected/Flaming Star Nebula (IC405) started 4th February 2022/Lights/Blue/2022-02-24_22-48-30_Blue_-9.90_300.00s_0035.fits,79.2847545718087,34.918515625,45.4699746018537,271.168048901932,1.40141834380714,East,40.0,52.2486111111111,-0.123055555555556,05 20 58,+33 46 43,87.26,8.0,-1.0,75.0,1009.2,2.9,230.0,17.64
True,16,2,9576,6388,True,32768,LIGHT,300.0,300.0,2022-02-24T22:53:33.360,2022-02-24T22:53:33.360,1,1,0,10,0.779999971389771,3.76,3.76,ZWO ASI6200MM Pro,-10.0,-10.0,40,NP101is,540.0,5.4,Starlight Xpress Fil,Blue,IC 405,FocusLynx Focuser 1,9588.0,9588.0,13.404,0.7,0.7,TOP-DOWN,2000.0,N.I.N.A. 2.0.0.2048,2022-02-24_22-53-33_Blue_-10.00_300.00s_0036.fits,1,/mnt/raid0/AstroImaging/Preselected/Flaming Star Nebula (IC405) started 4th February 2022/Lights/Blue/2022-02-24_22-53-33_Blue_-10.00_300.00s_0036.fits,79.284878094481,34.9133203125,44.6962441616465,272.135492204222,1.4203477111028,East,40.0,52.2486111111111,-0.123055555555556,05 20 58,+33 46 43,87.26,8.0,-1.0,75.0,1009.2,2.9,230.0,17.64
True,16,2,9576,6388,True,32768,LIGHT,300.0,300.0,2022-02-24T22:58:36.046,2022-02-24T22:58:36.046,1,1,0,10,0.779999971389771,3.76,3.76,ZWO ASI6200MM Pro,-10.0,-10.0,40,NP101is,540.0,5.4,Starlight Xpress Fil,Blue,IC 405,FocusLynx Focuser 1,9588.0,9588.0,13.404,0.7,0.7,TOP-DOWN,2000.0,N.I.N.A. 2.0.0.2048,2022-02-24_22-58-36_Blue_-10.00_300.00s_0037.fits,1,/mnt/raid0/AstroImaging/Preselected/Flaming Star Nebula (IC405) started 4th February 2022/Lights/Blue/2022-02-24_22-58-36_Blue_-10.00_300.00s_0037.fits,79.2844524083871,34.913359375,43.919027344728,273.105659664473,1.44015010043447,East,40.0,52.2486111111111,-0.123055555555556,05 20 58,+33 46 43,87.26,8.0,-1.1,75.0,1009.2,2.9,248.0,16.2
True,16,2,9576,6388,True,32768,LIGHT,300.0,300.0,2022-02-24T23:15:10.464,2022-02-24T23:15:10.464,1,1,0,10,0.779999971389771,3.76,3.76,ZWO ASI6200MM Pro,-10.0,-9.9,40,NP101is,540.0,5.4,Starlight Xpress Fil,Blue,IC 405,FocusLynx Focuser 1,9584.0,9584.0,13.404,0.8,0.8,TOP-DOWN,2000.0,N.I.N.A. 2.0.0.2048,2022-02-24_23-15-10_Blue_-9.90_300.00s_0039.fits,1,/mnt/raid0/AstroImaging/Preselected/Flaming Star Nebula (IC405) started 4th February 2022/Lights/Blue/2022-02-24_23-15-10_Blue_-9.90_300.00s_0039.fits,79.2845244528453,34.9146484375,41.3827758159342,276.20500976248,1.51077980070425,East,40.0,52.2486111111111,-0.123055555555556,05 20 58,+33 46 43,87.26,8.0,-0.9,76.0,1009.2,3.0,248.0,16.2
True,16,2,9576,6388,True,32768,LIGHT,300.0,300.0,2022-02-24T23:20:15.223,2022-02-24T23:20:15.223,1,1,0,10,0.779999971389771,3.76,3.76,ZWO ASI6200MM Pro,-10.0,-9.9,40,NP101is,540.0,5.4,Starlight Xpress Fil,Blue,IC 405,FocusLynx Focuser 1,9584.0,9584.0,13.404,0.8,0.8,TOP-DOWN,2000.0,N.I.N.A. 2.0.0.2048,2022-02-24_23-20-15_Blue_-9.90_300.00s_0040.fits,1,/mnt/raid0/AstroImaging/Preselected/Flaming Star Nebula (IC405) started 4th February 2022/Lights/Blue/2022-02-24_23-20-15_Blue_-9.90_300.00s_0040.fits,79.2848317963826,34.9125,40.6121251370615,277.124953657138,1.53423912447856,East,40.0,52.2486111111111,-0.123055555555556,05 20 58,+33 46 43,87.26,8.0,-0.9,76.0,1009.2,3.0,248.0,16.2
True,16,2,9576,6388,True,32768,LIGHT,300.0,300.0,2022-02-24T23:29:07.215,2022-02-24T23:29:07.215,1,1,0,10,0.779999971389771,3.76,3.76,ZWO ASI6200MM Pro,-10.0,-10.0,40,NP101is,540.0,5.4,Starlight Xpress Fil,Blue,IC 405,FocusLynx Focuser 1,9584.0,9584.0,13.404,0.8,0.8,TOP-DOWN,2000.0,N.I.N.A. 2.0.0.2048,2022-02-24_23-29-07_Blue_-10.00_300.00s_0041.fits,1,/mnt/raid0/AstroImaging/Preselected/Flaming Star Nebula (IC405) started 4th February 2022/Lights/Blue/2022-02-24_23-29-07_Blue_-10.00_300.00s_0041.fits,79.2915355605683,34.9120703125,39.6438353808857,278.27638556953,1.56517209025619,East,40.0,52.2486111111111,-0.123055555555556,05 20 58,+33 46 43,87.26,8.0,-0.9,76.0,1009.2,3.0,244.0,19.44
True,16,2,9576,6388,True,32768,LIGHT,300.0,300.0,2022-02-25T00:13:09.547,2022-02-25T00:13:09.547,1,1,0,10,0.779999971389771,3.76,3.76,ZWO ASI6200MM Pro,-10.0,-9.9,40,NP101is,540.0,5.4,Starlight Xpress Fil,Blue,IC 405,FocusLynx Focuser 1,9614.0,9614.0,13.404,0.9,0.9,TOP-DOWN,2000.0,N.I.N.A. 2.0.0.2048,2022-02-25_00-13-09_Blue_-9.90_300.00s_0041.fits,1,/mnt/raid0/AstroImaging/Preselected/Flaming Star Nebula (IC405) started 4th February 2022/Lights/Blue/2022-02-25_00-13-09_Blue_-9.90_300.00s_0041.fits,79.2913044472488,34.9094140625,32.6689247311292,286.396897491945,1.84829471519444,East,40.0,52.2486111111111,-0.123055555555556,05 20 58,+33 46 43,87.26,9.0,-0.8,75.0,1009.2,3.2,235.0,17.64
True,16,2,9576,6388,True,32768,LIGHT,300.0,300.0,2022-02-25T00:18:14.061,2022-02-25T00:18:14.061,1,1,0,10,0.779999971389771,3.76,3.76,ZWO ASI6200MM Pro,-10.0,-9.9,40,NP101is,540.0,5.4,Starlight Xpress Fil,Blue,IC 405,FocusLynx Focuser 1,9614.0,9614.0,13.404,0.9,0.9,TOP-DOWN,2000.0,N.I.N.A. 2.0.0.2048,2022-02-25_00-18-14_Blue_-9.90_300.00s_0042.fits,1,/mnt/raid0/AstroImaging/Preselected/Flaming Star Nebula (IC405) started 4th February 2022/Lights/Blue/2022-02-25_00-18-14_Blue_-9.90_300.00s_0042.fits,79.2895556185126,34.9098828125,31.9259069392966,287.258149104926,1.88634557511082,East,40.0,52.2486111111111,-0.123055555555556,05 20 58,+33 46 43,87.26,9.0,-0.8,75.0,1009.2,3.2,235.0,17.64
True,16,2,9576,6388,True,32768,LIGHT,300.0,300.0,2022-02-25T00:23:16.513,2022-02-25T00:23:16.513,1,1,0,10,0.779999971389771,3.76,3.76,ZWO ASI6200MM Pro,-10.0,-10.0,40,NP101is,540.0,5.4,Starlight Xpress Fil,Blue,IC 405,FocusLynx Focuser 1,9614.0,9614.0,13.404,0.9,0.9,TOP-DOWN,2000.0,N.I.N.A. 2.0.0.2048,2022-02-25_00-23-16_Blue_-10.00_300.00s_0043.fits,1,/mnt/raid0/AstroImaging/Preselected/Flaming Star Nebula (IC405) started 4th February 2022/Lights/Blue/2022-02-25_00-23-16_Blue_-10.00_300.00s_0043.fits,79.2907783935895,34.9103125,31.1939352805306,288.107727090669,1.92570851498971,East,40.0,52.2486111111111,-0.123055555555556,05 20 58,+33 46 43,87.26,9.0,-0.8,75.0,1009.2,3.2,235.0,17.64
True,16,2,9576,6388,True,32768,LIGHT,300.0,300.0,2022-02-25T00:28:19.151,2022-02-25T00:28:19.151,1,1,0,10,0.779999971389771,3.76,3.76,ZWO ASI6200MM Pro,-10.0,-10.0,40,NP101is,540.0,5.4,Starlight Xpress Fil,Blue,IC 405,FocusLynx Focuser 1,9614.0,9614.0,13.404,1.0,1.0,TOP-DOWN,2000.0,N.I.N.A. 2.0.0.2048,2022-02-25_00-28-19_Blue_-10.00_300.00s_0044.fits,1,/mnt/raid0/AstroImaging/Preselected/Flaming Star Nebula (IC405) started 4th February 2022/Lights/Blue/2022-02-25_00-28-19_Blue_-10.00_300.00s_0044.fits,79.2923278420713,34.9065234375,30.4574027592213,288.957402843979,1.96733130716199,East,40.0,52.2486111111111,-0.123055555555556,05 20 58,+33 46 43,87.26,13.0,-0.6,76.0,1009.2,3.2,248.0,16.2
True,16,2,9576,6388,True,32768,LIGHT,300.0,300.0,2022-02-25T00:33:21.737,2022-02-25T00:33:21.737,1,1,0,10,0.779999971389771,3.76,3.76,ZWO ASI6200MM Pro,-10.0,-9.9,40,NP101is,540.0,5.4,Starlight Xpress Fil,Blue,IC 405,FocusLynx Focuser 1,9614.0,9614.0,13.404,1.0,1.0,TOP-DOWN,2000.0,N.I.N.A. 2.0.0.2048,2022-02-25_00-33-21_Blue_-9.90_300.00s_0045.fits,1,/mnt/raid0/AstroImaging/Preselected/Flaming Star Nebula (IC405) started 4th February 2022/Lights/Blue/2022-02-25_00-33-21_Blue_-9.90_300.00s_0045.fits,79.2914579773661,34.9111328125,29.7291637526284,289.813501180589,2.010615681914,East,40.0,52.2486111111111,-0.123055555555556,05 20 58,+33 46 43,87.26,13.0,-0.6,76.0,1009.2,3.2,248.0,16.2
True,16,2,9576,6388,True,32768,LIGHT,300.0,300.0,2022-02-25T00:38:24.228,2022-02-25T00:38:24.228,1,1,0,10,0.779999971389771,3.76,3.76,ZWO ASI6200MM Pro,-10.0,-10.0,40,NP101is,540.0,5.4,Starlight Xpress Fil,Blue,IC 405,FocusLynx Focuser 1,9614.0,9614.0,13.404,1.0,1.0,TOP-DOWN,2000.0,N.I.N.A. 2.0.0.2048,2022-02-25_00-38-24_Blue_-10.00_300.00s_0046.fits,1,/mnt/raid0/AstroImaging/Preselected/Flaming Star Nebula (IC405) started 4th February 2022/Lights/Blue/2022-02-25_00-38-24_Blue_-10.00_300.00s_0046.fits,79.2923065860028,34.911171875,29.0021315780007,290.663472640418,2.05609727047589,East,40.0,52.2486111111111,-0.123055555555556,05 20 58,+33 46 43,87.26,13.0,-0.7,75.0,1009.2,3.3,248.0,16.2
True,16,2,9576,6388,True,32768,LIGHT,300.0,300.0,2022-02-25T00:43:56.742,2022-02-25T00:43:56.742,1,1,0,10,0.779999971389771,3.76,3.76,ZWO ASI6200MM Pro,-10.0,-10.0,40,NP101is,540.0,5.4,Starlight Xpress Fil,Blue,IC 405,FocusLynx Focuser 1,9614.0,9614.0,13.404,1.0,1.0,TOP-DOWN,2000.0,N.I.N.A. 2.0.0.2048,2022-02-25_00-43-56_Blue_-10.00_300.00s_0047.fits,1,/mnt/raid0/AstroImaging/Preselected/Flaming Star Nebula (IC405) started 4th February 2022/Lights/Blue/2022-02-25_00-43-56_Blue_-10.00_300.00s_0047.fits,79.2836123187188,34.9067578125,28.2031877899866,291.594093389763,2.10889613170246,East,40.0,52.2486111111111,-0.123055555555556,05 20 58,+33 46 43,87.26,13.0,-0.7,75.0,1009.2,3.3,248.0,16.2
True,16,2,9576,6388,True,32768,LIGHT,300.0,300.0,2022-02-25T01:00:13.614,2022-02-25T01:00:13.614,1,1,0,10,0.779999971389771,3.76,3.76,ZWO ASI6200MM Pro,-10.0,-10.0,40,NP101is,540.0,5.4,Starlight Xpress Fil,Blue,IC 405,FocusLynx Focuser 1,9613.0,9613.0,13.404,1.0,1.0,TOP-DOWN,2000.0,N.I.N.A. 2.0.0.2048,2022-02-25_01-00-13_Blue_-10.00_300.00s_0049.fits,1,/mnt/raid0/AstroImaging/Preselected/Flaming Star Nebula (IC405) started 4th February 2022/Lights/Blue/2022-02-25_01-00-13_Blue_-10.00_300.00s_0049.fits,79.2848681655357,34.9113671875,25.905168409496,294.328306332127,2.2795853683632,East,40.0,52.2486111111111,-0.123055555555556,05 20 58,+33 46 43,87.26,13.0,-0.5,76.0,1009.2,3.4,266.0,19.44
True,16,2,9576,6388,True,32768,LIGHT,300.0,300.0,2022-02-25T18:54:14.101,2022-02-25T18:54:14.101,1,1,0,10,0.779999971389771,3.76,3.76,ZWO ASI6200MM Pro,-10.0,-9.8,40,NP101is,540.0,5.4,Starlight Xpress Fil,Blue,IC 405,FocusLynx Focuser 1,9698.0,9698.0,13.404,2.9,2.9,TOP-DOWN,2000.0,N.I.N.A. 2.0.0.2048,2022-02-25_18-54-14_Blue_-9.80_300.00s_0065.fits,1,/mnt/raid0/AstroImaging/Preselected/Flaming Star Nebula (IC405) started 4th February 2022/Lights/Blue/2022-02-25_18-54-14_Blue_-9.80_300.00s_0065.fits,78.9179050768642,32.744375,70.4694754476296,183.519226646802,1.06084428845429,West,40.0,52.2486111111111,-0.123055555555556,05 20 58,+33 46 43,180.87,8.0,0.9,73.0,1024.1,5.3,231.0,1.44
True,16,2,9576,6388,True,32768,LIGHT,300.0,300.0,2022-02-25T19:12:52.348,2022-02-25T19:12:52.348,1,1,0,10,0.779999971389771,3.76,3.76,ZWO ASI6200MM Pro,-10.0,-9.9,40,NP101is,540.0,5.4,Starlight Xpress Fil,Blue,IC 405,FocusLynx Focuser 1,9669.0,9669.0,13.404,2.4,2.4,TOP-DOWN,2000.0,N.I.N.A. 2.0.0.2048,2022-02-25_19-12-52_Blue_-9.90_300.00s_0066.fits,1,/mnt/raid0/AstroImaging/Preselected/Flaming Star Nebula (IC405) started 4th February 2022/Lights/Blue/2022-02-25_19-12-52_Blue_-9.90_300.00s_0066.fits,79.169357817082,34.902578125,72.1656002823614,195.717545848317,1.05030177099875,East,40.0,52.2486111111111,-0.123055555555556,05 20 58,+33 46 43,180.87,8.0,0.5,74.0,1024.1,4.8,249.0,6.84
True,16,2,9576,6388,True,32768,LIGHT,300.0,300.0,2022-02-25T19:17:55.350,2022-02-25T19:17:55.350,1,1,0,10,0.779999971389771,3.76,3.76,ZWO ASI6200MM Pro,-10.0,-10.0,40,NP101is,540.0,5.4,Starlight Xpress Fil,Blue,IC 405,FocusLynx Focuser 1,9669.0,9669.0,13.404,2.3,2.3,TOP-DOWN,2000.0,N.I.N.A. 2.0.0.2048,2022-02-25_19-17-55_Blue_-10.00_300.00s_0067.fits,1,/mnt/raid0/AstroImaging/Preselected/Flaming Star Nebula (IC405) started 4th February 2022/Lights/Blue/2022-02-25_19-17-55_Blue_-10.00_300.00s_0067.fits,79.1673678406439,34.903046875,71.9342016624349,199.009630528723,1.05167361907504,East,40.0,52.2486111111111,-0.123055555555556,05 20 58,+33 46 43,180.87,8.0,0.4,74.0,1024.1,4.6,249.0,6.84
True,16,2,9576,6388,True,32768,LIGHT,300.0,300.0,2022-02-25T19:22:58.090,2022-02-25T19:22:58.090,1,1,0,10,0.779999971389771,3.76,3.76,ZWO ASI6200MM Pro,-10.0,-10.0,40,NP101is,540.0,5.4,Starlight Xpress Fil,Blue,IC 405,FocusLynx Focuser 1,9669.0,9669.0,13.404,2.1,2.1,TOP-DOWN,2000.0,N.I.N.A. 2.0.0.2048,2022-02-25_19-22-58_Blue_-10.00_300.00s_0068.fits,1,/mnt/raid0/AstroImaging/Preselected/Flaming Star Nebula (IC405) started 4th February 2022/Lights/Blue/2022-02-25_19-22-58_Blue_-10.00_300.00s_0068.fits,79.1683832747652,34.9083203125,71.6662648040622,202.2224676028,1.05328803166093,East,40.0,52.2486111111111,-0.123055555555556,05 20 58,+33 46 43,180.87,8.0,0.4,74.0,1024.1,4.6,249.0,6.84
True,16,2,9576,6388,True,32768,LIGHT,300.0,300.0,2022-02-25T19:28:00.775,2022-02-25T19:28:00.775,1,1,0,10,0.779999971389771,3.76,3.76,ZWO ASI6200MM Pro,-10.0,-10.0,40,NP101is,540.0,5.4,Starlight Xpress Fil,Blue,IC 405,FocusLynx Focuser 1,9669.0,9669.0,13.404,1.9,1.9,TOP-DOWN,2000.0,N.I.N.A. 2.0.0.2048,2022-02-25_19-28-00_Blue_-10.00_300.00s_0069.fits,1,/mnt/raid0/AstroImaging/Preselected/Flaming Star Nebula (IC405) started 4th February 2022/Lights/Blue/2022-02-25_19-28-00_Blue_-10.00_300.00s_0069.fits,79.167467118428,34.9051171875,71.3500794406839,205.346186572609,1.0552292368645,East,40.0,52.2486111111111,-0.123055555555556,05 20 58,+33 46 43,180.87,7.0,0.5,76.0,1024.1,4.4,223.0,7.2
True,16,2,9576,6388,True,32768,LIGHT,300.0,300.0,2022-02-25T19:33:03.693,2022-02-25T19:33:03.693,1,1,0,10,0.779999971389771,3.76,3.76,ZWO ASI6200MM Pro,-10.0,-9.9,40,NP101is,540.0,5.4,Starlight Xpress Fil,Blue,IC 405,FocusLynx Focuser 1,9669.0,9669.0,13.404,1.8,1.8,TOP-DOWN,2000.0,N.I.N.A. 2.0.0.2048,2022-02-25_19-33-03_Blue_-9.90_300.00s_0070.fits,1,/mnt/raid0/AstroImaging/Preselected/Flaming Star Nebula (IC405) started 4th February 2022/Lights/Blue/2022-02-25_19-33-03_Blue_-9.90_300.00s_0070.fits,79.1679609686011,34.9053515625,71.0023511760394,208.357084607381,1.05740957539333,East,40.0,52.2486111111111,-0.123055555555556,05 20 58,+33 46 43,180.87,7.0,0.5,76.0,1024.1,4.4,223.0,7.2
True,16,2,9576,6388,True,32768,LIGHT,300.0,300.0,2022-02-25T19:43:27.247,2022-02-25T19:43:27.247,1,1,0,10,0.779999971389771,3.76,3.76,ZWO ASI6200MM Pro,-10.0,-10.0,40,NP101is,540.0,5.4,Starlight Xpress Fil,Blue,IC 405,FocusLynx Focuser 1,9669.0,9669.0,13.404,1.6,1.6,TOP-DOWN,2000.0,N.I.N.A. 2.0.0.2048,2022-02-25_19-43-27_Blue_-10.00_300.00s_0072.fits,1,/mnt/raid0/AstroImaging/Preselected/Flaming Star Nebula (IC405) started 4th February 2022/Lights/Blue/2022-02-25_19-43-27_Blue_-10.00_300.00s_0072.fits,79.1577000033912,34.906796875,70.1683302211661,214.322656761363,1.06283593056408,East,40.0,52.2486111111111,-0.123055555555556,05 20 58,+33 46 43,180.87,7.0,0.4,76.0,1024.1,4.2,223.0,7.2
True,16,2,9576,6388,True,32768,LIGHT,300.0,300.0,2022-02-25T19:48:30.015,2022-02-25T19:48:30.015,1,1,0,10,0.779999971389771,3.76,3.76,ZWO ASI6200MM Pro,-10.0,-10.0,40,NP101is,540.0,5.4,Starlight Xpress Fil,Blue,IC 405,FocusLynx Focuser 1,9669.0,9669.0,13.404,1.4,1.4,TOP-DOWN,2000.0,N.I.N.A. 2.0.0.2048,2022-02-25_19-48-30_Blue_-10.00_300.00s_0073.fits,1,/mnt/raid0/AstroImaging/Preselected/Flaming Star Nebula (IC405) started 4th February 2022/Lights/Blue/2022-02-25_19-48-30_Blue_-10.00_300.00s_0073.fits,79.1574367291667,34.9114453125,69.7225356311965,217.041209091604,1.06585209139822,East,40.0,52.2486111111111,-0.123055555555556,05 20 58,+33 46 43,180.87,7.0,0.2,77.0,1024.1,3.8,223.0,7.2
True,16,2,9576,6388,True,32768,LIGHT,300.0,300.0,2022-02-25T19:53:32.692,2022-02-25T19:53:32.692,1,1,0,10,0.779999971389771,3.76,3.76,ZWO ASI6200MM Pro,-10.0,-10.0,40,NP101is,540.0,5.4,Starlight Xpress Fil,Blue,IC 405,FocusLynx Focuser 1,9669.0,9669.0,13.404,1.3,1.3,TOP-DOWN,2000.0,N.I.N.A. 2.0.0.2048,2022-02-25_19-53-32_Blue_-10.00_300.00s_0074.fits,1,/mnt/raid0/AstroImaging/Preselected/Flaming Star Nebula (IC405) started 4th February 2022/Lights/Blue/2022-02-25_19-53-32_Blue_-10.00_300.00s_0074.fits,79.1578586675216,34.908125,69.237341901349,219.668571403856,1.06922799884351,East,40.0,52.2486111111111,-0.123055555555556,05 20 58,+33 46 43,180.87,7.0,0.2,77.0,1024.1,3.8,223.0,7.2
True,16,2,9576,6388,True,32768,LIGHT,300.0,300.0,2022-02-25T19:58:35.444,2022-02-25T19:58:35.444,1,1,0,10,0.779999971389771,3.76,3.76,ZWO ASI6200MM Pro,-10.0,-9.9,40,NP101is,540.0,5.4,Starlight Xpress Fil,Blue,IC 405,FocusLynx Focuser 1,9669.0,9669.0,13.404,1.1,1.1,TOP-DOWN,2000.0,N.I.N.A. 2.0.0.2048,2022-02-25_19-58-35_Blue_-9.90_300.00s_0075.fits,1,/mnt/raid0/AstroImaging/Preselected/Flaming Star Nebula (IC405) started 4th February 2022/Lights/Blue/2022-02-25_19-58-35_Blue_-9.90_300.00s_0075.fits,79.1555078932704,34.9131640625,68.7355522626455,222.192694517938,1.07282300032847,East,40.0,52.2486111111111,-0.123055555555556,05 20 58,+33 46 43,180.87,7.0,0.2,77.0,1024.1,3.8,223.0,7.2
True,16,2,9576,6388,True,32768,LIGHT,300.0,300.0,2022-02-25T20:10:22.192,2022-02-25T20:10:22.192,1,1,0,10,0.779999971389771,3.76,3.76,ZWO ASI6200MM Pro,-10.0,-9.8,40,NP101is,540.0,5.4,Starlight Xpress Fil,Blue,IC 405,FocusLynx Focuser 1,9632.0,9632.0,13.404,0.8,0.8,TOP-DOWN,2000.0,N.I.N.A. 2.0.0.2048,2022-02-25_20-10-22_Blue_-9.80_300.00s_0076.fits,1,/mnt/raid0/AstroImaging/Preselected/Flaming Star Nebula (IC405) started 4th February 2022/Lights/Blue/2022-02-25_20-10-22_Blue_-9.80_300.00s_0076.fits,79.1552320873587,34.9137890625,67.4535305688006,227.730128816946,1.08249757392447,East,40.0,52.2486111111111,-0.123055555555556,05 20 58,+33 46 43,180.87,7.0,0.1,78.0,1025.1,3.6,223.0,7.2
True,16,2,9576,6388,True,32768,LIGHT,300.0,300.0,2022-02-25T20:15:43.358,2022-02-25T20:15:43.358,1,1,0,10,0.779999971389771,3.76,3.76,ZWO ASI6200MM Pro,-10.0,-9.9,40,NP101is,540.0,5.4,Starlight Xpress Fil,Blue,IC 405,FocusLynx Focuser 1,9632.0,9632.0,13.404,0.8,0.8,TOP-DOWN,2000.0,N.I.N.A. 2.0.0.2048,2022-02-25_20-15-43_Blue_-9.90_300.00s_0077.fits,1,/mnt/raid0/AstroImaging/Preselected/Flaming Star Nebula (IC405) started 4th February 2022/Lights/Blue/2022-02-25_20-15-43_Blue_-9.90_300.00s_0077.fits,79.1475090954503,34.917890625,66.836972171444,230.081223174238,1.08740741453857,East,40.0,52.2486111111111,-0.123055555555556,05 20 58,+33 46 43,180.87,7.0,0.1,78.0,1025.1,3.6,223.0,7.2
True,16,2,9576,6388,True,32768,LIGHT,300.0,300.0,2022-02-25T20:20:46.100,2022-02-25T20:20:46.100,1,1,0,10,0.779999971389771,3.76,3.76,ZWO ASI6200MM Pro,-10.0,-10.0,40,NP101is,540.0,5.4,Starlight Xpress Fil,Blue,IC 405,FocusLynx Focuser 1,9632.0,9632.0,13.404,0.7,0.7,TOP-DOWN,2000.0,N.I.N.A. 2.0.0.2048,2022-02-25_20-20-46_Blue_-10.00_300.00s_0078.fits,1,/mnt/raid0/AstroImaging/Preselected/Flaming Star Nebula (IC405) started 4th February 2022/Lights/Blue/2022-02-25_20-20-46_Blue_-10.00_300.00s_0078.fits,79.1478113805608,34.918515625,66.2368083530964,232.19351234763,1.09235147215355,East,40.0,52.2486111111111,-0.123055555555556,05 20 58,+33 46 43,180.87,7.0,-0.1,78.0,1025.1,3.4,223.0,7.2
True,16,2,9576,6388,True,32768,LIGHT,300.0,300.0,2022-02-25T20:35:42.247,2022-02-25T20:35:42.247,1,1,0,10,0.779999971389771,3.76,3.76,ZWO ASI6200MM Pro,-10.0,-10.0,40,NP101is,540.0,5.4,Starlight Xpress Fil,Blue,IC 405,FocusLynx Focuser 1,9609.0,9609.0,13.404,0.3,0.3,TOP-DOWN,2000.0,N.I.N.A. 2.0.0.2048,2022-02-25_20-35-42_Blue_-10.00_300.00s_0079.fits,1,/mnt/raid0/AstroImaging/Preselected/Flaming Star Nebula (IC405) started 4th February 2022/Lights/Blue/2022-02-25_20-35-42_Blue_-10.00_300.00s_0079.fits,79.1598631164825,34.9098046875,64.3519183864935,237.986378952231,1.10897379448115,East,40.0,52.2486111111111,-0.123055555555556,05 20 58,+33 46 43,180.87,6.0,0.0,80.0,1025.1,3.1,214.0,7.92
True,16,2,9576,6388,True,32768,LIGHT,300.0,300.0,2022-02-25T20:40:46.788,2022-02-25T20:40:46.788,1,1,0,10,0.779999971389771,3.76,3.76,ZWO ASI6200MM Pro,-10.0,-9.9,40,NP101is,540.0,5.4,Starlight Xpress Fil,Blue,IC 405,FocusLynx Focuser 1,9609.0,9609.0,13.404,0.2,0.2,TOP-DOWN,2000.0,N.I.N.A. 2.0.0.2048,2022-02-25_20-40-46_Blue_-9.90_300.00s_0080.fits,1,/mnt/raid0/AstroImaging/Preselected/Flaming Star Nebula (IC405) started 4th February 2022/Lights/Blue/2022-02-25_20-40-46_Blue_-9.90_300.00s_0080.fits,79.1605787607708,34.913515625,63.6900720496623,239.818443122467,1.11521926957311,East,40.0,52.2486111111111,-0.123055555555556,05 20 58,+33 46 43,180.87,6.0,-0.4,79.0,1025.1,2.9,214.0,7.92
True,16,2,9576,6388,True,32768,LIGHT,300.0,300.0,2022-02-25T20:45:49.535,2022-02-25T20:45:49.535,1,1,0,10,0.779999971389771,3.76,3.76,ZWO ASI6200MM Pro,-10.0,-10.0,40,NP101is,540.0,5.4,Starlight Xpress Fil,Blue,IC 405,FocusLynx Focuser 1,9609.0,9609.0,13.404,0.0,0.0,TOP-DOWN,2000.0,N.I.N.A. 2.0.0.2048,2022-02-25_20-45-49_Blue_-10.00_300.00s_0081.fits,1,/mnt/raid0/AstroImaging/Preselected/Flaming Star Nebula (IC405) started 4th February 2022/Lights/Blue/2022-02-25_20-45-49_Blue_-10.00_300.00s_0081.fits,79.1581839691762,34.9130859375,63.0153408469142,241.56970207975,1.12181378444611,East,40.0,52.2486111111111,-0.123055555555556,05 20 58,+33 46 43,180.87,6.0,-0.4,79.0,1025.1,2.9,214.0,7.92
True,16,2,9576,6388,True,32768,LIGHT,300.0,300.0,2022-02-25T20:50:52.101,2022-02-25T20:50:52.101,1,1,0,10,0.779999971389771,3.76,3.76,ZWO ASI6200MM Pro,-10.0,-10.0,40,NP101is,540.0,5.4,Starlight Xpress Fil,Blue,IC 405,FocusLynx Focuser 1,9609.0,9609.0,13.404,0.0,0.0,TOP-DOWN,2000.0,N.I.N.A. 2.0.0.2048,2022-02-25_20-50-52_Blue_-10.00_300.00s_0082.fits,1,/mnt/raid0/AstroImaging/Preselected/Flaming Star Nebula (IC405) started 4th February 2022/Lights/Blue/2022-02-25_20-50-52_Blue_-10.00_300.00s_0082.fits,79.1584945152217,34.9098828125,62.3244031035506,243.264334288674,1.12881083338182,East,40.0,52.2486111111111,-0.123055555555556,05 20 58,+33 46 43,180.87,6.0,-0.3,80.0,1025.1,2.8,214.0,7.92
True,16,2,9576,6388,True,32768,LIGHT,300.0,300.0,2022-02-25T20:56:04.563,2022-02-25T20:56:04.563,1,1,0,10,0.779999971389771,3.76,3.76,ZWO ASI6200MM Pro,-10.0,-10.0,40,NP101is,540.0,5.4,Starlight Xpress Fil,Blue,IC 405,FocusLynx Focuser 1,9609.0,9609.0,13.404,-0.1,-0.1,TOP-DOWN,2000.0,N.I.N.A. 2.0.0.2048,2022-02-25_20-56-04_Blue_-10.00_300.00s_0083.fits,1,/mnt/raid0/AstroImaging/Preselected/Flaming Star Nebula (IC405) started 4th February 2022/Lights/Blue/2022-02-25_20-56-04_Blue_-10.00_300.00s_0083.fits,79.1586459695105,34.9097265625,61.6077490502421,244.946059336797,1.1363364074474,East,40.0,52.2486111111111,-0.123055555555556,05 20 58,+33 46 43,180.87,6.0,-0.3,80.0,1025.1,2.8,214.0,7.92
True,16,2,9576,6388,True,32768,LIGHT,300.0,300.0,2022-02-25T21:01:07.243,2022-02-25T21:01:07.243,1,1,0,10,0.779999971389771,3.76,3.76,ZWO ASI6200MM Pro,-10.0,-10.0,40,NP101is,540.0,5.4,Starlight Xpress Fil,Blue,IC 405,FocusLynx Focuser 1,9609.0,9609.0,13.404,-0.2,-0.2,TOP-DOWN,2000.0,N.I.N.A. 2.0.0.2048,2022-02-25_21-01-07_Blue_-10.00_300.00s_0084.fits,1,/mnt/raid0/AstroImaging/Preselected/Flaming Star Nebula (IC405) started 4th February 2022/Lights/Blue/2022-02-25_21-01-07_Blue_-10.00_300.00s_0084.fits,79.1564210340458,34.914765625,60.9013837876577,246.542294383449,1.14402863964686,East,40.0,52.2486111111111,-0.123055555555556,05 20 58,+33 46 43,180.87,6.0,-0.4,80.0,1025.1,2.7,214.0,7.92
True,16,2,9576,6388,True,32768,LIGHT,300.0,300.0,2022-02-09T02:18:51.215,2022-02-09T02:18:51.215,1,1,0,10,0.779999971389771,3.76,3.76,ZWO ASI6200MM Pro,-10.0,-10.0,40,NP101is,540.0,5.4,Starlight Xpress Fil,Green,IC 405,FocusLynx Focuser 1,10524.0,10524.0,13.404,6.5,6.5,TOP-DOWN,2000.0,N.I.N.A. 2.0.0.2044,2022-02-09_02-18-51_Green_-10.00_300.00s_0000.fits,1,/mnt/raid0/AstroImaging/Preselected/Flaming Star Nebula (IC405) started 4th February 2022/Lights/Green/2022-02-09_02-18-51_Green_-10.00_300.00s_0000.fits,78.7762493204812,34.4722265625,23.1190746317613,296.991537790608,2.53326446078005,East,40.0,52.2486111111111,-0.123055555555556,05 20 58,+33 46 43,87.26,100.0,5.6,80.0,1017.2,8.9,246.0,16.2
True,16,2,9576,6388,True,32768,LIGHT,300.0,300.0,2022-02-09T02:23:56.156,2022-02-09T02:23:56.156,1,1,0,10,0.779999971389771,3.76,3.76,ZWO ASI6200MM Pro,-10.0,-10.0,40,NP101is,540.0,5.4,Starlight Xpress Fil,Green,IC 405,FocusLynx Focuser 1,10524.0,10524.0,13.404,6.4,6.4,TOP-DOWN,2000.0,N.I.N.A. 2.0.0.2044,2022-02-09_02-23-56_Green_-10.00_300.00s_0001.fits,1,/mnt/raid0/AstroImaging/Preselected/Flaming Star Nebula (IC405) started 4th February 2022/Lights/Green/2022-02-09_02-23-56_Green_-10.00_300.00s_0001.fits,78.7763420203757,34.4722265625,22.4298564845694,297.844183526174,2.60589935930145,East,40.0,52.2486111111111,-0.123055555555556,05 20 58,+33 46 43,87.26,100.0,5.6,80.0,1017.2,8.9,246.0,16.2
True,16,2,9576,6388,True,32768,LIGHT,300.0,300.0,2022-02-09T02:28:58.774,2022-02-09T02:28:58.774,1,1,0,10,0.779999971389771,3.76,3.76,ZWO ASI6200MM Pro,-10.0,-10.0,40,NP101is,540.0,5.4,Starlight Xpress Fil,Green,IC 405,FocusLynx Focuser 1,10524.0,10524.0,13.404,6.4,6.4,TOP-DOWN,2000.0,N.I.N.A. 2.0.0.2044,2022-02-09_02-28-58_Green_-10.00_300.00s_0002.fits,1,/mnt/raid0/AstroImaging/Preselected/Flaming Star Nebula (IC405) started 4th February 2022/Lights/Green/2022-02-09_02-28-58_Green_-10.00_300.00s_0002.fits,78.7764668272497,34.4722265625,21.750170414266,298.692513104226,2.68207921893281,East,40.0,52.2486111111111,-0.123055555555556,05 20 58,+33 46 43,87.26,100.0,5.6,81.0,1017.2,8.7,246.0,16.2
True,16,2,9576,6388,True,32768,LIGHT,300.0,300.0,2022-02-09T02:34:01.419,2022-02-09T02:34:01.419,1,1,0,10,0.779999971389771,3.76,3.76,ZWO ASI6200MM Pro,-10.0,-10.0,40,NP101is,540.0,5.4,Starlight Xpress Fil,Green,IC 405,FocusLynx Focuser 1,10524.0,10524.0,13.404,6.3,6.3,TOP-DOWN,2000.0,N.I.N.A. 2.0.0.2044,2022-02-09_02-34-01_Green_-10.00_300.00s_0003.fits,1,/mnt/raid0/AstroImaging/Preselected/Flaming Star Nebula (IC405) started 4th February 2022/Lights/Green/2022-02-09_02-34-01_Green_-10.00_300.00s_0003.fits,78.7765515731367,34.4722265625,21.0766393316679,299.541651875197,2.76244433160181,East,40.0,52.2486111111111,-0.123055555555556,05 20 58,+33 46 43,87.26,100.0,5.6,81.0,1017.2,8.7,246.0,16.2
True,16,2,9576,6388,True,32768,LIGHT,300.0,300.0,2022-02-09T02:39:04.047,2022-02-09T02:39:04.047,1,1,0,10,0.779999971389771,3.76,3.76,ZWO ASI6200MM Pro,-10.0,-10.0,40,NP101is,540.0,5.4,Starlight Xpress Fil,Green,IC 405,FocusLynx Focuser 1,10524.0,10524.0,13.404,6.2,6.2,TOP-DOWN,2000.0,N.I.N.A. 2.0.0.2044,2022-02-09_02-39-04_Green_-10.00_300.00s_0004.fits,1,/mnt/raid0/AstroImaging/Preselected/Flaming Star Nebula (IC405) started 4th February 2022/Lights/Green/2022-02-09_02-39-04_Green_-10.00_300.00s_0004.fits,78.7766594145555,34.4722265625,20.4042861787078,300.396609696757,2.84797393234591,East,40.0,52.2486111111111,-0.123055555555556,05 20 58,+33 46 43,87.26,100.0,5.6,82.0,1017.2,8.5,221.0,14.4
True,16,2,9576,6388,True,32768,LIGHT,300.0,300.0,2022-02-22T22:31:17.682,2022-02-22T22:31:17.682,1,1,0,10,0.779999971389771,3.76,3.76,ZWO ASI6200MM Pro,-10.0,-9.9,40,NP101is,540.0,5.4,Starlight Xpress Fil,Green,IC 405,FocusLynx Focuser 1,9959.0,9959.0,13.404,2.8,2.8,TOP-DOWN,2000.0,N.I.N.A. 2.0.0.2048,2022-02-22_22-31-17_Green_-9.90_300.00s_0012.fits,1,/mnt/raid0/AstroImaging/Preselected/Flaming Star Nebula (IC405) started 4th February 2022/Lights/Green/2022-02-22_22-31-17_Green_-9.90_300.00s_0012.fits,79.0048637016389,35.0002734375,49.1641224619834,266.472349674772,1.32072965827446,East,40.0,52.2486111111111,-0.123055555555556,05 20 58,+33 46 43,87.26,2.0,2.1,80.0,1017.2,5.2,252.0,6.48
True,16,2,9576,6388,True,32768,LIGHT,300.0,300.0,2022-02-22T22:36:36.269,2022-02-22T22:36:36.269,1,1,0,10,0.779999971389771,3.76,3.76,ZWO ASI6200MM Pro,-10.0,-10.0,40,NP101is,540.0,5.4,Starlight Xpress Fil,Green,IC 405,FocusLynx Focuser 1,9959.0,9959.0,13.404,2.6,2.6,TOP-DOWN,2000.0,N.I.N.A. 2.0.0.2048,2022-02-22_22-36-36_Green_-10.00_300.00s_0013.fits,1,/mnt/raid0/AstroImaging/Preselected/Flaming Star Nebula (IC405) started 4th February 2022/Lights/Green/2022-02-22_22-36-36_Green_-10.00_300.00s_0013.fits,79.0059134695773,35.0044140625,48.3934477483105,267.523588092692,1.33633603757004,East,40.0,52.2486111111111,-0.123055555555556,05 20 58,+33 46 43,87.26,2.0,2.1,80.0,1017.2,5.2,252.0,6.48
True,16,2,9576,6388,True,32768,LIGHT,300.0,300.0,2022-02-22T22:45:17.805,2022-02-22T22:45:17.805,1,1,0,10,0.779999971389771,3.76,3.76,ZWO ASI6200MM Pro,-10.0,-9.8,40,NP101is,540.0,5.4,Starlight Xpress Fil,Green,IC 405,FocusLynx Focuser 1,9959.0,9959.0,13.404,2.6,2.6,TOP-DOWN,2000.0,N.I.N.A. 2.0.0.2048,2022-02-22_22-45-17_Green_-9.80_300.00s_0014.fits,1,/mnt/raid0/AstroImaging/Preselected/Flaming Star Nebula (IC405) started 4th February 2022/Lights/Green/2022-02-22_22-45-17_Green_-9.80_300.00s_0014.fits,78.9968086427892,34.9914453125,47.0402954931449,269.287560748896,1.36525354143009,East,40.0,52.2486111111111,-0.123055555555556,05 20 58,+33 46 43,87.26,2.0,2.2,81.0,1017.2,5.2,252.0,6.48
True,16,2,9576,6388,True,32768,LIGHT,300.0,300.0,2022-02-22T22:50:22.104,2022-02-22T22:50:22.104,1,1,0,10,0.779999971389771,3.76,3.76,ZWO ASI6200MM Pro,-10.0,-10.0,40,NP101is,540.0,5.4,Starlight Xpress Fil,Green,IC 405,FocusLynx Focuser 1,9959.0,9959.0,13.404,2.5,2.5,TOP-DOWN,2000.0,N.I.N.A. 2.0.0.2048,2022-02-22_22-50-22_Green_-10.00_300.00s_0015.fits,1,/mnt/raid0/AstroImaging/Preselected/Flaming Star Nebula (IC405) started 4th February 2022/Lights/Green/2022-02-22_22-50-22_Green_-10.00_300.00s_0015.fits,78.995750885372,34.9899609375,46.2618292580903,270.293072887961,1.38281656854979,East,40.0,52.2486111111111,-0.123055555555556,05 20 58,+33 46 43,87.26,2.0,2.2,81.0,1017.2,5.2,252.0,6.48
True,16,2,9576,6388,True,32768,LIGHT,300.0,300.0,2022-02-22T22:55:25.234,2022-02-22T22:55:25.234,1,1,0,10,0.779999971389771,3.76,3.76,ZWO ASI6200MM Pro,-10.0,-10.0,40,NP101is,540.0,5.4,Starlight Xpress Fil,Green,IC 405,FocusLynx Focuser 1,9959.0,9959.0,13.404,2.4,2.4,TOP-DOWN,2000.0,N.I.N.A. 2.0.0.2048,2022-02-22_22-55-25_Green_-10.00_300.00s_0016.fits,1,/mnt/raid0/AstroImaging/Preselected/Flaming Star Nebula (IC405) started 4th February 2022/Lights/Green/2022-02-22_22-55-25_Green_-10.00_300.00s_0016.fits,78.9956442804395,34.9942578125,45.4913198077632,271.285585968419,1.40090685657179,East,40.0,52.2486111111111,-0.123055555555556,05 20 58,+33 46 43,87.26,2.0,2.2,81.0,1017.2,5.2,252.0,6.48
True,16,2,9576,6388,True,32768,LIGHT,300.0,300.0,2022-02-22T23:07:02.065,2022-02-22T23:07:02.065,1,1,0,10,0.779999971389771,3.76,3.76,ZWO ASI6200MM Pro,-10.0,-9.9,40,NP101is,540.0,5.4,Starlight Xpress Fil,Green,IC 405,FocusLynx Focuser 1,9947.0,9947.0,13.404,2.2,2.2,TOP-DOWN,2000.0,N.I.N.A. 2.0.0.2048,2022-02-22_23-07-02_Green_-9.90_300.00s_0017.fits,1,/mnt/raid0/AstroImaging/Preselected/Flaming Star Nebula (IC405) started 4th February 2022/Lights/Green/2022-02-22_23-07-02_Green_-9.90_300.00s_0017.fits,78.995590458488,34.9942578125,43.7046373119957,273.521423062403,1.44575673695468,East,40.0,52.2486111111111,-0.123055555555556,05 20 58,+33 46 43,87.26,2.0,2.0,81.0,1017.2,5.0,248.0,6.48
True,16,2,9576,6388,True,32768,LIGHT,300.0,300.0,2022-02-22T23:12:24.571,2022-02-22T23:12:24.571,1,1,0,10,0.779999971389771,3.76,3.76,ZWO ASI6200MM Pro,-10.0,-10.0,40,NP101is,540.0,5.4,Starlight Xpress Fil,Green,IC 405,FocusLynx Focuser 1,9947.0,9947.0,13.404,2.2,2.2,TOP-DOWN,2000.0,N.I.N.A. 2.0.0.2048,2022-02-22_23-12-24_Green_-10.00_300.00s_0018.fits,1,/mnt/raid0/AstroImaging/Preselected/Flaming Star Nebula (IC405) started 4th February 2022/Lights/Green/2022-02-22_23-12-24_Green_-10.00_300.00s_0018.fits,78.9885562715678,34.99703125,42.8872662225813,274.530569816574,1.46772771697717,East,40.0,52.2486111111111,-0.123055555555556,05 20 58,+33 46 43,87.26,2.0,2.1,82.0,1017.2,4.9,248.0,6.48
True,16,2,9576,6388,True,32768,LIGHT,300.0,300.0,2022-02-22T23:17:27.208,2022-02-22T23:17:27.208,1,1,0,10,0.779999971389771,3.76,3.76,ZWO ASI6200MM Pro,-10.0,-10.0,40,NP101is,540.0,5.4,Starlight Xpress Fil,Green,IC 405,FocusLynx Focuser 1,9947.0,9947.0,13.404,2.1,2.1,TOP-DOWN,2000.0,N.I.N.A. 2.0.0.2048,2022-02-22_23-17-27_Green_-10.00_300.00s_0019.fits,1,/mnt/raid0/AstroImaging/Preselected/Flaming Star Nebula (IC405) started 4th February 2022/Lights/Green/2022-02-22_23-17-27_Green_-10.00_300.00s_0019.fits,78.989516398229,34.999453125,42.1141003561523,275.475313455904,1.48941439679722,East,40.0,52.2486111111111,-0.123055555555556,05 20 58,+33 46 43,87.26,2.0,2.1,82.0,1017.2,4.9,248.0,6.48
True,16,2,9576,6388,True,32768,LIGHT,300.0,300.0,2022-02-22T23:22:30.942,2022-02-22T23:22:30.942,1,1,0,10,0.779999971389771,3.76,3.76,ZWO ASI6200MM Pro,-10.0,-10.0,40,NP101is,540.0,5.4,Starlight Xpress Fil,Green,IC 405,FocusLynx Focuser 1,9947.0,9947.0,13.404,2.1,2.1,TOP-DOWN,2000.0,N.I.N.A. 2.0.0.2048,2022-02-22_23-22-30_Green_-10.00_300.00s_0020.fits,1,/mnt/raid0/AstroImaging/Preselected/Flaming Star Nebula (IC405) started 4th February 2022/Lights/Green/2022-02-22_23-22-30_Green_-10.00_300.00s_0020.fits,78.9883939375615,34.99515625,41.338368425292,276.40285650607,1.51210479602861,East,40.0,52.2486111111111,-0.123055555555556,05 20 58,+33 46 43,87.26,2.0,1.9,82.0,1017.2,4.7,248.0,6.48
True,16,2,9576,6388,True,32768,LIGHT,300.0,300.0,2022-02-22T23:27:33.580,2022-02-22T23:27:33.580,1,1,0,10,0.779999971389771,3.76,3.76,ZWO ASI6200MM Pro,-10.0,-9.8,40,NP101is,540.0,5.4,Starlight Xpress Fil,Green,IC 405,FocusLynx Focuser 1,9947.0,9947.0,13.404,2.1,2.1,TOP-DOWN,2000.0,N.I.N.A. 2.0.0.2048,2022-02-22_23-27-33_Green_-9.80_300.00s_0021.fits,1,/mnt/raid0/AstroImaging/Preselected/Flaming Star Nebula (IC405) started 4th February 2022/Lights/Green/2022-02-22_23-27-33_Green_-9.80_300.00s_0021.fits,78.988270385434,35.0003515625,40.5765165985286,277.323558707466,1.53534737772753,East,40.0,52.2486111111111,-0.123055555555556,05 20 58,+33 46 43,87.26,2.0,1.9,82.0,1017.2,4.7,248.0,6.48
True,16,2,9576,6388,True,32768,LIGHT,300.0,300.0,2022-02-22T23:38:59.939,2022-02-22T23:38:59.939,1,1,0,10,0.779999971389771,3.76,3.76,ZWO ASI6200MM Pro,-10.0,-9.9,40,NP101is,540.0,5.4,Starlight Xpress Fil,Green,IC 405,FocusLynx Focuser 1,9946.0,9946.0,13.404,2.4,2.4,TOP-DOWN,2000.0,N.I.N.A. 2.0.0.2048,2022-02-22_23-38-59_Green_-9.90_300.00s_0022.fits,1,/mnt/raid0/AstroImaging/Preselected/Flaming Star Nebula (IC405) started 4th February 2022/Lights/Green/2022-02-22_23-38-59_Green_-9.90_300.00s_0022.fits,78.9881067503994,34.9946875,38.8304703935336,279.380173865449,1.59248972814534,East,40.0,52.2486111111111,-0.123055555555556,05 20 58,+33 46 43,87.26,2.0,1.9,82.0,1017.2,4.7,246.0,6.48
True,16,2,9576,6388,True,32768,LIGHT,300.0,300.0,2022-02-22T23:44:04.277,2022-02-22T23:44:04.277,1,1,0,10,0.779999971389771,3.76,3.76,ZWO ASI6200MM Pro,-10.0,-10.0,40,NP101is,540.0,5.4,Starlight Xpress Fil,Green,IC 405,FocusLynx Focuser 1,9946.0,9946.0,13.404,2.4,2.4,TOP-DOWN,2000.0,N.I.N.A. 2.0.0.2048,2022-02-22_23-44-04_Green_-10.00_300.00s_0023.fits,1,/mnt/raid0/AstroImaging/Preselected/Flaming Star Nebula (IC405) started 4th February 2022/Lights/Green/2022-02-22_23-44-04_Green_-10.00_300.00s_0023.fits,78.9853761634047,34.99421875,38.0638241380698,280.278768516716,1.61942553146384,East,40.0,52.2486111111111,-0.123055555555556,05 20 58,+33 46 43,87.26,2.0,1.9,82.0,1017.2,4.7,246.0,6.48
True,16,2,9576,6388,True,32768,LIGHT,300.0,300.0,2022-02-22T23:49:26.124,2022-02-22T23:49:26.124,1,1,0,10,0.779999971389771,3.76,3.76,ZWO ASI6200MM Pro,-10.0,-9.9,40,NP101is,540.0,5.4,Starlight Xpress Fil,Green,IC 405,FocusLynx Focuser 1,9946.0,9946.0,13.404,2.4,2.4,TOP-DOWN,2000.0,N.I.N.A. 2.0.0.2048,2022-02-22_23-49-26_Green_-9.90_300.00s_0024.fits,1,/mnt/raid0/AstroImaging/Preselected/Flaming Star Nebula (IC405) started 4th February 2022/Lights/Green/2022-02-22_23-49-26_Green_-9.90_300.00s_0024.fits,78.9907244584597,34.9945703125,37.2594103732666,281.218957954992,1.64900385292807,East,40.0,52.2486111111111,-0.123055555555556,05 20 58,+33 46 43,87.26,2.0,2.0,82.0,1018.2,4.9,246.0,6.48
True,16,2,9576,6388,True,32768,LIGHT,300.0,300.0,2022-02-22T23:54:28.766,2022-02-22T23:54:28.766,1,1,0,10,0.779999971389771,3.76,3.76,ZWO ASI6200MM Pro,-10.0,-10.0,40,NP101is,540.0,5.4,Starlight Xpress Fil,Green,IC 405,FocusLynx Focuser 1,9946.0,9946.0,13.404,2.4,2.4,TOP-DOWN,2000.0,N.I.N.A. 2.0.0.2048,2022-02-22_23-54-28_Green_-10.00_300.00s_0025.fits,1,/mnt/raid0/AstroImaging/Preselected/Flaming Star Nebula (IC405) started 4th February 2022/Lights/Green/2022-02-22_23-54-28_Green_-10.00_300.00s_0025.fits,78.9909257536998,34.9973046875,36.7985257105109,281.760354551177,1.66659021018116,East,40.0,52.2486111111111,-0.123055555555556,05 20 58,+33 46 43,87.26,2.0,2.0,82.0,1018.2,4.9,246.0,6.48
True,16,2,9576,6388,True,32768,LIGHT,300.0,300.0,2022-02-23T00:13:06.588,2022-02-23T00:13:06.588,1,1,0,10,0.779999971389771,3.76,3.76,ZWO ASI6200MM Pro,-10.0,-9.9,40,NP101is,540.0,5.4,Starlight Xpress Fil,Green,IC 405,FocusLynx Focuser 1,9954.0,9954.0,13.404,2.4,2.4,TOP-DOWN,2000.0,N.I.N.A. 2.0.0.2048,2022-02-23_00-13-06_Green_-9.90_300.00s_0012.fits,1,/mnt/raid0/AstroImaging/Preselected/Flaming Star Nebula (IC405) started 4th February 2022/Lights/Green/2022-02-23_00-13-06_Green_-9.90_300.00s_0012.fits,78.9941720523221,34.9936328125,33.7241481865074,285.316342179283,1.79731347948829,East,40.0,52.2486111111111,-0.123055555555556,05 20 58,+33 46 43,87.26,2.0,2.2,82.0,1018.2,5.0,259.0,9.72
True,16,2,9576,6388,True,32768,LIGHT,300.0,300.0,2022-02-23T00:18:09.176,2022-02-23T00:18:09.176,1,1,0,10,0.779999971389771,3.76,3.76,ZWO ASI6200MM Pro,-10.0,-10.0,40,NP101is,540.0,5.4,Starlight Xpress Fil,Green,IC 405,FocusLynx Focuser 1,9954.0,9954.0,13.404,2.4,2.4,TOP-DOWN,2000.0,N.I.N.A. 2.0.0.2048,2022-02-23_00-18-09_Green_-10.00_300.00s_0013.fits,1,/mnt/raid0/AstroImaging/Preselected/Flaming Star Nebula (IC405) started 4th February 2022/Lights/Green/2022-02-23_00-18-09_Green_-10.00_300.00s_0013.fits,78.9931222201455,34.9909765625,32.9764129149028,286.176506626305,1.83307997229958,East,40.0,52.2486111111111,-0.123055555555556,05 20 58,+33 46 43,87.26,2.0,2.2,82.0,1018.2,5.0,259.0,9.72
True,16,2,9576,6388,True,32768,LIGHT,300.0,300.0,2022-02-23T00:23:11.824,2022-02-23T00:23:11.824,1,1,0,10,0.779999971389771,3.76,3.76,ZWO ASI6200MM Pro,-10.0,-10.0,40,NP101is,540.0,5.4,Starlight Xpress Fil,Green,IC 405,FocusLynx Focuser 1,9954.0,9954.0,13.404,2.4,2.4,TOP-DOWN,2000.0,N.I.N.A. 2.0.0.2048,2022-02-23_00-23-11_Green_-10.00_300.00s_0014.fits,1,/mnt/raid0/AstroImaging/Preselected/Flaming Star Nebula (IC405) started 4th February 2022/Lights/Green/2022-02-23_00-23-11_Green_-10.00_300.00s_0014.fits,78.9940119754145,34.99578125,32.2428173151227,287.033170689961,1.86988880969878,East,40.0,52.2486111111111,-0.123055555555556,05 20 58,+33 46 43,87.26,2.0,2.2,82.0,1018.2,5.0,259.0,9.72
True,16,2,9576,6388,True,32768,LIGHT,300.0,300.0,2022-02-23T00:28:14.209,2022-02-23T00:28:14.209,1,1,0,10,0.779999971389771,3.76,3.76,ZWO ASI6200MM Pro,-10.0,-10.0,40,NP101is,540.0,5.4,Starlight Xpress Fil,Green,IC 405,FocusLynx Focuser 1,9954.0,9954.0,13.404,2.3,2.3,TOP-DOWN,2000.0,N.I.N.A. 2.0.0.2048,2022-02-23_00-28-14_Green_-10.00_300.00s_0015.fits,1,/mnt/raid0/AstroImaging/Preselected/Flaming Star Nebula (IC405) started 4th February 2022/Lights/Green/2022-02-23_00-28-14_Green_-10.00_300.00s_0015.fits,78.9931304665089,34.9927734375,31.4993695731951,287.889335809763,1.90904849196958,East,40.0,52.2486111111111,-0.123055555555556,05 20 58,+33 46 43,87.26,2.0,2.2,82.0,1018.2,5.0,259.0,9.72
True,16,2,9576,6388,True,32768,LIGHT,300.0,300.0,2022-02-23T00:39:33.098,2022-02-23T00:39:33.098,1,1,0,10,0.779999971389771,3.76,3.76,ZWO ASI6200MM Pro,-10.0,-9.9,40,NP101is,540.0,5.4,Starlight Xpress Fil,Green,IC 405,FocusLynx Focuser 1,9945.0,9945.0,13.404,2.2,2.2,TOP-DOWN,2000.0,N.I.N.A. 2.0.0.2048,2022-02-23_00-39-33_Green_-9.90_300.00s_0016.fits,1,/mnt/raid0/AstroImaging/Preselected/Flaming Star Nebula (IC405) started 4th February 2022/Lights/Green/2022-02-23_00-39-33_Green_-9.90_300.00s_0016.fits,78.9930206322246,34.995078125,29.851524410847,289.808410758099,2.00318836530231,East,40.0,52.2486111111111,-0.123055555555556,05 20 58,+33 46 43,87.26,0.0,1.9,82.0,1018.2,4.8,254.0,4.68
True,16,2,9576,6388,True,32768,LIGHT,300.0,300.0,2022-02-23T00:44:37.622,2022-02-23T00:44:37.622,1,1,0,10,0.779999971389771,3.76,3.76,ZWO ASI6200MM Pro,-10.0,-10.0,40,NP101is,540.0,5.4,Starlight Xpress Fil,Green,IC 405,FocusLynx Focuser 1,9945.0,9945.0,13.404,2.1,2.1,TOP-DOWN,2000.0,N.I.N.A. 2.0.0.2048,2022-02-23_00-44-37_Green_-10.00_300.00s_0017.fits,1,/mnt/raid0/AstroImaging/Preselected/Flaming Star Nebula (IC405) started 4th February 2022/Lights/Green/2022-02-23_00-44-37_Green_-10.00_300.00s_0017.fits,78.9938313335372,34.99609375,29.1309831207875,290.651640512741,2.04786394494428,East,40.0,52.2486111111111,-0.123055555555556,05 20 58,+33 46 43,87.26,0.0,1.9,82.0,1018.2,4.8,254.0,4.68
True,16,2,9576,6388,True,32768,LIGHT,300.0,300.0,2022-02-23T00:50:02.297,2022-02-23T00:50:02.297,1,1,0,10,0.779999971389771,3.76,3.76,ZWO ASI6200MM Pro,-10.0,-10.0,40,NP101is,540.0,5.4,Starlight Xpress Fil,Green,IC 405,FocusLynx Focuser 1,9945.0,9945.0,13.404,2.1,2.1,TOP-DOWN,2000.0,N.I.N.A. 2.0.0.2048,2022-02-23_00-50-02_Green_-10.00_300.00s_0018.fits,1,/mnt/raid0/AstroImaging/Preselected/Flaming Star Nebula (IC405) started 4th February 2022/Lights/Green/2022-02-23_00-50-02_Green_-10.00_300.00s_0018.fits,78.9835242621717,34.99203125,28.3469996650029,291.564363843132,2.09916400612799,East,40.0,52.2486111111111,-0.123055555555556,05 20 58,+33 46 43,87.26,0.0,1.8,82.0,1018.2,4.6,246.0,6.48
True,16,2,9576,6388,True,32768,LIGHT,300.0,300.0,2022-02-23T00:55:04.901,2022-02-23T00:55:04.901,1,1,0,10,0.779999971389771,3.76,3.76,ZWO ASI6200MM Pro,-10.0,-10.0,40,NP101is,540.0,5.4,Starlight Xpress Fil,Green,IC 405,FocusLynx Focuser 1,9945.0,9945.0,13.404,2.0,2.0,TOP-DOWN,2000.0,N.I.N.A. 2.0.0.2048,2022-02-23_00-55-04_Green_-10.00_300.00s_0019.fits,1,/mnt/raid0/AstroImaging/Preselected/Flaming Star Nebula (IC405) started 4th February 2022/Lights/Green/2022-02-23_00-55-04_Green_-10.00_300.00s_0019.fits,78.9829850620021,34.991875,27.6274410047433,292.411900997059,2.14891062619195,East,40.0,52.2486111111111,-0.123055555555556,05 20 58,+33 46 43,87.26,0.0,1.8,82.0,1018.2,4.6,246.0,6.48
True,16,2,9576,6388,True,32768,LIGHT,300.0,300.0,2022-02-23T01:00:07.419,2022-02-23T01:00:07.419,1,1,0,10,0.779999971389771,3.76,3.76,ZWO ASI6200MM Pro,-10.0,-10.0,40,NP101is,540.0,5.4,Starlight Xpress Fil,Green,IC 405,FocusLynx Focuser 1,9945.0,9945.0,13.404,1.9,1.9,TOP-DOWN,2000.0,N.I.N.A. 2.0.0.2048,2022-02-23_01-00-07_Green_-10.00_300.00s_0020.fits,1,/mnt/raid0/AstroImaging/Preselected/Flaming Star Nebula (IC405) started 4th February 2022/Lights/Green/2022-02-23_01-00-07_Green_-10.00_300.00s_0020.fits,78.9848985398781,34.997578125,26.9184925188831,293.260770625509,2.20061574583027,East,40.0,52.2486111111111,-0.123055555555556,05 20 58,+33 46 43,87.26,0.0,1.9,83.0,1018.2,4.6,259.0,3.24
True,16,2,9576,6388,True,32768,LIGHT,300.0,300.0,2022-02-23T01:05:09.890,2022-02-23T01:05:09.890,1,1,0,10,0.779999971389771,3.76,3.76,ZWO ASI6200MM Pro,-10.0,-10.0,40,NP101is,540.0,5.4,Starlight Xpress Fil,Green,IC 405,FocusLynx Focuser 1,9945.0,9945.0,13.404,1.8,1.8,TOP-DOWN,2000.0,N.I.N.A. 2.0.0.2048,2022-02-23_01-05-09_Green_-10.00_300.00s_0021.fits,1,/mnt/raid0/AstroImaging/Preselected/Flaming Star Nebula (IC405) started 4th February 2022/Lights/Green/2022-02-23_01-05-09_Green_-10.00_300.00s_0021.fits,78.9840618858836,34.992578125,26.204738608881,294.102666710923,2.25558595787595,East,40.0,52.2486111111111,-0.123055555555556,05 20 58,+33 46 43,87.26,0.0,1.9,83.0,1018.2,4.6,259.0,3.24
True,16,2,9576,6388,True,32768,LIGHT,300.0,300.0,2022-02-23T01:13:25.643,2022-02-23T01:13:25.643,1,1,0,10,0.779999971389771,3.76,3.76,ZWO ASI6200MM Pro,-10.0,-9.9,40,NP101is,540.0,5.4,Starlight Xpress Fil,Green,IC 405,FocusLynx Focuser 1,9945.0,9945.0,13.404,1.6,1.6,TOP-DOWN,2000.0,N.I.N.A. 2.0.0.2048,2022-02-23_01-13-25_Green_-9.90_300.00s_0022.fits,1,/mnt/raid0/AstroImaging/Preselected/Flaming Star Nebula (IC405) started 4th February 2022/Lights/Green/2022-02-23_01-13-25_Green_-9.90_300.00s_0022.fits,78.9902810103109,34.9986328125,25.061788591239,295.485267830058,2.35030994479509,East,40.0,52.2486111111111,-0.123055555555556,05 20 58,+33 46 43,87.26,0.0,1.6,83.0,1018.2,4.3,222.0,7.92
True,16,2,9576,6388,True,32768,LIGHT,300.0,300.0,2022-02-23T01:18:28.143,2022-02-23T01:18:28.143,1,1,0,10,0.779999971389771,3.76,3.76,ZWO ASI6200MM Pro,-10.0,-10.0,40,NP101is,540.0,5.4,Starlight Xpress Fil,Green,IC 405,FocusLynx Focuser 1,9945.0,9945.0,13.404,1.5,1.5,TOP-DOWN,2000.0,N.I.N.A. 2.0.0.2048,2022-02-23_01-18-28_Green_-10.00_300.00s_0023.fits,1,/mnt/raid0/AstroImaging/Preselected/Flaming Star Nebula (IC405) started 4th February 2022/Lights/Green/2022-02-23_01-18-28_Green_-10.00_300.00s_0023.fits,78.9903714703213,34.9968359375,24.3634304078934,296.328898150068,2.41266156889639,East,40.0,52.2486111111111,-0.123055555555556,05 20 58,+33 46 43,87.26,0.0,1.7,83.0,1018.2,4.3,220.0,7.92
True,16,2,9576,6388,True,32768,LIGHT,300.0,300.0,2022-02-23T01:23:55.220,2022-02-23T01:23:55.220,1,1,0,10,0.779999971389771,3.76,3.76,ZWO ASI6200MM Pro,-10.0,-10.0,40,NP101is,540.0,5.4,Starlight Xpress Fil,Green,IC 405,FocusLynx Focuser 1,9945.0,9945.0,13.404,1.4,1.4,TOP-DOWN,2000.0,N.I.N.A. 2.0.0.2048,2022-02-23_01-23-55_Green_-10.00_300.00s_0024.fits,1,/mnt/raid0/AstroImaging/Preselected/Flaming Star Nebula (IC405) started 4th February 2022/Lights/Green/2022-02-23_01-23-55_Green_-10.00_300.00s_0024.fits,78.9868551607278,35.0008203125,23.6212079735108,297.242461489403,2.48304571749629,East,40.0,52.2486111111111,-0.123055555555556,05 20 58,+33 46 43,87.26,0.0,1.7,83.0,1018.2,4.3,220.0,7.92
True,16,2,9576,6388,True,32768,LIGHT,300.0,300.0,2022-02-23T01:35:14.368,2022-02-23T01:35:14.368,1,1,0,10,0.779999971389771,3.76,3.76,ZWO ASI6200MM Pro,-10.0,-9.9,40,NP101is,540.0,5.4,Starlight Xpress Fil,Green,IC 405,FocusLynx Focuser 1,9948.0,9948.0,13.404,1.2,1.2,TOP-DOWN,2000.0,N.I.N.A. 2.0.0.2048,2022-02-23_01-35-14_Green_-9.90_300.00s_0025.fits,1,/mnt/raid0/AstroImaging/Preselected/Flaming Star Nebula (IC405) started 4th February 2022/Lights/Green/2022-02-23_01-35-14_Green_-9.90_300.00s_0025.fits,78.9897115936067,35.0018359375,22.0868261827776,299.146057910264,2.64375622856933,East,40.0,52.2486111111111,-0.123055555555556,05 20 58,+33 46 43,87.26,1.0,1.8,84.0,1018.2,4.3,246.0,7.92
True,16,2,9576,6388,True,32768,LIGHT,300.0,300.0,2022-02-23T01:40:18.706,2022-02-23T01:40:18.706,1,1,0,10,0.779999971389771,3.76,3.76,ZWO ASI6200MM Pro,-10.0,-9.9,40,NP101is,540.0,5.4,Starlight Xpress Fil,Green,IC 405,FocusLynx Focuser 1,9948.0,9948.0,13.404,1.1,1.1,TOP-DOWN,2000.0,N.I.N.A. 2.0.0.2048,2022-02-23_01-40-18_Green_-9.90_300.00s_0026.fits,1,/mnt/raid0/AstroImaging/Preselected/Flaming Star Nebula (IC405) started 4th February 2022/Lights/Green/2022-02-23_01-40-18_Green_-9.90_300.00s_0026.fits,78.991064402164,35.0021875,21.4136175311913,299.993883309438,2.72160188560698,East,40.0,52.2486111111111,-0.123055555555556,05 20 58,+33 46 43,87.26,1.0,1.8,84.0,1018.2,4.2,246.0,7.92
True,16,2,9576,6388,True,32768,LIGHT,300.0,300.0,2022-02-23T01:45:21.206,2022-02-23T01:45:21.206,1,1,0,10,0.779999971389771,3.76,3.76,ZWO ASI6200MM Pro,-10.0,-10.0,40,NP101is,540.0,5.4,Starlight Xpress Fil,Green,IC 405,FocusLynx Focuser 1,9948.0,9948.0,13.404,1.1,1.1,TOP-DOWN,2000.0,N.I.N.A. 2.0.0.2048,2022-02-23_01-45-21_Green_-10.00_300.00s_0027.fits,1,/mnt/raid0/AstroImaging/Preselected/Flaming Star Nebula (IC405) started 4th February 2022/Lights/Green/2022-02-23_01-45-21_Green_-10.00_300.00s_0027.fits,78.9901628552668,35.0021484375,20.744878204442,300.844001142349,2.8039539508542,East,40.0,52.2486111111111,-0.123055555555556,05 20 58,+33 46 43,87.26,1.0,1.8,84.0,1018.2,4.2,246.0,7.92
True,16,2,9576,6388,True,32768,LIGHT,300.0,300.0,2022-02-23T19:03:31.882,2022-02-23T19:03:31.882,1,1,0,10,0.779999971389771,3.76,3.76,ZWO ASI6200MM Pro,-10.0,-9.9,40,NP101is,540.0,5.4,Starlight Xpress Fil,Green,IC 405,FocusLynx Focuser 1,9915.0,9915.0,13.404,5.4,5.4,TOP-DOWN,2000.0,N.I.N.A. 2.0.0.2048,2022-02-23_19-03-31_Green_-9.90_300.00s_0033.fits,1,/mnt/raid0/AstroImaging/Preselected/Flaming Star Nebula (IC405) started 4th February 2022/Lights/Green/2022-02-23_19-03-31_Green_-9.90_300.00s_0033.fits,79.3784609567185,32.7726953125,70.5015180586949,183.262518552968,1.06063453267504,West,40.0,52.2486111111111,-0.123055555555556,05 20 58,+33 46 43,87.26,100.0,4.1,78.0,1009.2,7.7,195.0,12.96
True,16,2,9576,6388,True,32768,LIGHT,300.0,300.0,2022-02-23T19:53:15.717,2022-02-23T19:53:15.717,1,1,0,10,0.779999971389771,3.76,3.76,ZWO ASI6200MM Pro,-10.0,-9.8,40,NP101is,540.0,5.4,Starlight Xpress Fil,Green,IC 405,FocusLynx Focuser 1,9896.0,9896.0,13.404,5.4,5.4,TOP-DOWN,2000.0,N.I.N.A. 2.0.0.2048,2022-02-23_19-53-15_Green_-9.80_300.00s_0039.fits,1,/mnt/raid0/AstroImaging/Preselected/Flaming Star Nebula (IC405) started 4th February 2022/Lights/Green/2022-02-23_19-53-15_Green_-9.80_300.00s_0039.fits,79.504737600516,34.871796875,70.085613562732,214.601099461466,1.06338943153092,East,40.0,52.2486111111111,-0.123055555555556,05 20 58,+33 46 43,87.26,100.0,4.1,79.0,1009.2,7.5,196.0,16.2
True,16,2,9576,6388,True,32768,LIGHT,300.0,300.0,2022-02-23T19:58:20.186,2022-02-23T19:58:20.186,1,1,0,10,0.779999971389771,3.76,3.76,ZWO ASI6200MM Pro,-10.0,-10.0,40,NP101is,540.0,5.4,Starlight Xpress Fil,Green,IC 405,FocusLynx Focuser 1,9896.0,9896.0,13.404,5.3,5.3,TOP-DOWN,2000.0,N.I.N.A. 2.0.0.2048,2022-02-23_19-58-20_Green_-10.00_300.00s_0040.fits,1,/mnt/raid0/AstroImaging/Preselected/Flaming Star Nebula (IC405) started 4th February 2022/Lights/Green/2022-02-23_19-58-20_Green_-10.00_300.00s_0040.fits,79.5035820329129,34.8698046875,69.6277525156408,217.315373246316,1.06650390475838,East,40.0,52.2486111111111,-0.123055555555556,05 20 58,+33 46 43,87.26,100.0,4.1,79.0,1009.2,7.5,196.0,16.2
True,16,2,9576,6388,True,32768,LIGHT,300.0,300.0,2022-02-23T20:03:23.185,2022-02-23T20:03:23.185,1,1,0,10,0.779999971389771,3.76,3.76,ZWO ASI6200MM Pro,-10.0,-10.0,40,NP101is,540.0,5.4,Starlight Xpress Fil,Green,IC 405,FocusLynx Focuser 1,9896.0,9896.0,13.404,5.3,5.3,TOP-DOWN,2000.0,N.I.N.A. 2.0.0.2048,2022-02-23_20-03-23_Green_-10.00_300.00s_0041.fits,1,/mnt/raid0/AstroImaging/Preselected/Flaming Star Nebula (IC405) started 4th February 2022/Lights/Green/2022-02-23_20-03-23_Green_-10.00_300.00s_0041.fits,79.5044712614604,34.8735546875,69.1494489715078,219.919871787016,1.06985004027513,East,40.0,52.2486111111111,-0.123055555555556,05 20 58,+33 46 43,87.26,100.0,4.2,80.0,1008.2,7.5,211.0,14.4
True,16,2,9576,6388,True,32768,LIGHT,300.0,300.0,2022-02-23T20:08:26.362,2022-02-23T20:08:26.362,1,1,0,10,0.779999971389771,3.76,3.76,ZWO ASI6200MM Pro,-10.0,-10.0,40,NP101is,540.0,5.4,Starlight Xpress Fil,Green,IC 405,FocusLynx Focuser 1,9896.0,9896.0,13.404,5.3,5.3,TOP-DOWN,2000.0,N.I.N.A. 2.0.0.2048,2022-02-23_20-08-26_Green_-10.00_300.00s_0042.fits,1,/mnt/raid0/AstroImaging/Preselected/Flaming Star Nebula (IC405) started 4th February 2022/Lights/Green/2022-02-23_20-08-26_Green_-10.00_300.00s_0042.fits,79.502572601856,34.8705859375,68.6348715886082,222.436159257565,1.07355714371062,East,40.0,52.2486111111111,-0.123055555555556,05 20 58,+33 46 43,87.26,100.0,4.2,80.0,1008.2,7.5,211.0,14.4
True,16,2,9576,6388,True,32768,LIGHT,300.0,300.0,2022-02-23T20:13:29.405,2022-02-23T20:13:29.405,1,1,0,10,0.779999971389771,3.76,3.76,ZWO ASI6200MM Pro,-10.0,-9.9,40,NP101is,540.0,5.4,Starlight Xpress Fil,Green,IC 405,FocusLynx Focuser 1,9896.0,9896.0,13.404,5.4,5.4,TOP-DOWN,2000.0,N.I.N.A. 2.0.0.2048,2022-02-23_20-13-29_Green_-9.90_300.00s_0043.fits,1,/mnt/raid0/AstroImaging/Preselected/Flaming Star Nebula (IC405) started 4th February 2022/Lights/Green/2022-02-23_20-13-29_Green_-9.90_300.00s_0043.fits,79.5031252898541,34.8767578125,68.1043172374251,224.863749082273,1.0774975100808,East,40.0,52.2486111111111,-0.123055555555556,05 20 58,+33 46 43,87.26,100.0,4.2,80.0,1008.2,7.4,211.0,14.4
True,16,2,9576,6388,True,32768,LIGHT,300.0,300.0,2022-02-23T20:18:32.135,2022-02-23T20:18:32.135,1,1,0,10,0.779999971389771,3.76,3.76,ZWO ASI6200MM Pro,-10.0,-9.9,40,NP101is,540.0,5.4,Starlight Xpress Fil,Green,IC 405,FocusLynx Focuser 1,9896.0,9896.0,13.404,5.4,5.4,TOP-DOWN,2000.0,N.I.N.A. 2.0.0.2048,2022-02-23_20-18-32_Green_-9.90_300.00s_0044.fits,1,/mnt/raid0/AstroImaging/Preselected/Flaming Star Nebula (IC405) started 4th February 2022/Lights/Green/2022-02-23_20-18-32_Green_-9.90_300.00s_0044.fits,79.5008116524508,34.8775,67.5498671585719,227.175314257817,1.08174569108512,East,40.0,52.2486111111111,-0.123055555555556,05 20 58,+33 46 43,87.26,100.0,4.2,80.0,1008.2,7.4,211.0,14.4
True,16,2,9576,6388,True,32768,LIGHT,300.0,300.0,2022-02-23T20:23:56.884,2022-02-23T20:23:56.884,1,1,0,10,0.779999971389771,3.76,3.76,ZWO ASI6200MM Pro,-10.0,-10.0,40,NP101is,540.0,5.4,Starlight Xpress Fil,Green,IC 405,FocusLynx Focuser 1,9896.0,9896.0,13.404,5.3,5.3,TOP-DOWN,2000.0,N.I.N.A. 2.0.0.2048,2022-02-23_20-23-56_Green_-10.00_300.00s_0045.fits,1,/mnt/raid0/AstroImaging/Preselected/Flaming Star Nebula (IC405) started 4th February 2022/Lights/Green/2022-02-23_20-23-56_Green_-10.00_300.00s_0045.fits,79.4937511997687,34.8825390625,66.9284300511017,229.58799617867,1.08666835418869,East,40.0,52.2486111111111,-0.123055555555556,05 20 58,+33 46 43,87.26,100.0,4.2,80.0,1008.2,7.4,211.0,14.4
True,16,2,9576,6388,True,32768,LIGHT,300.0,300.0,2022-02-23T20:28:59.465,2022-02-23T20:28:59.465,1,1,0,10,0.779999971389771,3.76,3.76,ZWO ASI6200MM Pro,-10.0,-10.0,40,NP101is,540.0,5.4,Starlight Xpress Fil,Green,IC 405,FocusLynx Focuser 1,9896.0,9896.0,13.404,5.3,5.3,TOP-DOWN,2000.0,N.I.N.A. 2.0.0.2048,2022-02-23_20-28-59_Green_-10.00_300.00s_0046.fits,1,/mnt/raid0/AstroImaging/Preselected/Flaming Star Nebula (IC405) started 4th February 2022/Lights/Green/2022-02-23_20-28-59_Green_-10.00_300.00s_0046.fits,79.492637695923,34.8774609375,66.3236327030973,231.722916321369,1.091626042574,East,40.0,52.2486111111111,-0.123055555555556,05 20 58,+33 46 43,87.26,100.0,4.2,80.0,1008.2,7.4,211.0,14.4
True,16,2,9576,6388,True,32768,LIGHT,300.0,300.0,2022-02-23T20:37:22.580,2022-02-23T20:37:22.580,1,1,0,10,0.779999971389771,3.76,3.76,ZWO ASI6200MM Pro,-10.0,-10.0,40,NP101is,540.0,5.4,Starlight Xpress Fil,Green,IC 405,FocusLynx Focuser 1,9896.0,9896.0,13.404,5.2,5.2,TOP-DOWN,2000.0,N.I.N.A. 2.0.0.2048,2022-02-23_20-37-22_Green_-10.00_300.00s_0047.fits,1,/mnt/raid0/AstroImaging/Preselected/Flaming Star Nebula (IC405) started 4th February 2022/Lights/Green/2022-02-23_20-37-22_Green_-10.00_300.00s_0047.fits,79.5033344220842,34.8725,65.2935095283557,235.063201568349,1.1004588231012,East,40.0,52.2486111111111,-0.123055555555556,05 20 58,+33 46 43,87.26,100.0,4.2,80.0,1008.2,7.4,203.0,16.2
True,16,2,9576,6388,True,32768,LIGHT,300.0,300.0,2022-02-23T20:42:25.344,2022-02-23T20:42:25.344,1,1,0,10,0.779999971389771,3.76,3.76,ZWO ASI6200MM Pro,-10.0,-10.0,40,NP101is,540.0,5.4,Starlight Xpress Fil,Green,IC 405,FocusLynx Focuser 1,9896.0,9896.0,13.404,5.1,5.1,TOP-DOWN,2000.0,N.I.N.A. 2.0.0.2048,2022-02-23_20-42-25_Green_-10.00_300.00s_0048.fits,1,/mnt/raid0/AstroImaging/Preselected/Flaming Star Nebula (IC405) started 4th February 2022/Lights/Green/2022-02-23_20-42-25_Green_-10.00_300.00s_0048.fits,79.5019210092919,34.8714453125,64.648531132918,236.994259565734,1.10624509508866,East,40.0,52.2486111111111,-0.123055555555556,05 20 58,+33 46 43,87.26,100.0,4.4,81.0,1008.2,7.4,203.0,16.2
True,16,2,9576,6388,True,32768,LIGHT,300.0,300.0,2022-02-23T20:59:17.577,2022-02-23T20:59:17.577,1,1,0,10,0.779999971389771,3.76,3.76,ZWO ASI6200MM Pro,-10.0,-9.9,40,NP101is,540.0,5.4,Starlight Xpress Fil,Green,IC 405,FocusLynx Focuser 1,9865.0,9865.0,13.404,5.2,5.2,TOP-DOWN,2000.0,N.I.N.A. 2.0.0.2048,2022-02-23_20-59-17_Green_-9.90_300.00s_0050.fits,1,/mnt/raid0/AstroImaging/Preselected/Flaming Star Nebula (IC405) started 4th February 2022/Lights/Green/2022-02-23_20-59-17_Green_-9.90_300.00s_0050.fits,79.5013909136245,34.8787109375,62.4095626730194,242.957582281156,1.12793486446729,East,40.0,52.2486111111111,-0.123055555555556,05 20 58,+33 46 43,87.26,100.0,4.4,81.0,1008.2,7.4,203.0,16.2
True,16,2,9576,6388,True,32768,LIGHT,300.0,300.0,2022-02-23T21:04:31.120,2022-02-23T21:04:31.120,1,1,0,10,0.779999971389771,3.76,3.76,ZWO ASI6200MM Pro,-10.0,-9.9,40,NP101is,540.0,5.4,Starlight Xpress Fil,Green,IC 405,FocusLynx Focuser 1,9865.0,9865.0,13.404,5.2,5.2,TOP-DOWN,2000.0,N.I.N.A. 2.0.0.2048,2022-02-23_21-04-31_Green_-9.90_300.00s_0051.fits,1,/mnt/raid0/AstroImaging/Preselected/Flaming Star Nebula (IC405) started 4th February 2022/Lights/Green/2022-02-23_21-04-31_Green_-9.90_300.00s_0051.fits,79.4999962602313,34.8725390625,61.6891858311298,244.643977361349,1.13546725218069,East,40.0,52.2486111111111,-0.123055555555556,05 20 58,+33 46 43,87.26,100.0,4.2,81.0,1007.2,7.3,226.0,16.2
True,16,2,9576,6388,True,32768,LIGHT,300.0,300.0,2022-02-23T21:09:33.696,2022-02-23T21:09:33.696,1,1,0,10,0.779999971389771,3.76,3.76,ZWO ASI6200MM Pro,-10.0,-10.0,40,NP101is,540.0,5.4,Starlight Xpress Fil,Green,IC 405,FocusLynx Focuser 1,9865.0,9865.0,13.404,5.2,5.2,TOP-DOWN,2000.0,N.I.N.A. 2.0.0.2048,2022-02-23_21-09-33_Green_-10.00_300.00s_0052.fits,1,/mnt/raid0/AstroImaging/Preselected/Flaming Star Nebula (IC405) started 4th February 2022/Lights/Green/2022-02-23_21-09-33_Green_-10.00_300.00s_0052.fits,79.4988621022464,34.878515625,60.9847764384793,246.250059432368,1.14310604946663,East,40.0,52.2486111111111,-0.123055555555556,05 20 58,+33 46 43,87.26,100.0,4.2,81.0,1007.2,7.3,226.0,16.2
True,16,2,9576,6388,True,32768,LIGHT,300.0,300.0,2022-02-23T21:14:36.362,2022-02-23T21:14:36.362,1,1,0,10,0.779999971389771,3.76,3.76,ZWO ASI6200MM Pro,-10.0,-10.0,40,NP101is,540.0,5.4,Starlight Xpress Fil,Green,IC 405,FocusLynx Focuser 1,9865.0,9865.0,13.404,5.2,5.2,TOP-DOWN,2000.0,N.I.N.A. 2.0.0.2048,2022-02-23_21-14-36_Green_-10.00_300.00s_0053.fits,1,/mnt/raid0/AstroImaging/Preselected/Flaming Star Nebula (IC405) started 4th February 2022/Lights/Green/2022-02-23_21-14-36_Green_-10.00_300.00s_0053.fits,79.50002403775,34.8749609375,60.2718739375058,247.776932007076,1.15112019535048,East,40.0,52.2486111111111,-0.123055555555556,05 20 58,+33 46 43,87.26,100.0,4.3,81.0,1007.2,7.4,226.0,16.2
True,16,2,9576,6388,True,32768,LIGHT,300.0,300.0,2022-02-23T21:19:39.070,2022-02-23T21:19:39.070,1,1,0,10,0.779999971389771,3.76,3.76,ZWO ASI6200MM Pro,-10.0,-10.0,40,NP101is,540.0,5.4,Starlight Xpress Fil,Green,IC 405,FocusLynx Focuser 1,9865.0,9865.0,13.404,5.2,5.2,TOP-DOWN,2000.0,N.I.N.A. 2.0.0.2048,2022-02-23_21-19-39_Green_-10.00_300.00s_0054.fits,1,/mnt/raid0/AstroImaging/Preselected/Flaming Star Nebula (IC405) started 4th February 2022/Lights/Green/2022-02-23_21-19-39_Green_-10.00_300.00s_0054.fits,79.4987122663568,34.8794921875,59.5522760113502,249.27715957739,1.15950721065006,East,40.0,52.2486111111111,-0.123055555555556,05 20 58,+33 46 43,87.26,100.0,4.3,81.0,1007.2,7.4,226.0,16.2
True,16,2,9576,6388,True,32768,LIGHT,300.0,300.0,2022-02-23T21:30:58.317,2022-02-23T21:30:58.317,1,1,0,10,0.779999971389771,3.76,3.76,ZWO ASI6200MM Pro,-10.0,-9.9,40,NP101is,540.0,5.4,Starlight Xpress Fil,Green,IC 405,FocusLynx Focuser 1,9865.0,9865.0,13.404,5.2,5.2,TOP-DOWN,2000.0,N.I.N.A. 2.0.0.2048,2022-02-23_21-30-58_Green_-9.90_300.00s_0055.fits,1,/mnt/raid0/AstroImaging/Preselected/Flaming Star Nebula (IC405) started 4th February 2022/Lights/Green/2022-02-23_21-30-58_Green_-9.90_300.00s_0055.fits,79.497968920302,34.87421875,57.9038299148388,252.458907232005,1.17989758121556,East,40.0,52.2486111111111,-0.123055555555556,05 20 58,+33 46 43,87.26,99.0,4.3,82.0,1007.2,7.2,211.0,16.2
True,16,2,9576,6388,True,32768,LIGHT,300.0,300.0,2022-02-23T21:36:02.851,2022-02-23T21:36:02.851,1,1,0,10,0.779999971389771,3.76,3.76,ZWO ASI6200MM Pro,-10.0,-10.0,40,NP101is,540.0,5.4,Starlight Xpress Fil,Green,IC 405,FocusLynx Focuser 1,9865.0,9865.0,13.404,5.2,5.2,TOP-DOWN,2000.0,N.I.N.A. 2.0.0.2048,2022-02-23_21-36-02_Green_-10.00_300.00s_0056.fits,1,/mnt/raid0/AstroImaging/Preselected/Flaming Star Nebula (IC405) started 4th February 2022/Lights/Green/2022-02-23_21-36-02_Green_-10.00_300.00s_0056.fits,79.4957307191386,34.8730078125,57.1630623390877,253.807520639275,1.18961913312303,East,40.0,52.2486111111111,-0.123055555555556,05 20 58,+33 46 43,87.26,99.0,4.3,82.0,1007.2,7.2,211.0,16.2
True,16,2,9576,6388,True,32768,LIGHT,300.0,300.0,2022-02-23T21:41:26.289,2022-02-23T21:41:26.289,1,1,0,10,0.779999971389771,3.76,3.76,ZWO ASI6200MM Pro,-10.0,-9.9,40,NP101is,540.0,5.4,Starlight Xpress Fil,Green,IC 405,FocusLynx Focuser 1,9865.0,9865.0,13.404,5.2,5.2,TOP-DOWN,2000.0,N.I.N.A. 2.0.0.2048,2022-02-23_21-41-26_Green_-9.90_300.00s_0057.fits,1,/mnt/raid0/AstroImaging/Preselected/Flaming Star Nebula (IC405) started 4th February 2022/Lights/Green/2022-02-23_21-41-26_Green_-9.90_300.00s_0057.fits,79.4922851497456,34.8792578125,56.3671540352049,255.226462469338,1.2004692676478,East,40.0,52.2486111111111,-0.123055555555556,05 20 58,+33 46 43,87.26,99.0,4.3,82.0,1007.2,7.2,211.0,16.2
True,16,2,9576,6388,True,32768,LIGHT,300.0,300.0,2022-02-23T21:57:50.226,2022-02-23T21:57:50.226,1,1,0,10,0.779999971389771,3.76,3.76,ZWO ASI6200MM Pro,-10.0,-9.9,40,NP101is,540.0,5.4,Starlight Xpress Fil,Green,IC 405,FocusLynx Focuser 1,9868.0,9868.0,13.404,5.1,5.1,TOP-DOWN,2000.0,N.I.N.A. 2.0.0.2048,2022-02-23_21-57-50_Green_-9.90_300.00s_0059.fits,1,/mnt/raid0/AstroImaging/Preselected/Flaming Star Nebula (IC405) started 4th February 2022/Lights/Green/2022-02-23_21-57-50_Green_-9.90_300.00s_0059.fits,79.491315615123,34.878125,53.9025172337393,259.288048499434,1.236902057533,East,40.0,52.2486111111111,-0.123055555555556,05 20 58,+33 46 43,87.26,99.0,4.5,83.0,1007.2,7.2,211.0,16.2
True,16,2,9576,6388,True,32768,LIGHT,300.0,300.0,2022-02-23T22:02:54.865,2022-02-23T22:02:54.865,1,1,0,10,0.779999971389771,3.76,3.76,ZWO ASI6200MM Pro,-10.0,-10.0,40,NP101is,540.0,5.4,Starlight Xpress Fil,Green,IC 405,FocusLynx Focuser 1,9868.0,9868.0,13.404,5.1,5.1,TOP-DOWN,2000.0,N.I.N.A. 2.0.0.2048,2022-02-23_22-02-54_Green_-10.00_300.00s_0060.fits,1,/mnt/raid0/AstroImaging/Preselected/Flaming Star Nebula (IC405) started 4th February 2022/Lights/Green/2022-02-23_22-02-54_Green_-10.00_300.00s_0060.fits,79.4926706163371,34.884765625,53.1479635634207,260.475291753174,1.24897016443532,East,40.0,52.2486111111111,-0.123055555555556,05 20 58,+33 46 43,87.26,99.0,4.5,83.0,1007.2,7.2,203.0,12.96
True,16,2,9576,6388,True,32768,LIGHT,300.0,300.0,2022-02-23T22:07:57.376,2022-02-23T22:07:57.376,1,1,0,10,0.779999971389771,3.76,3.76,ZWO ASI6200MM Pro,-10.0,-10.0,40,NP101is,540.0,5.4,Starlight Xpress Fil,Green,IC 405,FocusLynx Focuser 1,9868.0,9868.0,13.404,5.0,5.0,TOP-DOWN,2000.0,N.I.N.A. 2.0.0.2048,2022-02-23_22-07-57_Green_-10.00_300.00s_0061.fits,1,/mnt/raid0/AstroImaging/Preselected/Flaming Star Nebula (IC405) started 4th February 2022/Lights/Green/2022-02-23_22-07-57_Green_-10.00_300.00s_0061.fits,79.4912941772204,34.8840625,52.3810877482849,261.635138607784,1.26170450252219,East,40.0,52.2486111111111,-0.123055555555556,05 20 58,+33 46 43,87.26,99.0,4.5,83.0,1007.2,7.2,203.0,12.96
True,16,2,9576,6388,True,32768,LIGHT,300.0,300.0,2022-02-23T22:13:00.366,2022-02-23T22:13:00.366,1,1,0,10,0.779999971389771,3.76,3.76,ZWO ASI6200MM Pro,-10.0,-10.0,40,NP101is,540.0,5.4,Starlight Xpress Fil,Green,IC 405,FocusLynx Focuser 1,9868.0,9868.0,13.404,5.1,5.1,TOP-DOWN,2000.0,N.I.N.A. 2.0.0.2048,2022-02-23_22-13-00_Green_-10.00_300.00s_0062.fits,1,/mnt/raid0/AstroImaging/Preselected/Flaming Star Nebula (IC405) started 4th February 2022/Lights/Green/2022-02-23_22-13-00_Green_-10.00_300.00s_0062.fits,79.490535620541,34.8806640625,51.6096700410133,262.768451057035,1.27501070904059,East,40.0,52.2486111111111,-0.123055555555556,05 20 58,+33 46 43,87.26,99.0,4.6,84.0,1007.2,7.1,203.0,12.96
True,16,2,9576,6388,True,32768,LIGHT,300.0,300.0,2022-02-23T22:18:22.001,2022-02-23T22:18:22.001,1,1,0,10,0.779999971389771,3.76,3.76,ZWO ASI6200MM Pro,-10.0,-9.9,40,NP101is,540.0,5.4,Starlight Xpress Fil,Green,IC 405,FocusLynx Focuser 1,9868.0,9868.0,13.404,5.0,5.0,TOP-DOWN,2000.0,N.I.N.A. 2.0.0.2048,2022-02-23_22-18-22_Green_-9.90_300.00s_0063.fits,1,/mnt/raid0/AstroImaging/Preselected/Flaming Star Nebula (IC405) started 4th February 2022/Lights/Green/2022-02-23_22-18-22_Green_-9.90_300.00s_0063.fits,79.497141251755,34.888671875,50.8040825550845,263.949814981395,1.28946023560798,East,40.0,52.2486111111111,-0.123055555555556,05 20 58,+33 46 43,87.26,99.0,4.6,84.0,1007.2,7.1,203.0,12.96
True,16,2,9576,6388,True,32768,LIGHT,300.0,300.0,2022-02-23T22:36:54.229,2022-02-23T22:36:54.229,1,1,0,10,0.779999971389771,3.76,3.76,ZWO ASI6200MM Pro,-10.0,-9.9,40,NP101is,540.0,5.4,Starlight Xpress Fil,Green,IC 405,FocusLynx Focuser 1,9868.0,9868.0,13.404,5.1,5.1,TOP-DOWN,2000.0,N.I.N.A. 2.0.0.2048,2022-02-23_22-36-54_Green_-9.90_300.00s_0066.fits,1,/mnt/raid0/AstroImaging/Preselected/Flaming Star Nebula (IC405) started 4th February 2022/Lights/Green/2022-02-23_22-36-54_Green_-9.90_300.00s_0066.fits,79.4848856563846,34.8728125,47.9496730667385,267.852750543261,1.34560179574338,East,40.0,52.2486111111111,-0.123055555555556,05 20 58,+33 46 43,87.26,99.0,4.6,84.0,1006.2,7.1,211.0,14.4
True,16,2,9576,6388,True,32768,LIGHT,300.0,300.0,2022-02-23T22:41:56.879,2022-02-23T22:41:56.879,1,1,0,10,0.779999971389771,3.76,3.76,ZWO ASI6200MM Pro,-10.0,-9.9,40,NP101is,540.0,5.4,Starlight Xpress Fil,Green,IC 405,FocusLynx Focuser 1,9868.0,9868.0,13.404,5.1,5.1,TOP-DOWN,2000.0,N.I.N.A. 2.0.0.2048,2022-02-23_22-41-56_Green_-9.90_300.00s_0067.fits,1,/mnt/raid0/AstroImaging/Preselected/Flaming Star Nebula (IC405) started 4th February 2022/Lights/Green/2022-02-23_22-41-56_Green_-9.90_300.00s_0067.fits,79.4837684272904,34.87671875,47.174987590704,268.885538116514,1.36228511654599,East,40.0,52.2486111111111,-0.123055555555556,05 20 58,+33 46 43,87.26,99.0,4.6,84.0,1006.2,7.1,211.0,14.4
True,16,2,9576,6388,True,32768,LIGHT,300.0,300.0,2022-02-23T22:46:59.526,2022-02-23T22:46:59.526,1,1,0,10,0.779999971389771,3.76,3.76,ZWO ASI6200MM Pro,-10.0,-10.0,40,NP101is,540.0,5.4,Starlight Xpress Fil,Green,IC 405,FocusLynx Focuser 1,9868.0,9868.0,13.404,5.2,5.2,TOP-DOWN,2000.0,N.I.N.A. 2.0.0.2048,2022-02-23_22-46-59_Green_-10.00_300.00s_0068.fits,1,/mnt/raid0/AstroImaging/Preselected/Flaming Star Nebula (IC405) started 4th February 2022/Lights/Green/2022-02-23_22-46-59_Green_-10.00_300.00s_0068.fits,79.4835392258169,34.8723828125,46.4011197834303,269.885386420565,1.37962228299639,East,40.0,52.2486111111111,-0.123055555555556,05 20 58,+33 46 43,87.26,99.0,4.6,84.0,1006.2,7.1,211.0,14.4
True,16,2,9576,6388,True,32768,LIGHT,300.0,300.0,2022-02-23T22:52:26.408,2022-02-23T22:52:26.408,1,1,0,10,0.779999971389771,3.76,3.76,ZWO ASI6200MM Pro,-10.0,-10.0,40,NP101is,540.0,5.4,Starlight Xpress Fil,Green,IC 405,FocusLynx Focuser 1,9868.0,9868.0,13.404,5.1,5.1,TOP-DOWN,2000.0,N.I.N.A. 2.0.0.2048,2022-02-23_22-52-26_Green_-10.00_300.00s_0069.fits,1,/mnt/raid0/AstroImaging/Preselected/Flaming Star Nebula (IC405) started 4th February 2022/Lights/Green/2022-02-23_22-52-26_Green_-10.00_300.00s_0069.fits,79.4777891471896,34.87734375,45.5622986119779,270.971824163798,1.39921008404323,East,40.0,52.2486111111111,-0.123055555555556,05 20 58,+33 46 43,87.26,99.0,4.6,84.0,1006.2,7.1,211.0,14.4
True,16,2,9576,6388,True,32768,LIGHT,300.0,300.0,2022-02-23T22:57:28.920,2022-02-23T22:57:28.920,1,1,0,10,0.779999971389771,3.76,3.76,ZWO ASI6200MM Pro,-10.0,-9.8,40,NP101is,540.0,5.4,Starlight Xpress Fil,Green,IC 405,FocusLynx Focuser 1,9868.0,9868.0,13.404,5.2,5.2,TOP-DOWN,2000.0,N.I.N.A. 2.0.0.2048,2022-02-23_22-57-28_Green_-9.80_300.00s_0070.fits,1,/mnt/raid0/AstroImaging/Preselected/Flaming Star Nebula (IC405) started 4th February 2022/Lights/Green/2022-02-23_22-57-28_Green_-9.80_300.00s_0070.fits,79.4784244664616,34.8833984375,44.7962732208504,271.953292049616,1.4178572780269,East,40.0,52.2486111111111,-0.123055555555556,05 20 58,+33 46 43,87.26,99.0,4.6,84.0,1006.2,7.1,211.0,14.4
True,16,2,9576,6388,True,32768,LIGHT,300.0,300.0,2022-02-23T23:02:31.556,2022-02-23T23:02:31.556,1,1,0,10,0.779999971389771,3.76,3.76,ZWO ASI6200MM Pro,-10.0,-10.0,40,NP101is,540.0,5.4,Starlight Xpress Fil,Green,IC 405,FocusLynx Focuser 1,9868.0,9868.0,13.404,5.2,5.2,TOP-DOWN,2000.0,N.I.N.A. 2.0.0.2048,2022-02-23_23-02-31_Green_-10.00_300.00s_0071.fits,1,/mnt/raid0/AstroImaging/Preselected/Flaming Star Nebula (IC405) started 4th February 2022/Lights/Green/2022-02-23_23-02-31_Green_-10.00_300.00s_0071.fits,79.4767830871614,34.8830859375,44.0183049263921,272.925887994376,1.43757528094877,East,40.0,52.2486111111111,-0.123055555555556,05 20 58,+33 46 43,87.26,99.0,4.7,84.0,1006.2,7.2,207.0,16.2
True,16,2,9576,6388,True,32768,LIGHT,300.0,300.0,2022-02-25T21:12:25.665,2022-02-25T21:12:25.665,1,1,100,10,0.246657639741898,3.76,3.76,ZWO ASI6200MM Pro,-10.0,-10.0,40,NP101is,540.0,5.4,Starlight Xpress Fil,Ha,IC 405,FocusLynx Focuser 1,9628.0,9628.0,13.404,-0.2,-0.2,TOP-DOWN,2000.0,N.I.N.A. 2.0.0.2048,2022-02-25_21-12-25_Ha_-10.00_300.00s_0000.fits,1,/mnt/raid0/AstroImaging/Preselected/Flaming Star Nebula (IC405) started 4th February 2022/Lights/Ha/2022-02-25_21-12-25_Ha_-10.00_300.00s_0000.fits,79.1573312936317,34.91421875,59.2832958112517,249.914653982118,1.16272083343856,East,40.0,52.2486111111111,-0.123055555555556,05 20 58,+33 46 43,180.87,6.0,-0.2,81.0,1025.1,2.7,214.0,7.92
True,16,2,9576,6388,True,32768,LIGHT,300.0,300.0,2022-02-25T21:17:30.581,2022-02-25T21:17:30.581,1,1,100,10,0.246657639741898,3.76,3.76,ZWO ASI6200MM Pro,-10.0,-9.9,40,NP101is,540.0,5.4,Starlight Xpress Fil,Ha,IC 405,FocusLynx Focuser 1,9628.0,9628.0,13.404,-0.2,-0.2,TOP-DOWN,2000.0,N.I.N.A. 2.0.0.2048,2022-02-25_21-17-30_Ha_-9.90_300.00s_0001.fits,1,/mnt/raid0/AstroImaging/Preselected/Flaming Star Nebula (IC405) started 4th February 2022/Lights/Ha/2022-02-25_21-17-30_Ha_-9.90_300.00s_0001.fits,79.1558815426557,34.910859375,58.5509727555746,251.335183249494,1.17169242204803,East,40.0,52.2486111111111,-0.123055555555556,05 20 58,+33 46 43,180.87,6.0,-0.1,82.0,1025.1,2.6,214.0,7.92
True,16,2,9576,6388,True,32768,LIGHT,300.0,300.0,2022-02-25T21:22:33.248,2022-02-25T21:22:33.248,1,1,100,10,0.246657639741898,3.76,3.76,ZWO ASI6200MM Pro,-10.0,-10.0,40,NP101is,540.0,5.4,Starlight Xpress Fil,Ha,IC 405,FocusLynx Focuser 1,9628.0,9628.0,13.404,-0.3,-0.3,TOP-DOWN,2000.0,N.I.N.A. 2.0.0.2048,2022-02-25_21-22-33_Ha_-10.00_300.00s_0002.fits,1,/mnt/raid0/AstroImaging/Preselected/Flaming Star Nebula (IC405) started 4th February 2022/Lights/Ha/2022-02-25_21-22-33_Ha_-10.00_300.00s_0002.fits,79.1575543229716,34.915,57.8201366292133,252.72066208569,1.18097813225412,East,40.0,52.2486111111111,-0.123055555555556,05 20 58,+33 46 43,180.87,6.0,-0.1,82.0,1025.1,2.6,214.0,7.92
True,16,2,9576,6388,True,32768,LIGHT,300.0,300.0,2022-02-25T21:27:36.040,2022-02-25T21:27:36.040,1,1,100,10,0.246657639741898,3.76,3.76,ZWO ASI6200MM Pro,-10.0,-10.0,40,NP101is,540.0,5.4,Starlight Xpress Fil,Ha,IC 405,FocusLynx Focuser 1,9628.0,9628.0,13.404,-0.3,-0.3,TOP-DOWN,2000.0,N.I.N.A. 2.0.0.2048,2022-02-25_21-27-36_Ha_-10.00_300.00s_0003.fits,1,/mnt/raid0/AstroImaging/Preselected/Flaming Star Nebula (IC405) started 4th February 2022/Lights/Ha/2022-02-25_21-27-36_Ha_-10.00_300.00s_0003.fits,79.1552876442288,34.91484375,57.0752561022233,254.07205779971,1.19079529544422,East,40.0,52.2486111111111,-0.123055555555556,05 20 58,+33 46 43,180.87,5.0,-0.2,82.0,1025.1,2.6,218.0,10.8
True,16,2,9576,6388,True,32768,LIGHT,300.0,300.0,2022-02-25T21:32:56.836,2022-02-25T21:32:56.836,1,1,100,10,0.246657639741898,3.76,3.76,ZWO ASI6200MM Pro,-10.0,-10.0,40,NP101is,540.0,5.4,Starlight Xpress Fil,Ha,IC 405,FocusLynx Focuser 1,9628.0,9628.0,13.404,-0.4,-0.4,TOP-DOWN,2000.0,N.I.N.A. 2.0.0.2048,2022-02-25_21-32-56_Ha_-10.00_300.00s_0004.fits,1,/mnt/raid0/AstroImaging/Preselected/Flaming Star Nebula (IC405) started 4th February 2022/Lights/Ha/2022-02-25_21-32-56_Ha_-10.00_300.00s_0004.fits,79.1498107658337,34.9209375,56.2874900607312,255.46815507885,1.20157895221477,East,40.0,52.2486111111111,-0.123055555555556,05 20 58,+33 46 43,180.87,5.0,-0.2,82.0,1025.1,2.6,218.0,10.8
True,16,2,9576,6388,True,32768,LIGHT,300.0,300.0,2022-02-25T21:37:59.428,2022-02-25T21:37:59.428,1,1,100,10,0.246657639741898,3.76,3.76,ZWO ASI6200MM Pro,-10.0,-9.9,40,NP101is,540.0,5.4,Starlight Xpress Fil,Ha,IC 405,FocusLynx Focuser 1,9628.0,9628.0,13.404,-0.5,-0.5,TOP-DOWN,2000.0,N.I.N.A. 2.0.0.2048,2022-02-25_21-37-59_Ha_-9.90_300.00s_0005.fits,1,/mnt/raid0/AstroImaging/Preselected/Flaming Star Nebula (IC405) started 4th February 2022/Lights/Ha/2022-02-25_21-37-59_Ha_-9.90_300.00s_0005.fits,79.1499727108905,34.9164453125,55.530335135881,256.741183821221,1.21234640455565,East,40.0,52.2486111111111,-0.123055555555556,05 20 58,+33 46 43,180.87,5.0,-0.3,82.0,1025.1,2.5,218.0,10.8
True,16,2,9576,6388,True,32768,LIGHT,300.0,300.0,2022-02-25T21:43:01.971,2022-02-25T21:43:01.971,1,1,100,10,0.246657639741898,3.76,3.76,ZWO ASI6200MM Pro,-10.0,-10.0,40,NP101is,540.0,5.4,Starlight Xpress Fil,Ha,IC 405,FocusLynx Focuser 1,9628.0,9628.0,13.404,-0.6,-0.6,TOP-DOWN,2000.0,N.I.N.A. 2.0.0.2048,2022-02-25_21-43-01_Ha_-10.00_300.00s_0006.fits,1,/mnt/raid0/AstroImaging/Preselected/Flaming Star Nebula (IC405) started 4th February 2022/Lights/Ha/2022-02-25_21-43-01_Ha_-10.00_300.00s_0006.fits,79.1489598494156,34.921015625,54.7756648161548,257.993921631683,1.22348600372582,East,40.0,52.2486111111111,-0.123055555555556,05 20 58,+33 46 43,180.87,5.0,-0.3,82.0,1025.1,2.5,218.0,10.8
True,16,2,9576,6388,True,32768,LIGHT,300.0,300.0,2022-02-25T21:48:05.078,2022-02-25T21:48:05.078,1,1,100,10,0.246657639741898,3.76,3.76,ZWO ASI6200MM Pro,-10.0,-10.0,40,NP101is,540.0,5.4,Starlight Xpress Fil,Ha,IC 405,FocusLynx Focuser 1,9628.0,9628.0,13.404,-0.6,-0.6,TOP-DOWN,2000.0,N.I.N.A. 2.0.0.2048,2022-02-25_21-48-05_Ha_-10.00_300.00s_0007.fits,1,/mnt/raid0/AstroImaging/Preselected/Flaming Star Nebula (IC405) started 4th February 2022/Lights/Ha/2022-02-25_21-48-05_Ha_-10.00_300.00s_0007.fits,79.1488793690841,34.92109375,54.0179568265924,259.205752267363,1.23509502388711,East,40.0,52.2486111111111,-0.123055555555556,05 20 58,+33 46 43,180.87,5.0,-0.2,82.0,1025.1,2.5,215.0,1.44
True,16,2,9576,6388,True,32768,LIGHT,300.0,300.0,2022-02-25T21:53:07.677,2022-02-25T21:53:07.677,1,1,100,10,0.246657639741898,3.76,3.76,ZWO ASI6200MM Pro,-10.0,-10.0,40,NP101is,540.0,5.4,Starlight Xpress Fil,Ha,IC 405,FocusLynx Focuser 1,9628.0,9628.0,13.404,-0.7,-0.7,TOP-DOWN,2000.0,N.I.N.A. 2.0.0.2048,2022-02-25_21-53-07_Ha_-10.00_300.00s_0008.fits,1,/mnt/raid0/AstroImaging/Preselected/Flaming Star Nebula (IC405) started 4th February 2022/Lights/Ha/2022-02-25_21-53-07_Ha_-10.00_300.00s_0008.fits,79.1482421746396,34.9204296875,53.2555621236815,260.391011783058,1.24722169159338,East,40.0,52.2486111111111,-0.123055555555556,05 20 58,+33 46 43,180.87,5.0,-0.2,82.0,1025.1,2.5,215.0,1.44
True,16,2,9576,6388,True,32768,LIGHT,300.0,300.0,2022-02-25T21:58:10.181,2022-02-25T21:58:10.181,1,1,100,10,0.246657639741898,3.76,3.76,ZWO ASI6200MM Pro,-10.0,-9.7,40,NP101is,540.0,5.4,Starlight Xpress Fil,Ha,IC 405,FocusLynx Focuser 1,9628.0,9628.0,13.404,-0.5,-0.5,TOP-DOWN,2000.0,N.I.N.A. 2.0.0.2048,2022-02-25_21-58-10_Ha_-9.70_300.00s_0009.fits,1,/mnt/raid0/AstroImaging/Preselected/Flaming Star Nebula (IC405) started 4th February 2022/Lights/Ha/2022-02-25_21-58-10_Ha_-9.70_300.00s_0009.fits,79.1467727092404,34.9206640625,52.4921228292554,261.550144576482,1.25983071511091,East,40.0,52.2486111111111,-0.123055555555556,05 20 58,+33 46 43,180.87,5.0,-0.5,81.0,1025.1,2.4,218.0,10.8
True,16,2,9576,6388,True,32768,LIGHT,300.0,300.0,2022-02-25T22:03:29.850,2022-02-25T22:03:29.850,1,1,100,10,0.246657639741898,3.76,3.76,ZWO ASI6200MM Pro,-10.0,-10.0,40,NP101is,540.0,5.4,Starlight Xpress Fil,Ha,IC 405,FocusLynx Focuser 1,9628.0,9628.0,13.404,-0.4,-0.4,TOP-DOWN,2000.0,N.I.N.A. 2.0.0.2048,2022-02-25_22-03-29_Ha_-10.00_300.00s_0010.fits,1,/mnt/raid0/AstroImaging/Preselected/Flaming Star Nebula (IC405) started 4th February 2022/Lights/Ha/2022-02-25_22-03-29_Ha_-10.00_300.00s_0010.fits,79.1516121265217,34.919921875,51.6840705628664,262.745077169814,1.27370511500969,East,40.0,52.2486111111111,-0.123055555555556,05 20 58,+33 46 43,180.87,5.0,-0.5,81.0,1025.1,2.4,218.0,10.8
True,16,2,9576,6388,True,32768,LIGHT,300.0,300.0,2022-02-25T22:17:48.652,2022-02-25T22:17:48.652,1,1,100,10,0.246657639741898,3.76,3.76,ZWO ASI6200MM Pro,-10.0,-9.8,40,NP101is,540.0,5.4,Starlight Xpress Fil,Ha,IC 405,FocusLynx Focuser 1,9620.0,9620.0,13.404,-0.1,-0.1,TOP-DOWN,2000.0,N.I.N.A. 2.0.0.2048,2022-02-25_22-17-48_Ha_-9.80_300.00s_0011.fits,1,/mnt/raid0/AstroImaging/Preselected/Flaming Star Nebula (IC405) started 4th February 2022/Lights/Ha/2022-02-25_22-17-48_Ha_-9.80_300.00s_0011.fits,79.1427782591409,34.9163671875,49.4902582532957,265.85202146757,1.31430522012776,East,40.0,52.2486111111111,-0.123055555555556,05 20 58,+33 46 43,180.87,5.0,-0.4,82.0,1025.1,2.3,218.0,10.8
True,16,2,9576,6388,True,32768,LIGHT,300.0,300.0,2022-02-25T22:22:51.324,2022-02-25T22:22:51.324,1,1,100,10,0.246657639741898,3.76,3.76,ZWO ASI6200MM Pro,-10.0,-10.0,40,NP101is,540.0,5.4,Starlight Xpress Fil,Ha,IC 405,FocusLynx Focuser 1,9620.0,9620.0,13.404,0.0,0.0,TOP-DOWN,2000.0,N.I.N.A. 2.0.0.2048,2022-02-25_22-22-51_Ha_-10.00_300.00s_0012.fits,1,/mnt/raid0/AstroImaging/Preselected/Flaming Star Nebula (IC405) started 4th February 2022/Lights/Ha/2022-02-25_22-22-51_Ha_-10.00_300.00s_0012.fits,79.1398735898868,34.9103125,48.7099287572507,266.906418188684,1.32985383219408,East,40.0,52.2486111111111,-0.123055555555556,05 20 58,+33 46 43,180.87,5.0,-0.4,82.0,1025.1,2.3,218.0,10.8
True,16,2,9576,6388,True,32768,LIGHT,300.0,300.0,2022-02-25T22:27:53.793,2022-02-25T22:27:53.793,1,1,100,10,0.246657639741898,3.76,3.76,ZWO ASI6200MM Pro,-10.0,-10.0,40,NP101is,540.0,5.4,Starlight Xpress Fil,Ha,IC 405,FocusLynx Focuser 1,9620.0,9620.0,13.404,-0.1,-0.1,TOP-DOWN,2000.0,N.I.N.A. 2.0.0.2048,2022-02-25_22-27-53_Ha_-10.00_300.00s_0013.fits,1,/mnt/raid0/AstroImaging/Preselected/Flaming Star Nebula (IC405) started 4th February 2022/Lights/Ha/2022-02-25_22-27-53_Ha_-10.00_300.00s_0013.fits,79.1407709179406,34.9144140625,47.9419616971073,267.946291059645,1.34576465140541,East,40.0,52.2486111111111,-0.123055555555556,05 20 58,+33 46 43,180.87,4.0,-0.3,83.0,1025.1,2.3,214.0,1.44
True,16,2,9576,6388,True,32768,LIGHT,300.0,300.0,2022-02-25T22:32:56.952,2022-02-25T22:32:56.952,1,1,100,10,0.246657639741898,3.76,3.76,ZWO ASI6200MM Pro,-10.0,-9.9,40,NP101is,540.0,5.4,Starlight Xpress Fil,Ha,IC 405,FocusLynx Focuser 1,9620.0,9620.0,13.404,-0.1,-0.1,TOP-DOWN,2000.0,N.I.N.A. 2.0.0.2048,2022-02-25_22-32-56_Ha_-9.90_300.00s_0014.fits,1,/mnt/raid0/AstroImaging/Preselected/Flaming Star Nebula (IC405) started 4th February 2022/Lights/Ha/2022-02-25_22-32-56_Ha_-9.90_300.00s_0014.fits,79.139897119846,34.913984375,47.1632785797059,268.974346221674,1.36254235770437,East,40.0,52.2486111111111,-0.123055555555556,05 20 58,+33 46 43,180.87,4.0,-0.3,83.0,1025.1,2.3,214.0,1.44
True,16,2,9576,6388,True,32768,LIGHT,300.0,300.0,2022-02-25T22:37:59.505,2022-02-25T22:37:59.505,1,1,100,10,0.246657639741898,3.76,3.76,ZWO ASI6200MM Pro,-10.0,-10.0,40,NP101is,540.0,5.4,Starlight Xpress Fil,Ha,IC 405,FocusLynx Focuser 1,9620.0,9620.0,13.404,-0.1,-0.1,TOP-DOWN,2000.0,N.I.N.A. 2.0.0.2048,2022-02-25_22-37-59_Ha_-10.00_300.00s_0015.fits,1,/mnt/raid0/AstroImaging/Preselected/Flaming Star Nebula (IC405) started 4th February 2022/Lights/Ha/2022-02-25_22-37-59_Ha_-10.00_300.00s_0015.fits,79.1388957180744,34.909921875,46.3866648894093,269.976992620007,1.37995270771273,East,40.0,52.2486111111111,-0.123055555555556,05 20 58,+33 46 43,180.87,4.0,-0.6,83.0,1025.1,2.0,214.0,1.44
True,16,2,9576,6388,True,32768,LIGHT,300.0,300.0,2022-02-25T22:43:23.541,2022-02-25T22:43:23.541,1,1,100,10,0.246657639741898,3.76,3.76,ZWO ASI6200MM Pro,-10.0,-9.9,40,NP101is,540.0,5.4,Starlight Xpress Fil,Ha,IC 405,FocusLynx Focuser 1,9620.0,9620.0,13.404,-0.1,-0.1,TOP-DOWN,2000.0,N.I.N.A. 2.0.0.2048,2022-02-25_22-43-23_Ha_-9.90_300.00s_0016.fits,1,/mnt/raid0/AstroImaging/Preselected/Flaming Star Nebula (IC405) started 4th February 2022/Lights/Ha/2022-02-25_22-43-23_Ha_-9.90_300.00s_0016.fits,79.1325570292441,34.9154296875,45.5567770992055,271.051739324765,1.39934185383248,East,40.0,52.2486111111111,-0.123055555555556,05 20 58,+33 46 43,180.87,4.0,-0.6,83.0,1025.1,2.0,214.0,1.44
True,16,2,9576,6388,True,32768,LIGHT,300.0,300.0,2022-02-25T22:48:26.207,2022-02-25T22:48:26.207,1,1,100,10,0.246657639741898,3.76,3.76,ZWO ASI6200MM Pro,-10.0,-9.9,40,NP101is,540.0,5.4,Starlight Xpress Fil,Ha,IC 405,FocusLynx Focuser 1,9620.0,9620.0,13.404,-0.1,-0.1,TOP-DOWN,2000.0,N.I.N.A. 2.0.0.2048,2022-02-25_22-48-26_Ha_-9.90_300.00s_0017.fits,1,/mnt/raid0/AstroImaging/Preselected/Flaming Star Nebula (IC405) started 4th February 2022/Lights/Ha/2022-02-25_22-48-26_Ha_-9.90_300.00s_0017.fits,79.1335143334609,34.9190625,44.7885916327301,272.030314355235,1.418048065761,East,40.0,52.2486111111111,-0.123055555555556,05 20 58,+33 46 43,180.87,4.0,-0.9,83.0,1025.1,1.7,215.0,10.8
True,16,2,9576,6388,True,32768,LIGHT,300.0,300.0,2022-02-25T22:53:28.841,2022-02-25T22:53:28.841,1,1,100,10,0.246657639741898,3.76,3.76,ZWO ASI6200MM Pro,-10.0,-10.1,40,NP101is,540.0,5.4,Starlight Xpress Fil,Ha,IC 405,FocusLynx Focuser 1,9620.0,9620.0,13.404,-0.3,-0.3,TOP-DOWN,2000.0,N.I.N.A. 2.0.0.2048,2022-02-25_22-53-28_Ha_-10.10_300.00s_0018.fits,1,/mnt/raid0/AstroImaging/Preselected/Flaming Star Nebula (IC405) started 4th February 2022/Lights/Ha/2022-02-25_22-53-28_Ha_-10.10_300.00s_0018.fits,79.1342999413924,34.9204296875,44.0146410812639,273.000524086706,1.43767006519112,East,40.0,52.2486111111111,-0.123055555555556,05 20 58,+33 46 43,180.87,4.0,-0.9,83.0,1025.1,1.7,215.0,10.8
True,16,2,9576,6388,True,32768,LIGHT,300.0,300.0,2022-02-25T23:04:46.572,2022-02-25T23:04:46.572,1,1,100,10,0.246657639741898,3.76,3.76,ZWO ASI6200MM Pro,-10.0,-10.0,40,NP101is,540.0,5.4,Starlight Xpress Fil,Ha,IC 405,FocusLynx Focuser 1,9628.0,9628.0,13.404,-0.6,-0.6,TOP-DOWN,2000.0,N.I.N.A. 2.0.0.2048,2022-02-25_23-04-46_Ha_-10.00_300.00s_0019.fits,1,/mnt/raid0/AstroImaging/Preselected/Flaming Star Nebula (IC405) started 4th February 2022/Lights/Ha/2022-02-25_23-04-46_Ha_-10.00_300.00s_0019.fits,79.1347073624818,34.9155078125,42.2789560341905,275.123023392324,1.48471422672803,East,40.0,52.2486111111111,-0.123055555555556,05 20 58,+33 46 43,180.87,4.0,-0.8,83.0,1025.1,1.8,215.0,10.8
True,16,2,9576,6388,True,32768,LIGHT,300.0,300.0,2022-02-25T23:09:51.171,2022-02-25T23:09:51.171,1,1,100,10,0.246657639741898,3.76,3.76,ZWO ASI6200MM Pro,-10.0,-9.8,40,NP101is,540.0,5.4,Starlight Xpress Fil,Ha,IC 405,FocusLynx Focuser 1,9628.0,9628.0,13.404,-0.6,-0.6,TOP-DOWN,2000.0,N.I.N.A. 2.0.0.2048,2022-02-25_23-09-51_Ha_-9.80_300.00s_0020.fits,1,/mnt/raid0/AstroImaging/Preselected/Flaming Star Nebula (IC405) started 4th February 2022/Lights/Ha/2022-02-25_23-09-51_Ha_-9.80_300.00s_0020.fits,79.1344187824355,34.921171875,41.5140317923515,276.05869943233,1.50688224388036,East,40.0,52.2486111111111,-0.123055555555556,05 20 58,+33 46 43,180.87,4.0,-0.9,83.0,1025.1,1.7,215.0,10.8
True,16,2,9576,6388,True,32768,LIGHT,300.0,300.0,2022-02-25T23:14:53.879,2022-02-25T23:14:53.879,1,1,100,10,0.246657639741898,3.76,3.76,ZWO ASI6200MM Pro,-10.0,-9.7,40,NP101is,540.0,5.4,Starlight Xpress Fil,Ha,IC 405,FocusLynx Focuser 1,9628.0,9628.0,13.404,-0.5,-0.5,TOP-DOWN,2000.0,N.I.N.A. 2.0.0.2048,2022-02-25_23-14-53_Ha_-9.70_300.00s_0021.fits,1,/mnt/raid0/AstroImaging/Preselected/Flaming Star Nebula (IC405) started 4th February 2022/Lights/Ha/2022-02-25_23-14-53_Ha_-9.70_300.00s_0021.fits,79.1345019266504,34.91515625,40.7386578441933,276.978475042319,1.53031864345463,East,40.0,52.2486111111111,-0.123055555555556,05 20 58,+33 46 43,180.87,4.0,-0.9,83.0,1025.1,1.7,215.0,10.8
True,16,2,9576,6388,True,32768,LIGHT,300.0,300.0,2022-02-25T23:20:12.522,2022-02-25T23:20:12.522,1,1,100,10,0.246657639741898,3.76,3.76,ZWO ASI6200MM Pro,-10.0,-10.1,40,NP101is,540.0,5.4,Starlight Xpress Fil,Ha,IC 405,FocusLynx Focuser 1,9628.0,9628.0,13.404,-0.6,-0.6,TOP-DOWN,2000.0,N.I.N.A. 2.0.0.2048,2022-02-25_23-20-12_Ha_-10.10_300.00s_0022.fits,1,/mnt/raid0/AstroImaging/Preselected/Flaming Star Nebula (IC405) started 4th February 2022/Lights/Ha/2022-02-25_23-20-12_Ha_-10.10_300.00s_0022.fits,79.1370364932736,34.915546875,39.9330405435247,277.938933635979,1.55575720438415,East,40.0,52.2486111111111,-0.123055555555556,05 20 58,+33 46 43,180.87,4.0,-0.6,85.0,1025.1,1.6,215.0,10.8
True,16,2,9576,6388,True,32768,LIGHT,300.0,300.0,2022-02-25T23:25:15.143,2022-02-25T23:25:15.143,1,1,100,10,0.246657639741898,3.76,3.76,ZWO ASI6200MM Pro,-10.0,-9.8,40,NP101is,540.0,5.4,Starlight Xpress Fil,Ha,IC 405,FocusLynx Focuser 1,9628.0,9628.0,13.404,-0.5,-0.5,TOP-DOWN,2000.0,N.I.N.A. 2.0.0.2048,2022-02-25_23-25-15_Ha_-9.80_300.00s_0023.fits,1,/mnt/raid0/AstroImaging/Preselected/Flaming Star Nebula (IC405) started 4th February 2022/Lights/Ha/2022-02-25_23-25-15_Ha_-9.80_300.00s_0023.fits,79.1350159756062,34.914921875,39.1657331049268,278.846048629802,1.58107679128374,East,40.0,52.2486111111111,-0.123055555555556,05 20 58,+33 46 43,180.87,4.0,-0.6,85.0,1025.1,1.6,215.0,10.8
True,16,2,9576,6388,True,32768,LIGHT,300.0,300.0,2022-02-25T23:30:17.955,2022-02-25T23:30:17.955,1,1,100,10,0.246657639741898,3.76,3.76,ZWO ASI6200MM Pro,-10.0,-10.0,40,NP101is,540.0,5.4,Starlight Xpress Fil,Ha,IC 405,FocusLynx Focuser 1,9628.0,9628.0,13.404,-0.5,-0.5,TOP-DOWN,2000.0,N.I.N.A. 2.0.0.2048,2022-02-25_23-30-17_Ha_-10.00_300.00s_0024.fits,1,/mnt/raid0/AstroImaging/Preselected/Flaming Star Nebula (IC405) started 4th February 2022/Lights/Ha/2022-02-25_23-30-17_Ha_-10.00_300.00s_0024.fits,79.1362543542311,34.918515625,38.4028540290828,279.750304512244,1.60736730430628,East,40.0,52.2486111111111,-0.123055555555556,05 20 58,+33 46 43,180.87,5.0,-0.8,84.0,1025.1,1.6,213.0,11.16
True,16,2,9576,6388,True,32768,LIGHT,300.0,300.0,2022-02-25T23:35:20.510,2022-02-25T23:35:20.510,1,1,100,10,0.246657639741898,3.76,3.76,ZWO ASI6200MM Pro,-10.0,-10.0,40,NP101is,540.0,5.4,Starlight Xpress Fil,Ha,IC 405,FocusLynx Focuser 1,9628.0,9628.0,13.404,-0.5,-0.5,TOP-DOWN,2000.0,N.I.N.A. 2.0.0.2048,2022-02-25_23-35-20_Ha_-10.00_300.00s_0025.fits,1,/mnt/raid0/AstroImaging/Preselected/Flaming Star Nebula (IC405) started 4th February 2022/Lights/Ha/2022-02-25_23-35-20_Ha_-10.00_300.00s_0025.fits,79.134715585804,34.914140625,37.637077603615,280.639928563798,1.63494407551978,East,40.0,52.2486111111111,-0.123055555555556,05 20 58,+33 46 43,180.87,5.0,-0.8,84.0,1025.1,1.6,213.0,11.16
True,16,2,9576,6388,True,32768,LIGHT,300.0,300.0,2022-02-25T23:40:23.082,2022-02-25T23:40:23.082,1,1,100,10,0.246657639741898,3.76,3.76,ZWO ASI6200MM Pro,-10.0,-9.9,40,NP101is,540.0,5.4,Starlight Xpress Fil,Ha,IC 405,FocusLynx Focuser 1,9628.0,9628.0,13.404,-0.4,-0.4,TOP-DOWN,2000.0,N.I.N.A. 2.0.0.2048,2022-02-25_23-40-23_Ha_-9.90_300.00s_0026.fits,1,/mnt/raid0/AstroImaging/Preselected/Flaming Star Nebula (IC405) started 4th February 2022/Lights/Ha/2022-02-25_23-40-23_Ha_-9.90_300.00s_0026.fits,79.1341532327663,34.913359375,36.8795922983891,281.522609972313,1.66346205935302,East,40.0,52.2486111111111,-0.123055555555556,05 20 58,+33 46 43,180.87,5.0,-0.6,85.0,1025.1,1.7,213.0,11.16
True,16,2,9576,6388,True,32768,LIGHT,300.0,300.0,2022-02-25T23:45:25.858,2022-02-25T23:45:25.858,1,1,100,10,0.246657639741898,3.76,3.76,ZWO ASI6200MM Pro,-10.0,-10.0,40,NP101is,540.0,5.4,Starlight Xpress Fil,Ha,IC 405,FocusLynx Focuser 1,9628.0,9628.0,13.404,-0.4,-0.4,TOP-DOWN,2000.0,N.I.N.A. 2.0.0.2048,2022-02-25_23-45-25_Ha_-10.00_300.00s_0027.fits,1,/mnt/raid0/AstroImaging/Preselected/Flaming Star Nebula (IC405) started 4th February 2022/Lights/Ha/2022-02-25_23-45-25_Ha_-10.00_300.00s_0027.fits,79.1367178411082,34.9176953125,36.1263117182321,282.406319189552,1.69311942528025,East,40.0,52.2486111111111,-0.123055555555556,05 20 58,+33 46 43,180.87,5.0,-0.6,85.0,1025.1,1.7,213.0,11.16
True,16,2,9576,6388,True,32768,LIGHT,300.0,300.0,2022-02-25T23:50:49.247,2022-02-25T23:50:49.247,1,1,100,10,0.246657639741898,3.76,3.76,ZWO ASI6200MM Pro,-10.0,-10.0,40,NP101is,540.0,5.4,Starlight Xpress Fil,Ha,IC 405,FocusLynx Focuser 1,9628.0,9628.0,13.404,-0.3,-0.3,TOP-DOWN,2000.0,N.I.N.A. 2.0.0.2048,2022-02-25_23-50-49_Ha_-10.00_300.00s_0028.fits,1,/mnt/raid0/AstroImaging/Preselected/Flaming Star Nebula (IC405) started 4th February 2022/Lights/Ha/2022-02-25_23-50-49_Ha_-10.00_300.00s_0028.fits,79.132785650892,34.910546875,35.3127346398502,283.338341675449,1.7266974047292,East,40.0,52.2486111111111,-0.123055555555556,05 20 58,+33 46 43,180.87,5.0,-0.5,85.0,1025.1,1.7,213.0,11.16
True,16,2,9576,6388,True,32768,LIGHT,300.0,300.0,2022-02-25T23:55:51.892,2022-02-25T23:55:51.892,1,1,100,10,0.246657639741898,3.76,3.76,ZWO ASI6200MM Pro,-10.0,-10.0,40,NP101is,540.0,5.4,Starlight Xpress Fil,Ha,IC 405,FocusLynx Focuser 1,9628.0,9628.0,13.404,-0.4,-0.4,TOP-DOWN,2000.0,N.I.N.A. 2.0.0.2048,2022-02-25_23-55-51_Ha_-10.00_300.00s_0029.fits,1,/mnt/raid0/AstroImaging/Preselected/Flaming Star Nebula (IC405) started 4th February 2022/Lights/Ha/2022-02-25_23-55-51_Ha_-10.00_300.00s_0029.fits,79.1333495015266,34.90625,34.5575014980088,284.206051014515,1.75939904458836,East,40.0,52.2486111111111,-0.123055555555556,05 20 58,+33 46 43,180.87,5.0,-0.5,85.0,1025.1,1.7,213.0,11.16
True,16,2,9576,6388,True,32768,LIGHT,300.0,300.0,2022-02-26T00:00:54.317,2022-02-26T00:00:54.317,1,1,100,10,0.246657639741898,3.76,3.76,ZWO ASI6200MM Pro,-10.0,-9.8,40,NP101is,540.0,5.4,Starlight Xpress Fil,Ha,IC 405,FocusLynx Focuser 1,9628.0,9628.0,13.404,-0.4,-0.4,TOP-DOWN,2000.0,N.I.N.A. 2.0.0.2048,2022-02-26_00-00-54_Ha_-9.80_300.00s_0030.fits,1,/mnt/raid0/AstroImaging/Preselected/Flaming Star Nebula (IC405) started 4th February 2022/Lights/Ha/2022-02-26_00-00-54_Ha_-9.80_300.00s_0030.fits,79.1342541025702,34.905625,33.8072103543306,285.073401629003,1.79344456368296,East,40.0,52.2486111111111,-0.123055555555556,05 20 58,+33 46 43,180.87,5.0,-0.5,85.0,1025.1,1.8,213.0,11.16
True,16,2,9576,6388,True,32768,LIGHT,300.0,300.0,2022-02-26T00:05:56.880,2022-02-26T00:05:56.880,1,1,100,10,0.246657639741898,3.76,3.76,ZWO ASI6200MM Pro,-10.0,-9.9,40,NP101is,540.0,5.4,Starlight Xpress Fil,Ha,IC 405,FocusLynx Focuser 1,9628.0,9628.0,13.404,-0.3,-0.3,TOP-DOWN,2000.0,N.I.N.A. 2.0.0.2048,2022-02-26_00-05-56_Ha_-9.90_300.00s_0031.fits,1,/mnt/raid0/AstroImaging/Preselected/Flaming Star Nebula (IC405) started 4th February 2022/Lights/Ha/2022-02-26_00-05-56_Ha_-9.90_300.00s_0031.fits,79.1328655293489,34.9103125,33.0669023892739,285.9378021944,1.828659809026,East,40.0,52.2486111111111,-0.123055555555556,05 20 58,+33 46 43,180.87,5.0,-0.5,85.0,1025.1,1.8,213.0,11.16
True,16,2,9576,6388,True,32768,LIGHT,300.0,300.0,2022-02-26T00:10:59.406,2022-02-26T00:10:59.406,1,1,100,10,0.246657639741898,3.76,3.76,ZWO ASI6200MM Pro,-10.0,-10.0,40,NP101is,540.0,5.4,Starlight Xpress Fil,Ha,IC 405,FocusLynx Focuser 1,9628.0,9628.0,13.404,-0.3,-0.3,TOP-DOWN,2000.0,N.I.N.A. 2.0.0.2048,2022-02-26_00-10-59_Ha_-10.00_300.00s_0032.fits,1,/mnt/raid0/AstroImaging/Preselected/Flaming Star Nebula (IC405) started 4th February 2022/Lights/Ha/2022-02-26_00-10-59_Ha_-10.00_300.00s_0032.fits,79.1339091991298,34.9063671875,32.3215177268914,286.794063883941,1.86585497350423,East,40.0,52.2486111111111,-0.123055555555556,05 20 58,+33 46 43,180.87,5.0,-0.5,85.0,1025.1,1.8,213.0,11.16
True,16,2,9576,6388,True,32768,LIGHT,300.0,300.0,2022-02-26T00:16:01.865,2022-02-26T00:16:01.865,1,1,100,10,0.246657639741898,3.76,3.76,ZWO ASI6200MM Pro,-10.0,-10.0,40,NP101is,540.0,5.4,Starlight Xpress Fil,Ha,IC 405,FocusLynx Focuser 1,9628.0,9628.0,13.404,-0.2,-0.2,TOP-DOWN,2000.0,N.I.N.A. 2.0.0.2048,2022-02-26_00-16-01_Ha_-10.00_300.00s_0033.fits,1,/mnt/raid0/AstroImaging/Preselected/Flaming Star Nebula (IC405) started 4th February 2022/Lights/Ha/2022-02-26_00-16-01_Ha_-10.00_300.00s_0033.fits,79.1349318342714,34.906171875,31.5810660658193,287.651758550565,1.90464993924529,East,40.0,52.2486111111111,-0.123055555555556,05 20 58,+33 46 43,180.87,5.0,-0.5,85.0,1025.1,1.8,213.0,11.16
True,16,2,9576,6388,True,32768,LIGHT,300.0,300.0,2022-02-26T00:27:38.513,2022-02-26T00:27:38.513,1,1,100,10,0.246657639741898,3.76,3.76,ZWO ASI6200MM Pro,-10.0,-9.9,40,NP101is,540.0,5.4,Starlight Xpress Fil,Ha,IC 405,FocusLynx Focuser 1,9636.0,9636.0,13.404,0.0,0.0,TOP-DOWN,2000.0,N.I.N.A. 2.0.0.2048,2022-02-26_00-27-38_Ha_-9.90_300.00s_0034.fits,1,/mnt/raid0/AstroImaging/Preselected/Flaming Star Nebula (IC405) started 4th February 2022/Lights/Ha/2022-02-26_00-27-38_Ha_-9.90_300.00s_0034.fits,79.1279010218847,34.9075,29.8858590311108,289.624747981243,2.00111567322275,East,40.0,52.2486111111111,-0.123055555555556,05 20 58,+33 46 43,180.87,8.0,-0.6,85.0,1025.1,1.6,204.0,1.44
True,16,2,9576,6388,True,32768,LIGHT,300.0,300.0,2022-02-26T00:32:42.780,2022-02-26T00:32:42.780,1,1,100,10,0.246657639741898,3.76,3.76,ZWO ASI6200MM Pro,-10.0,-10.0,40,NP101is,540.0,5.4,Starlight Xpress Fil,Ha,IC 405,FocusLynx Focuser 1,9636.0,9636.0,13.404,0.0,0.0,TOP-DOWN,2000.0,N.I.N.A. 2.0.0.2048,2022-02-26_00-32-42_Ha_-10.00_300.00s_0035.fits,1,/mnt/raid0/AstroImaging/Preselected/Flaming Star Nebula (IC405) started 4th February 2022/Lights/Ha/2022-02-26_00-32-42_Ha_-10.00_300.00s_0035.fits,79.1277410147494,34.9026953125,29.1579794220967,290.467144635782,2.04614854625254,East,40.0,52.2486111111111,-0.123055555555556,05 20 58,+33 46 43,180.87,8.0,-0.6,85.0,1025.1,1.6,204.0,1.44
True,16,2,9576,6388,True,32768,LIGHT,300.0,300.0,2022-02-26T00:37:45.261,2022-02-26T00:37:45.261,1,1,100,10,0.246657639741898,3.76,3.76,ZWO ASI6200MM Pro,-10.0,-9.9,40,NP101is,540.0,5.4,Starlight Xpress Fil,Ha,IC 405,FocusLynx Focuser 1,9636.0,9636.0,13.404,0.0,0.0,TOP-DOWN,2000.0,N.I.N.A. 2.0.0.2048,2022-02-26_00-37-45_Ha_-9.90_300.00s_0036.fits,1,/mnt/raid0/AstroImaging/Preselected/Flaming Star Nebula (IC405) started 4th February 2022/Lights/Ha/2022-02-26_00-37-45_Ha_-9.90_300.00s_0036.fits,79.1272494287288,34.9028125,28.4335293270117,291.316799008613,2.09335753680428,East,40.0,52.2486111111111,-0.123055555555556,05 20 58,+33 46 43,180.87,8.0,-0.6,85.0,1026.1,1.7,204.0,1.44
True,16,2,9576,6388,True,32768,LIGHT,300.0,300.0,2022-02-26T00:42:47.881,2022-02-26T00:42:47.881,1,1,100,10,0.246657639741898,3.76,3.76,ZWO ASI6200MM Pro,-10.0,-10.0,40,NP101is,540.0,5.4,Starlight Xpress Fil,Ha,IC 405,FocusLynx Focuser 1,9636.0,9636.0,13.404,0.0,0.0,TOP-DOWN,2000.0,N.I.N.A. 2.0.0.2048,2022-02-26_00-42-47_Ha_-10.00_300.00s_0037.fits,1,/mnt/raid0/AstroImaging/Preselected/Flaming Star Nebula (IC405) started 4th February 2022/Lights/Ha/2022-02-26_00-42-47_Ha_-10.00_300.00s_0037.fits,79.1276039409059,34.9025390625,27.7134131871773,292.164428873203,2.14282621279901,East,40.0,52.2486111111111,-0.123055555555556,05 20 58,+33 46 43,180.87,8.0,-0.6,85.0,1026.1,1.7,204.0,1.44
True,16,2,9576,6388,True,32768,LIGHT,300.0,300.0,2022-02-26T00:47:50.510,2022-02-26T00:47:50.510,1,1,100,10,0.246657639741898,3.76,3.76,ZWO ASI6200MM Pro,-10.0,-9.9,40,NP101is,540.0,5.4,Starlight Xpress Fil,Ha,IC 405,FocusLynx Focuser 1,9636.0,9636.0,13.404,0.0,0.0,TOP-DOWN,2000.0,N.I.N.A. 2.0.0.2048,2022-02-26_00-47-50_Ha_-9.90_300.00s_0038.fits,1,/mnt/raid0/AstroImaging/Preselected/Flaming Star Nebula (IC405) started 4th February 2022/Lights/Ha/2022-02-26_00-47-50_Ha_-9.90_300.00s_0038.fits,79.1280469549761,34.902421875,26.9982437177131,293.010674902148,2.19465942884108,East,40.0,52.2486111111111,-0.123055555555556,05 20 58,+33 46 43,180.87,8.0,-0.7,85.0,1026.1,1.6,200.0,1.44
True,16,2,9576,6388,True,32768,LIGHT,300.0,300.0,2022-02-26T00:52:52.922,2022-02-26T00:52:52.922,1,1,100,10,0.246657639741898,3.76,3.76,ZWO ASI6200MM Pro,-10.0,-10.0,40,NP101is,540.0,5.4,Starlight Xpress Fil,Ha,IC 405,FocusLynx Focuser 1,9636.0,9636.0,13.404,0.1,0.1,TOP-DOWN,2000.0,N.I.N.A. 2.0.0.2048,2022-02-26_00-52-52_Ha_-10.00_300.00s_0039.fits,1,/mnt/raid0/AstroImaging/Preselected/Flaming Star Nebula (IC405) started 4th February 2022/Lights/Ha/2022-02-26_00-52-52_Ha_-10.00_300.00s_0039.fits,79.1265488531047,34.9069921875,26.2927377640546,293.857761982424,2.24864276253153,East,40.0,52.2486111111111,-0.123055555555556,05 20 58,+33 46 43,180.87,8.0,-0.7,85.0,1026.1,1.6,200.0,1.44
True,16,2,9576,6388,True,32768,LIGHT,300.0,300.0,2022-02-26T00:58:17.841,2022-02-26T00:58:17.841,1,1,100,10,0.246657639741898,3.76,3.76,ZWO ASI6200MM Pro,-10.0,-10.0,40,NP101is,540.0,5.4,Starlight Xpress Fil,Ha,IC 405,FocusLynx Focuser 1,9636.0,9636.0,13.404,0.0,0.0,TOP-DOWN,2000.0,N.I.N.A. 2.0.0.2048,2022-02-26_00-58-17_Ha_-10.00_300.00s_0040.fits,1,/mnt/raid0/AstroImaging/Preselected/Flaming Star Nebula (IC405) started 4th February 2022/Lights/Ha/2022-02-26_00-58-17_Ha_-10.00_300.00s_0040.fits,79.1213178597482,34.8978515625,25.5253368858116,294.761946489743,2.31084547221929,East,40.0,52.2486111111111,-0.123055555555556,05 20 58,+33 46 43,180.87,8.0,-0.7,85.0,1026.1,1.5,207.0,11.16
True,16,2,9576,6388,True,32768,LIGHT,300.0,300.0,2022-02-26T01:33:01.860,2022-02-26T01:33:01.860,1,1,100,10,0.246657639741898,3.76,3.76,ZWO ASI6200MM Pro,-10.0,-9.9,40,NP101is,540.0,5.4,Starlight Xpress Fil,Ha,IC 405,FocusLynx Focuser 1,9642.0,9642.0,13.404,0.1,0.1,TOP-DOWN,2000.0,N.I.N.A. 2.0.0.2048,2022-02-26_01-33-01_Ha_-9.90_300.00s_0045.fits,1,/mnt/raid0/AstroImaging/Preselected/Flaming Star Nebula (IC405) started 4th February 2022/Lights/Ha/2022-02-26_01-33-01_Ha_-9.90_300.00s_0045.fits,79.140927429867,34.9148828125,20.8260767345,300.594989561062,2.79367205194777,East,40.0,52.2486111111111,-0.123055555555556,05 20 58,+33 46 43,180.87,21.0,-0.8,86.0,1026.1,1.3,195.0,11.52
True,16,2,9576,6388,True,32768,LIGHT,300.0,300.0,2022-02-26T01:38:26.665,2022-02-26T01:38:26.665,1,1,100,10,0.246657639741898,3.76,3.76,ZWO ASI6200MM Pro,-10.0,-9.9,40,NP101is,540.0,5.4,Starlight Xpress Fil,Ha,IC 405,FocusLynx Focuser 1,9642.0,9642.0,13.404,0.1,0.1,TOP-DOWN,2000.0,N.I.N.A. 2.0.0.2048,2022-02-26_01-38-26_Ha_-9.90_300.00s_0046.fits,1,/mnt/raid0/AstroImaging/Preselected/Flaming Star Nebula (IC405) started 4th February 2022/Lights/Ha/2022-02-26_01-38-26_Ha_-9.90_300.00s_0046.fits,79.1509563656884,34.914375,20.1226892837623,301.496348723995,2.88549362193092,East,40.0,52.2486111111111,-0.123055555555556,05 20 58,+33 46 43,180.87,21.0,-0.8,86.0,1026.1,1.3,195.0,11.52
True,16,2,9576,6388,True,32768,LIGHT,300.0,300.0,2022-02-26T19:09:20.650,2022-02-26T19:09:20.650,1,1,100,10,0.246657639741898,3.76,3.76,ZWO ASI6200MM Pro,-10.0,-9.8,40,NP101is,540.0,5.4,Starlight Xpress Fil,Ha,IC 405,FocusLynx Focuser 1,9190.0,9190.0,13.404,2.4,2.4,TOP-DOWN,2000.0,N.I.N.A. 2.0.0.2048,2022-02-26_19-09-20_Ha_-9.80_300.00s_0051.fits,1,/mnt/raid0/AstroImaging/Preselected/Flaming Star Nebula (IC405) started 4th February 2022/Lights/Ha/2022-02-26_19-09-20_Ha_-9.80_300.00s_0051.fits,78.5978834547306,34.34046875,71.4969410267824,197.114482258299,1.05432271036048,East,40.0,52.2486111111111,-0.123055555555556,05 20 58,+33 46 43,180.87,100.0,-0.2,67.0,1022.1,5.4,120.0,9.72
True,16,2,9576,6388,True,32768,LIGHT,300.0,300.0,2022-02-26T19:14:25.913,2022-02-26T19:14:25.913,1,1,100,10,0.246657639741898,3.76,3.76,ZWO ASI6200MM Pro,-10.0,-9.9,40,NP101is,540.0,5.4,Starlight Xpress Fil,Ha,IC 405,FocusLynx Focuser 1,9190.0,9190.0,13.404,2.4,2.4,TOP-DOWN,2000.0,N.I.N.A. 2.0.0.2048,2022-02-26_19-14-25_Ha_-9.90_300.00s_0052.fits,1,/mnt/raid0/AstroImaging/Preselected/Flaming Star Nebula (IC405) started 4th February 2022/Lights/Ha/2022-02-26_19-14-25_Ha_-9.90_300.00s_0052.fits,78.5970377424154,34.34046875,71.2495381768743,200.279668991819,1.05585474021908,East,40.0,52.2486111111111,-0.123055555555556,05 20 58,+33 46 43,180.87,100.0,0.0,69.0,1022.1,5.2,123.0,7.92
True,16,2,9576,6388,True,32768,LIGHT,300.0,300.0,2022-02-26T19:19:28.486,2022-02-26T19:19:28.486,1,1,100,10,0.246657639741898,3.76,3.76,ZWO ASI6200MM Pro,-10.0,-10.0,40,NP101is,540.0,5.4,Starlight Xpress Fil,Ha,IC 405,FocusLynx Focuser 1,9190.0,9190.0,13.404,2.4,2.4,TOP-DOWN,2000.0,N.I.N.A. 2.0.0.2048,2022-02-26_19-19-28_Ha_-10.00_300.00s_0053.fits,1,/mnt/raid0/AstroImaging/Preselected/Flaming Star Nebula (IC405) started 4th February 2022/Lights/Ha/2022-02-26_19-19-28_Ha_-10.00_300.00s_0053.fits,78.5957719872885,34.34125,70.9612832283458,203.39077650227,1.05767024670317,East,40.0,52.2486111111111,-0.123055555555556,05 20 58,+33 46 43,180.87,100.0,0.0,69.0,1022.1,5.2,123.0,7.92
True,16,2,9576,6388,True,32768,LIGHT,300.0,300.0,2022-02-26T19:24:31.164,2022-02-26T19:24:31.164,1,1,100,10,0.246657639741898,3.76,3.76,ZWO ASI6200MM Pro,-10.0,-9.9,40,NP101is,540.0,5.4,Starlight Xpress Fil,Ha,IC 405,FocusLynx Focuser 1,9190.0,9190.0,13.404,2.3,2.3,TOP-DOWN,2000.0,N.I.N.A. 2.0.0.2048,2022-02-26_19-24-31_Ha_-9.90_300.00s_0054.fits,1,/mnt/raid0/AstroImaging/Preselected/Flaming Star Nebula (IC405) started 4th February 2022/Lights/Ha/2022-02-26_19-24-31_Ha_-9.90_300.00s_0054.fits,78.5971836555181,34.3419921875,70.6351649126874,206.414885193222,1.05976412045138,East,40.0,52.2486111111111,-0.123055555555556,05 20 58,+33 46 43,180.87,100.0,0.1,70.0,1022.1,5.1,123.0,7.92
True,16,2,9576,6388,True,32768,LIGHT,300.0,300.0,2022-02-26T19:40:02.302,2022-02-26T19:40:02.302,1,1,100,10,0.246657639741898,3.76,3.76,ZWO ASI6200MM Pro,-10.0,-10.0,40,NP101is,540.0,5.4,Starlight Xpress Fil,Ha,IC 405,FocusLynx Focuser 1,9190.0,9190.0,13.404,2.2,2.2,TOP-DOWN,2000.0,N.I.N.A. 2.0.0.2048,2022-02-26_19-40-02_Ha_-10.00_300.00s_0057.fits,1,/mnt/raid0/AstroImaging/Preselected/Flaming Star Nebula (IC405) started 4th February 2022/Lights/Ha/2022-02-26_19-40-02_Ha_-10.00_300.00s_0057.fits,78.5880854217416,34.3434765625,69.4143444947458,215.139306597397,1.06798510420427,East,40.0,52.2486111111111,-0.123055555555556,05 20 58,+33 46 43,180.87,79.0,0.4,73.0,1022.1,4.8,123.0,7.92
True,16,2,9576,6388,True,32768,LIGHT,300.0,300.0,2022-02-26T19:51:18.085,2022-02-26T19:51:18.085,1,1,100,10,0.246657639741898,3.76,3.76,ZWO ASI6200MM Pro,-10.0,-10.0,40,NP101is,540.0,5.4,Starlight Xpress Fil,Ha,IC 405,FocusLynx Focuser 1,9183.0,9183.0,13.404,1.9,1.9,TOP-DOWN,2000.0,N.I.N.A. 2.0.0.2048,2022-02-26_19-51-18_Ha_-10.00_300.00s_0058.fits,1,/mnt/raid0/AstroImaging/Preselected/Flaming Star Nebula (IC405) started 4th February 2022/Lights/Ha/2022-02-26_19-51-18_Ha_-10.00_300.00s_0058.fits,78.5874231485839,34.341796875,68.3457912392547,220.90549173757,1.07568911159325,East,40.0,52.2486111111111,-0.123055555555556,05 20 58,+33 46 43,180.87,79.0,0.6,75.0,1022.1,4.7,119.0,9.72
True,16,2,9576,6388,True,32768,LIGHT,300.0,300.0,2022-02-26T19:56:22.367,2022-02-26T19:56:22.367,1,1,100,10,0.246657639741898,3.76,3.76,ZWO ASI6200MM Pro,-10.0,-10.0,40,NP101is,540.0,5.4,Starlight Xpress Fil,Ha,IC 405,FocusLynx Focuser 1,9183.0,9183.0,13.404,1.8,1.8,TOP-DOWN,2000.0,N.I.N.A. 2.0.0.2048,2022-02-26_19-56-22_Ha_-10.00_300.00s_0059.fits,1,/mnt/raid0/AstroImaging/Preselected/Flaming Star Nebula (IC405) started 4th February 2022/Lights/Ha/2022-02-26_19-56-22_Ha_-10.00_300.00s_0059.fits,78.5862228269023,34.3443359375,67.827016906694,223.343896072936,1.07960538361121,East,40.0,52.2486111111111,-0.123055555555556,05 20 58,+33 46 43,180.87,79.0,0.5,75.0,1022.1,4.5,119.0,9.72
True,16,2,9576,6388,True,32768,LIGHT,300.0,300.0,2022-02-26T20:01:25.019,2022-02-26T20:01:25.019,1,1,100,10,0.246657639741898,3.76,3.76,ZWO ASI6200MM Pro,-10.0,-10.0,40,NP101is,540.0,5.4,Starlight Xpress Fil,Ha,IC 405,FocusLynx Focuser 1,9183.0,9183.0,13.404,1.6,1.6,TOP-DOWN,2000.0,N.I.N.A. 2.0.0.2048,2022-02-26_20-01-25_Ha_-10.00_300.00s_0060.fits,1,/mnt/raid0/AstroImaging/Preselected/Flaming Star Nebula (IC405) started 4th February 2022/Lights/Ha/2022-02-26_20-01-25_Ha_-10.00_300.00s_0060.fits,78.5840608256408,34.3438671875,67.285079392696,225.674468829539,1.08382216489571,East,40.0,52.2486111111111,-0.123055555555556,05 20 58,+33 46 43,180.87,79.0,0.5,75.0,1022.1,4.5,119.0,9.72
True,16,2,9576,6388,True,32768,LIGHT,300.0,300.0,2022-02-26T20:06:27.620,2022-02-26T20:06:27.620,1,1,100,10,0.246657639741898,3.76,3.76,ZWO ASI6200MM Pro,-10.0,-9.9,40,NP101is,540.0,5.4,Starlight Xpress Fil,Ha,IC 405,FocusLynx Focuser 1,9183.0,9183.0,13.404,1.5,1.5,TOP-DOWN,2000.0,N.I.N.A. 2.0.0.2048,2022-02-26_20-06-27_Ha_-9.90_300.00s_0061.fits,1,/mnt/raid0/AstroImaging/Preselected/Flaming Star Nebula (IC405) started 4th February 2022/Lights/Ha/2022-02-26_20-06-27_Ha_-9.90_300.00s_0061.fits,78.5835064358514,34.3444921875,66.7193208886505,227.931242171131,1.08836369417049,East,40.0,52.2486111111111,-0.123055555555556,05 20 58,+33 46 43,180.87,79.0,0.6,76.0,1022.1,4.5,119.0,9.72
True,16,2,9576,6388,True,32768,LIGHT,300.0,300.0,2022-02-26T20:11:30.177,2022-02-26T20:11:30.177,1,1,100,10,0.246657639741898,3.76,3.76,ZWO ASI6200MM Pro,-10.0,-10.0,40,NP101is,540.0,5.4,Starlight Xpress Fil,Ha,IC 405,FocusLynx Focuser 1,9183.0,9183.0,13.404,1.4,1.4,TOP-DOWN,2000.0,N.I.N.A. 2.0.0.2048,2022-02-26_20-11-30_Ha_-10.00_300.00s_0062.fits,1,/mnt/raid0/AstroImaging/Preselected/Flaming Star Nebula (IC405) started 4th February 2022/Lights/Ha/2022-02-26_20-11-30_Ha_-10.00_300.00s_0062.fits,78.584097715943,34.3433984375,66.1361167175875,230.087180792158,1.09319711317606,East,40.0,52.2486111111111,-0.123055555555556,05 20 58,+33 46 43,180.87,79.0,0.6,76.0,1022.1,4.5,119.0,9.72
True,16,2,9576,6388,True,32768,LIGHT,300.0,300.0,2022-02-26T20:16:52.552,2022-02-26T20:16:52.552,1,1,100,10,0.246657639741898,3.76,3.76,ZWO ASI6200MM Pro,-10.0,-10.0,40,NP101is,540.0,5.4,Starlight Xpress Fil,Ha,IC 405,FocusLynx Focuser 1,9183.0,9183.0,13.404,1.3,1.3,TOP-DOWN,2000.0,N.I.N.A. 2.0.0.2048,2022-02-26_20-16-52_Ha_-10.00_300.00s_0063.fits,1,/mnt/raid0/AstroImaging/Preselected/Flaming Star Nebula (IC405) started 4th February 2022/Lights/Ha/2022-02-26_20-16-52_Ha_-10.00_300.00s_0063.fits,78.5764599992846,34.34703125,65.4903857472631,232.326672344092,1.09873223463082,East,40.0,52.2486111111111,-0.123055555555556,05 20 58,+33 46 43,180.87,79.0,0.8,78.0,1022.1,4.3,122.0,7.92
True,16,2,9576,6388,True,32768,LIGHT,300.0,300.0,2022-02-26T20:21:55.139,2022-02-26T20:21:55.139,1,1,100,10,0.246657639741898,3.76,3.76,ZWO ASI6200MM Pro,-10.0,-10.0,40,NP101is,540.0,5.4,Starlight Xpress Fil,Ha,IC 405,FocusLynx Focuser 1,9183.0,9183.0,13.404,1.2,1.2,TOP-DOWN,2000.0,N.I.N.A. 2.0.0.2048,2022-02-26_20-21-55_Ha_-10.00_300.00s_0064.fits,1,/mnt/raid0/AstroImaging/Preselected/Flaming Star Nebula (IC405) started 4th February 2022/Lights/Ha/2022-02-26_20-21-55_Ha_-10.00_300.00s_0064.fits,78.5768331719048,34.3490234375,64.8733263800199,234.321929365997,1.10420564123211,East,40.0,52.2486111111111,-0.123055555555556,05 20 58,+33 46 43,180.87,79.0,0.8,78.0,1022.1,4.3,122.0,7.92
True,16,2,9576,6388,True,32768,LIGHT,300.0,300.0,2022-02-26T20:32:07.975,2022-02-26T20:32:07.975,1,1,100,10,0.246657639741898,3.76,3.76,ZWO ASI6200MM Pro,-10.0,-9.8,40,NP101is,540.0,5.4,Starlight Xpress Fil,Ha,IC 405,FocusLynx Focuser 1,9183.0,9183.0,13.404,1.0,1.0,TOP-DOWN,2000.0,N.I.N.A. 2.0.0.2048,2022-02-26_20-32-07_Ha_-9.80_300.00s_0065.fits,1,/mnt/raid0/AstroImaging/Preselected/Flaming Star Nebula (IC405) started 4th February 2022/Lights/Ha/2022-02-26_20-32-07_Ha_-9.80_300.00s_0065.fits,78.5844883307691,34.339765625,63.5638798976962,238.134533905021,1.11643498409897,East,40.0,52.2486111111111,-0.123055555555556,05 20 58,+33 46 43,180.87,79.0,0.9,78.0,1021.1,4.4,122.0,7.92
True,16,2,9576,6388,True,32768,LIGHT,300.0,300.0,2022-02-26T20:37:10.650,2022-02-26T20:37:10.650,1,1,100,10,0.246657639741898,3.76,3.76,ZWO ASI6200MM Pro,-10.0,-10.0,40,NP101is,540.0,5.4,Starlight Xpress Fil,Ha,IC 405,FocusLynx Focuser 1,9183.0,9183.0,13.404,1.0,1.0,TOP-DOWN,2000.0,N.I.N.A. 2.0.0.2048,2022-02-26_20-37-10_Ha_-10.00_300.00s_0066.fits,1,/mnt/raid0/AstroImaging/Preselected/Flaming Star Nebula (IC405) started 4th February 2022/Lights/Ha/2022-02-26_20-37-10_Ha_-10.00_300.00s_0066.fits,78.5845142718563,34.3403515625,62.9032553429872,239.91778155955,1.12293190637366,East,40.0,52.2486111111111,-0.123055555555556,05 20 58,+33 46 43,180.87,56.0,0.5,78.0,1022.1,4.0,122.0,7.92
True,16,2,9576,6388,True,32768,LIGHT,300.0,300.0,2022-02-26T20:42:13.310,2022-02-26T20:42:13.310,1,1,100,10,0.246657639741898,3.76,3.76,ZWO ASI6200MM Pro,-10.0,-10.0,40,NP101is,540.0,5.4,Starlight Xpress Fil,Ha,IC 405,FocusLynx Focuser 1,9183.0,9183.0,13.404,1.0,1.0,TOP-DOWN,2000.0,N.I.N.A. 2.0.0.2048,2022-02-26_20-42-13_Ha_-10.00_300.00s_0067.fits,1,/mnt/raid0/AstroImaging/Preselected/Flaming Star Nebula (IC405) started 4th February 2022/Lights/Ha/2022-02-26_20-42-13_Ha_-10.00_300.00s_0067.fits,78.5839854550386,34.340234375,62.2252393124555,241.651023791032,1.12983570914182,East,40.0,52.2486111111111,-0.123055555555556,05 20 58,+33 46 43,180.87,56.0,0.5,78.0,1022.1,4.0,122.0,7.92
True,16,2,9576,6388,True,32768,LIGHT,300.0,300.0,2022-02-26T20:47:15.870,2022-02-26T20:47:15.870,1,1,100,10,0.246657639741898,3.76,3.76,ZWO ASI6200MM Pro,-10.0,-9.9,40,NP101is,540.0,5.4,Starlight Xpress Fil,Ha,IC 405,FocusLynx Focuser 1,9183.0,9183.0,13.404,0.9,0.9,TOP-DOWN,2000.0,N.I.N.A. 2.0.0.2048,2022-02-26_20-47-15_Ha_-9.90_300.00s_0068.fits,1,/mnt/raid0/AstroImaging/Preselected/Flaming Star Nebula (IC405) started 4th February 2022/Lights/Ha/2022-02-26_20-47-15_Ha_-9.90_300.00s_0068.fits,78.5824299415101,34.3405078125,61.5410556225259,243.315253527402,1.13705090983783,East,40.0,52.2486111111111,-0.123055555555556,05 20 58,+33 46 43,180.87,56.0,0.7,79.0,1022.1,4.0,122.0,7.92
True,16,2,9576,6388,True,32768,LIGHT,300.0,300.0,2022-02-26T20:59:02.542,2022-02-26T20:59:02.542,1,1,100,10,0.246657639741898,3.76,3.76,ZWO ASI6200MM Pro,-10.0,-9.9,40,NP101is,540.0,5.4,Starlight Xpress Fil,Ha,IC 405,FocusLynx Focuser 1,9160.0,9160.0,13.404,1.0,1.0,TOP-DOWN,2000.0,N.I.N.A. 2.0.0.2048,2022-02-26_20-59-02_Ha_-9.90_300.00s_0069.fits,1,/mnt/raid0/AstroImaging/Preselected/Flaming Star Nebula (IC405) started 4th February 2022/Lights/Ha/2022-02-26_20-59-02_Ha_-9.90_300.00s_0069.fits,78.5829737767912,34.34015625,59.894261800463,247.016878686373,1.15548346545087,East,40.0,52.2486111111111,-0.123055555555556,05 20 58,+33 46 43,180.87,56.0,0.5,78.0,1022.1,4.0,125.0,11.16
True,16,2,9576,6388,True,32768,LIGHT,300.0,300.0,2022-02-26T21:04:07.194,2022-02-26T21:04:07.194,1,1,100,10,0.246657639741898,3.76,3.76,ZWO ASI6200MM Pro,-10.0,-10.0,40,NP101is,540.0,5.4,Starlight Xpress Fil,Ha,IC 405,FocusLynx Focuser 1,9160.0,9160.0,13.404,0.8,0.8,TOP-DOWN,2000.0,N.I.N.A. 2.0.0.2048,2022-02-26_21-04-07_Ha_-10.00_300.00s_0070.fits,1,/mnt/raid0/AstroImaging/Preselected/Flaming Star Nebula (IC405) started 4th February 2022/Lights/Ha/2022-02-26_21-04-07_Ha_-10.00_300.00s_0070.fits,78.5816588601062,34.33765625,59.177472481219,248.508034027396,1.16399706127161,East,40.0,52.2486111111111,-0.123055555555556,05 20 58,+33 46 43,180.87,56.0,0.5,78.0,1022.1,4.0,125.0,11.16
True,16,2,9576,6388,True,32768,LIGHT,300.0,300.0,2022-02-26T21:09:09.890,2022-02-26T21:09:09.890,1,1,100,10,0.246657639741898,3.76,3.76,ZWO ASI6200MM Pro,-10.0,-10.0,40,NP101is,540.0,5.4,Starlight Xpress Fil,Ha,IC 405,FocusLynx Focuser 1,9160.0,9160.0,13.404,0.8,0.8,TOP-DOWN,2000.0,N.I.N.A. 2.0.0.2048,2022-02-26_21-09-09_Ha_-10.00_300.00s_0071.fits,1,/mnt/raid0/AstroImaging/Preselected/Flaming Star Nebula (IC405) started 4th February 2022/Lights/Ha/2022-02-26_21-09-09_Ha_-10.00_300.00s_0071.fits,78.5833033042068,34.337265625,58.4518328436368,249.963741299978,1.17293235233411,East,40.0,52.2486111111111,-0.123055555555556,05 20 58,+33 46 43,180.87,56.0,0.7,79.0,1022.1,4.0,125.0,11.16
True,16,2,9576,6388,True,32768,LIGHT,300.0,300.0,2022-02-26T21:14:12.453,2022-02-26T21:14:12.453,1,1,100,10,0.246657639741898,3.76,3.76,ZWO ASI6200MM Pro,-10.0,-10.0,40,NP101is,540.0,5.4,Starlight Xpress Fil,Ha,IC 405,FocusLynx Focuser 1,9160.0,9160.0,13.404,0.7,0.7,TOP-DOWN,2000.0,N.I.N.A. 2.0.0.2048,2022-02-26_21-14-12_Ha_-10.00_300.00s_0072.fits,1,/mnt/raid0/AstroImaging/Preselected/Flaming Star Nebula (IC405) started 4th February 2022/Lights/Ha/2022-02-26_21-14-12_Ha_-10.00_300.00s_0072.fits,78.5851925525863,34.340625,57.7273081935661,251.37221669199,1.18218188694324,East,40.0,52.2486111111111,-0.123055555555556,05 20 58,+33 46 43,180.87,56.0,0.7,79.0,1022.1,4.0,125.0,11.16
True,16,2,9576,6388,True,32768,LIGHT,300.0,300.0,2022-02-26T21:19:14.882,2022-02-26T21:19:14.882,1,1,100,10,0.246657639741898,3.76,3.76,ZWO ASI6200MM Pro,-10.0,-10.0,40,NP101is,540.0,5.4,Starlight Xpress Fil,Ha,IC 405,FocusLynx Focuser 1,9160.0,9160.0,13.404,0.6,0.6,TOP-DOWN,2000.0,N.I.N.A. 2.0.0.2048,2022-02-26_21-19-14_Ha_-10.00_300.00s_0073.fits,1,/mnt/raid0/AstroImaging/Preselected/Flaming Star Nebula (IC405) started 4th February 2022/Lights/Ha/2022-02-26_21-19-14_Ha_-10.00_300.00s_0073.fits,78.5832000195959,34.3375,56.9857469039328,252.745891681588,1.19199953972917,East,40.0,52.2486111111111,-0.123055555555556,05 20 58,+33 46 43,180.87,56.0,0.8,80.0,1022.1,3.9,126.0,11.16
True,16,2,9576,6388,True,32768,LIGHT,300.0,300.0,2022-02-26T21:24:17.564,2022-02-26T21:24:17.564,1,1,100,10,0.246657639741898,3.76,3.76,ZWO ASI6200MM Pro,-10.0,-10.0,40,NP101is,540.0,5.4,Starlight Xpress Fil,Ha,IC 405,FocusLynx Focuser 1,9160.0,9160.0,13.404,0.6,0.6,TOP-DOWN,2000.0,N.I.N.A. 2.0.0.2048,2022-02-26_21-24-17_Ha_-10.00_300.00s_0074.fits,1,/mnt/raid0/AstroImaging/Preselected/Flaming Star Nebula (IC405) started 4th February 2022/Lights/Ha/2022-02-26_21-24-17_Ha_-10.00_300.00s_0074.fits,78.5830042102961,34.3370703125,56.2448784332771,254.078059117531,1.20217430749168,East,40.0,52.2486111111111,-0.123055555555556,05 20 58,+33 46 43,180.87,56.0,0.8,80.0,1022.1,3.9,126.0,11.16
True,16,2,9576,6388,True,32768,LIGHT,300.0,300.0,2022-02-26T21:29:43.275,2022-02-26T21:29:43.275,1,1,100,10,0.246657639741898,3.76,3.76,ZWO ASI6200MM Pro,-10.0,-10.0,40,NP101is,540.0,5.4,Starlight Xpress Fil,Ha,IC 405,FocusLynx Focuser 1,9160.0,9160.0,13.404,0.6,0.6,TOP-DOWN,2000.0,N.I.N.A. 2.0.0.2048,2022-02-26_21-29-43_Ha_-10.00_300.00s_0075.fits,1,/mnt/raid0/AstroImaging/Preselected/Flaming Star Nebula (IC405) started 4th February 2022/Lights/Ha/2022-02-26_21-29-43_Ha_-10.00_300.00s_0075.fits,78.578606280772,34.345546875,55.4449554290109,255.490473936617,1.21358599973039,East,40.0,52.2486111111111,-0.123055555555556,05 20 58,+33 46 43,180.87,56.0,0.9,81.0,1022.1,3.8,126.0,11.16
True,16,2,9576,6388,True,32768,LIGHT,300.0,300.0,2022-02-26T21:40:57.470,2022-02-26T21:40:57.470,1,1,100,10,0.246657639741898,3.76,3.76,ZWO ASI6200MM Pro,-10.0,-9.9,40,NP101is,540.0,5.4,Starlight Xpress Fil,Ha,IC 405,FocusLynx Focuser 1,9153.0,9153.0,13.404,0.6,0.6,TOP-DOWN,2000.0,N.I.N.A. 2.0.0.2048,2022-02-26_21-40-57_Ha_-9.90_300.00s_0076.fits,1,/mnt/raid0/AstroImaging/Preselected/Flaming Star Nebula (IC405) started 4th February 2022/Lights/Ha/2022-02-26_21-40-57_Ha_-9.90_300.00s_0076.fits,78.5789108668439,34.3426953125,53.7316522383512,258.316355246202,1.23959563424228,East,40.0,52.2486111111111,-0.123055555555556,05 20 58,+33 46 43,180.87,44.0,0.9,81.0,1022.1,3.8,126.0,11.16
True,16,2,9576,6388,True,32768,LIGHT,300.0,300.0,2022-02-26T21:46:11.190,2022-02-26T21:46:11.190,1,1,100,10,0.246657639741898,3.76,3.76,ZWO ASI6200MM Pro,-10.0,-10.0,40,NP101is,540.0,5.4,Starlight Xpress Fil,Ha,IC 405,FocusLynx Focuser 1,9153.0,9153.0,13.404,0.6,0.6,TOP-DOWN,2000.0,N.I.N.A. 2.0.0.2048,2022-02-26_21-46-11_Ha_-10.00_300.00s_0077.fits,1,/mnt/raid0/AstroImaging/Preselected/Flaming Star Nebula (IC405) started 4th February 2022/Lights/Ha/2022-02-26_21-46-11_Ha_-10.00_300.00s_0077.fits,78.5796456560864,34.3420703125,52.9748413868287,259.510260839597,1.25180294975456,East,40.0,52.2486111111111,-0.123055555555556,05 20 58,+33 46 43,180.87,44.0,0.7,80.0,1022.1,3.9,121.0,12.96
True,16,2,9576,6388,True,32768,LIGHT,300.0,300.0,2022-02-26T21:51:13.810,2022-02-26T21:51:13.810,1,1,100,10,0.246657639741898,3.76,3.76,ZWO ASI6200MM Pro,-10.0,-9.8,40,NP101is,540.0,5.4,Starlight Xpress Fil,Ha,IC 405,FocusLynx Focuser 1,9153.0,9153.0,13.404,0.6,0.6,TOP-DOWN,2000.0,N.I.N.A. 2.0.0.2048,2022-02-26_21-51-13_Ha_-9.80_300.00s_0078.fits,1,/mnt/raid0/AstroImaging/Preselected/Flaming Star Nebula (IC405) started 4th February 2022/Lights/Ha/2022-02-26_21-51-13_Ha_-9.80_300.00s_0078.fits,78.5783918115961,34.3423046875,52.2092866269553,260.689152452079,1.26462409988612,East,40.0,52.2486111111111,-0.123055555555556,05 20 58,+33 46 43,180.87,44.0,0.7,80.0,1022.1,3.9,121.0,12.96
True,16,2,9576,6388,True,32768,LIGHT,300.0,300.0,2022-02-26T21:56:16.423,2022-02-26T21:56:16.423,1,1,100,10,0.246657639741898,3.76,3.76,ZWO ASI6200MM Pro,-10.0,-10.0,40,NP101is,540.0,5.4,Starlight Xpress Fil,Ha,IC 405,FocusLynx Focuser 1,9153.0,9153.0,13.404,0.6,0.6,TOP-DOWN,2000.0,N.I.N.A. 2.0.0.2048,2022-02-26_21-56-16_Ha_-10.00_300.00s_0079.fits,1,/mnt/raid0/AstroImaging/Preselected/Flaming Star Nebula (IC405) started 4th February 2022/Lights/Ha/2022-02-26_21-56-16_Ha_-10.00_300.00s_0079.fits,78.5780360762124,34.341796875,51.4469810398356,261.833162064122,1.27788243615649,East,40.0,52.2486111111111,-0.123055555555556,05 20 58,+33 46 43,180.87,44.0,0.7,80.0,1022.1,3.8,121.0,12.96
True,16,2,9576,6388,True,32768,LIGHT,300.0,300.0,2022-02-26T22:01:18.967,2022-02-26T22:01:18.967,1,1,100,10,0.246657639741898,3.76,3.76,ZWO ASI6200MM Pro,-10.0,-10.0,40,NP101is,540.0,5.4,Starlight Xpress Fil,Ha,IC 405,FocusLynx Focuser 1,9153.0,9153.0,13.404,0.5,0.5,TOP-DOWN,2000.0,N.I.N.A. 2.0.0.2048,2022-02-26_22-01-18_Ha_-10.00_300.00s_0080.fits,1,/mnt/raid0/AstroImaging/Preselected/Flaming Star Nebula (IC405) started 4th February 2022/Lights/Ha/2022-02-26_22-01-18_Ha_-10.00_300.00s_0080.fits,78.5756457779666,34.34453125,50.6776613806409,262.968484104846,1.2917807685912,East,40.0,52.2486111111111,-0.123055555555556,05 20 58,+33 46 43,180.87,44.0,0.7,80.0,1022.1,3.8,121.0,12.96
True,16,2,9576,6388,True,32768,LIGHT,300.0,300.0,2022-02-26T22:06:43.651,2022-02-26T22:06:43.651,1,1,100,10,0.246657639741898,3.76,3.76,ZWO ASI6200MM Pro,-10.0,-10.0,40,NP101is,540.0,5.4,Starlight Xpress Fil,Ha,IC 405,FocusLynx Focuser 1,9153.0,9153.0,13.404,0.4,0.4,TOP-DOWN,2000.0,N.I.N.A. 2.0.0.2048,2022-02-26_22-06-43_Ha_-10.00_300.00s_0081.fits,1,/mnt/raid0/AstroImaging/Preselected/Flaming Star Nebula (IC405) started 4th February 2022/Lights/Ha/2022-02-26_22-06-43_Ha_-10.00_300.00s_0081.fits,78.5798564775575,34.3486328125,49.8610183726667,264.149509604913,1.30712811606376,East,40.0,52.2486111111111,-0.123055555555556,05 20 58,+33 46 43,180.87,44.0,0.6,80.0,1022.1,3.8,121.0,12.96
True,16,2,9576,6388,True,32768,LIGHT,300.0,300.0,2022-02-26T22:22:19.446,2022-02-26T22:22:19.446,1,1,100,10,0.246657639741898,3.76,3.76,ZWO ASI6200MM Pro,-10.0,-9.8,40,NP101is,540.0,5.4,Starlight Xpress Fil,Ha,IC 405,FocusLynx Focuser 1,9154.0,9154.0,13.404,0.5,0.5,TOP-DOWN,2000.0,N.I.N.A. 2.0.0.2048,2022-02-26_22-22-19_Ha_-9.80_300.00s_0082.fits,1,/mnt/raid0/AstroImaging/Preselected/Flaming Star Nebula (IC405) started 4th February 2022/Lights/Ha/2022-02-26_22-22-19_Ha_-9.80_300.00s_0082.fits,78.5745892214789,34.3341015625,47.4585989540047,267.432571096346,1.35610097956551,East,40.0,52.2486111111111,-0.123055555555556,05 20 58,+33 46 43,180.87,44.0,0.6,79.0,1021.1,3.9,134.0,11.16
True,16,2,9576,6388,True,32768,LIGHT,300.0,300.0,2022-02-26T22:27:22.140,2022-02-26T22:27:22.140,1,1,100,10,0.246657639741898,3.76,3.76,ZWO ASI6200MM Pro,-10.0,-9.9,40,NP101is,540.0,5.4,Starlight Xpress Fil,Ha,IC 405,FocusLynx Focuser 1,9154.0,9154.0,13.404,0.6,0.6,TOP-DOWN,2000.0,N.I.N.A. 2.0.0.2048,2022-02-26_22-27-22_Ha_-9.90_300.00s_0083.fits,1,/mnt/raid0/AstroImaging/Preselected/Flaming Star Nebula (IC405) started 4th February 2022/Lights/Ha/2022-02-26_22-27-22_Ha_-9.90_300.00s_0083.fits,78.573947061157,34.333828125,46.6823151911375,268.465122721387,1.37324297474348,East,40.0,52.2486111111111,-0.123055555555556,05 20 58,+33 46 43,180.87,44.0,0.6,79.0,1022.1,3.9,134.0,11.16
True,16,2,9576,6388,True,32768,LIGHT,300.0,300.0,2022-02-26T22:32:24.755,2022-02-26T22:32:24.755,1,1,100,10,0.246657639741898,3.76,3.76,ZWO ASI6200MM Pro,-10.0,-10.0,40,NP101is,540.0,5.4,Starlight Xpress Fil,Ha,IC 405,FocusLynx Focuser 1,9154.0,9154.0,13.404,0.7,0.7,TOP-DOWN,2000.0,N.I.N.A. 2.0.0.2048,2022-02-26_22-32-24_Ha_-10.00_300.00s_0084.fits,1,/mnt/raid0/AstroImaging/Preselected/Flaming Star Nebula (IC405) started 4th February 2022/Lights/Ha/2022-02-26_22-32-24_Ha_-10.00_300.00s_0084.fits,78.5723270063412,34.3332421875,45.910112165469,269.475950198192,1.39098504157864,East,40.0,52.2486111111111,-0.123055555555556,05 20 58,+33 46 43,180.87,44.0,0.6,79.0,1022.1,3.9,134.0,11.16
True,16,2,9576,6388,True,32768,LIGHT,300.0,300.0,2022-02-26T22:37:27.363,2022-02-26T22:37:27.363,1,1,100,10,0.246657639741898,3.76,3.76,ZWO ASI6200MM Pro,-10.0,-9.9,40,NP101is,540.0,5.4,Starlight Xpress Fil,Ha,IC 405,FocusLynx Focuser 1,9154.0,9154.0,13.404,0.8,0.8,TOP-DOWN,2000.0,N.I.N.A. 2.0.0.2048,2022-02-26_22-37-27_Ha_-9.90_300.00s_0085.fits,1,/mnt/raid0/AstroImaging/Preselected/Flaming Star Nebula (IC405) started 4th February 2022/Lights/Ha/2022-02-26_22-37-27_Ha_-9.90_300.00s_0085.fits,78.5721785679033,34.331953125,45.1333669240028,270.476952016974,1.40955978833109,East,40.0,52.2486111111111,-0.123055555555556,05 20 58,+33 46 43,180.87,36.0,0.7,79.0,1021.1,4.0,134.0,11.16
True,16,2,9576,6388,True,32768,LIGHT,300.0,300.0,2022-02-26T22:42:30.037,2022-02-26T22:42:30.037,1,1,100,10,0.246657639741898,3.76,3.76,ZWO ASI6200MM Pro,-10.0,-10.0,40,NP101is,540.0,5.4,Starlight Xpress Fil,Ha,IC 405,FocusLynx Focuser 1,9154.0,9154.0,13.404,0.8,0.8,TOP-DOWN,2000.0,N.I.N.A. 2.0.0.2048,2022-02-26_22-42-30_Ha_-10.00_300.00s_0086.fits,1,/mnt/raid0/AstroImaging/Preselected/Flaming Star Nebula (IC405) started 4th February 2022/Lights/Ha/2022-02-26_22-42-30_Ha_-10.00_300.00s_0086.fits,78.5721553595377,34.331796875,44.3617010607474,271.460462053876,1.42877231366677,East,40.0,52.2486111111111,-0.123055555555556,05 20 58,+33 46 43,180.87,36.0,0.7,79.0,1021.1,4.0,134.0,11.16
True,16,2,9576,6388,True,32768,LIGHT,300.0,300.0,2022-02-26T22:47:54.504,2022-02-26T22:47:54.504,1,1,100,10,0.246657639741898,3.76,3.76,ZWO ASI6200MM Pro,-10.0,-9.8,40,NP101is,540.0,5.4,Starlight Xpress Fil,Ha,IC 405,FocusLynx Focuser 1,9154.0,9154.0,13.404,1.0,1.0,TOP-DOWN,2000.0,N.I.N.A. 2.0.0.2048,2022-02-26_22-47-54_Ha_-9.80_300.00s_0087.fits,1,/mnt/raid0/AstroImaging/Preselected/Flaming Star Nebula (IC405) started 4th February 2022/Lights/Ha/2022-02-26_22-47-54_Ha_-9.80_300.00s_0087.fits,78.5644328205995,34.337109375,43.5287676730153,272.518907910013,1.45040378034901,East,40.0,52.2486111111111,-0.123055555555556,05 20 58,+33 46 43,180.87,36.0,0.3,77.0,1021.1,3.9,129.0,9.72
True,16,2,9576,6388,True,32768,LIGHT,300.0,300.0,2022-02-26T22:52:57.019,2022-02-26T22:52:57.019,1,1,100,10,0.246657639741898,3.76,3.76,ZWO ASI6200MM Pro,-10.0,-10.0,40,NP101is,540.0,5.4,Starlight Xpress Fil,Ha,IC 405,FocusLynx Focuser 1,9154.0,9154.0,13.404,1.1,1.1,TOP-DOWN,2000.0,N.I.N.A. 2.0.0.2048,2022-02-26_22-52-57_Ha_-10.00_300.00s_0088.fits,1,/mnt/raid0/AstroImaging/Preselected/Flaming Star Nebula (IC405) started 4th February 2022/Lights/Ha/2022-02-26_22-52-57_Ha_-10.00_300.00s_0088.fits,78.5655100587698,34.3403125,42.7611900355346,273.479819278213,1.4712028140137,East,40.0,52.2486111111111,-0.123055555555556,05 20 58,+33 46 43,180.87,36.0,0.3,77.0,1021.1,3.9,129.0,9.72
True,16,2,9576,6388,True,32768,LIGHT,300.0,300.0,2022-02-26T22:57:59.602,2022-02-26T22:57:59.602,1,1,100,10,0.246657639741898,3.76,3.76,ZWO ASI6200MM Pro,-10.0,-10.0,40,NP101is,540.0,5.4,Starlight Xpress Fil,Ha,IC 405,FocusLynx Focuser 1,9154.0,9154.0,13.404,1.1,1.1,TOP-DOWN,2000.0,N.I.N.A. 2.0.0.2048,2022-02-26_22-57-59_Ha_-10.00_300.00s_0089.fits,1,/mnt/raid0/AstroImaging/Preselected/Flaming Star Nebula (IC405) started 4th February 2022/Lights/Ha/2022-02-26_22-57-59_Ha_-10.00_300.00s_0089.fits,78.5677620015024,34.3366796875,41.9856421763076,274.42888170094,1.49310602765849,East,40.0,52.2486111111111,-0.123055555555556,05 20 58,+33 46 43,180.87,36.0,0.3,77.0,1021.1,3.9,129.0,9.72
True,16,2,9576,6388,True,32768,LIGHT,300.0,300.0,2022-02-26T23:03:02.304,2022-02-26T23:03:02.304,1,1,100,10,0.246657639741898,3.76,3.76,ZWO ASI6200MM Pro,-10.0,-10.0,40,NP101is,540.0,5.4,Starlight Xpress Fil,Ha,IC 405,FocusLynx Focuser 1,9154.0,9154.0,13.404,1.2,1.2,TOP-DOWN,2000.0,N.I.N.A. 2.0.0.2048,2022-02-26_23-03-02_Ha_-10.00_300.00s_0090.fits,1,/mnt/raid0/AstroImaging/Preselected/Flaming Star Nebula (IC405) started 4th February 2022/Lights/Ha/2022-02-26_23-03-02_Ha_-10.00_300.00s_0090.fits,78.567249052164,34.3365234375,41.2160157737497,275.36703707409,1.51577218496798,East,40.0,52.2486111111111,-0.123055555555556,05 20 58,+33 46 43,180.87,36.0,0.3,77.0,1021.1,3.9,129.0,9.72
True,16,2,9576,6388,True,32768,LIGHT,300.0,300.0,2022-02-26T23:14:18.026,2022-02-26T23:14:18.026,1,1,100,10,0.246657639741898,3.76,3.76,ZWO ASI6200MM Pro,-10.0,-10.0,40,NP101is,540.0,5.4,Starlight Xpress Fil,Ha,IC 405,FocusLynx Focuser 1,9153.0,9153.0,13.404,1.2,1.2,TOP-DOWN,2000.0,N.I.N.A. 2.0.0.2048,2022-02-26_23-14-18_Ha_-10.00_300.00s_0091.fits,1,/mnt/raid0/AstroImaging/Preselected/Flaming Star Nebula (IC405) started 4th February 2022/Lights/Ha/2022-02-26_23-14-18_Ha_-10.00_300.00s_0091.fits,78.5679143006286,34.3355859375,39.4906774305347,277.443287462165,1.57022041154212,East,40.0,52.2486111111111,-0.123055555555556,05 20 58,+33 46 43,180.87,36.0,0.3,77.0,1021.1,4.0,136.0,9.72
True,16,2,9576,6388,True,32768,LIGHT,300.0,300.0,2022-02-26T23:19:22.588,2022-02-26T23:19:22.588,1,1,100,10,0.246657639741898,3.76,3.76,ZWO ASI6200MM Pro,-10.0,-10.0,40,NP101is,540.0,5.4,Starlight Xpress Fil,Ha,IC 405,FocusLynx Focuser 1,9153.0,9153.0,13.404,1.2,1.2,TOP-DOWN,2000.0,N.I.N.A. 2.0.0.2048,2022-02-26_23-19-22_Ha_-10.00_300.00s_0092.fits,1,/mnt/raid0/AstroImaging/Preselected/Flaming Star Nebula (IC405) started 4th February 2022/Lights/Ha/2022-02-26_23-19-22_Ha_-10.00_300.00s_0092.fits,78.5672961525455,34.338671875,38.7275981031887,278.357569351933,1.5960356399634,East,40.0,52.2486111111111,-0.123055555555556,05 20 58,+33 46 43,180.87,36.0,0.2,77.0,1021.1,3.8,141.0,9.72
True,16,2,9576,6388,True,32768,LIGHT,300.0,300.0,2022-02-26T23:24:44.052,2022-02-26T23:24:44.052,1,1,100,10,0.246657639741898,3.76,3.76,ZWO ASI6200MM Pro,-10.0,-10.0,40,NP101is,540.0,5.4,Starlight Xpress Fil,Ha,IC 405,FocusLynx Focuser 1,9153.0,9153.0,13.404,1.2,1.2,TOP-DOWN,2000.0,N.I.N.A. 2.0.0.2048,2022-02-26_23-24-44_Ha_-10.00_300.00s_0093.fits,1,/mnt/raid0/AstroImaging/Preselected/Flaming Star Nebula (IC405) started 4th February 2022/Lights/Ha/2022-02-26_23-24-44_Ha_-10.00_300.00s_0093.fits,78.5702909677827,34.3394921875,37.9175347068857,279.318204276559,1.62470203262104,East,40.0,52.2486111111111,-0.123055555555556,05 20 58,+33 46 43,180.87,36.0,0.3,78.0,1021.1,3.8,141.0,9.72
True,16,2,9576,6388,True,32768,LIGHT,300.0,300.0,2022-02-26T23:29:46.554,2022-02-26T23:29:46.554,1,1,100,10,0.246657639741898,3.76,3.76,ZWO ASI6200MM Pro,-10.0,-9.8,40,NP101is,540.0,5.4,Starlight Xpress Fil,Ha,IC 405,FocusLynx Focuser 1,9153.0,9153.0,13.404,1.2,1.2,TOP-DOWN,2000.0,N.I.N.A. 2.0.0.2048,2022-02-26_23-29-46_Ha_-9.80_300.00s_0094.fits,1,/mnt/raid0/AstroImaging/Preselected/Flaming Star Nebula (IC405) started 4th February 2022/Lights/Ha/2022-02-26_23-29-46_Ha_-9.80_300.00s_0094.fits,78.5701609616913,34.3348046875,37.1497217476088,280.214782254101,1.65314606989247,East,40.0,52.2486111111111,-0.123055555555556,05 20 58,+33 46 43,180.87,36.0,0.3,78.0,1021.1,3.8,141.0,9.72
True,16,2,9576,6388,True,32768,LIGHT,300.0,300.0,2022-02-26T23:34:49.153,2022-02-26T23:34:49.153,1,1,100,10,0.246657639741898,3.76,3.76,ZWO ASI6200MM Pro,-10.0,-10.0,40,NP101is,540.0,5.4,Starlight Xpress Fil,Ha,IC 405,FocusLynx Focuser 1,9153.0,9153.0,13.404,1.2,1.2,TOP-DOWN,2000.0,N.I.N.A. 2.0.0.2048,2022-02-26_23-34-49_Ha_-10.00_300.00s_0095.fits,1,/mnt/raid0/AstroImaging/Preselected/Flaming Star Nebula (IC405) started 4th February 2022/Lights/Ha/2022-02-26_23-34-49_Ha_-10.00_300.00s_0095.fits,78.5703821180672,34.3379296875,36.3895679034756,281.112158834657,1.68260277432376,East,40.0,52.2486111111111,-0.123055555555556,05 20 58,+33 46 43,180.87,31.0,0.4,79.0,1021.1,3.7,117.0,7.92
True,16,2,9576,6388,True,32768,LIGHT,300.0,300.0,2022-02-26T23:46:03.779,2022-02-26T23:46:03.779,1,1,100,10,0.246657639741898,3.76,3.76,ZWO ASI6200MM Pro,-10.0,-9.8,40,NP101is,540.0,5.4,Starlight Xpress Fil,Ha,IC 405,FocusLynx Focuser 1,9150.0,9150.0,13.404,1.2,1.2,TOP-DOWN,2000.0,N.I.N.A. 2.0.0.2048,2022-02-26_23-46-03_Ha_-9.80_300.00s_0096.fits,1,/mnt/raid0/AstroImaging/Preselected/Flaming Star Nebula (IC405) started 4th February 2022/Lights/Ha/2022-02-26_23-46-03_Ha_-9.80_300.00s_0096.fits,78.5716481363756,34.337265625,34.7017176343854,283.082121711796,1.7530360055686,East,40.0,52.2486111111111,-0.123055555555556,05 20 58,+33 46 43,180.87,31.0,0.6,80.0,1021.1,3.7,120.0,12.96
True,16,2,9576,6388,True,32768,LIGHT,300.0,300.0,2022-02-26T23:51:08.097,2022-02-26T23:51:08.097,1,1,100,10,0.246657639741898,3.76,3.76,ZWO ASI6200MM Pro,-10.0,-10.0,40,NP101is,540.0,5.4,Starlight Xpress Fil,Ha,IC 405,FocusLynx Focuser 1,9150.0,9150.0,13.404,1.1,1.1,TOP-DOWN,2000.0,N.I.N.A. 2.0.0.2048,2022-02-26_23-51-08_Ha_-10.00_300.00s_0097.fits,1,/mnt/raid0/AstroImaging/Preselected/Flaming Star Nebula (IC405) started 4th February 2022/Lights/Ha/2022-02-26_23-51-08_Ha_-10.00_300.00s_0097.fits,78.5701858891767,34.3334765625,33.9438509889484,283.958580679551,1.78712411014454,East,40.0,52.2486111111111,-0.123055555555556,05 20 58,+33 46 43,180.87,31.0,0.6,80.0,1021.1,3.7,120.0,12.96
True,16,2,9576,6388,True,32768,LIGHT,300.0,300.0,2022-02-26T23:56:10.708,2022-02-26T23:56:10.708,1,1,100,10,0.246657639741898,3.76,3.76,ZWO ASI6200MM Pro,-10.0,-10.0,40,NP101is,540.0,5.4,Starlight Xpress Fil,Ha,IC 405,FocusLynx Focuser 1,9150.0,9150.0,13.404,1.1,1.1,TOP-DOWN,2000.0,N.I.N.A. 2.0.0.2048,2022-02-26_23-56-10_Ha_-10.00_300.00s_0098.fits,1,/mnt/raid0/AstroImaging/Preselected/Flaming Star Nebula (IC405) started 4th February 2022/Lights/Ha/2022-02-26_23-56-10_Ha_-10.00_300.00s_0098.fits,78.5716135410803,34.3339453125,33.1979034436403,284.826352250808,1.82230623179602,East,40.0,52.2486111111111,-0.123055555555556,05 20 58,+33 46 43,180.87,31.0,0.8,81.0,1021.1,3.8,120.0,12.96
True,16,2,9576,6388,True,32768,LIGHT,300.0,300.0,2022-02-27T00:01:34.078,2022-02-27T00:01:34.078,1,1,100,10,0.246657639741898,3.76,3.76,ZWO ASI6200MM Pro,-10.0,-9.9,40,NP101is,540.0,5.4,Starlight Xpress Fil,Ha,IC 405,FocusLynx Focuser 1,9150.0,9150.0,13.404,1.0,1.0,TOP-DOWN,2000.0,N.I.N.A. 2.0.0.2048,2022-02-27_00-01-34_Ha_-9.90_300.00s_0099.fits,1,/mnt/raid0/AstroImaging/Preselected/Flaming Star Nebula (IC405) started 4th February 2022/Lights/Ha/2022-02-27_00-01-34_Ha_-9.90_300.00s_0099.fits,78.5688431397427,34.3261328125,32.3927591579598,285.749531192325,1.86222137244545,East,40.0,52.2486111111111,-0.123055555555556,05 20 58,+33 46 43,180.87,31.0,0.8,81.0,1021.1,3.8,120.0,12.96
True,16,2,9576,6388,True,32768,LIGHT,300.0,300.0,2022-02-27T00:06:36.582,2022-02-27T00:06:36.582,1,1,100,10,0.246657639741898,3.76,3.76,ZWO ASI6200MM Pro,-10.0,-9.9,40,NP101is,540.0,5.4,Starlight Xpress Fil,Ha,IC 405,FocusLynx Focuser 1,9150.0,9150.0,13.404,1.0,1.0,TOP-DOWN,2000.0,N.I.N.A. 2.0.0.2048,2022-02-27_00-06-36_Ha_-9.90_300.00s_0100.fits,1,/mnt/raid0/AstroImaging/Preselected/Flaming Star Nebula (IC405) started 4th February 2022/Lights/Ha/2022-02-27_00-06-36_Ha_-9.90_300.00s_0100.fits,78.5699596456651,34.3297265625,31.6497830423712,286.619767095348,1.9009687685319,East,40.0,52.2486111111111,-0.123055555555556,05 20 58,+33 46 43,180.87,31.0,0.8,81.0,1021.1,3.7,120.0,12.96
True,16,2,9576,6388,True,32768,LIGHT,300.0,300.0,2022-02-27T00:17:50.696,2022-02-27T00:17:50.696,1,1,100,10,0.246657639741898,3.76,3.76,ZWO ASI6200MM Pro,-10.0,-10.0,40,NP101is,540.0,5.4,Starlight Xpress Fil,Ha,IC 405,FocusLynx Focuser 1,9150.0,9150.0,13.404,1.1,1.1,TOP-DOWN,2000.0,N.I.N.A. 2.0.0.2048,2022-02-27_00-17-50_Ha_-10.00_300.00s_0101.fits,1,/mnt/raid0/AstroImaging/Preselected/Flaming Star Nebula (IC405) started 4th February 2022/Lights/Ha/2022-02-27_00-17-50_Ha_-10.00_300.00s_0101.fits,78.5711562690462,34.3291796875,30.0042803892151,288.537220956638,1.99400495707006,East,40.0,52.2486111111111,-0.123055555555556,05 20 58,+33 46 43,180.87,38.0,1.1,83.0,1021.1,3.7,115.0,11.16
True,16,2,9576,6388,True,32768,LIGHT,300.0,300.0,2022-02-27T00:22:55.109,2022-02-27T00:22:55.109,1,1,100,10,0.246657639741898,3.76,3.76,ZWO ASI6200MM Pro,-10.0,-10.0,40,NP101is,540.0,5.4,Starlight Xpress Fil,Ha,IC 405,FocusLynx Focuser 1,9150.0,9150.0,13.404,1.1,1.1,TOP-DOWN,2000.0,N.I.N.A. 2.0.0.2048,2022-02-27_00-22-55_Ha_-10.00_300.00s_0102.fits,1,/mnt/raid0/AstroImaging/Preselected/Flaming Star Nebula (IC405) started 4th February 2022/Lights/Ha/2022-02-27_00-22-55_Ha_-10.00_300.00s_0102.fits,78.5695517078921,34.325234375,29.2669797783436,289.393471069334,2.03925598739212,East,40.0,52.2486111111111,-0.123055555555556,05 20 58,+33 46 43,180.87,38.0,1.1,83.0,1021.1,3.7,115.0,11.16
True,16,2,9576,6388,True,32768,LIGHT,300.0,300.0,2022-02-27T00:27:57.814,2022-02-27T00:27:57.814,1,1,100,10,0.246657639741898,3.76,3.76,ZWO ASI6200MM Pro,-10.0,-10.0,40,NP101is,540.0,5.4,Starlight Xpress Fil,Ha,IC 405,FocusLynx Focuser 1,9150.0,9150.0,13.404,1.0,1.0,TOP-DOWN,2000.0,N.I.N.A. 2.0.0.2048,2022-02-27_00-27-57_Ha_-10.00_300.00s_0103.fits,1,/mnt/raid0/AstroImaging/Preselected/Flaming Star Nebula (IC405) started 4th February 2022/Lights/Ha/2022-02-27_00-27-57_Ha_-10.00_300.00s_0103.fits,78.5713229696281,34.3290234375,28.5446363544047,290.247560630412,2.08595542451544,East,40.0,52.2486111111111,-0.123055555555556,05 20 58,+33 46 43,180.87,38.0,1.0,83.0,1021.1,3.6,115.0,11.16
True,16,2,9576,6388,True,32768,LIGHT,300.0,300.0,2022-02-27T00:33:00.388,2022-02-27T00:33:00.388,1,1,100,10,0.246657639741898,3.76,3.76,ZWO ASI6200MM Pro,-10.0,-10.0,40,NP101is,540.0,5.4,Starlight Xpress Fil,Ha,IC 405,FocusLynx Focuser 1,9150.0,9150.0,13.404,1.0,1.0,TOP-DOWN,2000.0,N.I.N.A. 2.0.0.2048,2022-02-27_00-33-00_Ha_-10.00_300.00s_0104.fits,1,/mnt/raid0/AstroImaging/Preselected/Flaming Star Nebula (IC405) started 4th February 2022/Lights/Ha/2022-02-27_00-33-00_Ha_-10.00_300.00s_0104.fits,78.5702623134524,34.3246875,27.814542929941,291.101283038609,2.13571887187111,East,40.0,52.2486111111111,-0.123055555555556,05 20 58,+33 46 43,180.87,38.0,1.0,83.0,1021.1,3.6,115.0,11.16
True,16,2,9576,6388,True,32768,LIGHT,300.0,300.0,2022-02-27T00:38:23.765,2022-02-27T00:38:23.765,1,1,100,10,0.246657639741898,3.76,3.76,ZWO ASI6200MM Pro,-10.0,-9.9,40,NP101is,540.0,5.4,Starlight Xpress Fil,Ha,IC 405,FocusLynx Focuser 1,9150.0,9150.0,13.404,0.8,0.8,TOP-DOWN,2000.0,N.I.N.A. 2.0.0.2048,2022-02-27_00-38-23_Ha_-9.90_300.00s_0105.fits,1,/mnt/raid0/AstroImaging/Preselected/Flaming Star Nebula (IC405) started 4th February 2022/Lights/Ha/2022-02-27_00-38-23_Ha_-9.90_300.00s_0105.fits,78.5611487161859,34.3264453125,27.0405739619258,292.019612276202,2.19151265446521,East,40.0,52.2486111111111,-0.123055555555556,05 20 58,+33 46 43,180.87,20.0,1.0,83.0,1021.1,3.7,115.0,11.16
True,16,2,9576,6388,True,32768,LIGHT,300.0,300.0,2022-02-27T00:53:55.867,2022-02-27T00:53:55.867,1,1,100,10,0.246657639741898,3.76,3.76,ZWO ASI6200MM Pro,-10.0,-9.9,40,NP101is,540.0,5.4,Starlight Xpress Fil,Ha,IC 405,FocusLynx Focuser 1,9149.0,9149.0,13.404,0.9,0.9,TOP-DOWN,2000.0,N.I.N.A. 2.0.0.2048,2022-02-27_00-53-55_Ha_-9.90_300.00s_0106.fits,1,/mnt/raid0/AstroImaging/Preselected/Flaming Star Nebula (IC405) started 4th February 2022/Lights/Ha/2022-02-27_00-53-55_Ha_-9.90_300.00s_0106.fits,78.5776553681131,34.33203125,24.8636198361425,294.634203307073,2.36764007358482,East,40.0,52.2486111111111,-0.123055555555556,05 20 58,+33 46 43,180.87,20.0,1.1,83.0,1021.1,3.7,115.0,11.16
True,16,2,9576,6388,True,32768,LIGHT,300.0,300.0,2022-02-27T00:58:58.503,2022-02-27T00:58:58.503,1,1,100,10,0.246657639741898,3.76,3.76,ZWO ASI6200MM Pro,-10.0,-10.0,40,NP101is,540.0,5.4,Starlight Xpress Fil,Ha,IC 405,FocusLynx Focuser 1,9149.0,9149.0,13.404,0.8,0.8,TOP-DOWN,2000.0,N.I.N.A. 2.0.0.2048,2022-02-27_00-58-58_Ha_-10.00_300.00s_0107.fits,1,/mnt/raid0/AstroImaging/Preselected/Flaming Star Nebula (IC405) started 4th February 2022/Lights/Ha/2022-02-27_00-58-58_Ha_-10.00_300.00s_0107.fits,78.5795280588239,34.3321484375,24.1660880239154,295.480116046518,2.43094644521585,East,40.0,52.2486111111111,-0.123055555555556,05 20 58,+33 46 43,180.87,20.0,1.0,83.0,1021.1,3.6,146.0,7.92
True,16,2,9576,6388,True,32768,LIGHT,300.0,300.0,2022-02-27T01:04:01.058,2022-02-27T01:04:01.058,1,1,100,10,0.246657639741898,3.76,3.76,ZWO ASI6200MM Pro,-10.0,-9.9,40,NP101is,540.0,5.4,Starlight Xpress Fil,Ha,IC 405,FocusLynx Focuser 1,9149.0,9149.0,13.404,0.8,0.8,TOP-DOWN,2000.0,N.I.N.A. 2.0.0.2048,2022-02-27_01-04-01_Ha_-9.90_300.00s_0108.fits,1,/mnt/raid0/AstroImaging/Preselected/Flaming Star Nebula (IC405) started 4th February 2022/Lights/Ha/2022-02-27_01-04-01_Ha_-9.90_300.00s_0108.fits,78.5794203806176,34.3319140625,23.4675698536835,296.33288030911,2.4981799392069,East,40.0,52.2486111111111,-0.123055555555556,05 20 58,+33 46 43,180.87,20.0,1.0,83.0,1021.1,3.6,146.0,7.92
True,16,2,9576,6388,True,32768,LIGHT,300.0,300.0,2022-02-27T01:09:03.676,2022-02-27T01:09:03.676,1,1,100,10,0.246657639741898,3.76,3.76,ZWO ASI6200MM Pro,-10.0,-10.0,40,NP101is,540.0,5.4,Starlight Xpress Fil,Ha,IC 405,FocusLynx Focuser 1,9149.0,9149.0,13.404,0.8,0.8,TOP-DOWN,2000.0,N.I.N.A. 2.0.0.2048,2022-02-27_01-09-03_Ha_-10.00_300.00s_0109.fits,1,/mnt/raid0/AstroImaging/Preselected/Flaming Star Nebula (IC405) started 4th February 2022/Lights/Ha/2022-02-27_01-09-03_Ha_-10.00_300.00s_0109.fits,78.5803555484471,34.3322265625,22.7793753145932,297.180594785963,2.56850940237959,East,40.0,52.2486111111111,-0.123055555555556,05 20 58,+33 46 43,180.87,20.0,1.0,84.0,1021.1,3.5,127.0,6.48
True,16,2,9576,6388,True,32768,LIGHT,300.0,300.0,2022-02-27T01:14:06.322,2022-02-27T01:14:06.322,1,1,100,10,0.246657639741898,3.76,3.76,ZWO ASI6200MM Pro,-10.0,-9.9,40,NP101is,540.0,5.4,Starlight Xpress Fil,Ha,IC 405,FocusLynx Focuser 1,9149.0,9149.0,13.404,0.7,0.7,TOP-DOWN,2000.0,N.I.N.A. 2.0.0.2048,2022-02-27_01-14-06_Ha_-9.90_300.00s_0110.fits,1,/mnt/raid0/AstroImaging/Preselected/Flaming Star Nebula (IC405) started 4th February 2022/Lights/Ha/2022-02-27_01-14-06_Ha_-9.90_300.00s_0110.fits,78.5823250909835,34.3331640625,22.0923920954512,298.035022356084,2.64313251710001,East,40.0,52.2486111111111,-0.123055555555556,05 20 58,+33 46 43,180.87,20.0,1.0,84.0,1021.1,3.5,127.0,6.48
True,16,2,9576,6388,True,32768,LIGHT,300.0,300.0,2022-02-27T01:19:33.631,2022-02-27T01:19:33.631,1,1,100,10,0.246657639741898,3.76,3.76,ZWO ASI6200MM Pro,-10.0,-9.9,40,NP101is,540.0,5.4,Starlight Xpress Fil,Ha,IC 405,FocusLynx Focuser 1,9149.0,9149.0,13.404,0.8,0.8,TOP-DOWN,2000.0,N.I.N.A. 2.0.0.2048,2022-02-27_01-19-33_Ha_-9.90_300.00s_0111.fits,1,/mnt/raid0/AstroImaging/Preselected/Flaming Star Nebula (IC405) started 4th February 2022/Lights/Ha/2022-02-27_01-19-33_Ha_-9.90_300.00s_0111.fits,78.5761642143458,34.32359375,21.3458188721304,298.954869689647,2.72971524198287,East,40.0,52.2486111111111,-0.123055555555556,05 20 58,+33 46 43,180.87,20.0,1.0,84.0,1020.1,3.4,108.0,7.92
True,16,2,9576,6388,True,32768,LIGHT,300.0,300.0,2022-02-27T01:24:36.264,2022-02-27T01:24:36.264,1,1,100,10,0.246657639741898,3.76,3.76,ZWO ASI6200MM Pro,-10.0,-10.0,40,NP101is,540.0,5.4,Starlight Xpress Fil,Ha,IC 405,FocusLynx Focuser 1,9149.0,9149.0,13.404,0.7,0.7,TOP-DOWN,2000.0,N.I.N.A. 2.0.0.2048,2022-02-27_01-24-36_Ha_-10.00_300.00s_0112.fits,1,/mnt/raid0/AstroImaging/Preselected/Flaming Star Nebula (IC405) started 4th February 2022/Lights/Ha/2022-02-27_01-24-36_Ha_-10.00_300.00s_0112.fits,78.5776487698374,34.3279296875,20.6777097671924,299.807790417781,2.81252034911192,East,40.0,52.2486111111111,-0.123055555555556,05 20 58,+33 46 43,180.87,20.0,1.0,84.0,1020.1,3.4,108.0,7.92
True,16,2,9576,6388,True,32768,LIGHT,300.0,300.0,2022-02-27T01:29:38.902,2022-02-27T01:29:38.902,1,1,100,10,0.246657639741898,3.76,3.76,ZWO ASI6200MM Pro,-10.0,-10.0,40,NP101is,540.0,5.4,Starlight Xpress Fil,Ha,IC 405,FocusLynx Focuser 1,9149.0,9149.0,13.404,0.7,0.7,TOP-DOWN,2000.0,N.I.N.A. 2.0.0.2048,2022-02-27_01-29-38_Ha_-10.00_300.00s_0113.fits,1,/mnt/raid0/AstroImaging/Preselected/Flaming Star Nebula (IC405) started 4th February 2022/Lights/Ha/2022-02-27_01-29-38_Ha_-10.00_300.00s_0113.fits,78.5780020984369,34.324296875,20.0039881434206,300.663270447581,2.90162513220728,East,40.0,52.2486111111111,-0.123055555555556,05 20 58,+33 46 43,180.87,20.0,1.0,84.0,1020.1,3.4,164.0,7.92
True,16,2,9576,6388,True,32768,LIGHT,300.0,300.0,2022-02-27T19:12:36.723,2022-02-27T19:12:36.723,1,1,100,10,0.246657639741898,3.76,3.76,ZWO ASI6200MM Pro,-10.0,-10.0,40,NP101is,540.0,5.4,Starlight Xpress Fil,Ha,IC 405,FocusLynx Focuser 1,9061.0,9061.0,13.404,2.4,2.4,TOP-DOWN,2000.0,N.I.N.A. 2.0.0.2048,2022-02-27_19-12-36_Ha_-10.00_300.00s_0051.fits,1,/mnt/raid0/AstroImaging/Preselected/Flaming Star Nebula (IC405) started 4th February 2022/Lights/Ha/2022-02-27_19-12-36_Ha_-10.00_300.00s_0051.fits,79.4669167661283,34.271953125,71.2518844241651,199.404273007797,1.05584009791879,East,40.0,52.2486111111111,-0.123055555555556,05 20 58,+33 46 43,180.87,0.0,0.3,71.0,1018.2,5.1,123.0,9.72
True,16,2,9576,6388,True,32768,LIGHT,300.0,300.0,2022-02-27T19:17:41.038,2022-02-27T19:17:41.038,1,1,100,10,0.246657639741898,3.76,3.76,ZWO ASI6200MM Pro,-10.0,-10.0,40,NP101is,540.0,5.4,Starlight Xpress Fil,Ha,IC 405,FocusLynx Focuser 1,9061.0,9061.0,13.404,2.2,2.2,TOP-DOWN,2000.0,N.I.N.A. 2.0.0.2048,2022-02-27_19-17-41_Ha_-10.00_300.00s_0052.fits,1,/mnt/raid0/AstroImaging/Preselected/Flaming Star Nebula (IC405) started 4th February 2022/Lights/Ha/2022-02-27_19-17-41_Ha_-10.00_300.00s_0052.fits,79.4662443092363,34.2686328125,70.9709218997004,202.522641020907,1.05760900672629,East,40.0,52.2486111111111,-0.123055555555556,05 20 58,+33 46 43,180.87,0.0,0.3,71.0,1018.2,5.1,123.0,9.72
True,16,2,9576,6388,True,32768,LIGHT,300.0,300.0,2022-02-27T19:22:43.763,2022-02-27T19:22:43.763,1,1,100,10,0.246657639741898,3.76,3.76,ZWO ASI6200MM Pro,-10.0,-9.9,40,NP101is,540.0,5.4,Starlight Xpress Fil,Ha,IC 405,FocusLynx Focuser 1,9061.0,9061.0,13.404,2.1,2.1,TOP-DOWN,2000.0,N.I.N.A. 2.0.0.2048,2022-02-27_19-22-43_Ha_-9.90_300.00s_0053.fits,1,/mnt/raid0/AstroImaging/Preselected/Flaming Star Nebula (IC405) started 4th February 2022/Lights/Ha/2022-02-27_19-22-43_Ha_-9.90_300.00s_0053.fits,79.4676940906962,34.272421875,70.6608593909857,205.54232610383,1.05959760121561,East,40.0,52.2486111111111,-0.123055555555556,05 20 58,+33 46 43,180.87,0.0,0.4,72.0,1018.2,5.0,123.0,9.72
True,16,2,9576,6388,True,32768,LIGHT,300.0,300.0,2022-02-27T19:27:46.477,2022-02-27T19:27:46.477,1,1,100,10,0.246657639741898,3.76,3.76,ZWO ASI6200MM Pro,-10.0,-10.0,40,NP101is,540.0,5.4,Starlight Xpress Fil,Ha,IC 405,FocusLynx Focuser 1,9061.0,9061.0,13.404,2.1,2.1,TOP-DOWN,2000.0,N.I.N.A. 2.0.0.2048,2022-02-27_19-27-46_Ha_-10.00_300.00s_0054.fits,1,/mnt/raid0/AstroImaging/Preselected/Flaming Star Nebula (IC405) started 4th February 2022/Lights/Ha/2022-02-27_19-27-46_Ha_-10.00_300.00s_0054.fits,79.4676166361873,34.27265625,70.3082597239874,208.497300303229,1.06190592598354,East,40.0,52.2486111111111,-0.123055555555556,05 20 58,+33 46 43,180.87,0.0,0.4,72.0,1018.2,5.0,123.0,9.72
True,16,2,9576,6388,True,32768,LIGHT,300.0,300.0,2022-02-27T19:32:48.990,2022-02-27T19:32:48.990,1,1,100,10,0.246657639741898,3.76,3.76,ZWO ASI6200MM Pro,-10.0,-10.0,40,NP101is,540.0,5.4,Starlight Xpress Fil,Ha,IC 405,FocusLynx Focuser 1,9061.0,9061.0,13.404,2.0,2.0,TOP-DOWN,2000.0,N.I.N.A. 2.0.0.2048,2022-02-27_19-32-48_Ha_-10.00_300.00s_0055.fits,1,/mnt/raid0/AstroImaging/Preselected/Flaming Star Nebula (IC405) started 4th February 2022/Lights/Ha/2022-02-27_19-32-48_Ha_-10.00_300.00s_0055.fits,79.468353112459,34.272421875,69.923694677262,211.338684264446,1.0644810044644,East,40.0,52.2486111111111,-0.123055555555556,05 20 58,+33 46 43,180.87,0.0,0.2,73.0,1018.2,4.6,140.0,7.92
True,16,2,9576,6388,True,32768,LIGHT,300.0,300.0,2022-02-27T19:37:51.550,2022-02-27T19:37:51.550,1,1,100,10,0.246657639741898,3.76,3.76,ZWO ASI6200MM Pro,-10.0,-9.9,40,NP101is,540.0,5.4,Starlight Xpress Fil,Ha,IC 405,FocusLynx Focuser 1,9061.0,9061.0,13.404,2.0,2.0,TOP-DOWN,2000.0,N.I.N.A. 2.0.0.2048,2022-02-27_19-37-51_Ha_-9.90_300.00s_0056.fits,1,/mnt/raid0/AstroImaging/Preselected/Flaming Star Nebula (IC405) started 4th February 2022/Lights/Ha/2022-02-27_19-37-51_Ha_-9.90_300.00s_0056.fits,79.4694792909567,34.2730078125,69.5045649663529,214.108613465419,1.06735660597066,East,40.0,52.2486111111111,-0.123055555555556,05 20 58,+33 46 43,180.87,0.0,0.2,73.0,1018.2,4.6,140.0,7.92
True,16,2,9576,6388,True,32768,LIGHT,300.0,300.0,2022-02-27T19:43:12.861,2022-02-27T19:43:12.861,1,1,100,10,0.246657639741898,3.76,3.76,ZWO ASI6200MM Pro,-10.0,-9.9,40,NP101is,540.0,5.4,Starlight Xpress Fil,Ha,IC 405,FocusLynx Focuser 1,9061.0,9061.0,13.404,1.9,1.9,TOP-DOWN,2000.0,N.I.N.A. 2.0.0.2048,2022-02-27_19-43-12_Ha_-9.90_300.00s_0057.fits,1,/mnt/raid0/AstroImaging/Preselected/Flaming Star Nebula (IC405) started 4th February 2022/Lights/Ha/2022-02-27_19-43-12_Ha_-9.90_300.00s_0057.fits,79.4600376215457,34.27,69.0203282240054,216.957400057901,1.07076974133855,East,40.0,52.2486111111111,-0.123055555555556,05 20 58,+33 46 43,180.87,0.0,0.1,73.0,1018.2,4.5,141.0,7.92
True,16,2,9576,6388,True,32768,LIGHT,300.0,300.0,2022-02-27T19:48:15.524,2022-02-27T19:48:15.524,1,1,100,10,0.246657639741898,3.76,3.76,ZWO ASI6200MM Pro,-10.0,-10.0,40,NP101is,540.0,5.4,Starlight Xpress Fil,Ha,IC 405,FocusLynx Focuser 1,9061.0,9061.0,13.404,1.9,1.9,TOP-DOWN,2000.0,N.I.N.A. 2.0.0.2048,2022-02-27_19-48-15_Ha_-10.00_300.00s_0058.fits,1,/mnt/raid0/AstroImaging/Preselected/Flaming Star Nebula (IC405) started 4th February 2022/Lights/Ha/2022-02-27_19-48-15_Ha_-10.00_300.00s_0058.fits,79.4595824387264,34.2737109375,68.5452022173847,219.52226859628,1.0742146309408,East,40.0,52.2486111111111,-0.123055555555556,05 20 58,+33 46 43,180.87,0.0,0.1,73.0,1018.2,4.5,141.0,7.92
True,16,2,9576,6388,True,32768,LIGHT,300.0,300.0,2022-02-27T20:00:00.484,2022-02-27T20:00:00.484,1,1,100,10,0.246657639741898,3.76,3.76,ZWO ASI6200MM Pro,-10.0,-10.0,40,NP101is,540.0,5.4,Starlight Xpress Fil,Ha,IC 405,FocusLynx Focuser 1,9030.0,9030.0,13.404,1.9,1.9,TOP-DOWN,2000.0,N.I.N.A. 2.0.0.2048,2022-02-27_20-00-00_Ha_-10.00_300.00s_0059.fits,1,/mnt/raid0/AstroImaging/Preselected/Flaming Star Nebula (IC405) started 4th February 2022/Lights/Ha/2022-02-27_20-00-00_Ha_-10.00_300.00s_0059.fits,79.459323163497,34.274921875,67.3289730523878,225.152866197171,1.08347580063956,East,40.0,52.2486111111111,-0.123055555555556,05 20 58,+33 46 43,180.87,0.0,0.3,74.0,1018.2,4.5,141.0,7.92
True,16,2,9576,6388,True,32768,LIGHT,300.0,300.0,2022-02-27T20:05:05.017,2022-02-27T20:05:05.017,1,1,100,10,0.246657639741898,3.76,3.76,ZWO ASI6200MM Pro,-10.0,-10.0,40,NP101is,540.0,5.4,Starlight Xpress Fil,Ha,IC 405,FocusLynx Focuser 1,9030.0,9030.0,13.404,1.9,1.9,TOP-DOWN,2000.0,N.I.N.A. 2.0.0.2048,2022-02-27_20-05-05_Ha_-10.00_300.00s_0060.fits,1,/mnt/raid0/AstroImaging/Preselected/Flaming Star Nebula (IC405) started 4th February 2022/Lights/Ha/2022-02-27_20-05-05_Ha_-10.00_300.00s_0060.fits,79.4615932959244,34.275234375,66.7688228884157,227.419788046087,1.08796057484356,East,40.0,52.2486111111111,-0.123055555555556,05 20 58,+33 46 43,180.87,0.0,0.1,74.0,1018.2,4.3,133.0,7.92
True,16,2,9576,6388,True,32768,LIGHT,300.0,300.0,2022-02-27T20:10:07.662,2022-02-27T20:10:07.662,1,1,100,10,0.246657639741898,3.76,3.76,ZWO ASI6200MM Pro,-10.0,-10.0,40,NP101is,540.0,5.4,Starlight Xpress Fil,Ha,IC 405,FocusLynx Focuser 1,9030.0,9030.0,13.404,1.8,1.8,TOP-DOWN,2000.0,N.I.N.A. 2.0.0.2048,2022-02-27_20-10-07_Ha_-10.00_300.00s_0061.fits,1,/mnt/raid0/AstroImaging/Preselected/Flaming Star Nebula (IC405) started 4th February 2022/Lights/Ha/2022-02-27_20-10-07_Ha_-10.00_300.00s_0061.fits,79.4628102343289,34.2751953125,66.1906872212101,229.591348436816,1.0927382318809,East,40.0,52.2486111111111,-0.123055555555556,05 20 58,+33 46 43,180.87,0.0,0.1,74.0,1018.2,4.3,133.0,7.92
True,16,2,9576,6388,True,32768,LIGHT,300.0,300.0,2022-02-27T20:15:10.328,2022-02-27T20:15:10.328,1,1,100,10,0.246657639741898,3.76,3.76,ZWO ASI6200MM Pro,-10.0,-10.0,40,NP101is,540.0,5.4,Starlight Xpress Fil,Ha,IC 405,FocusLynx Focuser 1,9030.0,9030.0,13.404,1.8,1.8,TOP-DOWN,2000.0,N.I.N.A. 2.0.0.2048,2022-02-27_20-15-10_Ha_-10.00_300.00s_0062.fits,1,/mnt/raid0/AstroImaging/Preselected/Flaming Star Nebula (IC405) started 4th February 2022/Lights/Ha/2022-02-27_20-15-10_Ha_-10.00_300.00s_0062.fits,79.4614093620568,34.2723828125,65.5876479797059,231.691683895633,1.09788601978646,East,40.0,52.2486111111111,-0.123055555555556,05 20 58,+33 46 43,180.87,0.0,-0.1,74.0,1018.2,4.1,133.0,7.92
True,16,2,9576,6388,True,32768,LIGHT,300.0,300.0,2022-02-27T20:20:31.046,2022-02-27T20:20:31.046,1,1,100,10,0.246657639741898,3.76,3.76,ZWO ASI6200MM Pro,-10.0,-9.9,40,NP101is,540.0,5.4,Starlight Xpress Fil,Ha,IC 405,FocusLynx Focuser 1,9030.0,9030.0,13.404,1.7,1.7,TOP-DOWN,2000.0,N.I.N.A. 2.0.0.2048,2022-02-27_20-20-31_Ha_-9.90_300.00s_0063.fits,1,/mnt/raid0/AstroImaging/Preselected/Flaming Star Nebula (IC405) started 4th February 2022/Lights/Ha/2022-02-27_20-20-31_Ha_-9.90_300.00s_0063.fits,79.4563709127943,34.2768359375,64.9377604472738,233.835946771344,1.10362557229249,East,40.0,52.2486111111111,-0.123055555555556,05 20 58,+33 46 43,180.87,0.0,-0.1,74.0,1018.2,4.2,133.0,7.92
True,16,2,9576,6388,True,32768,LIGHT,300.0,300.0,2022-02-27T20:56:29.748,2022-02-27T20:56:29.748,1,1,100,10,0.246657639741898,3.76,3.76,ZWO ASI6200MM Pro,-10.0,-9.9,40,NP101is,540.0,5.4,Starlight Xpress Fil,Ha,IC 405,FocusLynx Focuser 1,9025.0,9025.0,13.404,1.6,1.6,TOP-DOWN,2000.0,N.I.N.A. 2.0.0.2048,2022-02-27_20-56-29_Ha_-9.90_300.00s_0064.fits,1,/mnt/raid0/AstroImaging/Preselected/Flaming Star Nebula (IC405) started 4th February 2022/Lights/Ha/2022-02-27_20-56-29_Ha_-9.90_300.00s_0064.fits,79.4673047455556,34.2698046875,60.1505536071546,246.257461442669,1.15251300194004,East,40.0,52.2486111111111,-0.123055555555556,05 20 58,+33 46 43,180.87,0.0,0.0,75.0,1018.2,4.1,126.0,11.16
True,16,2,9576,6388,True,32768,LIGHT,300.0,300.0,2022-02-27T21:01:32.851,2022-02-27T21:01:32.851,1,1,100,10,0.246657639741898,3.76,3.76,ZWO ASI6200MM Pro,-10.0,-10.0,40,NP101is,540.0,5.4,Starlight Xpress Fil,Ha,IC 405,FocusLynx Focuser 1,9025.0,9025.0,13.404,1.6,1.6,TOP-DOWN,2000.0,N.I.N.A. 2.0.0.2048,2022-02-27_21-01-32_Ha_-10.00_300.00s_0065.fits,1,/mnt/raid0/AstroImaging/Preselected/Flaming Star Nebula (IC405) started 4th February 2022/Lights/Ha/2022-02-27_21-01-32_Ha_-10.00_300.00s_0065.fits,79.467363964219,34.2698046875,59.4307092744851,247.791405473751,1.16095425900472,East,40.0,52.2486111111111,-0.123055555555556,05 20 58,+33 46 43,180.87,0.0,0.0,75.0,1018.2,4.0,141.0,11.16
True,16,2,9576,6388,True,32768,LIGHT,300.0,300.0,2022-02-27T21:06:36.893,2022-02-27T21:06:36.893,1,1,100,10,0.246657639741898,3.76,3.76,ZWO ASI6200MM Pro,-10.0,-10.0,40,NP101is,540.0,5.4,Starlight Xpress Fil,Ha,IC 405,FocusLynx Focuser 1,9025.0,9025.0,13.404,1.6,1.6,TOP-DOWN,2000.0,N.I.N.A. 2.0.0.2048,2022-02-27_21-06-36_Ha_-10.00_300.00s_0066.fits,1,/mnt/raid0/AstroImaging/Preselected/Flaming Star Nebula (IC405) started 4th February 2022/Lights/Ha/2022-02-27_21-06-36_Ha_-10.00_300.00s_0066.fits,79.4674829203711,34.2698046875,58.7083252970656,249.268076616644,1.1697369650369,East,40.0,52.2486111111111,-0.123055555555556,05 20 58,+33 46 43,180.87,0.0,0.0,75.0,1018.2,4.0,141.0,11.16
True,16,2,9576,6388,True,32768,LIGHT,300.0,300.0,2022-02-27T21:11:40.501,2022-02-27T21:11:40.501,1,1,100,10,0.246657639741898,3.76,3.76,ZWO ASI6200MM Pro,-10.0,-9.9,40,NP101is,540.0,5.4,Starlight Xpress Fil,Ha,IC 405,FocusLynx Focuser 1,9025.0,9025.0,13.404,1.6,1.6,TOP-DOWN,2000.0,N.I.N.A. 2.0.0.2048,2022-02-27_21-11-40_Ha_-9.90_300.00s_0067.fits,1,/mnt/raid0/AstroImaging/Preselected/Flaming Star Nebula (IC405) started 4th February 2022/Lights/Ha/2022-02-27_21-11-40_Ha_-9.90_300.00s_0067.fits,79.4675791347356,34.2698046875,57.9832316813526,250.693268527361,1.17887657928625,East,40.0,52.2486111111111,-0.123055555555556,05 20 58,+33 46 43,180.87,0.0,0.0,75.0,1018.2,4.0,141.0,11.16
True,16,2,9576,6388,True,32768,LIGHT,300.0,300.0,2022-02-27T21:22:21.523,2022-02-27T21:22:21.523,1,1,100,10,0.246657639741898,3.76,3.76,ZWO ASI6200MM Pro,-10.0,-9.9,40,NP101is,540.0,5.4,Starlight Xpress Fil,Ha,IC 405,FocusLynx Focuser 1,9018.0,9018.0,13.404,1.5,1.5,TOP-DOWN,2000.0,N.I.N.A. 2.0.0.2048,2022-02-27_21-22-21_Ha_-9.90_300.00s_0068.fits,1,/mnt/raid0/AstroImaging/Preselected/Flaming Star Nebula (IC405) started 4th February 2022/Lights/Ha/2022-02-27_21-22-21_Ha_-9.90_300.00s_0068.fits,79.4678084971424,34.2698046875,56.4181746393309,253.599207661993,1.19976086208025,East,40.0,52.2486111111111,-0.123055555555556,05 20 58,+33 46 43,180.87,0.0,0.1,76.0,1018.2,3.9,134.0,7.92
True,16,2,9576,6388,True,32768,LIGHT,300.0,300.0,2022-02-27T21:27:25.976,2022-02-27T21:27:25.976,1,1,100,10,0.246657639741898,3.76,3.76,ZWO ASI6200MM Pro,-10.0,-10.0,40,NP101is,540.0,5.4,Starlight Xpress Fil,Ha,IC 405,FocusLynx Focuser 1,9018.0,9018.0,13.404,1.4,1.4,TOP-DOWN,2000.0,N.I.N.A. 2.0.0.2048,2022-02-27_21-27-25_Ha_-10.00_300.00s_0069.fits,1,/mnt/raid0/AstroImaging/Preselected/Flaming Star Nebula (IC405) started 4th February 2022/Lights/Ha/2022-02-27_21-27-25_Ha_-10.00_300.00s_0069.fits,79.4679242456075,34.2698046875,55.6712353224533,254.914169425986,1.21031210415402,East,40.0,52.2486111111111,-0.123055555555556,05 20 58,+33 46 43,180.87,0.0,0.1,76.0,1018.2,3.9,134.0,7.92
True,16,2,9576,6388,True,32768,LIGHT,300.0,300.0,2022-02-27T21:32:28.626,2022-02-27T21:32:28.626,1,1,100,10,0.246657639741898,3.76,3.76,ZWO ASI6200MM Pro,-10.0,-10.0,40,NP101is,540.0,5.4,Starlight Xpress Fil,Ha,IC 405,FocusLynx Focuser 1,9018.0,9018.0,13.404,1.4,1.4,TOP-DOWN,2000.0,N.I.N.A. 2.0.0.2048,2022-02-27_21-32-28_Ha_-10.00_300.00s_0070.fits,1,/mnt/raid0/AstroImaging/Preselected/Flaming Star Nebula (IC405) started 4th February 2022/Lights/Ha/2022-02-27_21-32-28_Ha_-10.00_300.00s_0070.fits,79.4680021524178,34.2698046875,54.919694074103,256.195994924852,1.22132789769854,East,40.0,52.2486111111111,-0.123055555555556,05 20 58,+33 46 43,180.87,0.0,0.0,76.0,1018.2,3.9,134.0,7.92
True,16,2,9576,6388,True,32768,LIGHT,300.0,300.0,2022-03-25T20:01:26.420,2022-03-25T20:01:26.420,1,1,100,10,0.246657639741898,3.76,3.76,ZWO ASI6200MM Pro,-10.0,17.9,40,NP101is,540.0,5.4,Starlight Xpress Fil,Ha,IC 405,FocusLynx Focuser 1,8740.0,8740.0,13.404,8.0,8.0,TOP-DOWN,2000.0,N.I.N.A. 2.0.0.2055,2022-03-25_20-01-26_Ha_17.90_300.00s_0075.fits,1,/mnt/raid0/AstroImaging/Preselected/Flaming Star Nebula (IC405) started 4th February 2022/Lights/Ha/2022-03-25_20-01-26_Ha_17.90_300.00s_0075.fits,80.2414529386449,33.7786346532513,53.62021,257.25153,1.24136471266742,East,46.0,52.248,-0.123,05 20 58,+33 46 43,180.87,2.0,4.04490064012686,67.0,1032.0,9.76000000000005,65.0,1.62
True,16,2,9576,6388,True,32768,LIGHT,300.0,300.0,2022-03-25T20:06:29.346,2022-03-25T20:06:29.346,1,1,100,10,0.246657639741898,3.76,3.76,ZWO ASI6200MM Pro,-10.0,18.0,40,NP101is,540.0,5.4,Starlight Xpress Fil,Ha,IC 405,FocusLynx Focuser 1,8740.0,8740.0,13.404,7.9,7.9,TOP-DOWN,2000.0,N.I.N.A. 2.0.0.2055,2022-03-25_20-06-29_Ha_18.00_300.00s_0076.fits,1,/mnt/raid0/AstroImaging/Preselected/Flaming Star Nebula (IC405) started 4th February 2022/Lights/Ha/2022-03-25_20-06-29_Ha_18.00_300.00s_0076.fits,80.241393092663,33.7786345288914,52.85885,258.4769,1.25371449445546,East,46.0,52.248,-0.123,05 20 58,+33 46 43,180.87,2.0,4.04490064012686,67.0,1032.0,9.76000000000005,65.0,1.62
True,16,2,9576,6388,True,32768,LIGHT,300.0,300.0,2022-03-25T20:11:31.094,2022-03-25T20:11:31.094,1,1,100,10,0.246657639741898,3.76,3.76,ZWO ASI6200MM Pro,-10.0,18.0,40,NP101is,540.0,5.4,Starlight Xpress Fil,Ha,IC 405,FocusLynx Focuser 1,8740.0,8740.0,13.404,7.7,7.7,TOP-DOWN,2000.0,N.I.N.A. 2.0.0.2055,2022-03-25_20-11-31_Ha_18.00_300.00s_0077.fits,1,/mnt/raid0/AstroImaging/Preselected/Flaming Star Nebula (IC405) started 4th February 2022/Lights/Ha/2022-03-25_20-11-31_Ha_18.00_300.00s_0077.fits,80.2414081880485,33.7786445599019,52.10197,259.66326,1.26646047144149,East,46.0,52.248,-0.123,05 20 58,+33 46 43,180.87,2.0,4.04490064012686,67.0,1032.0,9.76000000000005,65.0,1.62
True,16,2,9576,6388,True,32768,LIGHT,300.0,300.0,2022-03-25T20:16:32.955,2022-03-25T20:16:32.955,1,1,100,10,0.246657639741898,3.76,3.76,ZWO ASI6200MM Pro,-10.0,17.9,40,NP101is,540.0,5.4,Starlight Xpress Fil,Ha,IC 405,FocusLynx Focuser 1,8740.0,8740.0,13.404,7.6,7.6,TOP-DOWN,2000.0,N.I.N.A. 2.0.0.2055,2022-03-25_20-16-32_Ha_17.90_300.00s_0078.fits,1,/mnt/raid0/AstroImaging/Preselected/Flaming Star Nebula (IC405) started 4th February 2022/Lights/Ha/2022-03-25_20-16-32_Ha_17.90_300.00s_0078.fits,80.2413183825457,33.7786343737913,51.34074,260.82707,1.27977030803564,East,46.0,52.248,-0.123,05 20 58,+33 46 43,180.87,2.0,3.80648591580319,67.0,1032.0,9.51000000000005,102.0,8.496
True,16,2,9576,6388,True,32768,LIGHT,300.0,300.0,2022-03-25T20:21:34.743,2022-03-25T20:21:34.743,1,1,100,10,0.246657639741898,3.76,3.76,ZWO ASI6200MM Pro,-10.0,17.8,40,NP101is,540.0,5.4,Starlight Xpress Fil,Ha,IC 405,FocusLynx Focuser 1,8740.0,8740.0,13.404,7.5,7.5,TOP-DOWN,2000.0,N.I.N.A. 2.0.0.2055,2022-03-25_20-21-34_Ha_17.80_300.00s_0079.fits,1,/mnt/raid0/AstroImaging/Preselected/Flaming Star Nebula (IC405) started 4th February 2022/Lights/Ha/2022-03-25_20-21-34_Ha_17.80_300.00s_0079.fits,80.2413485323275,33.77862443791,50.58107,261.96157,1.29356362322811,East,46.0,52.248,-0.123,05 20 58,+33 46 43,180.87,2.0,3.80648591580319,67.0,1032.0,9.51000000000005,102.0,8.496
True,16,2,9576,6388,True,32768,LIGHT,300.0,300.0,2022-03-25T20:26:36.906,2022-03-25T20:26:36.906,1,1,100,10,0.246657639741898,3.76,3.76,ZWO ASI6200MM Pro,-10.0,17.6,40,NP101is,540.0,5.4,Starlight Xpress Fil,Ha,IC 405,FocusLynx Focuser 1,8740.0,8740.0,13.404,7.4,7.4,TOP-DOWN,2000.0,N.I.N.A. 2.0.0.2055,2022-03-25_20-26-36_Ha_17.60_300.00s_0080.fits,1,/mnt/raid0/AstroImaging/Preselected/Flaming Star Nebula (IC405) started 4th February 2022/Lights/Ha/2022-03-25_20-26-36_Ha_17.60_300.00s_0080.fits,80.2413787137727,33.7786045029453,49.81315,263.08324,1.30804727511309,East,46.0,52.248,-0.123,05 20 58,+33 46 43,180.87,2.0,3.86218908223657,69.0,1032.0,9.14000000000004,94.0,7.956
True,16,2,9576,6388,True,32768,LIGHT,300.0,300.0,2022-03-25T20:31:50.313,2022-03-25T20:31:50.313,1,1,100,10,0.246657639741898,3.76,3.76,ZWO ASI6200MM Pro,-10.0,17.5,40,NP101is,540.0,5.4,Starlight Xpress Fil,Ha,IC 405,FocusLynx Focuser 1,8740.0,8740.0,13.404,7.2,7.2,TOP-DOWN,2000.0,N.I.N.A. 2.0.0.2055,2022-03-25_20-31-50_Ha_17.50_300.00s_0081.fits,1,/mnt/raid0/AstroImaging/Preselected/Flaming Star Nebula (IC405) started 4th February 2022/Lights/Ha/2022-03-25_20-31-50_Ha_17.50_300.00s_0081.fits,80.2409905327769,33.7780937403005,49.01797,264.21925,1.32364296785187,East,46.0,52.248,-0.123,05 20 58,+33 46 43,180.87,2.0,3.86218908223657,69.0,1032.0,9.14000000000004,94.0,7.956
True,16,2,9576,6388,True,32768,LIGHT,300.0,300.0,2022-03-25T20:36:52.072,2022-03-25T20:36:52.072,1,1,100,10,0.246657639741898,3.76,3.76,ZWO ASI6200MM Pro,-10.0,17.5,40,NP101is,540.0,5.4,Starlight Xpress Fil,Ha,IC 405,FocusLynx Focuser 1,8740.0,8740.0,13.404,7.1,7.1,TOP-DOWN,2000.0,N.I.N.A. 2.0.0.2055,2022-03-25_20-36-52_Ha_17.50_300.00s_0082.fits,1,/mnt/raid0/AstroImaging/Preselected/Flaming Star Nebula (IC405) started 4th February 2022/Lights/Ha/2022-03-25_20-36-52_Ha_17.50_300.00s_0082.fits,80.2410506425714,33.7780938657736,48.24834,265.29807,1.33934295216446,East,46.0,52.248,-0.123,05 20 58,+33 46 43,180.87,2.0,3.86218908223657,69.0,1032.0,9.14000000000004,94.0,7.956
True,16,2,9576,6388,True,32768,LIGHT,300.0,300.0,2022-03-25T20:41:53.891,2022-03-25T20:41:53.891,1,1,100,10,0.246657639741898,3.76,3.76,ZWO ASI6200MM Pro,-10.0,17.4,40,NP101is,540.0,5.4,Starlight Xpress Fil,Ha,IC 405,FocusLynx Focuser 1,8740.0,8740.0,13.404,6.9,6.9,TOP-DOWN,2000.0,N.I.N.A. 2.0.0.2055,2022-03-25_20-41-53_Ha_17.40_300.00s_0083.fits,1,/mnt/raid0/AstroImaging/Preselected/Flaming Star Nebula (IC405) started 4th February 2022/Lights/Ha/2022-03-25_20-41-53_Ha_17.40_300.00s_0083.fits,80.2410808237304,33.7780739305693,47.47869,266.35725,1.35566627311736,East,46.0,52.248,-0.123,05 20 58,+33 46 43,180.87,2.0,3.86218908223657,69.0,1032.0,9.14000000000004,94.0,7.956
True,16,2,9576,6388,True,32768,LIGHT,300.0,300.0,2022-03-25T20:46:55.592,2022-03-25T20:46:55.592,1,1,100,10,0.246657639741898,3.76,3.76,ZWO ASI6200MM Pro,-10.0,17.3,40,NP101is,540.0,5.4,Starlight Xpress Fil,Ha,IC 405,FocusLynx Focuser 1,8740.0,8740.0,13.404,6.8,6.8,TOP-DOWN,2000.0,N.I.N.A. 2.0.0.2055,2022-03-25_20-46-55_Ha_17.30_300.00s_0084.fits,1,/mnt/raid0/AstroImaging/Preselected/Flaming Star Nebula (IC405) started 4th February 2022/Lights/Ha/2022-03-25_20-46-55_Ha_17.30_300.00s_0084.fits,80.2410509663133,33.7780738681534,46.70965,267.39759,1.37262773883913,East,46.0,52.248,-0.123,05 20 58,+33 46 43,180.87,2.0,3.60239965744666,70.0,1032.0,8.66000000000003,94.0,7.956
True,16,2,9576,6388,True,32768,LIGHT,300.0,300.0,2022-03-25T20:51:57.288,2022-03-25T20:51:57.288,1,1,100,10,0.246657639741898,3.76,3.76,ZWO ASI6200MM Pro,-10.0,17.2,40,NP101is,540.0,5.4,Starlight Xpress Fil,Ha,IC 405,FocusLynx Focuser 1,8740.0,8740.0,13.404,6.6,6.6,TOP-DOWN,2000.0,N.I.N.A. 2.0.0.2055,2022-03-25_20-51-57_Ha_17.20_300.00s_0085.fits,1,/mnt/raid0/AstroImaging/Preselected/Flaming Star Nebula (IC405) started 4th February 2022/Lights/Ha/2022-03-25_20-51-57_Ha_17.20_300.00s_0085.fits,80.2410211091123,33.7780738056601,45.93905,268.42344,1.39030736519187,East,46.0,52.248,-0.123,05 20 58,+33 46 43,180.87,2.0,3.60239965744666,70.0,1032.0,8.66000000000003,94.0,7.956
True,16,2,9576,6388,True,32768,LIGHT,300.0,300.0,2022-03-25T20:59:34.686,2022-03-25T20:59:34.686,1,1,100,10,0.246657639741898,3.76,3.76,ZWO ASI6200MM Pro,-10.0,17.0,40,NP101is,540.0,5.4,Starlight Xpress Fil,Ha,IC 405,FocusLynx Focuser 1,8714.0,8714.0,13.404,6.5,6.5,TOP-DOWN,2000.0,N.I.N.A. 2.0.0.2055,2022-03-25_20-59-34_Ha_17.00_300.00s_0086.fits,1,/mnt/raid0/AstroImaging/Preselected/Flaming Star Nebula (IC405) started 4th February 2022/Lights/Ha/2022-03-25_20-59-34_Ha_17.00_300.00s_0086.fits,80.2411112460551,33.7780839923828,44.77005,269.95105,1.41850890043272,East,46.0,52.248,-0.123,05 20 58,+33 46 43,180.87,2.0,3.60239965744666,70.0,1032.0,8.66000000000003,94.0,7.956
True,16,2,9576,6388,True,32768,LIGHT,300.0,300.0,2022-03-25T21:04:49.669,2022-03-25T21:04:49.669,1,1,100,10,0.246657639741898,3.76,3.76,ZWO ASI6200MM Pro,-10.0,17.0,40,NP101is,540.0,5.4,Starlight Xpress Fil,Ha,IC 405,FocusLynx Focuser 1,8714.0,8714.0,13.404,6.4,6.4,TOP-DOWN,2000.0,N.I.N.A. 2.0.0.2055,2022-03-25_21-04-49_Ha_17.00_300.00s_0087.fits,1,/mnt/raid0/AstroImaging/Preselected/Flaming Star Nebula (IC405) started 4th February 2022/Lights/Ha/2022-03-25_21-04-49_Ha_17.00_300.00s_0087.fits,80.2413345798007,33.7786544052111,43.96846,270.98161,1.43886634980756,East,46.0,52.248,-0.123,05 20 58,+33 46 43,180.87,2.0,3.60239965744666,70.0,1032.0,8.66000000000003,94.0,7.956
True,16,2,9576,6388,True,32768,LIGHT,300.0,300.0,2022-03-25T21:09:51.436,2022-03-25T21:09:51.436,1,1,100,10,0.246657639741898,3.76,3.76,ZWO ASI6200MM Pro,-10.0,17.0,40,NP101is,540.0,5.4,Starlight Xpress Fil,Ha,IC 405,FocusLynx Focuser 1,8714.0,8714.0,13.404,6.2,6.2,TOP-DOWN,2000.0,N.I.N.A. 2.0.0.2055,2022-03-25_21-09-51_Ha_17.00_300.00s_0088.fits,1,/mnt/raid0/AstroImaging/Preselected/Flaming Star Nebula (IC405) started 4th February 2022/Lights/Ha/2022-03-25_21-09-51_Ha_17.00_300.00s_0088.fits,80.241244594138,33.778704212342,43.19722,271.95982,1.45928331832997,East,46.0,52.248,-0.123,05 20 58,+33 46 43,180.87,2.0,3.58823041179927,71.0,1032.0,8.44,94.0,7.956
True,16,2,9576,6388,True,32768,LIGHT,300.0,300.0,2022-03-25T21:14:53.513,2022-03-25T21:14:53.513,1,1,100,10,0.246657639741898,3.76,3.76,ZWO ASI6200MM Pro,-10.0,16.9,40,NP101is,540.0,5.4,Starlight Xpress Fil,Ha,IC 405,FocusLynx Focuser 1,8714.0,8714.0,13.404,6.1,6.1,TOP-DOWN,2000.0,N.I.N.A. 2.0.0.2055,2022-03-25_21-14-53_Ha_16.90_300.00s_0089.fits,1,/mnt/raid0/AstroImaging/Preselected/Flaming Star Nebula (IC405) started 4th February 2022/Lights/Ha/2022-03-25_21-14-53_Ha_16.90_300.00s_0089.fits,80.2412898318427,33.7786643098941,42.41965,272.93472,1.48073589524975,East,46.0,52.248,-0.123,05 20 58,+33 46 43,180.87,2.0,3.58823041179927,71.0,1032.0,8.44,94.0,7.956
True,16,2,9576,6388,True,32768,LIGHT,300.0,300.0,2022-03-25T21:19:55.323,2022-03-25T21:19:55.323,1,1,100,10,0.246657639741898,3.76,3.76,ZWO ASI6200MM Pro,-10.0,16.8,40,NP101is,540.0,5.4,Starlight Xpress Fil,Ha,IC 405,FocusLynx Focuser 1,8714.0,8714.0,13.404,5.9,5.9,TOP-DOWN,2000.0,N.I.N.A. 2.0.0.2055,2022-03-25_21-19-55_Ha_16.80_300.00s_0090.fits,1,/mnt/raid0/AstroImaging/Preselected/Flaming Star Nebula (IC405) started 4th February 2022/Lights/Ha/2022-03-25_21-19-55_Ha_16.80_300.00s_0090.fits,80.2412600356832,33.7786442489492,41.64988,273.88986,1.50287763945691,East,46.0,52.248,-0.123,05 20 58,+33 46 43,180.87,2.0,3.41700948555188,72.0,1032.0,8.06,94.0,7.956
True,16,2,9576,6388,True,32768,LIGHT,300.0,300.0,2022-03-25T21:24:57.086,2022-03-25T21:24:57.086,1,1,100,10,0.246657639741898,3.76,3.76,ZWO ASI6200MM Pro,-10.0,16.7,40,NP101is,540.0,5.4,Starlight Xpress Fil,Ha,IC 405,FocusLynx Focuser 1,8714.0,8714.0,13.404,5.8,5.8,TOP-DOWN,2000.0,N.I.N.A. 2.0.0.2055,2022-03-25_21-24-57_Ha_16.70_300.00s_0091.fits,1,/mnt/raid0/AstroImaging/Preselected/Flaming Star Nebula (IC405) started 4th February 2022/Lights/Ha/2022-03-25_21-24-57_Ha_16.70_300.00s_0091.fits,80.2411968573309,33.7786441164214,40.88665,274.82801,1.52576791534064,East,46.0,52.248,-0.123,05 20 58,+33 46 43,180.87,2.0,3.41700948555188,72.0,1032.0,8.06,94.0,7.956
True,16,2,9576,6388,True,32768,LIGHT,300.0,300.0,2022-03-25T21:29:58.757,2022-03-25T21:29:58.757,1,1,100,10,0.246657639741898,3.76,3.76,ZWO ASI6200MM Pro,-10.0,16.6,40,NP101is,540.0,5.4,Starlight Xpress Fil,Ha,IC 405,FocusLynx Focuser 1,8714.0,8714.0,13.404,5.6,5.6,TOP-DOWN,2000.0,N.I.N.A. 2.0.0.2055,2022-03-25_21-29-58_Ha_16.60_300.00s_0092.fits,1,/mnt/raid0/AstroImaging/Preselected/Flaming Star Nebula (IC405) started 4th February 2022/Lights/Ha/2022-03-25_21-29-58_Ha_16.60_300.00s_0092.fits,80.2412153174833,33.77864415416,40.1126111111111,275.772277777778,1.54998772253003,East,46.0,52.248,-0.123,05 20 58,+33 46 43,180.87,1.0,3.34821273900675,73.0,1032.0,7.79000000000002,76.0,7.992
True,16,2,9576,6388,True,32768,LIGHT,300.0,300.0,2022-03-25T21:35:12.046,2022-03-25T21:35:12.046,1,1,100,10,0.246657639741898,3.76,3.76,ZWO ASI6200MM Pro,-10.0,16.5,40,NP101is,540.0,5.4,Starlight Xpress Fil,Ha,IC 405,FocusLynx Focuser 1,8714.0,8714.0,13.404,5.6,5.6,TOP-DOWN,2000.0,N.I.N.A. 2.0.0.2055,2022-03-25_21-35-12_Ha_16.50_300.00s_0093.fits,1,/mnt/raid0/AstroImaging/Preselected/Flaming Star Nebula (IC405) started 4th February 2022/Lights/Ha/2022-03-25_21-35-12_Ha_16.50_300.00s_0093.fits,80.2417390854852,33.7790352100823,39.31672,276.73431,1.5760074899082,East,46.0,52.248,-0.123,05 20 58,+33 46 43,180.87,1.0,3.34821273900675,73.0,1032.0,7.79000000000002,76.0,7.992
True,16,2,9576,6388,True,32768,LIGHT,300.0,300.0,2022-03-25T21:40:13.764,2022-03-25T21:40:13.764,1,1,100,10,0.246657639741898,3.76,3.76,ZWO ASI6200MM Pro,-10.0,16.5,40,NP101is,540.0,5.4,Starlight Xpress Fil,Ha,IC 405,FocusLynx Focuser 1,8714.0,8714.0,13.404,5.4,5.4,TOP-DOWN,2000.0,N.I.N.A. 2.0.0.2055,2022-03-25_21-40-13_Ha_16.50_300.00s_0094.fits,1,/mnt/raid0/AstroImaging/Preselected/Flaming Star Nebula (IC405) started 4th February 2022/Lights/Ha/2022-03-25_21-40-13_Ha_16.50_300.00s_0094.fits,80.2418442103648,33.7790254294331,38.55028,277.65456,1.60219683326072,East,46.0,52.248,-0.123,05 20 58,+33 46 43,180.87,1.0,3.25697333634218,74.0,1032.0,7.5,76.0,7.992
True,16,2,9576,6388,True,32768,LIGHT,300.0,300.0,2022-03-25T21:45:15.552,2022-03-25T21:45:15.552,1,1,100,10,0.246657639741898,3.76,3.76,ZWO ASI6200MM Pro,-10.0,16.3,40,NP101is,540.0,5.4,Starlight Xpress Fil,Ha,IC 405,FocusLynx Focuser 1,8714.0,8714.0,13.404,5.3,5.3,TOP-DOWN,2000.0,N.I.N.A. 2.0.0.2055,2022-03-25_21-45-15_Ha_16.30_300.00s_0095.fits,1,/mnt/raid0/AstroImaging/Preselected/Flaming Star Nebula (IC405) started 4th February 2022/Lights/Ha/2022-03-25_21-45-15_Ha_16.30_300.00s_0095.fits,80.2417392294497,33.7790752047414,37.79368,278.55764,1.62920449224483,East,46.0,52.248,-0.123,05 20 58,+33 46 43,180.87,1.0,3.25697333634218,74.0,1032.0,7.5,76.0,7.992
True,16,2,9576,6388,True,32768,LIGHT,300.0,300.0,2022-03-25T21:50:17.368,2022-03-25T21:50:17.368,1,1,100,10,0.246657639741898,3.76,3.76,ZWO ASI6200MM Pro,-10.0,16.2,40,NP101is,540.0,5.4,Starlight Xpress Fil,Ha,IC 405,FocusLynx Focuser 1,8714.0,8714.0,13.404,5.2,5.2,TOP-DOWN,2000.0,N.I.N.A. 2.0.0.2055,2022-03-25_21-50-17_Ha_16.20_300.00s_0096.fits,1,/mnt/raid0/AstroImaging/Preselected/Flaming Star Nebula (IC405) started 4th February 2022/Lights/Ha/2022-03-25_21-50-17_Ha_16.20_300.00s_0096.fits,80.2416794765236,33.7790450817357,37.02449,279.47084,1.65790809177112,East,46.0,52.248,-0.123,05 20 58,+33 46 43,180.87,1.0,3.11427025889449,75.0,1032.0,7.16000000000003,76.0,7.992
True,16,2,9576,6388,True,32768,LIGHT,300.0,300.0,2022-03-25T21:55:19.056,2022-03-25T21:55:19.056,1,1,100,10,0.246657639741898,3.76,3.76,ZWO ASI6200MM Pro,-10.0,16.1,40,NP101is,540.0,5.4,Starlight Xpress Fil,Ha,IC 405,FocusLynx Focuser 1,8714.0,8714.0,13.404,5.1,5.1,TOP-DOWN,2000.0,N.I.N.A. 2.0.0.2055,2022-03-25_21-55-19_Ha_16.10_300.00s_0097.fits,1,/mnt/raid0/AstroImaging/Preselected/Flaming Star Nebula (IC405) started 4th February 2022/Lights/Ha/2022-03-25_21-55-19_Ha_16.10_300.00s_0097.fits,80.2417095685517,33.7790551424364,36.26469,280.36898,1.68757074263852,East,46.0,52.248,-0.123,05 20 58,+33 46 43,180.87,1.0,3.11427025889449,75.0,1032.0,7.16000000000003,76.0,7.992
True,16,2,9576,6388,True,32768,LIGHT,300.0,300.0,2022-03-25T22:00:20.855,2022-03-25T22:00:20.855,1,1,100,10,0.246657639741898,3.76,3.76,ZWO ASI6200MM Pro,-10.0,16.0,40,NP101is,540.0,5.4,Starlight Xpress Fil,Ha,IC 405,FocusLynx Focuser 1,8714.0,8714.0,13.404,5.0,5.0,TOP-DOWN,2000.0,N.I.N.A. 2.0.0.2055,2022-03-25_22-00-20_Ha_16.00_300.00s_0098.fits,1,/mnt/raid0/AstroImaging/Preselected/Flaming Star Nebula (IC405) started 4th February 2022/Lights/Ha/2022-03-25_22-00-20_Ha_16.00_300.00s_0098.fits,80.2417097614336,33.7790351434572,35.51152,281.25597,1.71833928303136,East,46.0,52.248,-0.123,05 20 58,+33 46 43,180.87,1.0,3.17168747941253,76.0,1032.0,7.03000000000003,76.0,7.992
True,16,2,9576,6388,True,32768,LIGHT,300.0,300.0,2022-03-25T22:07:55.851,2022-03-25T22:07:55.851,1,1,100,10,0.246657639741898,3.76,3.76,ZWO ASI6200MM Pro,-10.0,15.8,40,NP101is,540.0,5.4,Starlight Xpress Fil,Ha,IC 405,FocusLynx Focuser 1,8698.0,8698.0,13.404,4.9,4.9,TOP-DOWN,2000.0,N.I.N.A. 2.0.0.2055,2022-03-25_22-07-55_Ha_15.80_300.00s_0099.fits,1,/mnt/raid0/AstroImaging/Preselected/Flaming Star Nebula (IC405) started 4th February 2022/Lights/Ha/2022-03-25_22-07-55_Ha_15.80_300.00s_0099.fits,80.241857945144,33.7796853904536,34.373,282.59323,1.76762325068999,East,46.0,52.248,-0.123,05 20 58,+33 46 43,180.87,1.0,3.14327158139616,75.0,1032.0,7.19,76.0,7.992
True,16,2,9576,6388,True,32768,LIGHT,300.0,300.0,2022-03-25T22:12:58.034,2022-03-25T22:12:58.034,1,1,100,10,0.246657639741898,3.76,3.76,ZWO ASI6200MM Pro,-10.0,15.7,40,NP101is,540.0,5.4,Starlight Xpress Fil,Ha,IC 405,FocusLynx Focuser 1,8698.0,8698.0,13.404,4.7,4.7,TOP-DOWN,2000.0,N.I.N.A. 2.0.0.2055,2022-03-25_22-12-58_Ha_15.70_300.00s_0100.fits,1,/mnt/raid0/AstroImaging/Preselected/Flaming Star Nebula (IC405) started 4th February 2022/Lights/Ha/2022-03-25_22-12-58_Ha_15.70_300.00s_0100.fits,80.2418731641215,33.7796554235524,33.61951,283.4753,1.80221647913246,East,46.0,52.248,-0.123,05 20 58,+33 46 43,180.87,1.0,3.14327158139616,75.0,1032.0,7.19,76.0,7.992
True,16,2,9576,6388,True,32768,LIGHT,300.0,300.0,2022-03-25T22:17:59.749,2022-03-25T22:17:59.749,1,1,100,10,0.246657639741898,3.76,3.76,ZWO ASI6200MM Pro,-10.0,15.6,40,NP101is,540.0,5.4,Starlight Xpress Fil,Ha,IC 405,FocusLynx Focuser 1,8698.0,8698.0,13.404,4.6,4.6,TOP-DOWN,2000.0,N.I.N.A. 2.0.0.2055,2022-03-25_22-17-59_Ha_15.60_300.00s_0101.fits,1,/mnt/raid0/AstroImaging/Preselected/Flaming Star Nebula (IC405) started 4th February 2022/Lights/Ha/2022-03-25_22-17-59_Ha_15.60_300.00s_0101.fits,80.2418131990249,33.7796952932117,32.87074,284.35096,1.83827460236894,East,46.0,52.248,-0.123,05 20 58,+33 46 43,180.87,1.0,3.14327158139616,75.0,1032.0,7.19,76.0,7.992
True,16,2,9576,6388,True,32768,LIGHT,300.0,300.0,2022-03-25T22:23:01.500,2022-03-25T22:23:01.500,1,1,100,10,0.246657639741898,3.76,3.76,ZWO ASI6200MM Pro,-10.0,15.5,40,NP101is,540.0,5.4,Starlight Xpress Fil,Ha,IC 405,FocusLynx Focuser 1,8698.0,8698.0,13.404,4.4,4.4,TOP-DOWN,2000.0,N.I.N.A. 2.0.0.2055,2022-03-25_22-23-01_Ha_15.50_300.00s_0102.fits,1,/mnt/raid0/AstroImaging/Preselected/Flaming Star Nebula (IC405) started 4th February 2022/Lights/Ha/2022-03-25_22-23-01_Ha_15.50_300.00s_0102.fits,80.2418433212383,33.7796953544881,32.12889,285.21809,1.87576533391527,East,46.0,52.248,-0.123,05 20 58,+33 46 43,180.87,1.0,3.14327158139616,75.0,1032.0,7.19,76.0,7.992
True,16,2,9576,6388,True,32768,LIGHT,300.0,300.0,2022-03-25T22:28:03.197,2022-03-25T22:28:03.197,1,1,100,10,0.246657639741898,3.76,3.76,ZWO ASI6200MM Pro,-10.0,15.3,40,NP101is,540.0,5.4,Starlight Xpress Fil,Ha,IC 405,FocusLynx Focuser 1,8698.0,8698.0,13.404,4.2,4.2,TOP-DOWN,2000.0,N.I.N.A. 2.0.0.2055,2022-03-25_22-28-03_Ha_15.30_300.00s_0103.fits,1,/mnt/raid0/AstroImaging/Preselected/Flaming Star Nebula (IC405) started 4th February 2022/Lights/Ha/2022-03-25_22-28-03_Ha_15.30_300.00s_0103.fits,80.2419186086361,33.7796355154844,31.38811,286.08408,1.91507759557135,East,46.0,52.248,-0.123,05 20 58,+33 46 43,180.87,1.0,2.8521661055618,76.0,1032.0,6.70000000000005,84.0,6.732
True,16,2,9576,6388,True,32768,LIGHT,300.0,300.0,2022-03-25T22:33:04.854,2022-03-25T22:33:04.854,1,1,100,10,0.246657639741898,3.76,3.76,ZWO ASI6200MM Pro,-10.0,15.1,40,NP101is,540.0,5.4,Starlight Xpress Fil,Ha,IC 405,FocusLynx Focuser 1,8698.0,8698.0,13.404,4.0,4.0,TOP-DOWN,2000.0,N.I.N.A. 2.0.0.2055,2022-03-25_22-33-04_Ha_15.10_300.00s_0104.fits,1,/mnt/raid0/AstroImaging/Preselected/Flaming Star Nebula (IC405) started 4th February 2022/Lights/Ha/2022-03-25_22-33-04_Ha_15.10_300.00s_0104.fits,80.2419037186837,33.7796454817408,30.64451,286.95426,1.95655823337334,East,46.0,52.248,-0.123,05 20 58,+33 46 43,180.87,1.0,2.8521661055618,76.0,1032.0,6.70000000000005,84.0,6.732
True,16,2,9576,6388,True,32768,LIGHT,300.0,300.0,2022-03-25T22:38:19.259,2022-03-25T22:38:19.259,1,1,100,10,0.246657639741898,3.76,3.76,ZWO ASI6200MM Pro,-10.0,14.9,40,NP101is,540.0,5.4,Starlight Xpress Fil,Ha,IC 405,FocusLynx Focuser 1,8698.0,8698.0,13.404,3.8,3.8,TOP-DOWN,2000.0,N.I.N.A. 2.0.0.2055,2022-03-25_22-38-19_Ha_14.90_300.00s_0105.fits,1,/mnt/raid0/AstroImaging/Preselected/Flaming Star Nebula (IC405) started 4th February 2022/Lights/Ha/2022-03-25_22-38-19_Ha_14.90_300.00s_0105.fits,80.2413541353915,33.7779644886171,29.87487,287.85358,2.00177851030612,East,46.0,52.248,-0.123,05 20 58,+33 46 43,180.87,1.0,2.8521661055618,76.0,1032.0,6.70000000000005,84.0,6.732
True,16,2,9576,6388,True,32768,LIGHT,300.0,300.0,2022-03-25T22:43:21.033,2022-03-25T22:43:21.033,1,1,100,10,0.246657639741898,3.76,3.76,ZWO ASI6200MM Pro,-10.0,14.6,40,NP101is,540.0,5.4,Starlight Xpress Fil,Ha,IC 405,,,,,,,TOP-DOWN,2000.0,N.I.N.A. 2.0.0.2055,2022-03-25_22-43-21_Ha_14.60_300.00s_0106.fits,1,/mnt/raid0/AstroImaging/Preselected/Flaming Star Nebula (IC405) started 4th February 2022/Lights/Ha/2022-03-25_22-43-21_Ha_14.60_300.00s_0106.fits,80.2412493070755,33.7779642679971,29.1491666666667,288.706694444444,2.04670816225084,East,46.0,52.248,-0.123,05 20 58,+33 46 43,180.87,1.0,2.8521661055618,76.0,1032.0,6.70000000000005,84.0,6.732
True,16,2,9576,6388,True,32768,LIGHT,300.0,300.0,2022-03-25T22:48:22.686,2022-03-25T22:48:22.686,1,1,100,10,0.246657639741898,3.76,3.76,ZWO ASI6200MM Pro,-10.0,14.4,40,NP101is,540.0,5.4,Starlight Xpress Fil,Ha,IC 405,,,,,,,TOP-DOWN,2000.0,N.I.N.A. 2.0.0.2055,2022-03-25_22-48-22_Ha_14.40_300.00s_0107.fits,1,/mnt/raid0/AstroImaging/Preselected/Flaming Star Nebula (IC405) started 4th February 2022/Lights/Ha/2022-03-25_22-48-22_Ha_14.40_300.00s_0107.fits,80.2413693974706,33.7779645166137,28.4206388888889,289.56525,2.09422020765887,East,46.0,52.248,-0.123,05 20 58,+33 46 43,180.87,1.0,2.46484867406254,76.0,1032.0,6.30000000000001,84.0,6.732
True,16,2,9576,6388,True,32768,LIGHT,300.0,300.0,2022-03-25T22:53:24.313,2022-03-25T22:53:24.313,1,1,100,10,0.246657639741898,3.76,3.76,ZWO ASI6200MM Pro,-10.0,14.2,40,NP101is,540.0,5.4,Starlight Xpress Fil,Ha,IC 405,FocusLynx Focuser 1,8698.0,8698.0,13.404,3.1,3.1,TOP-DOWN,2000.0,N.I.N.A. 2.0.0.2055,2022-03-25_22-53-24_Ha_14.20_300.00s_0108.fits,1,/mnt/raid0/AstroImaging/Preselected/Flaming Star Nebula (IC405) started 4th February 2022/Lights/Ha/2022-03-25_22-53-24_Ha_14.20_300.00s_0108.fits,80.2414095612127,33.7779501552638,27.69574,290.42123,2.14407378726567,East,46.0,52.248,-0.123,05 20 58,+33 46 43,180.87,1.0,2.46484867406254,76.0,1032.0,6.30000000000001,84.0,6.732
True,16,2,9576,6388,True,32768,LIGHT,300.0,300.0,2022-03-26T19:30:15.683,2022-03-26T19:30:15.683,1,1,100,10,0.246657639741898,3.76,3.76,ZWO ASI6200MM Pro,20.0,18.0,40,NP101is,540.0,5.4,Starlight Xpress Fil,Ha,IC 405,FocusLynx Focuser 1,8644.0,8644.0,13.404,9.4,9.4,TOP-DOWN,2000.0,N.I.N.A. 2.0.0.2055,2022-03-26_19-30-15_Ha_18.00_300.00s_0109.fits,1,/mnt/raid0/AstroImaging/Preselected/Flaming Star Nebula (IC405) started 4th February 2022/Lights/Ha/2022-03-26_19-30-15_Ha_18.00_300.00s_0109.fits,80.2414049919524,33.7786219832789,57.62636,250.14178,1.1834972415898,East,44.0,52.2484444444444,-0.123222222222222,05 20 58,+33 46 43,180.87,22.0,6.90807851566042,76.0,1033.0,10.89,32.0,8.064
True,16,2,9576,6388,True,32768,LIGHT,300.0,300.0,2022-03-26T19:35:17.966,2022-03-26T19:35:17.966,1,1,100,10,0.246657639741898,3.76,3.76,ZWO ASI6200MM Pro,20.0,18.0,40,NP101is,540.0,5.4,Starlight Xpress Fil,Ha,IC 405,FocusLynx Focuser 1,8644.0,8644.0,13.404,9.3,9.3,TOP-DOWN,2000.0,N.I.N.A. 2.0.0.2055,2022-03-26_19-35-17_Ha_18.00_300.00s_0110.fits,1,/mnt/raid0/AstroImaging/Preselected/Flaming Star Nebula (IC405) started 4th February 2022/Lights/Ha/2022-03-26_19-35-17_Ha_18.00_300.00s_0110.fits,80.2414651742384,33.7786120922529,56.89521,251.53691,1.19322304637747,East,44.0,52.2484444444444,-0.123222222222222,05 20 58,+33 46 43,180.87,22.0,6.90807851566042,76.0,1033.0,10.89,32.0,8.064
True,16,2,9576,6388,True,32768,LIGHT,300.0,300.0,2022-03-26T19:40:19.773,2022-03-26T19:40:19.773,1,1,100,10,0.246657639741898,3.76,3.76,ZWO ASI6200MM Pro,20.0,17.9,40,NP101is,540.0,5.4,Starlight Xpress Fil,Ha,IC 405,FocusLynx Focuser 1,8644.0,8644.0,13.404,9.1,9.1,TOP-DOWN,2000.0,N.I.N.A. 2.0.0.2055,2022-03-26_19-40-19_Ha_17.90_300.00s_0111.fits,1,/mnt/raid0/AstroImaging/Preselected/Flaming Star Nebula (IC405) started 4th February 2022/Lights/Ha/2022-03-26_19-40-19_Ha_17.90_300.00s_0111.fits,80.2414353279642,33.7786220116461,56.16452,252.88301,1.20330046127255,East,44.0,52.2484444444444,-0.123222222222222,05 20 58,+33 46 43,180.87,22.0,6.90082045728375,78.0,1033.0,10.5,32.0,8.064
True,16,2,9576,6388,True,32768,LIGHT,300.0,300.0,2022-03-26T19:45:21.496,2022-03-26T19:45:21.496,1,1,100,10,0.246657639741898,3.76,3.76,ZWO ASI6200MM Pro,20.0,17.8,40,NP101is,540.0,5.4,Starlight Xpress Fil,Ha,IC 405,FocusLynx Focuser 1,8644.0,8644.0,13.404,8.9,8.9,TOP-DOWN,2000.0,N.I.N.A. 2.0.0.2055,2022-03-26_19-45-21_Ha_17.80_300.00s_0112.fits,1,/mnt/raid0/AstroImaging/Preselected/Flaming Star Nebula (IC405) started 4th February 2022/Lights/Ha/2022-03-26_19-45-21_Ha_17.80_300.00s_0112.fits,80.2413305104608,33.7786317744724,55.42317,254.20396,1.21390313028373,East,44.0,52.2484444444444,-0.123222222222222,05 20 58,+33 46 43,180.87,22.0,6.90082045728375,78.0,1033.0,10.5,32.0,8.064
True,16,2,9576,6388,True,32768,LIGHT,300.0,300.0,2022-03-26T19:50:23.354,2022-03-26T19:50:23.354,1,1,100,10,0.246657639741898,3.76,3.76,ZWO ASI6200MM Pro,20.0,17.6,40,NP101is,540.0,5.4,Starlight Xpress Fil,Ha,IC 405,FocusLynx Focuser 1,8644.0,8644.0,13.404,8.8,8.8,TOP-DOWN,2000.0,N.I.N.A. 2.0.0.2055,2022-03-26_19-50-23_Ha_17.60_300.00s_0113.fits,1,/mnt/raid0/AstroImaging/Preselected/Flaming Star Nebula (IC405) started 4th February 2022/Lights/Ha/2022-03-26_19-50-23_Ha_17.60_300.00s_0113.fits,80.2414506702383,33.7786220085477,54.68119,255.4847,1.22490993568394,East,44.0,52.2484444444444,-0.123222222222222,05 20 58,+33 46 43,180.87,22.0,6.73276628068129,79.0,1033.0,10.14,32.0,8.064
True,16,2,9576,6388,True,32768,LIGHT,300.0,300.0,2022-03-26T19:55:25.232,2022-03-26T19:55:25.232,1,1,100,10,0.246657639741898,3.76,3.76,ZWO ASI6200MM Pro,20.0,17.6,40,NP101is,540.0,5.4,Starlight Xpress Fil,Ha,IC 405,FocusLynx Focuser 1,8644.0,8644.0,13.404,8.6,8.6,TOP-DOWN,2000.0,N.I.N.A. 2.0.0.2055,2022-03-26_19-55-25_Ha_17.60_300.00s_0114.fits,1,/mnt/raid0/AstroImaging/Preselected/Flaming Star Nebula (IC405) started 4th February 2022/Lights/Ha/2022-03-26_19-55-25_Ha_17.60_300.00s_0114.fits,80.2414508146979,33.778631990256,53.93135,256.74077,1.23644976018498,East,44.0,52.2484444444444,-0.123222222222222,05 20 58,+33 46 43,180.87,22.0,6.73276628068129,79.0,1033.0,10.14,32.0,8.064
True,16,2,9576,6388,True,32768,LIGHT,300.0,300.0,2022-03-26T20:03:00.304,2022-03-26T20:03:00.304,1,1,100,10,0.246657639741898,3.76,3.76,ZWO ASI6200MM Pro,20.0,17.5,40,NP101is,540.0,5.4,Starlight Xpress Fil,Ha,IC 405,,,,,,,TOP-DOWN,2000.0,N.I.N.A. 2.0.0.2055,2022-03-26_20-03-00_Ha_17.50_300.00s_0115.fits,1,/mnt/raid0/AstroImaging/Preselected/Flaming Star Nebula (IC405) started 4th February 2022/Lights/Ha/2022-03-26_20-03-00_Ha_17.50_300.00s_0115.fits,80.2406980929342,33.7797102934639,52.78755,258.59237,1.2548949663437,East,44.0,52.2484444444444,-0.123222222222222,05 20 58,+33 46 43,180.87,22.0,6.72304358404662,79.0,1033.0,10.13,48.0,9.648
True,16,2,9576,6388,True,32768,LIGHT,300.0,300.0,2022-03-26T20:08:02.496,2022-03-26T20:08:02.496,1,1,100,10,0.246657639741898,3.76,3.76,ZWO ASI6200MM Pro,20.0,17.4,40,NP101is,540.0,5.4,Starlight Xpress Fil,Ha,IC 405,,,,,,,TOP-DOWN,2000.0,N.I.N.A. 2.0.0.2055,2022-03-26_20-08-02_Ha_17.40_300.00s_0116.fits,1,/mnt/raid0/AstroImaging/Preselected/Flaming Star Nebula (IC405) started 4th February 2022/Lights/Ha/2022-03-26_20-08-02_Ha_17.40_300.00s_0116.fits,80.2407132301792,33.7797203065631,52.03829,259.76405,1.26755476343075,East,44.0,52.2484444444444,-0.123222222222222,05 20 58,+33 46 43,180.87,22.0,6.72304358404662,79.0,1033.0,10.13,48.0,9.648
True,16,2,9576,6388,True,32768,LIGHT,300.0,300.0,2022-03-26T20:13:04.240,2022-03-26T20:13:04.240,1,1,100,10,0.246657639741898,3.76,3.76,ZWO ASI6200MM Pro,20.0,17.3,40,NP101is,540.0,5.4,Starlight Xpress Fil,Ha,IC 405,,,,,,,TOP-DOWN,2000.0,N.I.N.A. 2.0.0.2055,2022-03-26_20-13-04_Ha_17.30_300.00s_0117.fits,1,/mnt/raid0/AstroImaging/Preselected/Flaming Star Nebula (IC405) started 4th February 2022/Lights/Ha/2022-03-26_20-13-04_Ha_17.30_300.00s_0117.fits,80.2406984119126,33.7797202577287,51.27284,260.93185,1.28098209350786,East,44.0,52.2484444444444,-0.123222222222222,05 20 58,+33 46 43,180.87,22.0,6.72304358404662,79.0,1033.0,10.13,48.0,9.648
True,16,2,9576,6388,True,32768,LIGHT,300.0,300.0,2022-03-26T20:18:06.020,2022-03-26T20:18:06.020,1,1,100,10,0.246657639741898,3.76,3.76,ZWO ASI6200MM Pro,20.0,17.3,40,NP101is,540.0,5.4,Starlight Xpress Fil,Ha,IC 405,,,,,,,TOP-DOWN,2000.0,N.I.N.A. 2.0.0.2055,2022-03-26_20-18-06_Ha_17.30_300.00s_0118.fits,1,/mnt/raid0/AstroImaging/Preselected/Flaming Star Nebula (IC405) started 4th February 2022/Lights/Ha/2022-03-26_20-18-06_Ha_17.30_300.00s_0118.fits,80.2408036097073,33.7797004611335,50.50738,262.07254,1.29492954859086,East,44.0,52.2484444444444,-0.123222222222222,05 20 58,+33 46 43,180.87,22.0,6.75807004636468,81.0,1033.0,9.80000000000001,48.0,9.648
True,16,2,9576,6388,True,32768,LIGHT,300.0,300.0,2022-03-26T20:23:07.890,2022-03-26T20:23:07.890,1,1,100,10,0.246657639741898,3.76,3.76,ZWO ASI6200MM Pro,20.0,17.1,40,NP101is,540.0,5.4,Starlight Xpress Fil,Ha,IC 405,,,,,,,TOP-DOWN,2000.0,N.I.N.A. 2.0.0.2055,2022-03-26_20-23-07_Ha_17.10_300.00s_0119.fits,1,/mnt/raid0/AstroImaging/Preselected/Flaming Star Nebula (IC405) started 4th February 2022/Lights/Ha/2022-03-26_20-23-07_Ha_17.10_300.00s_0119.fits,80.2405938624854,33.7797000056182,49.7394,263.19197,1.30946772146749,East,44.0,52.2484444444444,-0.123222222222222,05 20 58,+33 46 43,180.87,22.0,6.75807004636468,81.0,1033.0,9.80000000000001,48.0,9.648
True,16,2,9576,6388,True,32768,LIGHT,300.0,300.0,2022-03-26T20:28:09.734,2022-03-26T20:28:09.734,1,1,100,10,0.246657639741898,3.76,3.76,ZWO ASI6200MM Pro,20.0,17.1,40,NP101is,540.0,5.4,Starlight Xpress Fil,Ha,IC 405,,,,,,,TOP-DOWN,2000.0,N.I.N.A. 2.0.0.2055,2022-03-26_20-28-09_Ha_17.10_300.00s_0120.fits,1,/mnt/raid0/AstroImaging/Preselected/Flaming Star Nebula (IC405) started 4th February 2022/Lights/Ha/2022-03-26_20-28-09_Ha_17.10_300.00s_0120.fits,80.240624086237,33.7796800527131,48.9788,264.2779,1.32442740005882,East,44.0,52.2484444444444,-0.123222222222222,05 20 58,+33 46 43,180.87,15.0,6.47409851800137,82.0,1033.0,9.33000000000004,48.0,6.444
True,16,2,9576,6388,True,32768,LIGHT,300.0,300.0,2022-03-26T20:33:23.105,2022-03-26T20:33:23.105,1,1,100,10,0.246657639741898,3.76,3.76,ZWO ASI6200MM Pro,20.0,17.0,40,NP101is,540.0,5.4,Starlight Xpress Fil,Ha,IC 405,,,,,,,TOP-DOWN,2000.0,N.I.N.A. 2.0.0.2055,2022-03-26_20-33-23_Ha_17.00_300.00s_0121.fits,1,/mnt/raid0/AstroImaging/Preselected/Flaming Star Nebula (IC405) started 4th February 2022/Lights/Ha/2022-03-26_20-33-23_Ha_17.00_300.00s_0121.fits,80.2413750224814,33.7793416318503,48.1766,265.4001,1.34083771060991,East,44.0,52.2484444444444,-0.123222222222222,05 20 58,+33 46 43,180.87,15.0,6.47409851800137,82.0,1033.0,9.33000000000004,48.0,6.444
True,16,2,9576,6388,True,32768,LIGHT,300.0,300.0,2022-03-26T20:38:24.978,2022-03-26T20:38:24.978,1,1,100,10,0.246657639741898,3.76,3.76,ZWO ASI6200MM Pro,20.0,16.8,40,NP101is,540.0,5.4,Starlight Xpress Fil,Ha,IC 405,,,,,,,TOP-DOWN,2000.0,N.I.N.A. 2.0.0.2055,2022-03-26_20-38-24_Ha_16.80_300.00s_0122.fits,1,/mnt/raid0/AstroImaging/Preselected/Flaming Star Nebula (IC405) started 4th February 2022/Lights/Ha/2022-03-26_20-38-24_Ha_16.80_300.00s_0122.fits,80.241375198183,33.7793416142226,47.40783,266.45633,1.35720144105565,East,44.0,52.2484444444444,-0.123222222222222,05 20 58,+33 46 43,180.87,15.0,6.44121846854368,83.0,1033.0,9.12,48.0,6.444
True,16,2,9576,6388,True,32768,LIGHT,300.0,300.0,2022-03-26T20:43:26.705,2022-03-26T20:43:26.705,1,1,100,10,0.246657639741898,3.76,3.76,ZWO ASI6200MM Pro,20.0,16.6,40,NP101is,540.0,5.4,Starlight Xpress Fil,Ha,IC 405,,,,,,,TOP-DOWN,2000.0,N.I.N.A. 2.0.0.2055,2022-03-26_20-43-26_Ha_16.60_300.00s_0123.fits,1,/mnt/raid0/AstroImaging/Preselected/Flaming Star Nebula (IC405) started 4th February 2022/Lights/Ha/2022-03-26_20-43-26_Ha_16.60_300.00s_0123.fits,80.241420387389,33.7793316914228,46.64122,267.49174,1.37416954461608,East,44.0,52.2484444444444,-0.123222222222222,05 20 58,+33 46 43,180.87,15.0,6.44121846854368,83.0,1033.0,9.12,48.0,6.444
True,16,2,9576,6388,True,32768,LIGHT,300.0,300.0,2022-03-26T20:48:28.426,2022-03-26T20:48:28.426,1,1,100,10,0.246657639741898,3.76,3.76,ZWO ASI6200MM Pro,20.0,16.5,40,NP101is,540.0,5.4,Starlight Xpress Fil,Ha,IC 405,,,,,,,TOP-DOWN,2000.0,N.I.N.A. 2.0.0.2055,2022-03-26_20-48-28_Ha_16.50_300.00s_0124.fits,1,/mnt/raid0/AstroImaging/Preselected/Flaming Star Nebula (IC405) started 4th February 2022/Lights/Ha/2022-03-26_20-48-28_Ha_16.50_300.00s_0124.fits,80.2413906055399,33.7793216120399,45.8678,268.51989,1.3919777475574,East,44.0,52.2484444444444,-0.123222222222222,05 20 58,+33 46 43,180.87,15.0,6.39231466064789,83.0,1033.0,9.07000000000005,48.0,6.444
True,16,2,9576,6388,True,32768,LIGHT,300.0,300.0,2022-03-26T20:53:30.177,2022-03-26T20:53:30.177,1,1,100,10,0.246657639741898,3.76,3.76,ZWO ASI6200MM Pro,20.0,16.4,40,NP101is,540.0,5.4,Starlight Xpress Fil,Ha,IC 405,,,,,,,TOP-DOWN,2000.0,N.I.N.A. 2.0.0.2055,2022-03-26_20-53-30_Ha_16.40_300.00s_0125.fits,1,/mnt/raid0/AstroImaging/Preselected/Flaming Star Nebula (IC405) started 4th February 2022/Lights/Ha/2022-03-26_20-53-30_Ha_16.40_300.00s_0125.fits,80.2413756970952,33.7793515600068,45.09725,269.52915,1.41044183779527,East,44.0,52.2484444444444,-0.123222222222222,05 20 58,+33 46 43,180.87,15.0,6.39231466064789,83.0,1033.0,9.07000000000005,48.0,6.444
True,16,2,9576,6388,True,32768,LIGHT,300.0,300.0,2022-03-26T20:58:31.997,2022-03-26T20:58:31.997,1,1,100,10,0.246657639741898,3.76,3.76,ZWO ASI6200MM Pro,20.0,16.3,40,NP101is,540.0,5.4,Starlight Xpress Fil,Ha,IC 405,,,,,,,TOP-DOWN,2000.0,N.I.N.A. 2.0.0.2055,2022-03-26_20-58-31_Ha_16.30_300.00s_0126.fits,1,/mnt/raid0/AstroImaging/Preselected/Flaming Star Nebula (IC405) started 4th February 2022/Lights/Ha/2022-03-26_20-58-31_Ha_16.30_300.00s_0126.fits,80.2414358218739,33.7793616662995,44.32602,270.52538,1.42967960968947,East,44.0,52.2484444444444,-0.123222222222222,05 20 58,+33 46 43,180.87,15.0,6.28839099339881,84.0,1033.0,8.79000000000002,44.0,6.444
True,16,2,9576,6388,True,32768,LIGHT,300.0,300.0,2022-03-26T21:03:45.004,2022-03-26T21:03:45.004,1,1,100,10,0.246657639741898,3.76,3.76,ZWO ASI6200MM Pro,20.0,16.2,40,NP101is,540.0,5.4,Starlight Xpress Fil,Ha,IC 405,,,,,,,TOP-DOWN,2000.0,N.I.N.A. 2.0.0.2055,2022-03-26_21-03-45_Ha_16.20_300.00s_0127.fits,1,/mnt/raid0/AstroImaging/Preselected/Flaming Star Nebula (IC405) started 4th February 2022/Lights/Ha/2022-03-26_21-03-45_Ha_16.20_300.00s_0127.fits,80.2415106762897,33.7794617942882,43.52555,271.5462,1.45048920624165,East,44.0,52.2484444444444,-0.123222222222222,05 20 58,+33 46 43,180.87,15.0,6.28839099339881,84.0,1033.0,8.79000000000002,44.0,6.444
True,16,2,9576,6388,True,32768,LIGHT,300.0,300.0,2022-03-26T21:08:46.819,2022-03-26T21:08:46.819,1,1,100,10,0.246657639741898,3.76,3.76,ZWO ASI6200MM Pro,20.0,16.1,40,NP101is,540.0,5.4,Starlight Xpress Fil,Ha,IC 405,,,,,,,TOP-DOWN,2000.0,N.I.N.A. 2.0.0.2055,2022-03-26_21-08-46_Ha_16.10_300.00s_0128.fits,1,/mnt/raid0/AstroImaging/Preselected/Flaming Star Nebula (IC405) started 4th February 2022/Lights/Ha/2022-03-26_21-08-46_Ha_16.10_300.00s_0128.fits,80.2415258784483,33.7794518086053,42.75401,272.5182,1.47140142855989,East,44.0,52.2484444444444,-0.123222222222222,05 20 58,+33 46 43,180.87,15.0,6.28839099339881,84.0,1033.0,8.79000000000002,44.0,6.444
True,16,2,9576,6388,True,32768,LIGHT,300.0,300.0,2022-03-26T21:13:48.539,2022-03-26T21:13:48.539,1,1,100,10,0.246657639741898,3.76,3.76,ZWO ASI6200MM Pro,20.0,16.0,40,NP101is,540.0,5.4,Starlight Xpress Fil,Ha,IC 405,,,,,,,TOP-DOWN,2000.0,N.I.N.A. 2.0.0.2055,2022-03-26_21-13-48_Ha_16.00_300.00s_0129.fits,1,/mnt/raid0/AstroImaging/Preselected/Flaming Star Nebula (IC405) started 4th February 2022/Lights/Ha/2022-03-26_21-13-48_Ha_16.00_300.00s_0129.fits,80.2416459208505,33.7794820379848,41.98641,273.47493,1.49308388549601,East,44.0,52.2484444444444,-0.123222222222222,05 20 58,+33 46 43,180.87,15.0,6.28839099339881,84.0,1033.0,8.79000000000002,44.0,6.444
True,16,2,9576,6388,True,32768,LIGHT,300.0,300.0,2022-03-26T21:18:50.262,2022-03-26T21:18:50.262,1,1,100,10,0.246657639741898,3.76,3.76,ZWO ASI6200MM Pro,20.0,15.8,40,NP101is,540.0,5.4,Starlight Xpress Fil,Ha,IC 405,,,,,,,TOP-DOWN,2000.0,N.I.N.A. 2.0.0.2055,2022-03-26_21-18-50_Ha_15.80_300.00s_0130.fits,1,/mnt/raid0/AstroImaging/Preselected/Flaming Star Nebula (IC405) started 4th February 2022/Lights/Ha/2022-03-26_21-18-50_Ha_15.80_300.00s_0130.fits,80.2416311659493,33.7794619904981,41.2102777777778,274.433166666667,1.51594477993472,East,44.0,52.2484444444444,-0.123222222222222,05 20 58,+33 46 43,180.87,15.0,6.08382532196877,85.0,1033.0,8.41000000000003,44.0,6.444
True,16,2,9576,6388,True,32768,LIGHT,300.0,300.0,2022-03-26T21:23:52.121,2022-03-26T21:23:52.121,1,1,100,10,0.246657639741898,3.76,3.76,ZWO ASI6200MM Pro,20.0,15.8,40,NP101is,540.0,5.4,Starlight Xpress Fil,Ha,IC 405,,,,,,,TOP-DOWN,2000.0,N.I.N.A. 2.0.0.2055,2022-03-26_21-23-52_Ha_15.80_300.00s_0131.fits,1,/mnt/raid0/AstroImaging/Preselected/Flaming Star Nebula (IC405) started 4th February 2022/Lights/Ha/2022-03-26_21-23-52_Ha_15.80_300.00s_0131.fits,80.2415863902875,33.779451879597,40.44234,275.37183,1.53954310081378,East,44.0,52.2484444444444,-0.123222222222222,05 20 58,+33 46 43,180.87,15.0,6.08382532196877,85.0,1033.0,8.41000000000003,44.0,6.444
True,16,2,9576,6388,True,32768,LIGHT,300.0,300.0,2022-03-26T21:28:53.952,2022-03-26T21:28:53.952,1,1,100,10,0.246657639741898,3.76,3.76,ZWO ASI6200MM Pro,20.0,15.6,40,NP101is,540.0,5.4,Starlight Xpress Fil,Ha,IC 405,,,,,,,TOP-DOWN,2000.0,N.I.N.A. 2.0.0.2055,2022-03-26_21-28-53_Ha_15.60_300.00s_0132.fits,1,/mnt/raid0/AstroImaging/Preselected/Flaming Star Nebula (IC405) started 4th February 2022/Lights/Ha/2022-03-26_21-28-53_Ha_15.60_300.00s_0132.fits,80.2414965403979,33.7794716718854,39.67736,276.2999,1.56407286405968,East,44.0,52.2484444444444,-0.123222222222222,05 20 58,+33 46 43,180.87,11.0,5.8666590761432,86.0,1034.0,8.02000000000004,45.0,3.204
True,16,2,9576,6388,True,32768,LIGHT,300.0,300.0,2022-03-26T21:34:07.417,2022-03-26T21:34:07.417,1,1,100,10,0.246657639741898,3.76,3.76,ZWO ASI6200MM Pro,20.0,15.6,40,NP101is,540.0,5.4,Starlight Xpress Fil,Ha,IC 405,,,,,,,TOP-DOWN,2000.0,N.I.N.A. 2.0.0.2055,2022-03-26_21-34-07_Ha_15.60_300.00s_0133.fits,1,/mnt/raid0/AstroImaging/Preselected/Flaming Star Nebula (IC405) started 4th February 2022/Lights/Ha/2022-03-26_21-34-07_Ha_15.60_300.00s_0133.fits,80.2413635618996,33.7794313789095,38.88253,277.25704,1.59070320380296,East,44.0,52.2484444444444,-0.123222222222222,05 20 58,+33 46 43,180.87,11.0,5.8666590761432,86.0,1034.0,8.02000000000004,45.0,3.204
True,16,2,9576,6388,True,32768,LIGHT,300.0,300.0,2022-03-26T21:39:09.509,2022-03-26T21:39:09.509,1,1,100,10,0.246657639741898,3.76,3.76,ZWO ASI6200MM Pro,20.0,15.6,40,NP101is,540.0,5.4,Starlight Xpress Fil,Ha,IC 405,,,,,,,TOP-DOWN,2000.0,N.I.N.A. 2.0.0.2055,2022-03-26_21-39-09_Ha_15.60_300.00s_0134.fits,1,/mnt/raid0/AstroImaging/Preselected/Flaming Star Nebula (IC405) started 4th February 2022/Lights/Ha/2022-03-26_21-39-09_Ha_15.60_300.00s_0134.fits,80.2414219317805,33.7794714784073,38.11639,278.17376,1.61754043033241,East,44.0,52.2484444444444,-0.123222222222222,05 20 58,+33 46 43,180.87,11.0,5.68002539223248,86.0,1034.0,7.83000000000004,45.0,3.204
True,16,2,9576,6388,True,32768,LIGHT,300.0,300.0,2022-03-26T21:44:11.401,2022-03-26T21:44:11.401,1,1,100,10,0.246657639741898,3.76,3.76,ZWO ASI6200MM Pro,20.0,15.5,40,NP101is,540.0,5.4,Starlight Xpress Fil,Ha,IC 405,,,,,,,TOP-DOWN,2000.0,N.I.N.A. 2.0.0.2055,2022-03-26_21-44-11_Ha_15.50_300.00s_0135.fits,1,/mnt/raid0/AstroImaging/Preselected/Flaming Star Nebula (IC405) started 4th February 2022/Lights/Ha/2022-03-26_21-44-11_Ha_15.50_300.00s_0135.fits,80.2415271937443,33.7794316829867,37.35052,279.08494,1.64558349287098,East,44.0,52.2484444444444,-0.123222222222222,05 20 58,+33 46 43,180.87,11.0,5.68002539223248,86.0,1034.0,7.83000000000004,45.0,3.204
True,16,2,9576,6388,True,32768,LIGHT,300.0,300.0,2022-03-26T21:49:13.129,2022-03-26T21:49:13.129,1,1,100,10,0.246657639741898,3.76,3.76,ZWO ASI6200MM Pro,20.0,15.4,40,NP101is,540.0,5.4,Starlight Xpress Fil,Ha,IC 405,,,,,,,TOP-DOWN,2000.0,N.I.N.A. 2.0.0.2055,2022-03-26_21-49-13_Ha_15.40_300.00s_0136.fits,1,/mnt/raid0/AstroImaging/Preselected/Flaming Star Nebula (IC405) started 4th February 2022/Lights/Ha/2022-03-26_21-49-13_Ha_15.40_300.00s_0136.fits,80.2414973225776,33.7794516002419,36.5927,279.98236,1.67460046723528,East,44.0,52.2484444444444,-0.123222222222222,05 20 58,+33 46 43,180.87,11.0,5.55232715738468,86.0,1034.0,7.70000000000005,45.0,3.204
True,16,2,9576,6388,True,32768,LIGHT,300.0,300.0,2022-03-26T21:54:14.894,2022-03-26T21:54:14.894,1,1,100,10,0.246657639741898,3.76,3.76,ZWO ASI6200MM Pro,20.0,15.1,40,NP101is,540.0,5.4,Starlight Xpress Fil,Ha,IC 405,,,,,,,TOP-DOWN,2000.0,N.I.N.A. 2.0.0.2055,2022-03-26_21-54-14_Ha_15.10_300.00s_0137.fits,1,/mnt/raid0/AstroImaging/Preselected/Flaming Star Nebula (IC405) started 4th February 2022/Lights/Ha/2022-03-26_21-54-14_Ha_15.10_300.00s_0137.fits,80.2414225582804,33.7794414266055,35.83867,280.87169,1.70480223846149,East,44.0,52.2484444444444,-0.123222222222222,05 20 58,+33 46 43,180.87,11.0,5.55232715738468,86.0,1034.0,7.70000000000005,45.0,3.204
True,16,2,9576,6388,True,32768,LIGHT,300.0,300.0,2022-03-26T21:59:16.692,2022-03-26T21:59:16.692,1,1,100,10,0.246657639741898,3.76,3.76,ZWO ASI6200MM Pro,20.0,15.0,40,NP101is,540.0,5.4,Starlight Xpress Fil,Ha,IC 405,,,,,,,TOP-DOWN,2000.0,N.I.N.A. 2.0.0.2055,2022-03-26_21-59-16_Ha_15.00_300.00s_0138.fits,1,/mnt/raid0/AstroImaging/Preselected/Flaming Star Nebula (IC405) started 4th February 2022/Lights/Ha/2022-03-26_21-59-16_Ha_15.00_300.00s_0138.fits,80.2414377325046,33.7794414394809,35.08093,281.76254,1.73657315239545,East,44.0,52.2484444444444,-0.123222222222222,05 20 58,+33 46 43,180.87,11.0,5.55232715738468,86.0,1034.0,7.70000000000005,45.0,3.204
True,16,2,9576,6388,True,32768,LIGHT,300.0,300.0,2022-03-26T22:04:31.774,2022-03-26T22:04:31.774,1,1,100,10,0.246657639741898,3.76,3.76,ZWO ASI6200MM Pro,20.0,14.9,40,NP101is,540.0,5.4,Starlight Xpress Fil,Ha,IC 405,,,,,,,TOP-DOWN,2000.0,N.I.N.A. 2.0.0.2055,2022-03-26_22-04-31_Ha_14.90_300.00s_0139.fits,1,/mnt/raid0/AstroImaging/Preselected/Flaming Star Nebula (IC405) started 4th February 2022/Lights/Ha/2022-03-26_22-04-31_Ha_14.90_300.00s_0139.fits,80.2439576645592,33.7792266969375,34.29096,282.68853,1.77131074300718,East,44.0,52.2484444444444,-0.123222222222222,05 20 58,+33 46 43,180.87,11.0,5.55232715738468,86.0,1034.0,7.70000000000005,45.0,3.204
True,16,2,9576,6388,True,32768,LIGHT,300.0,300.0,2022-03-26T22:09:33.570,2022-03-26T22:09:33.570,1,1,100,10,0.246657639741898,3.76,3.76,ZWO ASI6200MM Pro,20.0,14.9,40,NP101is,540.0,5.4,Starlight Xpress Fil,Ha,IC 405,,,,,,,TOP-DOWN,2000.0,N.I.N.A. 2.0.0.2055,2022-03-26_22-09-33_Ha_14.90_300.00s_0140.fits,1,/mnt/raid0/AstroImaging/Preselected/Flaming Star Nebula (IC405) started 4th February 2022/Lights/Ha/2022-03-26_22-09-33_Ha_14.90_300.00s_0140.fits,80.2440776789314,33.7792669248618,33.5435,283.56353,1.80579855986529,East,44.0,52.2484444444444,-0.123222222222222,05 20 58,+33 46 43,180.87,11.0,5.52870495020699,87.0,1034.0,7.51000000000005,45.0,4.824
True,16,2,9576,6388,True,32768,LIGHT,300.0,300.0,2022-03-26T22:14:35.491,2022-03-26T22:14:35.491,1,1,100,10,0.246657639741898,3.76,3.76,ZWO ASI6200MM Pro,20.0,14.9,40,NP101is,540.0,5.4,Starlight Xpress Fil,Ha,IC 405,,,,,,,TOP-DOWN,2000.0,N.I.N.A. 2.0.0.2055,2022-03-26_22-14-35_Ha_14.90_300.00s_0141.fits,1,/mnt/raid0/AstroImaging/Preselected/Flaming Star Nebula (IC405) started 4th February 2022/Lights/Ha/2022-03-26_22-14-35_Ha_14.90_300.00s_0141.fits,80.2440479914286,33.779226847657,32.79165,284.44263,1.84218578930035,East,44.0,52.2484444444444,-0.123222222222222,05 20 58,+33 46 43,180.87,11.0,5.52870495020699,87.0,1034.0,7.51000000000005,45.0,4.824
True,16,2,9576,6388,True,32768,LIGHT,300.0,300.0,2022-03-26T22:19:37.367,2022-03-26T22:19:37.367,1,1,100,10,0.246657639741898,3.76,3.76,ZWO ASI6200MM Pro,20.0,14.8,40,NP101is,540.0,5.4,Starlight Xpress Fil,Ha,IC 405,,,,,,,TOP-DOWN,2000.0,N.I.N.A. 2.0.0.2055,2022-03-26_22-19-37_Ha_14.80_300.00s_0142.fits,1,/mnt/raid0/AstroImaging/Preselected/Flaming Star Nebula (IC405) started 4th February 2022/Lights/Ha/2022-03-26_22-19-37_Ha_14.80_300.00s_0142.fits,80.2440330564204,33.7792667938806,32.04625,285.31395,1.88005571778032,East,44.0,52.2484444444444,-0.123222222222222,05 20 58,+33 46 43,180.87,11.0,5.52870495020699,87.0,1034.0,7.51000000000005,45.0,4.824
True,16,2,9576,6388,True,32768,LIGHT,300.0,300.0,2022-03-26T22:24:39.145,2022-03-26T22:24:39.145,1,1,100,10,0.246657639741898,3.76,3.76,ZWO ASI6200MM Pro,20.0,14.8,40,NP101is,540.0,5.4,Starlight Xpress Fil,Ha,IC 405,,,,,,,TOP-DOWN,2000.0,N.I.N.A. 2.0.0.2055,2022-03-26_22-24-39_Ha_14.80_300.00s_0143.fits,1,/mnt/raid0/AstroImaging/Preselected/Flaming Star Nebula (IC405) started 4th February 2022/Lights/Ha/2022-03-26_22-24-39_Ha_14.80_300.00s_0143.fits,80.2439283048555,33.7792565573676,31.3058,286.17971,1.91956703076203,East,44.0,52.2484444444444,-0.123222222222222,05 20 58,+33 46 43,180.87,11.0,5.52870495020699,87.0,1034.0,7.51000000000005,45.0,4.824
True,16,2,9576,6388,True,32768,LIGHT,300.0,300.0,2022-03-26T22:29:40.908,2022-03-26T22:29:40.908,1,1,100,10,0.246657639741898,3.76,3.76,ZWO ASI6200MM Pro,20.0,14.8,40,NP101is,540.0,5.4,Starlight Xpress Fil,Ha,IC 405,,,,,,,TOP-DOWN,2000.0,N.I.N.A. 2.0.0.2055,2022-03-26_22-29-40_Ha_14.80_300.00s_0144.fits,1,/mnt/raid0/AstroImaging/Preselected/Flaming Star Nebula (IC405) started 4th February 2022/Lights/Ha/2022-03-26_22-29-40_Ha_14.80_300.00s_0144.fits,80.2440033676999,33.7792866921627,30.56649,287.04501,1.96103355941955,East,44.0,52.2484444444444,-0.123222222222222,05 20 58,+33 46 43,180.87,9.0,5.09907828621347,88.0,1034.0,6.91000000000003,45.0,4.824
True,16,2,9576,6388,True,32768,LIGHT,300.0,300.0,2022-03-26T22:34:57.489,2022-03-26T22:34:57.489,1,1,100,10,0.246657639741898,3.76,3.76,ZWO ASI6200MM Pro,20.0,14.8,40,NP101is,540.0,5.4,Starlight Xpress Fil,Ha,IC 405,,,,,,,TOP-DOWN,2000.0,N.I.N.A. 2.0.0.2055,2022-03-26_22-34-57_Ha_14.80_300.00s_0145.fits,1,/mnt/raid0/AstroImaging/Preselected/Flaming Star Nebula (IC405) started 4th February 2022/Lights/Ha/2022-03-26_22-34-57_Ha_14.80_300.00s_0145.fits,80.2408230290819,33.7798399859387,29.79125,287.95476,2.00683906173588,East,44.0,52.2484444444444,-0.123222222222222,05 20 58,+33 46 43,180.87,9.0,5.09907828621347,88.0,1034.0,6.91000000000003,45.0,4.824
True,16,2,9576,6388,True,32768,LIGHT,300.0,300.0,2022-03-26T22:39:59.335,2022-03-26T22:39:59.335,1,1,100,10,0.246657639741898,3.76,3.76,ZWO ASI6200MM Pro,20.0,14.6,40,NP101is,540.0,5.4,Starlight Xpress Fil,Ha,IC 405,,,,,,,TOP-DOWN,2000.0,N.I.N.A. 2.0.0.2055,2022-03-26_22-39-59_Ha_14.60_300.00s_0146.fits,1,/mnt/raid0/AstroImaging/Preselected/Flaming Star Nebula (IC405) started 4th February 2022/Lights/Ha/2022-03-26_22-39-59_Ha_14.60_300.00s_0146.fits,80.2409065728023,33.7798201430387,29.06216,288.81145,2.05225212692768,East,44.0,52.2484444444444,-0.123222222222222,05 20 58,+33 46 43,180.87,9.0,4.86267289993286,88.0,1034.0,6.67000000000002,45.0,4.824
True,16,2,9576,6388,True,32768,LIGHT,300.0,300.0,2022-03-26T22:45:01.136,2022-03-26T22:45:01.136,1,1,100,10,0.246657639741898,3.76,3.76,ZWO ASI6200MM Pro,20.0,14.6,40,NP101is,540.0,5.4,Starlight Xpress Fil,Ha,IC 405,,,,,,,TOP-DOWN,2000.0,N.I.N.A. 2.0.0.2055,2022-03-26_22-45-01_Ha_14.60_300.00s_0147.fits,1,/mnt/raid0/AstroImaging/Preselected/Flaming Star Nebula (IC405) started 4th February 2022/Lights/Ha/2022-03-26_22-45-01_Ha_14.60_300.00s_0147.fits,80.2409283818864,33.7798301685602,28.3367,289.66645,2.0998576042557,East,44.0,52.2484444444444,-0.123222222222222,05 20 58,+33 46 43,180.87,9.0,4.86267289993286,88.0,1034.0,6.67000000000002,45.0,4.824
True,16,2,9576,6388,True,32768,LIGHT,300.0,300.0,2022-03-26T22:50:02.968,2022-03-26T22:50:02.968,1,1,100,10,0.246657639741898,3.76,3.76,ZWO ASI6200MM Pro,20.0,14.5,40,NP101is,540.0,5.4,Starlight Xpress Fil,Ha,IC 405,,,,,,,TOP-DOWN,2000.0,N.I.N.A. 2.0.0.2055,2022-03-26_22-50-02_Ha_14.50_300.00s_0148.fits,1,/mnt/raid0/AstroImaging/Preselected/Flaming Star Nebula (IC405) started 4th February 2022/Lights/Ha/2022-03-26_22-50-02_Ha_14.50_300.00s_0148.fits,80.2409485439051,33.7798346353483,27.6088,290.52731,2.15023505525364,East,44.0,52.2484444444444,-0.123222222222222,05 20 58,+33 46 43,180.87,9.0,5.01146936664258,89.0,1034.0,6.66000000000003,45.0,4.824
True,16,2,9576,6388,True,32768,LIGHT,300.0,300.0,2022-02-04T22:20:46.891,2022-02-04T22:20:46.891,1,1,0,10,0.779999971389771,3.76,3.76,ZWO ASI6200MM Pro,-10.0,-9.9,40,NP101is,540.0,5.4,Starlight Xpress Fil,Lum,IC 405,FocusLynx Focuser 1,10798.0,10798.0,13.404,1.3,1.3,TOP-DOWN,2000.0,N.I.N.A. 2.0.0.2043,2022-02-04_22-20-46_Lum_-9.90_300.00s_0001.fits,1,/mnt/raid0/AstroImaging/Preselected/Flaming Star Nebula (IC405) started 4th February 2022/Lights/Lum/2022-02-04_22-20-46_Lum_-9.90_300.00s_0001.fits,79.5347609331796,34.7994921875,61.4340756721092,245.001093456472,1.13820210520641,East,40.0,52.2486111111111,-0.123055555555556,05 21 00,+33 46 43,87.26,8.0,0.4,81.0,1010.2,3.3,234.0,4.68
True,16,2,9576,6388,True,32768,LIGHT,300.0,300.0,2022-02-04T22:25:50.433,2022-02-04T22:25:50.433,1,1,0,10,0.779999971389771,3.76,3.76,ZWO ASI6200MM Pro,-10.0,-10.0,40,NP101is,540.0,5.4,Starlight Xpress Fil,Lum,IC 405,FocusLynx Focuser 1,10798.0,10798.0,13.404,1.2,1.2,TOP-DOWN,2000.0,N.I.N.A. 2.0.0.2043,2022-02-04_22-25-50_Lum_-10.00_300.00s_0002.fits,1,/mnt/raid0/AstroImaging/Preselected/Flaming Star Nebula (IC405) started 4th February 2022/Lights/Lum/2022-02-04_22-25-50_Lum_-10.00_300.00s_0002.fits,79.5332997525366,34.7994140625,60.7263451543614,246.578985921222,1.14597786544668,East,40.0,52.2486111111111,-0.123055555555556,05 21 00,+33 46 43,87.26,8.0,0.5,81.0,1011.2,3.4,294.0,3.24
True,16,2,9576,6388,True,32768,LIGHT,300.0,300.0,2022-02-04T22:30:53.638,2022-02-04T22:30:53.638,1,1,0,10,0.779999971389771,3.76,3.76,ZWO ASI6200MM Pro,-10.0,-10.0,40,NP101is,540.0,5.4,Starlight Xpress Fil,Lum,IC 405,FocusLynx Focuser 1,10798.0,10798.0,13.404,1.2,1.2,TOP-DOWN,2000.0,N.I.N.A. 2.0.0.2043,2022-02-04_22-30-53_Lum_-10.00_300.00s_0003.fits,1,/mnt/raid0/AstroImaging/Preselected/Flaming Star Nebula (IC405) started 4th February 2022/Lights/Lum/2022-02-04_22-30-53_Lum_-10.00_300.00s_0003.fits,79.531469815627,34.8012109375,60.0095674645231,248.113285857111,1.1541423116735,East,40.0,52.2486111111111,-0.123055555555556,05 21 00,+33 46 43,87.26,8.0,0.5,81.0,1011.2,3.4,294.0,3.24
True,16,2,9576,6388,True,32768,LIGHT,300.0,300.0,2022-02-04T22:35:56.439,2022-02-04T22:35:56.439,1,1,0,10,0.779999971389771,3.76,3.76,ZWO ASI6200MM Pro,-10.0,-10.0,40,NP101is,540.0,5.4,Starlight Xpress Fil,Lum,IC 405,FocusLynx Focuser 1,10798.0,10798.0,13.404,1.2,1.2,TOP-DOWN,2000.0,N.I.N.A. 2.0.0.2043,2022-02-04_22-35-56_Lum_-10.00_300.00s_0004.fits,1,/mnt/raid0/AstroImaging/Preselected/Flaming Star Nebula (IC405) started 4th February 2022/Lights/Lum/2022-02-04_22-35-56_Lum_-10.00_300.00s_0004.fits,79.5325635173702,34.801328125,59.2886784968068,249.588147318081,1.16265609876307,East,40.0,52.2486111111111,-0.123055555555556,05 21 00,+33 46 43,87.26,8.0,0.4,81.0,1011.2,3.4,104.0,3.24
True,16,2,9576,6388,True,32768,LIGHT,300.0,300.0,2022-02-04T22:41:21.319,2022-02-04T22:41:21.319,1,1,0,10,0.779999971389771,3.76,3.76,ZWO ASI6200MM Pro,-10.0,-10.0,40,NP101is,540.0,5.4,Starlight Xpress Fil,Lum,IC 405,FocusLynx Focuser 1,10798.0,10798.0,13.404,1.2,1.2,TOP-DOWN,2000.0,N.I.N.A. 2.0.0.2043,2022-02-04_22-41-21_Lum_-10.00_300.00s_0005.fits,1,/mnt/raid0/AstroImaging/Preselected/Flaming Star Nebula (IC405) started 4th February 2022/Lights/Lum/2022-02-04_22-41-21_Lum_-10.00_300.00s_0005.fits,79.5233577618147,34.80203125,58.5013240579564,251.135399025724,1.1723126067591,East,40.0,52.2486111111111,-0.123055555555556,05 21 00,+33 46 43,87.26,8.0,0.4,81.0,1011.2,3.4,104.0,3.24
True,16,2,9576,6388,True,32768,LIGHT,300.0,300.0,2022-02-04T22:46:24.171,2022-02-04T22:46:24.171,1,1,0,10,0.779999971389771,3.76,3.76,ZWO ASI6200MM Pro,-10.0,-10.0,40,NP101is,540.0,5.4,Starlight Xpress Fil,Lum,IC 405,FocusLynx Focuser 1,10798.0,10798.0,13.404,1.1,1.1,TOP-DOWN,2000.0,N.I.N.A. 2.0.0.2043,2022-02-04_22-46-24_Lum_-10.00_300.00s_0006.fits,1,/mnt/raid0/AstroImaging/Preselected/Flaming Star Nebula (IC405) started 4th February 2022/Lights/Lum/2022-02-04_22-46-24_Lum_-10.00_300.00s_0006.fits,79.5226814956632,34.802421875,57.7678650797536,252.520722665533,1.18165528261926,East,40.0,52.2486111111111,-0.123055555555556,05 21 00,+33 46 43,87.26,8.0,0.4,81.0,1011.2,3.3,233.0,3.24
True,16,2,9576,6388,True,32768,LIGHT,300.0,300.0,2022-02-04T22:51:26.790,2022-02-04T22:51:26.790,1,1,0,10,0.779999971389771,3.76,3.76,ZWO ASI6200MM Pro,-10.0,-10.0,40,NP101is,540.0,5.4,Starlight Xpress Fil,Lum,IC 405,FocusLynx Focuser 1,10798.0,10798.0,13.404,1.0,1.0,TOP-DOWN,2000.0,N.I.N.A. 2.0.0.2043,2022-02-04_22-51-26_Lum_-10.00_300.00s_0007.fits,1,/mnt/raid0/AstroImaging/Preselected/Flaming Star Nebula (IC405) started 4th February 2022/Lights/Lum/2022-02-04_22-51-26_Lum_-10.00_300.00s_0007.fits,79.5238486273652,34.80265625,57.0220284566248,253.879548814684,1.19151077004543,East,40.0,52.2486111111111,-0.123055555555556,05 21 00,+33 46 43,87.26,8.0,0.4,81.0,1011.2,3.3,233.0,3.24
True,16,2,9576,6388,True,32768,LIGHT,300.0,300.0,2022-02-04T22:56:30.195,2022-02-04T22:56:30.195,1,1,0,10,0.779999971389771,3.76,3.76,ZWO ASI6200MM Pro,-10.0,-10.0,40,NP101is,540.0,5.4,Starlight Xpress Fil,Lum,IC 405,FocusLynx Focuser 1,10798.0,10798.0,13.404,1.0,1.0,TOP-DOWN,2000.0,N.I.N.A. 2.0.0.2043,2022-02-04_22-56-30_Lum_-10.00_300.00s_0008.fits,1,/mnt/raid0/AstroImaging/Preselected/Flaming Star Nebula (IC405) started 4th February 2022/Lights/Lum/2022-02-04_22-56-30_Lum_-10.00_300.00s_0008.fits,79.5236685657722,34.8029296875,56.2775631870853,255.190783055596,1.20171753528255,East,40.0,52.2486111111111,-0.123055555555556,05 21 00,+33 46 43,87.26,8.0,0.6,82.0,1011.2,3.3,75.0,1.44
True,16,2,9576,6388,True,32768,LIGHT,300.0,300.0,2022-02-04T23:01:33.461,2022-02-04T23:01:33.461,1,1,0,10,0.779999971389771,3.76,3.76,ZWO ASI6200MM Pro,-10.0,-9.9,40,NP101is,540.0,5.4,Starlight Xpress Fil,Lum,IC 405,FocusLynx Focuser 1,10798.0,10798.0,13.404,0.9,0.9,TOP-DOWN,2000.0,N.I.N.A. 2.0.0.2043,2022-02-04_23-01-33_Lum_-9.90_300.00s_0009.fits,1,/mnt/raid0/AstroImaging/Preselected/Flaming Star Nebula (IC405) started 4th February 2022/Lights/Lum/2022-02-04_23-01-33_Lum_-9.90_300.00s_0009.fits,79.5232178886343,34.801953125,55.5272583944115,256.467636410841,1.21239098402863,East,40.0,52.2486111111111,-0.123055555555556,05 21 00,+33 46 43,87.26,8.0,0.6,82.0,1011.2,3.3,75.0,1.44
True,16,2,9576,6388,True,32768,LIGHT,300.0,300.0,2022-02-04T23:06:36.090,2022-02-04T23:06:36.090,1,1,0,10,0.779999971389771,3.76,3.76,ZWO ASI6200MM Pro,-10.0,-10.0,40,NP101is,540.0,5.4,Starlight Xpress Fil,Lum,IC 405,FocusLynx Focuser 1,10798.0,10798.0,13.404,0.9,0.9,TOP-DOWN,2000.0,N.I.N.A. 2.0.0.2043,2022-02-04_23-06-36_Lum_-10.00_300.00s_0010.fits,1,/mnt/raid0/AstroImaging/Preselected/Flaming Star Nebula (IC405) started 4th February 2022/Lights/Lum/2022-02-04_23-06-36_Lum_-10.00_300.00s_0010.fits,79.5234885608489,34.8021875,54.769994457395,257.720727223893,1.22357128099033,East,40.0,52.2486111111111,-0.123055555555556,05 21 00,+33 46 43,87.26,8.0,0.4,82.0,1011.2,3.1,221.0,3.24
True,16,2,9576,6388,True,32768,LIGHT,300.0,300.0,2022-02-04T23:12:00.989,2022-02-04T23:12:00.989,1,1,0,10,0.779999971389771,3.76,3.76,ZWO ASI6200MM Pro,-10.0,-10.0,40,NP101is,540.0,5.4,Starlight Xpress Fil,Lum,IC 405,FocusLynx Focuser 1,10798.0,10798.0,13.404,0.9,0.9,TOP-DOWN,2000.0,N.I.N.A. 2.0.0.2043,2022-02-04_23-12-00_Lum_-10.00_300.00s_0011.fits,1,/mnt/raid0/AstroImaging/Preselected/Flaming Star Nebula (IC405) started 4th February 2022/Lights/Lum/2022-02-04_23-12-00_Lum_-10.00_300.00s_0011.fits,79.5179357730975,34.8067578125,53.9572964802375,259.036179582661,1.23604328883288,East,40.0,52.2486111111111,-0.123055555555556,05 21 00,+33 46 43,87.26,8.0,0.4,82.0,1011.2,3.1,221.0,3.24
True,16,2,9576,6388,True,32768,LIGHT,300.0,300.0,2022-02-04T23:17:03.749,2022-02-04T23:17:03.749,1,1,0,10,0.779999971389771,3.76,3.76,ZWO ASI6200MM Pro,-10.0,-10.0,40,NP101is,540.0,5.4,Starlight Xpress Fil,Lum,IC 405,FocusLynx Focuser 1,10798.0,10798.0,13.404,0.9,0.9,TOP-DOWN,2000.0,N.I.N.A. 2.0.0.2043,2022-02-04_23-17-03_Lum_-10.00_300.00s_0012.fits,1,/mnt/raid0/AstroImaging/Preselected/Flaming Star Nebula (IC405) started 4th February 2022/Lights/Lum/2022-02-04_23-17-03_Lum_-10.00_300.00s_0012.fits,79.5183540107727,34.8071875,53.1974154906652,260.223297891136,1.24816541967305,East,40.0,52.2486111111111,-0.123055555555556,05 21 00,+33 46 43,87.26,8.0,0.4,83.0,1011.2,3.0,333.0,1.44
True,16,2,9576,6388,True,32768,LIGHT,300.0,300.0,2022-02-04T23:22:06.430,2022-02-04T23:22:06.430,1,1,0,10,0.779999971389771,3.76,3.76,ZWO ASI6200MM Pro,-10.0,-10.0,40,NP101is,540.0,5.4,Starlight Xpress Fil,Lum,IC 405,FocusLynx Focuser 1,10798.0,10798.0,13.404,0.9,0.9,TOP-DOWN,2000.0,N.I.N.A. 2.0.0.2043,2022-02-04_23-22-06_Lum_-10.00_300.00s_0013.fits,1,/mnt/raid0/AstroImaging/Preselected/Flaming Star Nebula (IC405) started 4th February 2022/Lights/Lum/2022-02-04_23-22-06_Lum_-10.00_300.00s_0013.fits,79.5179051848056,34.808515625,52.4337233384536,261.388364827772,1.26081496160509,East,40.0,52.2486111111111,-0.123055555555556,05 21 00,+33 46 43,87.26,8.0,0.4,83.0,1011.2,3.0,333.0,1.44
True,16,2,9576,6388,True,32768,LIGHT,300.0,300.0,2022-02-04T23:27:09.055,2022-02-04T23:27:09.055,1,1,0,10,0.779999971389771,3.76,3.76,ZWO ASI6200MM Pro,-10.0,-9.9,40,NP101is,540.0,5.4,Starlight Xpress Fil,Lum,IC 405,FocusLynx Focuser 1,10798.0,10798.0,13.404,1.0,1.0,TOP-DOWN,2000.0,N.I.N.A. 2.0.0.2043,2022-02-04_23-27-09_Lum_-9.90_300.00s_0014.fits,1,/mnt/raid0/AstroImaging/Preselected/Flaming Star Nebula (IC405) started 4th February 2022/Lights/Lum/2022-02-04_23-27-09_Lum_-9.90_300.00s_0014.fits,79.5175814292526,34.80828125,51.6612579747305,262.535244898637,1.27410492294331,East,40.0,52.2486111111111,-0.123055555555556,05 21 00,+33 46 43,87.26,8.0,0.4,83.0,1011.2,3.0,133.0,3.24
True,16,2,9576,6388,True,32768,LIGHT,300.0,300.0,2022-02-04T23:32:12.512,2022-02-04T23:32:12.512,1,1,0,10,0.779999971389771,3.76,3.76,ZWO ASI6200MM Pro,-10.0,-9.9,40,NP101is,540.0,5.4,Starlight Xpress Fil,Lum,IC 405,FocusLynx Focuser 1,10798.0,10798.0,13.404,1.0,1.0,TOP-DOWN,2000.0,N.I.N.A. 2.0.0.2043,2022-02-04_23-32-12_Lum_-9.90_300.00s_0015.fits,1,/mnt/raid0/AstroImaging/Preselected/Flaming Star Nebula (IC405) started 4th February 2022/Lights/Lum/2022-02-04_23-32-12_Lum_-9.90_300.00s_0015.fits,79.5187660705688,34.8078125,50.8941849531512,263.64881104424,1.28781523782844,East,40.0,52.2486111111111,-0.123055555555556,05 21 00,+33 46 43,87.26,8.0,0.4,83.0,1011.2,3.0,133.0,3.24
True,16,2,9576,6388,True,32768,LIGHT,300.0,300.0,2022-02-04T23:37:15.423,2022-02-04T23:37:15.423,1,1,0,10,0.779999971389771,3.76,3.76,ZWO ASI6200MM Pro,-10.0,-9.9,40,NP101is,540.0,5.4,Starlight Xpress Fil,Lum,IC 405,FocusLynx Focuser 1,10798.0,10798.0,13.404,1.0,1.0,TOP-DOWN,2000.0,N.I.N.A. 2.0.0.2043,2022-02-04_23-37-15_Lum_-9.90_300.00s_0016.fits,1,/mnt/raid0/AstroImaging/Preselected/Flaming Star Nebula (IC405) started 4th February 2022/Lights/Lum/2022-02-04_23-37-15_Lum_-9.90_300.00s_0016.fits,79.5179192344218,34.8066015625,50.1247323467324,264.739307513746,1.30210356498235,East,40.0,52.2486111111111,-0.123055555555556,05 21 00,+33 46 43,87.26,8.0,0.5,83.0,1011.2,3.1,233.0,4.68
True,16,2,9576,6388,True,32768,LIGHT,300.0,300.0,2022-02-04T23:42:33.468,2022-02-04T23:42:33.468,1,1,0,10,0.779999971389771,3.76,3.76,ZWO ASI6200MM Pro,-10.0,-10.0,40,NP101is,540.0,5.4,Starlight Xpress Fil,Lum,IC 405,FocusLynx Focuser 1,10798.0,10798.0,13.404,0.9,0.9,TOP-DOWN,2000.0,N.I.N.A. 2.0.0.2043,2022-02-04_23-42-33_Lum_-10.00_300.00s_0017.fits,1,/mnt/raid0/AstroImaging/Preselected/Flaming Star Nebula (IC405) started 4th February 2022/Lights/Lum/2022-02-04_23-42-33_Lum_-10.00_300.00s_0017.fits,79.518500107482,34.806328125,49.313233785048,265.868967521094,1.31777932089303,East,40.0,52.2486111111111,-0.123055555555556,05 21 00,+33 46 43,87.26,8.0,0.5,83.0,1011.2,3.1,233.0,4.68
True,16,2,9576,6388,True,32768,LIGHT,300.0,300.0,2022-02-04T23:54:18.733,2022-02-04T23:54:18.733,1,1,0,10,0.779999971389771,3.76,3.76,ZWO ASI6200MM Pro,-10.0,-10.0,40,NP101is,540.0,5.4,Starlight Xpress Fil,Lum,IC 405,FocusLynx Focuser 1,10784.0,10784.0,13.404,0.8,0.8,TOP-DOWN,2000.0,N.I.N.A. 2.0.0.2043,2022-02-04_23-54-18_Lum_-10.00_300.00s_0018.fits,1,/mnt/raid0/AstroImaging/Preselected/Flaming Star Nebula (IC405) started 4th February 2022/Lights/Lum/2022-02-04_23-54-18_Lum_-10.00_300.00s_0018.fits,79.5182726164364,34.8069140625,47.5036014127479,268.314171907018,1.35512788586719,East,40.0,52.2486111111111,-0.123055555555556,05 21 00,+33 46 43,87.26,8.0,0.5,84.0,1012.2,3.0,233.0,3.24
True,16,2,9576,6388,True,32768,LIGHT,300.0,300.0,2022-02-04T23:59:23.294,2022-02-04T23:59:23.294,1,1,0,10,0.779999971389771,3.76,3.76,ZWO ASI6200MM Pro,-10.0,-9.9,40,NP101is,540.0,5.4,Starlight Xpress Fil,Lum,IC 405,FocusLynx Focuser 1,10784.0,10784.0,13.404,0.6,0.6,TOP-DOWN,2000.0,N.I.N.A. 2.0.0.2043,2022-02-04_23-59-23_Lum_-9.90_300.00s_0019.fits,1,/mnt/raid0/AstroImaging/Preselected/Flaming Star Nebula (IC405) started 4th February 2022/Lights/Lum/2022-02-04_23-59-23_Lum_-9.90_300.00s_0019.fits,79.5167774786032,34.8065234375,46.729417883698,269.330598712105,1.37218335139889,East,40.0,52.2486111111111,-0.123055555555556,05 21 00,+33 46 43,87.26,8.0,0.5,84.0,1012.2,3.0,233.0,3.24
True,16,2,9576,6388,True,32768,LIGHT,300.0,300.0,2022-02-05T00:04:26.027,2022-02-05T00:04:26.027,1,1,0,10,0.779999971389771,3.76,3.76,ZWO ASI6200MM Pro,-10.0,-10.0,40,NP101is,540.0,5.4,Starlight Xpress Fil,Lum,IC 405,FocusLynx Focuser 1,10784.0,10784.0,13.404,0.5,0.5,TOP-DOWN,2000.0,N.I.N.A. 2.0.0.2043,2022-02-05_00-04-26_Lum_-10.00_300.00s_0020.fits,1,/mnt/raid0/AstroImaging/Preselected/Flaming Star Nebula (IC405) started 4th February 2022/Lights/Lum/2022-02-05_00-04-26_Lum_-10.00_300.00s_0020.fits,79.5169511956391,34.8078125,45.9586568085892,270.330923009469,1.38984878109349,East,40.0,52.2486111111111,-0.123055555555556,05 21 00,+33 46 43,87.26,8.0,0.5,84.0,1012.2,3.0,233.0,3.24
True,16,2,9576,6388,True,32768,LIGHT,300.0,300.0,2022-02-05T00:09:28.754,2022-02-05T00:09:28.754,1,1,0,10,0.779999971389771,3.76,3.76,ZWO ASI6200MM Pro,-10.0,-10.0,40,NP101is,540.0,5.4,Starlight Xpress Fil,Lum,IC 405,FocusLynx Focuser 1,10784.0,10784.0,13.404,0.5,0.5,TOP-DOWN,2000.0,N.I.N.A. 2.0.0.2043,2022-02-05_00-09-28_Lum_-10.00_300.00s_0021.fits,1,/mnt/raid0/AstroImaging/Preselected/Flaming Star Nebula (IC405) started 4th February 2022/Lights/Lum/2022-02-05_00-09-28_Lum_-10.00_300.00s_0021.fits,79.5179660227158,34.808046875,45.1849501044542,271.319341621427,1.40830289425801,East,40.0,52.2486111111111,-0.123055555555556,05 21 00,+33 46 43,87.26,8.0,0.5,84.0,1012.2,3.0,233.0,3.24
True,16,2,9576,6388,True,32768,LIGHT,300.0,300.0,2022-02-05T00:14:31.459,2022-02-05T00:14:31.459,1,1,0,10,0.779999971389771,3.76,3.76,ZWO ASI6200MM Pro,-10.0,-10.0,40,NP101is,540.0,5.4,Starlight Xpress Fil,Lum,IC 405,FocusLynx Focuser 1,10784.0,10784.0,13.404,0.4,0.4,TOP-DOWN,2000.0,N.I.N.A. 2.0.0.2043,2022-02-05_00-14-31_Lum_-10.00_300.00s_0022.fits,1,/mnt/raid0/AstroImaging/Preselected/Flaming Star Nebula (IC405) started 4th February 2022/Lights/Lum/2022-02-05_00-14-31_Lum_-10.00_300.00s_0022.fits,79.5172626550985,34.80859375,44.4097253703589,272.297763150279,1.42755383660323,East,40.0,52.2486111111111,-0.123055555555556,05 21 00,+33 46 43,87.26,8.0,0.4,84.0,1012.2,2.9,234.0,1.44
True,16,2,9576,6388,True,32768,LIGHT,300.0,300.0,2022-02-05T00:19:58.406,2022-02-05T00:19:58.406,1,1,0,10,0.779999971389771,3.76,3.76,ZWO ASI6200MM Pro,-10.0,-10.0,40,NP101is,540.0,5.4,Starlight Xpress Fil,Lum,IC 405,FocusLynx Focuser 1,10784.0,10784.0,13.404,0.4,0.4,TOP-DOWN,2000.0,N.I.N.A. 2.0.0.2043,2022-02-05_00-19-58_Lum_-10.00_300.00s_0023.fits,1,/mnt/raid0/AstroImaging/Preselected/Flaming Star Nebula (IC405) started 4th February 2022/Lights/Lum/2022-02-05_00-19-58_Lum_-10.00_300.00s_0023.fits,79.5146155390264,34.8003125,43.569419645716,273.329003283615,1.44932576835403,East,40.0,52.2486111111111,-0.123055555555556,05 21 00,+33 46 43,87.26,8.0,0.4,84.0,1012.2,2.9,234.0,1.44
True,16,2,9576,6388,True,32768,LIGHT,300.0,300.0,2022-02-05T00:25:01.004,2022-02-05T00:25:01.004,1,1,0,10,0.779999971389771,3.76,3.76,ZWO ASI6200MM Pro,-10.0,-10.0,40,NP101is,540.0,5.4,Starlight Xpress Fil,Lum,IC 405,FocusLynx Focuser 1,10784.0,10784.0,13.404,0.3,0.3,TOP-DOWN,2000.0,N.I.N.A. 2.0.0.2043,2022-02-05_00-25-01_Lum_-10.00_300.00s_0024.fits,1,/mnt/raid0/AstroImaging/Preselected/Flaming Star Nebula (IC405) started 4th February 2022/Lights/Lum/2022-02-05_00-25-01_Lum_-10.00_300.00s_0024.fits,79.5143171618235,34.8020703125,42.7940409770919,274.287416256884,1.47029506438142,East,40.0,52.2486111111111,-0.123055555555556,05 21 00,+33 46 43,87.26,8.0,0.3,84.0,1012.2,2.7,238.0,1.44
True,16,2,9576,6388,True,32768,LIGHT,300.0,300.0,2022-02-05T00:40:32.584,2022-02-05T00:40:32.584,1,1,0,10,0.779999971389771,3.76,3.76,ZWO ASI6200MM Pro,-10.0,-9.9,40,NP101is,540.0,5.4,Starlight Xpress Fil,Lum,IC 405,FocusLynx Focuser 1,10792.0,10792.0,13.404,0.3,0.3,TOP-DOWN,2000.0,N.I.N.A. 2.0.0.2043,2022-02-05_00-40-32_Lum_-9.90_300.00s_0025.fits,1,/mnt/raid0/AstroImaging/Preselected/Flaming Star Nebula (IC405) started 4th February 2022/Lights/Lum/2022-02-05_00-40-32_Lum_-9.90_300.00s_0025.fits,79.5301478584079,34.8028515625,40.4376795024636,277.138495280444,1.53968939750684,East,40.0,52.2486111111111,-0.123055555555556,05 21 00,+33 46 43,87.26,8.0,0.4,85.0,1012.2,2.6,221.0,3.24
True,16,2,9576,6388,True,32768,LIGHT,300.0,300.0,2022-02-05T00:45:35.275,2022-02-05T00:45:35.275,1,1,0,10,0.779999971389771,3.76,3.76,ZWO ASI6200MM Pro,-10.0,-10.0,40,NP101is,540.0,5.4,Starlight Xpress Fil,Lum,IC 405,FocusLynx Focuser 1,10792.0,10792.0,13.404,0.4,0.4,TOP-DOWN,2000.0,N.I.N.A. 2.0.0.2043,2022-02-05_00-45-35_Lum_-10.00_300.00s_0026.fits,1,/mnt/raid0/AstroImaging/Preselected/Flaming Star Nebula (IC405) started 4th February 2022/Lights/Lum/2022-02-05_00-45-35_Lum_-10.00_300.00s_0026.fits,79.5308069704035,34.802578125,39.6670975991498,278.055620766195,1.56440913392098,East,40.0,52.2486111111111,-0.123055555555556,05 21 00,+33 46 43,87.26,8.0,0.3,85.0,1012.2,2.6,179.0,3.24
True,16,2,9576,6388,True,32768,LIGHT,300.0,300.0,2022-02-05T00:53:18.423,2022-02-05T00:53:18.423,1,1,0,10,0.779999971389771,3.76,3.76,ZWO ASI6200MM Pro,-10.0,-10.0,40,NP101is,540.0,5.4,Starlight Xpress Fil,Lum,IC 405,FocusLynx Focuser 1,10792.0,10792.0,13.404,0.3,0.3,TOP-DOWN,2000.0,N.I.N.A. 2.0.0.2043,2022-02-05_00-53-18_Lum_-10.00_300.00s_0027.fits,1,/mnt/raid0/AstroImaging/Preselected/Flaming Star Nebula (IC405) started 4th February 2022/Lights/Lum/2022-02-05_00-53-18_Lum_-10.00_300.00s_0027.fits,79.5304167621635,34.8041015625,38.497972710938,279.439908004574,1.60402632633836,East,40.0,52.2486111111111,-0.123055555555556,05 21 00,+33 46 43,87.26,8.0,0.4,85.0,1012.2,2.6,233.0,1.44
True,16,2,9576,6388,True,32768,LIGHT,300.0,300.0,2022-02-05T01:01:02.077,2022-02-05T01:01:02.077,1,1,0,10,0.779999971389771,3.76,3.76,ZWO ASI6200MM Pro,-10.0,-9.8,40,NP101is,540.0,5.4,Starlight Xpress Fil,Lum,IC 405,FocusLynx Focuser 1,10792.0,10792.0,13.404,0.2,0.2,TOP-DOWN,2000.0,N.I.N.A. 2.0.0.2043,2022-02-05_01-01-02_Lum_-9.80_300.00s_0028.fits,1,/mnt/raid0/AstroImaging/Preselected/Flaming Star Nebula (IC405) started 4th February 2022/Lights/Lum/2022-02-05_01-01-02_Lum_-9.80_300.00s_0028.fits,79.525165299649,34.80328125,37.3247984681689,280.814466912224,1.64654725553295,East,40.0,52.2486111111111,-0.123055555555556,05 21 00,+33 46 43,87.26,8.0,0.4,85.0,1012.2,2.6,233.0,1.44
True,16,2,9576,6388,True,32768,LIGHT,300.0,300.0,2022-02-05T01:08:56.760,2022-02-05T01:08:56.760,1,1,0,10,0.779999971389771,3.76,3.76,ZWO ASI6200MM Pro,-10.0,-9.9,40,NP101is,540.0,5.4,Starlight Xpress Fil,Lum,IC 405,FocusLynx Focuser 1,10792.0,10792.0,13.404,0.1,0.1,TOP-DOWN,2000.0,N.I.N.A. 2.0.0.2043,2022-02-05_01-08-56_Lum_-9.90_300.00s_0029.fits,1,/mnt/raid0/AstroImaging/Preselected/Flaming Star Nebula (IC405) started 4th February 2022/Lights/Lum/2022-02-05_01-08-56_Lum_-9.90_300.00s_0029.fits,79.5320507571056,34.8033984375,36.1414936594961,282.194541829833,1.69250840559277,East,40.0,52.2486111111111,-0.123055555555556,05 21 00,+33 46 43,87.26,8.0,0.1,84.0,1012.2,2.6,311.0,1.44
True,16,2,9576,6388,True,32768,LIGHT,300.0,300.0,2022-02-05T01:13:59.439,2022-02-05T01:13:59.439,1,1,0,10,0.779999971389771,3.76,3.76,ZWO ASI6200MM Pro,-10.0,-9.9,40,NP101is,540.0,5.4,Starlight Xpress Fil,Lum,IC 405,FocusLynx Focuser 1,10792.0,10792.0,13.404,0.0,0.0,TOP-DOWN,2000.0,N.I.N.A. 2.0.0.2043,2022-02-05_01-13-59_Lum_-9.90_300.00s_0030.fits,1,/mnt/raid0/AstroImaging/Preselected/Flaming Star Nebula (IC405) started 4th February 2022/Lights/Lum/2022-02-05_01-13-59_Lum_-9.90_300.00s_0030.fits,79.5327058517626,34.804765625,35.3887642831405,283.071593002616,1.72348867762892,East,40.0,52.2486111111111,-0.123055555555556,05 21 00,+33 46 43,87.26,8.0,0.3,85.0,1013.2,2.5,221.0,1.44
True,16,2,9576,6388,True,32768,LIGHT,300.0,300.0,2022-02-05T01:21:57.939,2022-02-05T01:21:57.939,1,1,0,10,0.779999971389771,3.76,3.76,ZWO ASI6200MM Pro,-10.0,-9.9,40,NP101is,540.0,5.4,Starlight Xpress Fil,Lum,IC 405,FocusLynx Focuser 1,10792.0,10792.0,13.404,0.0,0.0,TOP-DOWN,2000.0,N.I.N.A. 2.0.0.2043,2022-02-05_01-21-57_Lum_-9.90_300.00s_0031.fits,1,/mnt/raid0/AstroImaging/Preselected/Flaming Star Nebula (IC405) started 4th February 2022/Lights/Lum/2022-02-05_01-21-57_Lum_-9.90_300.00s_0031.fits,79.5333003693629,34.804765625,34.1991709215006,284.450956234143,1.77545894103016,East,40.0,52.2486111111111,-0.123055555555556,05 21 00,+33 46 43,87.26,8.0,0.3,85.0,1013.2,2.5,221.0,1.44
True,16,2,9576,6388,True,32768,LIGHT,300.0,300.0,2022-02-05T01:27:00.628,2022-02-05T01:27:00.628,1,1,0,10,0.779999971389771,3.76,3.76,ZWO ASI6200MM Pro,-10.0,-10.0,40,NP101is,540.0,5.4,Starlight Xpress Fil,Lum,IC 405,FocusLynx Focuser 1,10792.0,10792.0,13.404,-0.1,-0.1,TOP-DOWN,2000.0,N.I.N.A. 2.0.0.2043,2022-02-05_01-27-00_Lum_-10.00_300.00s_0032.fits,1,/mnt/raid0/AstroImaging/Preselected/Flaming Star Nebula (IC405) started 4th February 2022/Lights/Lum/2022-02-05_01-27-00_Lum_-10.00_300.00s_0032.fits,79.5328945316697,34.80453125,33.4511699244253,285.316920339429,1.8101731412967,East,40.0,52.2486111111111,-0.123055555555556,05 21 00,+33 46 43,87.26,8.0,0.2,85.0,1013.2,2.5,303.0,3.24
True,16,2,9576,6388,True,32768,LIGHT,300.0,300.0,2022-02-05T01:34:42.669,2022-02-05T01:34:42.669,1,1,0,10,0.779999971389771,3.76,3.76,ZWO ASI6200MM Pro,-10.0,-9.8,40,NP101is,540.0,5.4,Starlight Xpress Fil,Lum,IC 405,FocusLynx Focuser 1,10792.0,10792.0,13.404,0.0,0.0,TOP-DOWN,2000.0,N.I.N.A. 2.0.0.2043,2022-02-05_01-34-42_Lum_-9.80_300.00s_0033.fits,1,/mnt/raid0/AstroImaging/Preselected/Flaming Star Nebula (IC405) started 4th February 2022/Lights/Lum/2022-02-05_01-34-42_Lum_-9.80_300.00s_0033.fits,79.5306218604291,34.80359375,32.3144195438338,286.63209707958,1.8662179404055,East,40.0,52.2486111111111,-0.123055555555556,05 21 00,+33 46 43,87.26,9.0,0.2,85.0,1013.2,2.5,216.0,1.44
True,16,2,9576,6388,True,32768,LIGHT,300.0,300.0,2022-02-05T01:42:28.675,2022-02-05T01:42:28.675,1,1,0,10,0.779999971389771,3.76,3.76,ZWO ASI6200MM Pro,-10.0,-9.8,40,NP101is,540.0,5.4,Starlight Xpress Fil,Lum,IC 405,FocusLynx Focuser 1,10792.0,10792.0,13.404,0.1,0.1,TOP-DOWN,2000.0,N.I.N.A. 2.0.0.2043,2022-02-05_01-42-28_Lum_-9.80_300.00s_0034.fits,1,/mnt/raid0/AstroImaging/Preselected/Flaming Star Nebula (IC405) started 4th February 2022/Lights/Lum/2022-02-05_01-42-28_Lum_-9.80_300.00s_0034.fits,79.5313389885098,34.805625,31.1733701424956,287.959124588122,1.92684261627612,East,40.0,52.2486111111111,-0.123055555555556,05 21 00,+33 46 43,87.26,9.0,0.2,85.0,1013.2,2.5,216.0,1.44
True,16,2,9576,6388,True,32768,LIGHT,300.0,300.0,2022-02-05T01:47:56.944,2022-02-05T01:47:56.944,1,1,0,10,0.779999971389771,3.76,3.76,ZWO ASI6200MM Pro,-10.0,-10.0,40,NP101is,540.0,5.4,Starlight Xpress Fil,Lum,IC 405,FocusLynx Focuser 1,10792.0,10792.0,13.404,0.1,0.1,TOP-DOWN,2000.0,N.I.N.A. 2.0.0.2043,2022-02-05_01-47-56_Lum_-10.00_300.00s_0035.fits,1,/mnt/raid0/AstroImaging/Preselected/Flaming Star Nebula (IC405) started 4th February 2022/Lights/Lum/2022-02-05_01-47-56_Lum_-10.00_300.00s_0035.fits,79.5259879110418,34.8112890625,30.3785118792479,288.892756705811,1.97191535869793,East,40.0,52.2486111111111,-0.123055555555556,05 21 00,+33 46 43,87.26,9.0,0.2,85.0,1013.2,2.5,216.0,1.44
True,16,2,9576,6388,True,32768,LIGHT,300.0,300.0,2022-02-05T01:52:59.692,2022-02-05T01:52:59.692,1,1,0,10,0.779999971389771,3.76,3.76,ZWO ASI6200MM Pro,-10.0,-10.0,40,NP101is,540.0,5.4,Starlight Xpress Fil,Lum,IC 405,FocusLynx Focuser 1,10792.0,10792.0,13.404,0.2,0.2,TOP-DOWN,2000.0,N.I.N.A. 2.0.0.2043,2022-02-05_01-52-59_Lum_-10.00_300.00s_0036.fits,1,/mnt/raid0/AstroImaging/Preselected/Flaming Star Nebula (IC405) started 4th February 2022/Lights/Lum/2022-02-05_01-52-59_Lum_-10.00_300.00s_0036.fits,79.5269209636616,34.809921875,29.648789141007,289.74139771941,2.01552931467604,East,40.0,52.2486111111111,-0.123055555555556,05 21 00,+33 46 43,87.26,9.0,0.1,84.0,1013.2,2.5,179.0,1.44
True,16,2,9576,6388,True,32768,LIGHT,300.0,300.0,2022-02-05T01:58:02.308,2022-02-05T01:58:02.308,1,1,0,10,0.779999971389771,3.76,3.76,ZWO ASI6200MM Pro,-10.0,-10.0,40,NP101is,540.0,5.4,Starlight Xpress Fil,Lum,IC 405,FocusLynx Focuser 1,10792.0,10792.0,13.404,0.2,0.2,TOP-DOWN,2000.0,N.I.N.A. 2.0.0.2043,2022-02-05_01-58-02_Lum_-10.00_300.00s_0037.fits,1,/mnt/raid0/AstroImaging/Preselected/Flaming Star Nebula (IC405) started 4th February 2022/Lights/Lum/2022-02-05_01-58-02_Lum_-10.00_300.00s_0037.fits,79.5248511476934,34.8103125,28.9227289341213,290.591418923421,2.06120897087611,East,40.0,52.2486111111111,-0.123055555555556,05 21 00,+33 46 43,87.26,9.0,0.1,84.0,1013.2,2.5,179.0,1.44
True,16,2,9576,6388,True,32768,LIGHT,300.0,300.0,2022-02-05T02:03:05.090,2022-02-05T02:03:05.090,1,1,0,10,0.779999971389771,3.76,3.76,ZWO ASI6200MM Pro,-10.0,-9.9,40,NP101is,540.0,5.4,Starlight Xpress Fil,Lum,IC 405,FocusLynx Focuser 1,10792.0,10792.0,13.404,0.2,0.2,TOP-DOWN,2000.0,N.I.N.A. 2.0.0.2043,2022-02-05_02-03-05_Lum_-9.90_300.00s_0038.fits,1,/mnt/raid0/AstroImaging/Preselected/Flaming Star Nebula (IC405) started 4th February 2022/Lights/Lum/2022-02-05_02-03-05_Lum_-9.90_300.00s_0038.fits,79.5267400715588,34.810078125,28.1970214419617,291.44330411709,2.10931572708894,East,40.0,52.2486111111111,-0.123055555555556,05 21 00,+33 46 43,87.26,9.0,0.0,84.0,1013.2,2.4,223.0,3.24
True,16,2,9576,6388,True,32768,LIGHT,300.0,300.0,2022-02-05T02:08:07.712,2022-02-05T02:08:07.712,1,1,0,10,0.779999971389771,3.76,3.76,ZWO ASI6200MM Pro,-10.0,-10.0,40,NP101is,540.0,5.4,Starlight Xpress Fil,Lum,IC 405,FocusLynx Focuser 1,10792.0,10792.0,13.404,0.2,0.2,TOP-DOWN,2000.0,N.I.N.A. 2.0.0.2043,2022-02-05_02-08-07_Lum_-10.00_300.00s_0039.fits,1,/mnt/raid0/AstroImaging/Preselected/Flaming Star Nebula (IC405) started 4th February 2022/Lights/Lum/2022-02-05_02-08-07_Lum_-10.00_300.00s_0039.fits,79.5277172238221,34.8116796875,27.4824202334818,292.288905135978,2.15926322924483,East,40.0,52.2486111111111,-0.123055555555556,05 21 00,+33 46 43,87.26,9.0,0.0,84.0,1013.2,2.4,223.0,3.24
True,16,2,9576,6388,True,32768,LIGHT,300.0,300.0,2022-02-05T02:13:10.296,2022-02-05T02:13:10.296,1,1,0,10,0.779999971389771,3.76,3.76,ZWO ASI6200MM Pro,-10.0,-10.0,40,NP101is,540.0,5.4,Starlight Xpress Fil,Lum,IC 405,FocusLynx Focuser 1,10792.0,10792.0,13.404,0.3,0.3,TOP-DOWN,2000.0,N.I.N.A. 2.0.0.2043,2022-02-05_02-13-10_Lum_-10.00_300.00s_0040.fits,1,/mnt/raid0/AstroImaging/Preselected/Flaming Star Nebula (IC405) started 4th February 2022/Lights/Lum/2022-02-05_02-13-10_Lum_-10.00_300.00s_0040.fits,79.5277214673089,34.810703125,26.768660442421,293.133561607724,2.21190504345112,East,40.0,52.2486111111111,-0.123055555555556,05 21 00,+33 46 43,87.26,9.0,0.0,84.0,1013.2,2.4,223.0,3.24
True,16,2,9576,6388,True,32768,LIGHT,300.0,300.0,2022-02-05T02:18:34.819,2022-02-05T02:18:34.819,1,1,0,10,0.779999971389771,3.76,3.76,ZWO ASI6200MM Pro,-10.0,-9.9,40,NP101is,540.0,5.4,Starlight Xpress Fil,Lum,IC 405,FocusLynx Focuser 1,10792.0,10792.0,13.404,0.4,0.4,TOP-DOWN,2000.0,N.I.N.A. 2.0.0.2043,2022-02-05_02-18-34_Lum_-9.90_300.00s_0041.fits,1,/mnt/raid0/AstroImaging/Preselected/Flaming Star Nebula (IC405) started 4th February 2022/Lights/Lum/2022-02-05_02-18-34_Lum_-9.90_300.00s_0041.fits,79.5267721280314,34.8108984375,26.0110509371924,294.037389298566,2.27103800541884,East,40.0,52.2486111111111,-0.123055555555556,05 21 00,+33 46 43,87.26,9.0,0.0,84.0,1013.2,2.4,223.0,3.24
True,16,2,9576,6388,True,32768,LIGHT,300.0,300.0,2022-02-05T02:23:35.895,2022-02-05T02:23:35.895,1,1,0,10,0.779999971389771,3.76,3.76,ZWO ASI6200MM Pro,-10.0,-9.8,40,NP101is,540.0,5.4,Starlight Xpress Fil,Lum,IC 405,FocusLynx Focuser 1,10792.0,10792.0,13.404,0.5,0.5,TOP-DOWN,2000.0,N.I.N.A. 2.0.0.2043,2022-02-05_02-23-35_Lum_-9.80_300.00s_0042.fits,1,/mnt/raid0/AstroImaging/Preselected/Flaming Star Nebula (IC405) started 4th February 2022/Lights/Lum/2022-02-05_02-23-35_Lum_-9.80_300.00s_0042.fits,79.5270130070234,34.812890625,25.2713763078113,294.92862847081,2.33228322156091,East,40.0,52.2486111111111,-0.123055555555556,05 21 00,+33 46 43,87.26,9.0,-0.1,84.0,1013.2,2.3,225.0,3.24
True,16,2,9576,6388,True,32768,LIGHT,300.0,300.0,2022-02-05T02:28:53.053,2022-02-05T02:28:53.053,1,1,0,10,0.779999971389771,3.76,3.76,ZWO ASI6200MM Pro,-10.0,-10.0,40,NP101is,540.0,5.4,Starlight Xpress Fil,Lum,IC 405,FocusLynx Focuser 1,10792.0,10792.0,13.404,0.5,0.5,TOP-DOWN,2000.0,N.I.N.A. 2.0.0.2043,2022-02-05_02-28-53_Lum_-10.00_300.00s_0043.fits,1,/mnt/raid0/AstroImaging/Preselected/Flaming Star Nebula (IC405) started 4th February 2022/Lights/Lum/2022-02-05_02-28-53_Lum_-10.00_300.00s_0043.fits,79.5277307805509,34.811953125,24.5735051102029,295.770785178201,2.39352546173924,East,40.0,52.2486111111111,-0.123055555555556,05 21 00,+33 46 43,87.26,9.0,-0.1,84.0,1013.2,2.3,225.0,3.24
True,16,2,9576,6388,True,32768,LIGHT,300.0,300.0,2022-02-05T02:33:55.798,2022-02-05T02:33:55.798,1,1,0,10,0.779999971389771,3.76,3.76,ZWO ASI6200MM Pro,-10.0,-10.0,40,NP101is,540.0,5.4,Starlight Xpress Fil,Lum,IC 405,FocusLynx Focuser 1,10792.0,10792.0,13.404,0.6,0.6,TOP-DOWN,2000.0,N.I.N.A. 2.0.0.2043,2022-02-05_02-33-55_Lum_-10.00_300.00s_0044.fits,1,/mnt/raid0/AstroImaging/Preselected/Flaming Star Nebula (IC405) started 4th February 2022/Lights/Lum/2022-02-05_02-33-55_Lum_-10.00_300.00s_0044.fits,79.5269823941021,34.811640625,23.8785292606869,296.616711033902,2.45814070324825,East,40.0,52.2486111111111,-0.123055555555556,05 21 00,+33 46 43,87.26,8.0,-0.3,83.0,1013.2,2.3,56.0,3.24
True,16,2,9576,6388,True,32768,LIGHT,300.0,300.0,2022-02-05T02:38:58.577,2022-02-05T02:38:58.577,1,1,0,10,0.779999971389771,3.76,3.76,ZWO ASI6200MM Pro,-10.0,-10.0,40,NP101is,540.0,5.4,Starlight Xpress Fil,Lum,IC 405,FocusLynx Focuser 1,10792.0,10792.0,13.404,0.5,0.5,TOP-DOWN,2000.0,N.I.N.A. 2.0.0.2043,2022-02-05_02-38-58_Lum_-10.00_300.00s_0045.fits,1,/mnt/raid0/AstroImaging/Preselected/Flaming Star Nebula (IC405) started 4th February 2022/Lights/Lum/2022-02-05_02-38-58_Lum_-10.00_300.00s_0045.fits,79.5268353037891,34.8119921875,23.1888096997799,297.464471612678,2.52615845008004,East,40.0,52.2486111111111,-0.123055555555556,05 21 00,+33 46 43,87.26,8.0,-0.3,83.0,1013.2,2.3,56.0,3.24
True,16,2,9576,6388,True,32768,LIGHT,300.0,300.0,2022-02-05T02:44:01.474,2022-02-05T02:44:01.474,1,1,0,10,0.779999971389771,3.76,3.76,ZWO ASI6200MM Pro,-10.0,-10.0,40,NP101is,540.0,5.4,Starlight Xpress Fil,Lum,IC 405,FocusLynx Focuser 1,10792.0,10792.0,13.404,0.5,0.5,TOP-DOWN,2000.0,N.I.N.A. 2.0.0.2043,2022-02-05_02-44-01_Lum_-10.00_300.00s_0046.fits,1,/mnt/raid0/AstroImaging/Preselected/Flaming Star Nebula (IC405) started 4th February 2022/Lights/Lum/2022-02-05_02-44-01_Lum_-10.00_300.00s_0046.fits,79.5279400307492,34.81375,22.5060277101733,298.312371672534,2.59765098655985,East,40.0,52.2486111111111,-0.123055555555556,05 21 00,+33 46 43,87.26,8.0,-0.4,83.0,1013.2,2.2,44.0,1.44
True,16,2,9576,6388,True,32768,LIGHT,300.0,300.0,2022-02-05T02:49:30.791,2022-02-05T02:49:30.791,1,1,0,10,0.779999971389771,3.76,3.76,ZWO ASI6200MM Pro,-10.0,-10.0,40,NP101is,540.0,5.4,Starlight Xpress Fil,Lum,IC 405,FocusLynx Focuser 1,10792.0,10792.0,13.404,0.4,0.4,TOP-DOWN,2000.0,N.I.N.A. 2.0.0.2043,2022-02-05_02-49-30_Lum_-10.00_300.00s_0047.fits,1,/mnt/raid0/AstroImaging/Preselected/Flaming Star Nebula (IC405) started 4th February 2022/Lights/Lum/2022-02-05_02-49-30_Lum_-10.00_300.00s_0047.fits,79.5261468625718,34.806484375,21.7582303303523,299.235165838907,2.68114778077902,East,40.0,52.2486111111111,-0.123055555555556,05 21 00,+33 46 43,87.26,8.0,-0.4,83.0,1013.2,2.2,44.0,1.44
True,16,2,9576,6388,True,32768,LIGHT,300.0,300.0,2022-02-05T02:54:33.616,2022-02-05T02:54:33.616,1,1,0,10,0.779999971389771,3.76,3.76,ZWO ASI6200MM Pro,-10.0,-10.0,40,NP101is,540.0,5.4,Starlight Xpress Fil,Lum,IC 405,FocusLynx Focuser 1,10792.0,10792.0,13.404,0.4,0.4,TOP-DOWN,2000.0,N.I.N.A. 2.0.0.2043,2022-02-05_02-54-33_Lum_-10.00_300.00s_0048.fits,1,/mnt/raid0/AstroImaging/Preselected/Flaming Star Nebula (IC405) started 4th February 2022/Lights/Lum/2022-02-05_02-54-33_Lum_-10.00_300.00s_0048.fits,79.5272758905264,34.8074609375,21.0883369358437,300.082702286053,2.76100462275334,East,40.0,52.2486111111111,-0.123055555555556,05 21 00,+33 46 43,87.26,8.0,-0.4,83.0,1013.2,2.2,247.0,3.24
True,16,2,9576,6388,True,32768,LIGHT,300.0,300.0,2022-02-05T02:59:36.328,2022-02-05T02:59:36.328,1,1,0,10,0.779999971389771,3.76,3.76,ZWO ASI6200MM Pro,-10.0,-10.0,40,NP101is,540.0,5.4,Starlight Xpress Fil,Lum,IC 405,FocusLynx Focuser 1,10792.0,10792.0,13.404,0.3,0.3,TOP-DOWN,2000.0,N.I.N.A. 2.0.0.2043,2022-02-05_02-59-36_Lum_-10.00_300.00s_0049.fits,1,/mnt/raid0/AstroImaging/Preselected/Flaming Star Nebula (IC405) started 4th February 2022/Lights/Lum/2022-02-05_02-59-36_Lum_-10.00_300.00s_0049.fits,79.5283438593677,34.8080859375,20.4239455502114,300.931297893795,2.84539312821965,East,40.0,52.2486111111111,-0.123055555555556,05 21 00,+33 46 43,87.26,8.0,-0.4,83.0,1013.2,2.2,247.0,3.24
True,16,2,9576,6388,True,32768,LIGHT,300.0,300.0,2022-02-06T19:58:40.560,2022-02-06T19:58:40.560,1,1,0,10,0.779999971389771,3.76,3.76,ZWO ASI6200MM Pro,-10.0,-9.9,40,NP101is,540.0,5.4,Starlight Xpress Fil,Lum,IC 405,FocusLynx Focuser 1,10778.0,10778.0,13.404,2.5,2.5,TOP-DOWN,2000.0,N.I.N.A. 2.0.0.2043,2022-02-06_19-58-40_Lum_-9.90_300.00s_0061.fits,1,/mnt/raid0/AstroImaging/Preselected/Flaming Star Nebula (IC405) started 4th February 2022/Lights/Lum/2022-02-06_19-58-40_Lum_-9.90_300.00s_0061.fits,79.2527988464012,32.934609375,70.6550645714044,176.168868437345,1.05963513278322,West,40.0,52.2486111111111,-0.123055555555556,05 20 59,+33 46 43,87.26,97.0,1.7,80.0,1003.2,4.9,113.0,4.68
True,16,2,9576,6388,True,32768,LIGHT,300.0,300.0,2022-02-06T20:08:48.411,2022-02-06T20:08:48.411,1,1,0,10,0.779999971389771,3.76,3.76,ZWO ASI6200MM Pro,-10.0,-9.9,40,NP101is,540.0,5.4,Starlight Xpress Fil,Lum,IC 405,FocusLynx Focuser 1,10778.0,10778.0,13.404,2.6,2.6,TOP-DOWN,2000.0,N.I.N.A. 2.0.0.2043,2022-02-06_20-08-48_Lum_-9.90_300.00s_0063.fits,1,/mnt/raid0/AstroImaging/Preselected/Flaming Star Nebula (IC405) started 4th February 2022/Lights/Lum/2022-02-06_20-08-48_Lum_-9.90_300.00s_0063.fits,79.2520887620782,32.9377734375,70.6750561857416,182.587967884007,1.05950570916013,West,40.0,52.2486111111111,-0.123055555555556,05 20 59,+33 46 43,87.26,97.0,1.1,77.0,1003.2,4.8,13.0,6.48
True,16,2,9576,6388,True,32768,LIGHT,300.0,300.0,2022-02-06T20:24:03.220,2022-02-06T20:24:03.220,1,1,0,10,0.779999971389771,3.76,3.76,ZWO ASI6200MM Pro,-10.0,-9.9,40,NP101is,540.0,5.4,Starlight Xpress Fil,Lum,IC 405,FocusLynx Focuser 1,10769.0,10769.0,13.404,2.9,2.9,TOP-DOWN,2000.0,N.I.N.A. 2.0.0.2043,2022-02-06_20-24-03_Lum_-9.90_300.00s_0064.fits,1,/mnt/raid0/AstroImaging/Preselected/Flaming Star Nebula (IC405) started 4th February 2022/Lights/Lum/2022-02-06_20-24-03_Lum_-9.90_300.00s_0064.fits,79.4473086655796,34.711953125,72.1512099337499,192.554124513448,1.05038648119303,East,40.0,52.2486111111111,-0.123055555555556,05 20 59,+33 46 43,87.26,97.0,0.9,75.0,1004.2,5.0,23.0,6.48
True,16,2,9576,6388,True,32768,LIGHT,300.0,300.0,2022-02-06T20:29:05.850,2022-02-06T20:29:05.850,1,1,0,10,0.779999971389771,3.76,3.76,ZWO ASI6200MM Pro,-10.0,-10.0,40,NP101is,540.0,5.4,Starlight Xpress Fil,Lum,IC 405,FocusLynx Focuser 1,10769.0,10769.0,13.404,2.8,2.8,TOP-DOWN,2000.0,N.I.N.A. 2.0.0.2043,2022-02-06_20-29-05_Lum_-10.00_300.00s_0065.fits,1,/mnt/raid0/AstroImaging/Preselected/Flaming Star Nebula (IC405) started 4th February 2022/Lights/Lum/2022-02-06_20-29-05_Lum_-10.00_300.00s_0065.fits,79.4497156547984,34.708984375,71.9567144796868,195.892429451355,1.05153924200707,East,40.0,52.2486111111111,-0.123055555555556,05 20 59,+33 46 43,87.26,97.0,0.9,75.0,1004.2,5.0,23.0,6.48
True,16,2,9576,6388,True,32768,LIGHT,300.0,300.0,2022-02-06T20:34:12.017,2022-02-06T20:34:12.017,1,1,0,10,0.779999971389771,3.76,3.76,ZWO ASI6200MM Pro,-10.0,-10.0,40,NP101is,540.0,5.4,Starlight Xpress Fil,Lum,IC 405,FocusLynx Focuser 1,10769.0,10769.0,13.404,2.8,2.8,TOP-DOWN,2000.0,N.I.N.A. 2.0.0.2043,2022-02-06_20-34-12_Lum_-10.00_300.00s_0066.fits,1,/mnt/raid0/AstroImaging/Preselected/Flaming Star Nebula (IC405) started 4th February 2022/Lights/Lum/2022-02-06_20-34-12_Lum_-10.00_300.00s_0066.fits,79.4511286198555,34.7123828125,71.7273298734675,199.140853476379,1.05291763396804,East,40.0,52.2486111111111,-0.123055555555556,05 20 59,+33 46 43,87.26,97.0,0.9,75.0,1004.2,5.0,23.0,6.48
True,16,2,9576,6388,True,32768,LIGHT,300.0,300.0,2022-02-06T20:39:37.524,2022-02-06T20:39:37.524,1,1,0,10,0.779999971389771,3.76,3.76,ZWO ASI6200MM Pro,-10.0,-9.9,40,NP101is,540.0,5.4,Starlight Xpress Fil,Lum,IC 405,FocusLynx Focuser 1,10769.0,10769.0,13.404,2.8,2.8,TOP-DOWN,2000.0,N.I.N.A. 2.0.0.2043,2022-02-06_20-39-37_Lum_-9.90_300.00s_0067.fits,1,/mnt/raid0/AstroImaging/Preselected/Flaming Star Nebula (IC405) started 4th February 2022/Lights/Lum/2022-02-06_20-39-37_Lum_-9.90_300.00s_0067.fits,79.4427535635432,34.7131640625,71.4267930417474,202.605051872557,1.0547546523602,East,40.0,52.2486111111111,-0.123055555555556,05 20 59,+33 46 43,87.26,97.0,0.9,75.0,1004.2,5.0,23.0,6.48
True,16,2,9576,6388,True,32768,LIGHT,300.0,300.0,2022-02-06T20:44:43.017,2022-02-06T20:44:43.017,1,1,0,10,0.779999971389771,3.76,3.76,ZWO ASI6200MM Pro,-10.0,-10.0,40,NP101is,540.0,5.4,Starlight Xpress Fil,Lum,IC 405,FocusLynx Focuser 1,10769.0,10769.0,13.404,2.8,2.8,TOP-DOWN,2000.0,N.I.N.A. 2.0.0.2043,2022-02-06_20-44-43_Lum_-10.00_300.00s_0068.fits,1,/mnt/raid0/AstroImaging/Preselected/Flaming Star Nebula (IC405) started 4th February 2022/Lights/Lum/2022-02-06_20-44-43_Lum_-10.00_300.00s_0068.fits,79.4425106664169,34.713046875,71.1101141841299,205.686551059299,1.05672875605093,East,40.0,52.2486111111111,-0.123055555555556,05 20 59,+33 46 43,87.26,67.0,0.8,75.0,1004.2,4.9,15.0,4.68
True,16,2,9576,6388,True,32768,LIGHT,300.0,300.0,2022-02-06T20:49:45.562,2022-02-06T20:49:45.562,1,1,0,10,0.779999971389771,3.76,3.76,ZWO ASI6200MM Pro,-10.0,-9.9,40,NP101is,540.0,5.4,Starlight Xpress Fil,Lum,IC 405,FocusLynx Focuser 1,10769.0,10769.0,13.404,2.8,2.8,TOP-DOWN,2000.0,N.I.N.A. 2.0.0.2043,2022-02-06_20-49-45_Lum_-9.90_300.00s_0069.fits,1,/mnt/raid0/AstroImaging/Preselected/Flaming Star Nebula (IC405) started 4th February 2022/Lights/Lum/2022-02-06_20-49-45_Lum_-9.90_300.00s_0069.fits,79.4437204408368,34.7100390625,70.7536801897323,208.674967876908,1.05899826033607,East,40.0,52.2486111111111,-0.123055555555556,05 20 59,+33 46 43,87.26,67.0,0.8,75.0,1004.2,4.9,15.0,4.68
True,16,2,9576,6388,True,32768,LIGHT,300.0,300.0,2022-02-06T20:54:48.740,2022-02-06T20:54:48.740,1,1,0,10,0.779999971389771,3.76,3.76,ZWO ASI6200MM Pro,-10.0,-10.0,40,NP101is,540.0,5.4,Starlight Xpress Fil,Lum,IC 405,FocusLynx Focuser 1,10769.0,10769.0,13.404,2.8,2.8,TOP-DOWN,2000.0,N.I.N.A. 2.0.0.2043,2022-02-06_20-54-48_Lum_-10.00_300.00s_0070.fits,1,/mnt/raid0/AstroImaging/Preselected/Flaming Star Nebula (IC405) started 4th February 2022/Lights/Lum/2022-02-06_20-54-48_Lum_-10.00_300.00s_0070.fits,79.4432997200832,34.7126953125,70.3667684660474,211.580592490838,1.06151941860848,East,40.0,52.2486111111111,-0.123055555555556,05 20 59,+33 46 43,87.26,67.0,0.6,74.0,1005.2,4.9,150.0,6.48
True,16,2,9576,6388,True,32768,LIGHT,300.0,300.0,2022-02-06T20:59:51.440,2022-02-06T20:59:51.440,1,1,0,10,0.779999971389771,3.76,3.76,ZWO ASI6200MM Pro,-10.0,-10.0,40,NP101is,540.0,5.4,Starlight Xpress Fil,Lum,IC 405,FocusLynx Focuser 1,10769.0,10769.0,13.404,2.8,2.8,TOP-DOWN,2000.0,N.I.N.A. 2.0.0.2043,2022-02-06_20-59-51_Lum_-10.00_300.00s_0071.fits,1,/mnt/raid0/AstroImaging/Preselected/Flaming Star Nebula (IC405) started 4th February 2022/Lights/Lum/2022-02-06_20-59-51_Lum_-10.00_300.00s_0071.fits,79.4429745670168,34.7103125,69.9410027464776,214.39047862659,1.06436381028301,East,40.0,52.2486111111111,-0.123055555555556,05 20 59,+33 46 43,87.26,67.0,0.6,74.0,1005.2,4.9,150.0,6.48
True,16,2,9576,6388,True,32768,LIGHT,300.0,300.0,2022-02-06T21:04:54.089,2022-02-06T21:04:54.089,1,1,0,10,0.779999971389771,3.76,3.76,ZWO ASI6200MM Pro,-10.0,-10.0,40,NP101is,540.0,5.4,Starlight Xpress Fil,Lum,IC 405,FocusLynx Focuser 1,10769.0,10769.0,13.404,2.8,2.8,TOP-DOWN,2000.0,N.I.N.A. 2.0.0.2043,2022-02-06_21-04-54_Lum_-10.00_300.00s_0072.fits,1,/mnt/raid0/AstroImaging/Preselected/Flaming Star Nebula (IC405) started 4th February 2022/Lights/Lum/2022-02-06_21-04-54_Lum_-10.00_300.00s_0072.fits,79.4426798080598,34.713359375,69.4928437443512,217.086551049597,1.06743806777993,East,40.0,52.2486111111111,-0.123055555555556,05 20 59,+33 46 43,87.26,67.0,0.8,75.0,1005.2,4.9,42.0,6.48
True,16,2,9576,6388,True,32768,LIGHT,300.0,300.0,2022-02-06T21:10:21.868,2022-02-06T21:10:21.868,1,1,0,10,0.779999971389771,3.76,3.76,ZWO ASI6200MM Pro,-10.0,-10.0,40,NP101is,540.0,5.4,Starlight Xpress Fil,Lum,IC 405,FocusLynx Focuser 1,10769.0,10769.0,13.404,2.7,2.7,TOP-DOWN,2000.0,N.I.N.A. 2.0.0.2043,2022-02-06_21-10-21_Lum_-10.00_300.00s_0073.fits,1,/mnt/raid0/AstroImaging/Preselected/Flaming Star Nebula (IC405) started 4th February 2022/Lights/Lum/2022-02-06_21-10-21_Lum_-10.00_300.00s_0073.fits,79.449388967302,34.7151953125,68.9748435073538,219.89050560891,1.07109539062087,East,40.0,52.2486111111111,-0.123055555555556,05 20 59,+33 46 43,87.26,67.0,0.8,75.0,1005.2,4.9,42.0,6.48
True,16,2,9576,6388,True,32768,LIGHT,300.0,300.0,2022-02-06T21:15:24.430,2022-02-06T21:15:24.430,1,1,0,10,0.779999971389771,3.76,3.76,ZWO ASI6200MM Pro,-10.0,-9.9,40,NP101is,540.0,5.4,Starlight Xpress Fil,Lum,IC 405,FocusLynx Focuser 1,10769.0,10769.0,13.404,2.7,2.7,TOP-DOWN,2000.0,N.I.N.A. 2.0.0.2043,2022-02-06_21-15-24_Lum_-9.90_300.00s_0074.fits,1,/mnt/raid0/AstroImaging/Preselected/Flaming Star Nebula (IC405) started 4th February 2022/Lights/Lum/2022-02-06_21-15-24_Lum_-9.90_300.00s_0074.fits,79.4503318753788,34.71484375,68.4659566924389,222.383231127616,1.07479854632708,East,40.0,52.2486111111111,-0.123055555555556,05 20 59,+33 46 43,87.26,67.0,0.7,75.0,1005.2,4.8,42.0,4.68
True,16,2,9576,6388,True,32768,LIGHT,300.0,300.0,2022-02-06T21:20:26.954,2022-02-06T21:20:26.954,1,1,0,10,0.779999971389771,3.76,3.76,ZWO ASI6200MM Pro,-10.0,-10.0,40,NP101is,540.0,5.4,Starlight Xpress Fil,Lum,IC 405,FocusLynx Focuser 1,10769.0,10769.0,13.404,2.7,2.7,TOP-DOWN,2000.0,N.I.N.A. 2.0.0.2043,2022-02-06_21-20-26_Lum_-10.00_300.00s_0075.fits,1,/mnt/raid0/AstroImaging/Preselected/Flaming Star Nebula (IC405) started 4th February 2022/Lights/Lum/2022-02-06_21-20-26_Lum_-10.00_300.00s_0075.fits,79.4513265174267,34.7153515625,67.9321197108522,224.787959338987,1.07880251530953,East,40.0,52.2486111111111,-0.123055555555556,05 20 59,+33 46 43,87.26,67.0,0.7,75.0,1005.2,4.8,42.0,4.68
True,16,2,9576,6388,True,32768,LIGHT,300.0,300.0,2022-02-06T21:32:00.164,2022-02-06T21:32:00.164,1,1,0,10,0.779999971389771,3.76,3.76,ZWO ASI6200MM Pro,-10.0,-9.9,40,NP101is,540.0,5.4,Starlight Xpress Fil,Lum,IC 405,FocusLynx Focuser 1,10748.0,10748.0,13.404,2.8,2.8,TOP-DOWN,2000.0,N.I.N.A. 2.0.0.2043,2022-02-06_21-32-00_Lum_-9.90_300.00s_0076.fits,1,/mnt/raid0/AstroImaging/Preselected/Flaming Star Nebula (IC405) started 4th February 2022/Lights/Lum/2022-02-06_21-32-00_Lum_-9.90_300.00s_0076.fits,79.4519233784386,34.71578125,66.6259191404883,229.953167630874,1.08912733628932,East,40.0,52.2486111111111,-0.123055555555556,05 20 59,+33 46 43,87.26,52.0,0.5,74.0,1006.2,4.8,334.0,6.48
True,16,2,9576,6388,True,32768,LIGHT,300.0,300.0,2022-02-06T21:37:04.564,2022-02-06T21:37:04.564,1,1,0,10,0.779999971389771,3.76,3.76,ZWO ASI6200MM Pro,-10.0,-10.0,40,NP101is,540.0,5.4,Starlight Xpress Fil,Lum,IC 405,FocusLynx Focuser 1,10748.0,10748.0,13.404,2.7,2.7,TOP-DOWN,2000.0,N.I.N.A. 2.0.0.2043,2022-02-06_21-37-04_Lum_-10.00_300.00s_0077.fits,1,/mnt/raid0/AstroImaging/Preselected/Flaming Star Nebula (IC405) started 4th February 2022/Lights/Lum/2022-02-06_21-37-04_Lum_-10.00_300.00s_0077.fits,79.4521514391468,34.7182421875,66.0243796816494,232.073624042117,1.09414100205831,East,40.0,52.2486111111111,-0.123055555555556,05 20 59,+33 46 43,87.26,52.0,0.5,74.0,1006.2,4.8,334.0,6.48
True,16,2,9576,6388,True,32768,LIGHT,300.0,300.0,2022-02-06T21:42:07.315,2022-02-06T21:42:07.315,1,1,0,10,0.779999971389771,3.76,3.76,ZWO ASI6200MM Pro,-10.0,-10.0,40,NP101is,540.0,5.4,Starlight Xpress Fil,Lum,IC 405,FocusLynx Focuser 1,10748.0,10748.0,13.404,2.6,2.6,TOP-DOWN,2000.0,N.I.N.A. 2.0.0.2043,2022-02-06_21-42-07_Lum_-10.00_300.00s_0078.fits,1,/mnt/raid0/AstroImaging/Preselected/Flaming Star Nebula (IC405) started 4th February 2022/Lights/Lum/2022-02-06_21-42-07_Lum_-10.00_300.00s_0078.fits,79.4506004068941,34.718828125,65.4072219138291,234.100335328313,1.09945933309742,East,40.0,52.2486111111111,-0.123055555555556,05 20 59,+33 46 43,87.26,52.0,0.6,75.0,1006.2,4.6,87.0,4.68
True,16,2,9576,6388,True,32768,LIGHT,300.0,300.0,2022-02-06T21:47:24.363,2022-02-06T21:47:24.363,1,1,0,10,0.779999971389771,3.76,3.76,ZWO ASI6200MM Pro,-10.0,-9.9,40,NP101is,540.0,5.4,Starlight Xpress Fil,Lum,IC 405,FocusLynx Focuser 1,10748.0,10748.0,13.404,2.5,2.5,TOP-DOWN,2000.0,N.I.N.A. 2.0.0.2043,2022-02-06_21-47-24_Lum_-9.90_300.00s_0079.fits,1,/mnt/raid0/AstroImaging/Preselected/Flaming Star Nebula (IC405) started 4th February 2022/Lights/Lum/2022-02-06_21-47-24_Lum_-9.90_300.00s_0079.fits,79.4534537305369,34.7146484375,64.7390670912738,236.138143363435,1.10542076017911,East,40.0,52.2486111111111,-0.123055555555556,05 20 59,+33 46 43,87.26,52.0,0.6,75.0,1006.2,4.6,87.0,4.68
True,16,2,9576,6388,True,32768,LIGHT,300.0,300.0,2022-02-06T21:52:27.042,2022-02-06T21:52:27.042,1,1,0,10,0.779999971389771,3.76,3.76,ZWO ASI6200MM Pro,-10.0,-9.9,40,NP101is,540.0,5.4,Starlight Xpress Fil,Lum,IC 405,FocusLynx Focuser 1,10748.0,10748.0,13.404,2.5,2.5,TOP-DOWN,2000.0,N.I.N.A. 2.0.0.2043,2022-02-06_21-52-27_Lum_-9.90_300.00s_0080.fits,1,/mnt/raid0/AstroImaging/Preselected/Flaming Star Nebula (IC405) started 4th February 2022/Lights/Lum/2022-02-06_21-52-27_Lum_-9.90_300.00s_0080.fits,79.4533115909528,34.7144140625,64.0899025166926,238.013942575006,1.11142022068407,East,40.0,52.2486111111111,-0.123055555555556,05 20 59,+33 46 43,87.26,52.0,0.4,74.0,1006.2,4.7,36.0,3.24
True,16,2,9576,6388,True,32768,LIGHT,300.0,300.0,2022-02-06T22:03:26.354,2022-02-06T22:03:26.354,1,1,0,10,0.779999971389771,3.76,3.76,ZWO ASI6200MM Pro,-10.0,-9.9,40,NP101is,540.0,5.4,Starlight Xpress Fil,Lum,IC 405,FocusLynx Focuser 1,10748.0,10748.0,13.404,2.5,2.5,TOP-DOWN,2000.0,N.I.N.A. 2.0.0.2043,2022-02-06_22-03-26_Lum_-9.90_300.00s_0081.fits,1,/mnt/raid0/AstroImaging/Preselected/Flaming Star Nebula (IC405) started 4th February 2022/Lights/Lum/2022-02-06_22-03-26_Lum_-9.90_300.00s_0081.fits,79.4561617780103,34.71484375,62.6241487374937,241.892200694461,1.12574458972564,East,40.0,52.2486111111111,-0.123055555555556,05 20 59,+33 46 43,87.26,52.0,0.4,74.0,1006.2,4.6,355.0,3.24
True,16,2,9576,6388,True,32768,LIGHT,300.0,300.0,2022-02-06T22:08:31.460,2022-02-06T22:08:31.460,1,1,0,10,0.779999971389771,3.76,3.76,ZWO ASI6200MM Pro,-10.0,-10.0,40,NP101is,540.0,5.4,Starlight Xpress Fil,Lum,IC 405,FocusLynx Focuser 1,10748.0,10748.0,13.404,2.4,2.4,TOP-DOWN,2000.0,N.I.N.A. 2.0.0.2043,2022-02-06_22-08-31_Lum_-10.00_300.00s_0082.fits,1,/mnt/raid0/AstroImaging/Preselected/Flaming Star Nebula (IC405) started 4th February 2022/Lights/Lum/2022-02-06_22-08-31_Lum_-10.00_300.00s_0082.fits,79.457208231925,34.71796875,61.9598030555317,243.520536561955,1.13260490670478,East,40.0,52.2486111111111,-0.123055555555556,05 20 59,+33 46 43,87.26,52.0,0.4,74.0,1006.2,4.6,355.0,3.24
True,16,2,9576,6388,True,32768,LIGHT,300.0,300.0,2022-02-06T22:13:33.984,2022-02-06T22:13:33.984,1,1,0,10,0.779999971389771,3.76,3.76,ZWO ASI6200MM Pro,-10.0,-10.0,40,NP101is,540.0,5.4,Starlight Xpress Fil,Lum,IC 405,FocusLynx Focuser 1,10748.0,10748.0,13.404,2.4,2.4,TOP-DOWN,2000.0,N.I.N.A. 2.0.0.2043,2022-02-06_22-13-33_Lum_-10.00_300.00s_0083.fits,1,/mnt/raid0/AstroImaging/Preselected/Flaming Star Nebula (IC405) started 4th February 2022/Lights/Lum/2022-02-06_22-13-33_Lum_-10.00_300.00s_0083.fits,79.4577824194499,34.714375,61.2425667602999,245.173941074913,1.14027865365362,East,40.0,52.2486111111111,-0.123055555555556,05 20 59,+33 46 43,87.26,52.0,0.4,75.0,1007.2,4.5,157.0,3.24
True,16,2,9576,6388,True,32768,LIGHT,300.0,300.0,2022-02-06T22:18:36.655,2022-02-06T22:18:36.655,1,1,0,10,0.779999971389771,3.76,3.76,ZWO ASI6200MM Pro,-10.0,-10.0,40,NP101is,540.0,5.4,Starlight Xpress Fil,Lum,IC 405,FocusLynx Focuser 1,10748.0,10748.0,13.404,2.3,2.3,TOP-DOWN,2000.0,N.I.N.A. 2.0.0.2043,2022-02-06_22-18-36_Lum_-10.00_300.00s_0084.fits,1,/mnt/raid0/AstroImaging/Preselected/Flaming Star Nebula (IC405) started 4th February 2022/Lights/Lum/2022-02-06_22-18-36_Lum_-10.00_300.00s_0084.fits,79.4574472924691,34.7140625,60.5325013191308,246.74589757745,1.14815676479261,East,40.0,52.2486111111111,-0.123055555555556,05 20 59,+33 46 43,87.26,52.0,0.4,75.0,1007.2,4.5,157.0,3.24
True,16,2,9576,6388,True,32768,LIGHT,300.0,300.0,2022-02-06T22:24:03.259,2022-02-06T22:24:03.259,1,1,0,10,0.779999971389771,3.76,3.76,ZWO ASI6200MM Pro,-10.0,-10.0,40,NP101is,540.0,5.4,Starlight Xpress Fil,Lum,IC 405,FocusLynx Focuser 1,10748.0,10748.0,13.404,2.3,2.3,TOP-DOWN,2000.0,N.I.N.A. 2.0.0.2043,2022-02-06_22-24-03_Lum_-10.00_300.00s_0085.fits,1,/mnt/raid0/AstroImaging/Preselected/Flaming Star Nebula (IC405) started 4th February 2022/Lights/Lum/2022-02-06_22-24-03_Lum_-10.00_300.00s_0085.fits,79.4551127404317,34.72,59.7626089137566,248.392661594564,1.15702429530995,East,40.0,52.2486111111111,-0.123055555555556,05 20 59,+33 46 43,87.26,52.0,0.6,76.0,1007.2,4.5,186.0,3.24
True,16,2,9576,6388,True,32768,LIGHT,300.0,300.0,2022-02-06T22:29:05.957,2022-02-06T22:29:05.957,1,1,0,10,0.779999971389771,3.76,3.76,ZWO ASI6200MM Pro,-10.0,-10.0,40,NP101is,540.0,5.4,Starlight Xpress Fil,Lum,IC 405,FocusLynx Focuser 1,10748.0,10748.0,13.404,2.3,2.3,TOP-DOWN,2000.0,N.I.N.A. 2.0.0.2043,2022-02-06_22-29-05_Lum_-10.00_300.00s_0086.fits,1,/mnt/raid0/AstroImaging/Preselected/Flaming Star Nebula (IC405) started 4th February 2022/Lights/Lum/2022-02-06_22-29-05_Lum_-10.00_300.00s_0086.fits,79.4544052629784,34.719921875,59.0376723592358,249.861862055572,1.16569343690966,East,40.0,52.2486111111111,-0.123055555555556,05 20 59,+33 46 43,87.26,52.0,0.6,76.0,1007.2,4.5,186.0,3.24
True,16,2,9576,6388,True,32768,LIGHT,300.0,300.0,2022-02-06T22:53:59.312,2022-02-06T22:53:59.312,1,1,0,10,0.779999971389771,3.76,3.76,ZWO ASI6200MM Pro,-10.0,-9.8,40,NP101is,540.0,5.4,Starlight Xpress Fil,Lum,IC 405,FocusLynx Focuser 1,10748.0,10748.0,13.404,2.1,2.1,TOP-DOWN,2000.0,N.I.N.A. 2.0.0.2043,2022-02-06_22-53-59_Lum_-9.80_300.00s_0087.fits,1,/mnt/raid0/AstroImaging/Preselected/Flaming Star Nebula (IC405) started 4th February 2022/Lights/Lum/2022-02-06_22-53-59_Lum_-9.80_300.00s_0087.fits,79.4558122584542,34.7022265625,55.3713452836362,256.486477124498,1.21465891280574,East,40.0,52.2486111111111,-0.123055555555556,05 20 59,+33 46 43,87.26,43.0,0.4,76.0,1007.2,4.3,135.0,4.68
True,16,2,9576,6388,True,32768,LIGHT,300.0,300.0,2022-02-06T22:59:01.856,2022-02-06T22:59:01.856,1,1,0,10,0.779999971389771,3.76,3.76,ZWO ASI6200MM Pro,-10.0,-10.0,40,NP101is,540.0,5.4,Starlight Xpress Fil,Lum,IC 405,FocusLynx Focuser 1,10748.0,10748.0,13.404,2.2,2.2,TOP-DOWN,2000.0,N.I.N.A. 2.0.0.2043,2022-02-06_22-59-01_Lum_-10.00_300.00s_0088.fits,1,/mnt/raid0/AstroImaging/Preselected/Flaming Star Nebula (IC405) started 4th February 2022/Lights/Lum/2022-02-06_22-59-01_Lum_-10.00_300.00s_0088.fits,79.4563500351584,34.703984375,54.6199563878266,257.731751137958,1.22583639991743,East,40.0,52.2486111111111,-0.123055555555556,05 20 59,+33 46 43,87.26,43.0,0.4,76.0,1007.2,4.3,135.0,4.68
True,16,2,9576,6388,True,32768,LIGHT,300.0,300.0,2022-02-06T23:04:04.523,2022-02-06T23:04:04.523,1,1,0,10,0.779999971389771,3.76,3.76,ZWO ASI6200MM Pro,-10.0,-10.0,40,NP101is,540.0,5.4,Starlight Xpress Fil,Lum,IC 405,FocusLynx Focuser 1,10748.0,10748.0,13.404,2.1,2.1,TOP-DOWN,2000.0,N.I.N.A. 2.0.0.2043,2022-02-06_23-04-04_Lum_-10.00_300.00s_0089.fits,1,/mnt/raid0/AstroImaging/Preselected/Flaming Star Nebula (IC405) started 4th February 2022/Lights/Lum/2022-02-06_23-04-04_Lum_-10.00_300.00s_0089.fits,79.4569626697823,34.7034765625,53.862151855848,258.947048875499,1.23753634678195,East,40.0,52.2486111111111,-0.123055555555556,05 20 59,+33 46 43,87.26,43.0,0.4,76.0,1008.2,4.2,109.0,3.24
True,16,2,9576,6388,True,32768,LIGHT,300.0,300.0,2022-02-06T23:44:26.806,2022-02-06T23:44:26.806,1,1,0,10,0.779999971389771,3.76,3.76,ZWO ASI6200MM Pro,-10.0,-9.9,40,NP101is,540.0,5.4,Starlight Xpress Fil,Lum,IC 405,FocusLynx Focuser 1,10746.0,10746.0,13.404,1.8,1.8,TOP-DOWN,2000.0,N.I.N.A. 2.0.0.2043,2022-02-06_23-44-26_Lum_-9.90_300.00s_0092.fits,1,/mnt/raid0/AstroImaging/Preselected/Flaming Star Nebula (IC405) started 4th February 2022/Lights/Lum/2022-02-06_23-44-26_Lum_-9.90_300.00s_0092.fits,78.9654914573332,34.385234375,47.1965819817099,267.884662576573,1.36181110127162,East,40.0,52.2486111111111,-0.123055555555556,05 20 59,+33 46 43,87.26,36.0,0.5,78.0,1009.2,4.0,89.0,3.24
True,16,2,9576,6388,True,32768,LIGHT,300.0,300.0,2022-02-06T23:49:30.135,2022-02-06T23:49:30.135,1,1,0,10,0.779999971389771,3.76,3.76,ZWO ASI6200MM Pro,-10.0,-9.9,40,NP101is,540.0,5.4,Starlight Xpress Fil,Lum,IC 405,FocusLynx Focuser 1,10746.0,10746.0,13.404,1.8,1.8,TOP-DOWN,2000.0,N.I.N.A. 2.0.0.2043,2022-02-06_23-49-30_Lum_-9.90_300.00s_0093.fits,1,/mnt/raid0/AstroImaging/Preselected/Flaming Star Nebula (IC405) started 4th February 2022/Lights/Lum/2022-02-06_23-49-30_Lum_-9.90_300.00s_0093.fits,78.9649898864785,34.380859375,46.4175687719822,268.905772045163,1.37924657365718,East,40.0,52.2486111111111,-0.123055555555556,05 20 59,+33 46 43,87.26,36.0,0.5,78.0,1009.2,4.0,89.0,3.24
True,16,2,9576,6388,True,32768,LIGHT,300.0,300.0,2022-02-06T23:59:36.505,2022-02-06T23:59:36.505,1,1,0,10,0.779999971389771,3.76,3.76,ZWO ASI6200MM Pro,-10.0,-10.0,40,NP101is,540.0,5.4,Starlight Xpress Fil,Lum,IC 405,FocusLynx Focuser 1,10746.0,10746.0,13.404,1.8,1.8,TOP-DOWN,2000.0,N.I.N.A. 2.0.0.2043,2022-02-06_23-59-36_Lum_-10.00_300.00s_0095.fits,1,/mnt/raid0/AstroImaging/Preselected/Flaming Star Nebula (IC405) started 4th February 2022/Lights/Lum/2022-02-06_23-59-36_Lum_-10.00_300.00s_0095.fits,78.9666288568787,34.38296875,44.8677147262348,270.914121828529,1.41608654822919,East,40.0,52.2486111111111,-0.123055555555556,05 20 59,+33 46 43,87.26,36.0,0.5,78.0,1010.2,4.0,236.0,4.68
True,16,2,9576,6388,True,32768,LIGHT,300.0,300.0,2022-02-07T00:04:39.564,2022-02-07T00:04:39.564,1,1,0,10,0.779999971389771,3.76,3.76,ZWO ASI6200MM Pro,-10.0,-10.0,40,NP101is,540.0,5.4,Starlight Xpress Fil,Lum,IC 405,FocusLynx Focuser 1,10746.0,10746.0,13.404,1.8,1.8,TOP-DOWN,2000.0,N.I.N.A. 2.0.0.2043,2022-02-07_00-04-39_Lum_-10.00_300.00s_0096.fits,1,/mnt/raid0/AstroImaging/Preselected/Flaming Star Nebula (IC405) started 4th February 2022/Lights/Lum/2022-02-07_00-04-39_Lum_-10.00_300.00s_0096.fits,78.9687397525424,34.38296875,44.0963226349651,271.892108937738,1.43556129301244,East,40.0,52.2486111111111,-0.123055555555556,05 20 59,+33 46 43,87.26,36.0,0.5,79.0,1010.2,3.8,58.0,4.68
True,16,2,9576,6388,True,32768,LIGHT,300.0,300.0,2022-02-07T00:47:41.726,2022-02-07T00:47:41.726,1,1,0,10,0.779999971389771,3.76,3.76,ZWO ASI6200MM Pro,-10.0,-9.9,40,NP101is,540.0,5.4,Starlight Xpress Fil,Lum,IC 405,FocusLynx Focuser 1,10754.0,10754.0,13.404,1.8,1.8,TOP-DOWN,2000.0,N.I.N.A. 2.0.0.2043,2022-02-07_00-47-41_Lum_-9.90_300.00s_0103.fits,1,/mnt/raid0/AstroImaging/Preselected/Flaming Star Nebula (IC405) started 4th February 2022/Lights/Lum/2022-02-07_00-47-41_Lum_-9.90_300.00s_0103.fits,78.97306360507,34.3876171875,37.5373729152558,279.849658114738,1.63862573288808,East,40.0,52.2486111111111,-0.123055555555556,05 20 59,+33 46 43,87.26,6.0,0.4,78.0,1011.2,3.9,33.0,1.44
True,16,2,9576,6388,True,32768,LIGHT,300.0,300.0,2022-02-07T00:59:17.299,2022-02-07T00:59:17.299,1,1,0,10,0.779999971389771,3.76,3.76,ZWO ASI6200MM Pro,-10.0,-9.9,40,NP101is,540.0,5.4,Starlight Xpress Fil,Lum,IC 405,FocusLynx Focuser 1,10780.0,10780.0,13.404,1.6,1.6,TOP-DOWN,2000.0,N.I.N.A. 2.0.0.2043,2022-02-07_00-59-17_Lum_-9.90_300.00s_0104.fits,1,/mnt/raid0/AstroImaging/Preselected/Flaming Star Nebula (IC405) started 4th February 2022/Lights/Lum/2022-02-07_00-59-17_Lum_-9.90_300.00s_0104.fits,78.9741528485298,34.3855078125,35.7839146676818,281.901535320289,1.70704926362829,East,40.0,52.2486111111111,-0.123055555555556,05 20 59,+33 46 43,87.26,6.0,0.4,78.0,1012.2,3.9,315.0,3.24
True,16,2,9576,6388,True,32768,LIGHT,300.0,300.0,2022-02-07T01:04:21.687,2022-02-07T01:04:21.687,1,1,0,10,0.779999971389771,3.76,3.76,ZWO ASI6200MM Pro,-10.0,-10.0,40,NP101is,540.0,5.4,Starlight Xpress Fil,Lum,IC 405,FocusLynx Focuser 1,10780.0,10780.0,13.404,1.5,1.5,TOP-DOWN,2000.0,N.I.N.A. 2.0.0.2043,2022-02-07_01-04-21_Lum_-10.00_300.00s_0105.fits,1,/mnt/raid0/AstroImaging/Preselected/Flaming Star Nebula (IC405) started 4th February 2022/Lights/Lum/2022-02-07_01-04-21_Lum_-10.00_300.00s_0105.fits,78.9743886365988,34.383828125,35.0275619217629,282.780989530569,1.73886681346783,East,40.0,52.2486111111111,-0.123055555555556,05 20 59,+33 46 43,87.26,6.0,0.3,78.0,1012.2,3.8,28.0,1.44
True,16,2,9576,6388,True,32768,LIGHT,300.0,300.0,2022-02-07T01:09:24.348,2022-02-07T01:09:24.348,1,1,0,10,0.779999971389771,3.76,3.76,ZWO ASI6200MM Pro,-10.0,-10.0,40,NP101is,540.0,5.4,Starlight Xpress Fil,Lum,IC 405,FocusLynx Focuser 1,10780.0,10780.0,13.404,1.4,1.4,TOP-DOWN,2000.0,N.I.N.A. 2.0.0.2043,2022-02-07_01-09-24_Lum_-10.00_300.00s_0106.fits,1,/mnt/raid0/AstroImaging/Preselected/Flaming Star Nebula (IC405) started 4th February 2022/Lights/Lum/2022-02-07_01-09-24_Lum_-10.00_300.00s_0106.fits,78.9760329968643,34.3877734375,34.275443372706,283.663289970539,1.77201030735683,East,40.0,52.2486111111111,-0.123055555555556,05 20 59,+33 46 43,87.26,6.0,0.3,78.0,1012.2,3.8,28.0,1.44
True,16,2,9576,6388,True,32768,LIGHT,300.0,300.0,2022-02-07T01:14:26.911,2022-02-07T01:14:26.911,1,1,0,10,0.779999971389771,3.76,3.76,ZWO ASI6200MM Pro,-10.0,-10.0,40,NP101is,540.0,5.4,Starlight Xpress Fil,Lum,IC 405,FocusLynx Focuser 1,10780.0,10780.0,13.404,1.4,1.4,TOP-DOWN,2000.0,N.I.N.A. 2.0.0.2043,2022-02-07_01-14-26_Lum_-10.00_300.00s_0107.fits,1,/mnt/raid0/AstroImaging/Preselected/Flaming Star Nebula (IC405) started 4th February 2022/Lights/Lum/2022-02-07_01-14-26_Lum_-10.00_300.00s_0107.fits,78.975373144788,34.38328125,33.5229163146258,284.530836844621,1.80677158196318,East,40.0,52.2486111111111,-0.123055555555556,05 20 59,+33 46 43,87.26,6.0,0.4,79.0,1012.2,3.7,67.0,1.44
True,16,2,9576,6388,True,32768,LIGHT,300.0,300.0,2022-02-07T01:19:29.723,2022-02-07T01:19:29.723,1,1,0,10,0.779999971389771,3.76,3.76,ZWO ASI6200MM Pro,-10.0,-10.0,40,NP101is,540.0,5.4,Starlight Xpress Fil,Lum,IC 405,FocusLynx Focuser 1,10780.0,10780.0,13.404,1.4,1.4,TOP-DOWN,2000.0,N.I.N.A. 2.0.0.2043,2022-02-07_01-19-29_Lum_-10.00_300.00s_0108.fits,1,/mnt/raid0/AstroImaging/Preselected/Flaming Star Nebula (IC405) started 4th February 2022/Lights/Lum/2022-02-07_01-19-29_Lum_-10.00_300.00s_0108.fits,78.9766173635567,34.3829296875,32.7773054064302,285.39683806748,1.84289731392239,East,40.0,52.2486111111111,-0.123055555555556,05 20 59,+33 46 43,87.26,6.0,0.4,79.0,1012.2,3.7,67.0,1.44
True,16,2,9576,6388,True,32768,LIGHT,300.0,300.0,2022-02-07T01:24:54.912,2022-02-07T01:24:54.912,1,1,0,10,0.779999971389771,3.76,3.76,ZWO ASI6200MM Pro,-10.0,-10.0,40,NP101is,540.0,5.4,Starlight Xpress Fil,Lum,IC 405,FocusLynx Focuser 1,10780.0,10780.0,13.404,1.4,1.4,TOP-DOWN,2000.0,N.I.N.A. 2.0.0.2043,2022-02-07_01-24-54_Lum_-10.00_300.00s_0109.fits,1,/mnt/raid0/AstroImaging/Preselected/Flaming Star Nebula (IC405) started 4th February 2022/Lights/Lum/2022-02-07_01-24-54_Lum_-10.00_300.00s_0109.fits,78.9725431110454,34.374453125,31.9679942567264,286.323589684881,1.88414013803437,East,40.0,52.2486111111111,-0.123055555555556,05 20 59,+33 46 43,87.26,6.0,0.3,79.0,1012.2,3.6,49.0,1.44
True,16,2,9576,6388,True,32768,LIGHT,300.0,300.0,2022-02-07T01:29:57.472,2022-02-07T01:29:57.472,1,1,0,10,0.779999971389771,3.76,3.76,ZWO ASI6200MM Pro,-10.0,-10.0,40,NP101is,540.0,5.4,Starlight Xpress Fil,Lum,IC 405,FocusLynx Focuser 1,10780.0,10780.0,13.404,1.3,1.3,TOP-DOWN,2000.0,N.I.N.A. 2.0.0.2043,2022-02-07_01-29-57_Lum_-10.00_300.00s_0110.fits,1,/mnt/raid0/AstroImaging/Preselected/Flaming Star Nebula (IC405) started 4th February 2022/Lights/Lum/2022-02-07_01-29-57_Lum_-10.00_300.00s_0110.fits,78.9741526448759,34.374609375,31.2252335664223,287.188087463675,1.92398553545728,East,40.0,52.2486111111111,-0.123055555555556,05 20 59,+33 46 43,87.26,6.0,0.3,79.0,1012.2,3.6,49.0,1.44
True,16,2,9576,6388,True,32768,LIGHT,300.0,300.0,2022-02-07T01:35:00.193,2022-02-07T01:35:00.193,1,1,0,10,0.779999971389771,3.76,3.76,ZWO ASI6200MM Pro,-10.0,-10.0,40,NP101is,540.0,5.4,Starlight Xpress Fil,Lum,IC 405,FocusLynx Focuser 1,10780.0,10780.0,13.404,1.3,1.3,TOP-DOWN,2000.0,N.I.N.A. 2.0.0.2043,2022-02-07_01-35-00_Lum_-10.00_300.00s_0111.fits,1,/mnt/raid0/AstroImaging/Preselected/Flaming Star Nebula (IC405) started 4th February 2022/Lights/Lum/2022-02-07_01-35-00_Lum_-10.00_300.00s_0111.fits,78.9761086005359,34.377578125,30.4915133599445,288.047980336224,1.96535697539345,East,40.0,52.2486111111111,-0.123055555555556,05 20 59,+33 46 43,87.26,6.0,0.3,80.0,1012.2,3.4,347.0,1.44
True,16,2,9576,6388,True,32768,LIGHT,300.0,300.0,2022-02-07T01:40:02.947,2022-02-07T01:40:02.947,1,1,0,10,0.779999971389771,3.76,3.76,ZWO ASI6200MM Pro,-10.0,-10.0,40,NP101is,540.0,5.4,Starlight Xpress Fil,Lum,IC 405,FocusLynx Focuser 1,10780.0,10780.0,13.404,1.3,1.3,TOP-DOWN,2000.0,N.I.N.A. 2.0.0.2043,2022-02-07_01-40-02_Lum_-10.00_300.00s_0112.fits,1,/mnt/raid0/AstroImaging/Preselected/Flaming Star Nebula (IC405) started 4th February 2022/Lights/Lum/2022-02-07_01-40-02_Lum_-10.00_300.00s_0112.fits,78.9756409328467,34.374296875,29.7565280502767,288.900903087041,2.00894911919103,East,40.0,52.2486111111111,-0.123055555555556,05 20 59,+33 46 43,87.26,6.0,0.3,80.0,1012.2,3.4,347.0,1.44
True,16,2,9576,6388,True,32768,LIGHT,300.0,300.0,2022-02-07T01:45:05.543,2022-02-07T01:45:05.543,1,1,0,10,0.779999971389771,3.76,3.76,ZWO ASI6200MM Pro,-10.0,-10.0,40,NP101is,540.0,5.4,Starlight Xpress Fil,Lum,IC 405,FocusLynx Focuser 1,10780.0,10780.0,13.404,1.2,1.2,TOP-DOWN,2000.0,N.I.N.A. 2.0.0.2043,2022-02-07_01-45-05_Lum_-10.00_300.00s_0113.fits,1,/mnt/raid0/AstroImaging/Preselected/Flaming Star Nebula (IC405) started 4th February 2022/Lights/Lum/2022-02-07_01-45-05_Lum_-10.00_300.00s_0113.fits,78.9786736924177,34.3775,29.0270583224357,289.76039746354,2.05449856745379,East,40.0,52.2486111111111,-0.123055555555556,05 20 59,+33 46 43,87.26,6.0,0.2,80.0,1013.2,3.3,29.0,3.24
True,16,2,9576,6388,True,32768,LIGHT,300.0,300.0,2022-02-07T01:50:08.380,2022-02-07T01:50:08.380,1,1,0,10,0.779999971389771,3.76,3.76,ZWO ASI6200MM Pro,-10.0,-10.0,40,NP101is,540.0,5.4,Starlight Xpress Fil,Lum,IC 405,FocusLynx Focuser 1,10780.0,10780.0,13.404,1.2,1.2,TOP-DOWN,2000.0,N.I.N.A. 2.0.0.2043,2022-02-07_01-50-08_Lum_-10.00_300.00s_0114.fits,1,/mnt/raid0/AstroImaging/Preselected/Flaming Star Nebula (IC405) started 4th February 2022/Lights/Lum/2022-02-07_01-50-08_Lum_-10.00_300.00s_0114.fits,78.9795006313171,34.37796875,28.3009041325783,290.614407215374,2.10227223735598,East,40.0,52.2486111111111,-0.123055555555556,05 20 59,+33 46 43,87.26,6.0,0.2,80.0,1013.2,3.3,29.0,3.24
True,16,2,9576,6388,True,32768,LIGHT,300.0,300.0,2022-02-07T01:55:36.779,2022-02-07T01:55:36.779,1,1,0,10,0.779999971389771,3.76,3.76,ZWO ASI6200MM Pro,-10.0,-10.0,40,NP101is,540.0,5.4,Starlight Xpress Fil,Lum,IC 405,FocusLynx Focuser 1,10780.0,10780.0,13.404,1.2,1.2,TOP-DOWN,2000.0,N.I.N.A. 2.0.0.2043,2022-02-07_01-55-36_Lum_-10.00_300.00s_0115.fits,1,/mnt/raid0/AstroImaging/Preselected/Flaming Star Nebula (IC405) started 4th February 2022/Lights/Lum/2022-02-07_01-55-36_Lum_-10.00_300.00s_0115.fits,78.9726856844887,34.37578125,27.5136510750862,291.539759360325,2.15702422097801,East,40.0,52.2486111111111,-0.123055555555556,05 20 59,+33 46 43,87.26,6.0,0.3,81.0,1013.2,3.3,110.0,1.44
True,16,2,9576,6388,True,32768,LIGHT,300.0,300.0,2022-02-07T02:00:39.338,2022-02-07T02:00:39.338,1,1,0,10,0.779999971389771,3.76,3.76,ZWO ASI6200MM Pro,-10.0,-10.0,40,NP101is,540.0,5.4,Starlight Xpress Fil,Lum,IC 405,FocusLynx Focuser 1,10780.0,10780.0,13.404,1.1,1.1,TOP-DOWN,2000.0,N.I.N.A. 2.0.0.2043,2022-02-07_02-00-39_Lum_-10.00_300.00s_0116.fits,1,/mnt/raid0/AstroImaging/Preselected/Flaming Star Nebula (IC405) started 4th February 2022/Lights/Lum/2022-02-07_02-00-39_Lum_-10.00_300.00s_0116.fits,78.9760235133256,34.37578125,26.799711325433,292.386260488953,2.20955479208861,East,40.0,52.2486111111111,-0.123055555555556,05 20 59,+33 46 43,87.26,6.0,0.3,81.0,1013.2,3.3,110.0,1.44
True,16,2,9576,6388,True,32768,LIGHT,300.0,300.0,2022-02-07T02:24:08.320,2022-02-07T02:24:08.320,1,1,0,10,0.779999971389771,3.76,3.76,ZWO ASI6200MM Pro,-10.0,-9.9,40,NP101is,540.0,5.4,Starlight Xpress Fil,Lum,IC 405,FocusLynx Focuser 1,10780.0,10780.0,13.404,1.0,1.0,TOP-DOWN,2000.0,N.I.N.A. 2.0.0.2043,2022-02-07_02-24-08_Lum_-9.90_300.00s_0117.fits,1,/mnt/raid0/AstroImaging/Preselected/Flaming Star Nebula (IC405) started 4th February 2022/Lights/Lum/2022-02-07_02-24-08_Lum_-9.90_300.00s_0117.fits,78.9941278702701,34.374375,23.5239870944299,296.333385095242,2.49259923023013,East,40.0,52.2486111111111,-0.123055555555556,05 20 59,+33 46 43,87.26,6.0,0.3,82.0,1014.2,3.1,223.0,3.24
True,16,2,9576,6388,True,32768,LIGHT,300.0,300.0,2022-02-07T02:29:10.847,2022-02-07T02:29:10.847,1,1,0,10,0.779999971389771,3.76,3.76,ZWO ASI6200MM Pro,-10.0,-10.0,40,NP101is,540.0,5.4,Starlight Xpress Fil,Lum,IC 405,FocusLynx Focuser 1,10780.0,10780.0,13.404,1.0,1.0,TOP-DOWN,2000.0,N.I.N.A. 2.0.0.2043,2022-02-07_02-29-10_Lum_-10.00_300.00s_0118.fits,1,/mnt/raid0/AstroImaging/Preselected/Flaming Star Nebula (IC405) started 4th February 2022/Lights/Lum/2022-02-07_02-29-10_Lum_-10.00_300.00s_0118.fits,78.9965173474557,34.3745703125,22.8363019250382,297.17987405074,2.56252912092828,East,40.0,52.2486111111111,-0.123055555555556,05 20 59,+33 46 43,87.26,6.0,0.3,82.0,1014.2,3.1,223.0,3.24
True,16,2,9576,6388,True,32768,LIGHT,300.0,300.0,2022-02-07T02:34:13.478,2022-02-07T02:34:13.478,1,1,0,10,0.779999971389771,3.76,3.76,ZWO ASI6200MM Pro,-10.0,-10.0,40,NP101is,540.0,5.4,Starlight Xpress Fil,Lum,IC 405,FocusLynx Focuser 1,10780.0,10780.0,13.404,0.9,0.9,TOP-DOWN,2000.0,N.I.N.A. 2.0.0.2043,2022-02-07_02-34-13_Lum_-10.00_300.00s_0119.fits,1,/mnt/raid0/AstroImaging/Preselected/Flaming Star Nebula (IC405) started 4th February 2022/Lights/Lum/2022-02-07_02-34-13_Lum_-10.00_300.00s_0119.fits,78.9964514640206,34.3746875,22.1478037206896,298.034416421064,2.63694035893815,East,40.0,52.2486111111111,-0.123055555555556,05 20 59,+33 46 43,87.26,4.0,0.3,83.0,1014.2,2.9,132.0,3.24
True,16,2,9576,6388,True,32768,LIGHT,300.0,300.0,2022-02-07T02:39:16.372,2022-02-07T02:39:16.372,1,1,0,10,0.779999971389771,3.76,3.76,ZWO ASI6200MM Pro,-10.0,-10.0,40,NP101is,540.0,5.4,Starlight Xpress Fil,Lum,IC 405,FocusLynx Focuser 1,10780.0,10780.0,13.404,0.8,0.8,TOP-DOWN,2000.0,N.I.N.A. 2.0.0.2043,2022-02-07_02-39-16_Lum_-10.00_300.00s_0120.fits,1,/mnt/raid0/AstroImaging/Preselected/Flaming Star Nebula (IC405) started 4th February 2022/Lights/Lum/2022-02-07_02-39-16_Lum_-10.00_300.00s_0120.fits,78.9965733645738,34.37828125,21.4706704672009,298.888198196437,2.71481431515941,East,40.0,52.2486111111111,-0.123055555555556,05 20 59,+33 46 43,87.26,4.0,0.3,83.0,1014.2,2.9,132.0,3.24
True,16,2,9576,6388,True,32768,LIGHT,300.0,300.0,2022-02-07T02:44:43.257,2022-02-07T02:44:43.257,1,1,0,10,0.779999971389771,3.76,3.76,ZWO ASI6200MM Pro,-10.0,-10.0,40,NP101is,540.0,5.4,Starlight Xpress Fil,Lum,IC 405,FocusLynx Focuser 1,10780.0,10780.0,13.404,0.8,0.8,TOP-DOWN,2000.0,N.I.N.A. 2.0.0.2043,2022-02-07_02-44-43_Lum_-10.00_300.00s_0121.fits,1,/mnt/raid0/AstroImaging/Preselected/Flaming Star Nebula (IC405) started 4th February 2022/Lights/Lum/2022-02-07_02-44-43_Lum_-10.00_300.00s_0121.fits,78.9908810128229,34.3723046875,20.7319109921414,299.812581985807,2.80560341118019,East,40.0,52.2486111111111,-0.123055555555556,05 20 59,+33 46 43,87.26,4.0,0.3,83.0,1014.2,2.9,105.0,1.44
True,16,2,9576,6388,True,32768,LIGHT,300.0,300.0,2022-02-07T02:49:46.130,2022-02-07T02:49:46.130,1,1,0,10,0.779999971389771,3.76,3.76,ZWO ASI6200MM Pro,-10.0,-10.0,40,NP101is,540.0,5.4,Starlight Xpress Fil,Lum,IC 405,FocusLynx Focuser 1,10780.0,10780.0,13.404,0.7,0.7,TOP-DOWN,2000.0,N.I.N.A. 2.0.0.2043,2022-02-07_02-49-46_Lum_-10.00_300.00s_0122.fits,1,/mnt/raid0/AstroImaging/Preselected/Flaming Star Nebula (IC405) started 4th February 2022/Lights/Lum/2022-02-07_02-49-46_Lum_-10.00_300.00s_0122.fits,78.9915901814086,34.3737109375,20.0664421592784,300.665464735175,2.89311388472029,East,40.0,52.2486111111111,-0.123055555555556,05 20 59,+33 46 43,87.26,4.0,0.3,83.0,1014.2,2.9,105.0,1.44
True,16,2,9576,6388,True,32768,LIGHT,300.0,300.0,2022-02-07T23:50:24.566,2022-02-07T23:50:24.566,1,1,0,10,0.779999971389771,3.76,3.76,ZWO ASI6200MM Pro,-10.0,-9.8,40,NP101is,540.0,5.4,Starlight Xpress Fil,Lum,IC 405,FocusLynx Focuser 1,10622.0,10622.0,13.404,7.2,7.2,TOP-DOWN,2000.0,N.I.N.A. 2.0.0.2044,2022-02-07_23-50-24_Lum_-9.80_300.00s_0083.fits,1,/mnt/raid0/AstroImaging/Preselected/Flaming Star Nebula (IC405) started 4th February 2022/Lights/Lum/2022-02-07_23-50-24_Lum_-9.80_300.00s_0083.fits,78.768666351835,34.4776171875,45.6195873428824,270.131081932798,1.39784512278499,East,40.0,52.2486111111111,-0.123055555555556,05 20 58,+33 46 43,87.26,100.0,7.0,84.0,1018.2,9.6,236.0,11.16
True,16,2,9576,6388,True,32768,LIGHT,300.0,300.0,2022-02-07T23:55:27.469,2022-02-07T23:55:27.469,1,1,0,10,0.779999971389771,3.76,3.76,ZWO ASI6200MM Pro,-10.0,-10.0,40,NP101is,540.0,5.4,Starlight Xpress Fil,Lum,IC 405,FocusLynx Focuser 1,10622.0,10622.0,13.404,7.2,7.2,TOP-DOWN,2000.0,N.I.N.A. 2.0.0.2044,2022-02-07_23-55-27_Lum_-10.00_300.00s_0084.fits,1,/mnt/raid0/AstroImaging/Preselected/Flaming Star Nebula (IC405) started 4th February 2022/Lights/Lum/2022-02-07_23-55-27_Lum_-10.00_300.00s_0084.fits,78.7657402944124,34.4745703125,44.8429323259808,271.119810119889,1.41670004942094,East,40.0,52.2486111111111,-0.123055555555556,05 20 58,+33 46 43,87.26,100.0,7.0,84.0,1018.2,9.6,219.0,9.72
True,16,2,9576,6388,True,32768,LIGHT,300.0,300.0,2022-02-08T00:00:30.644,2022-02-08T00:00:30.644,1,1,0,10,0.779999971389771,3.76,3.76,ZWO ASI6200MM Pro,-10.0,-10.0,40,NP101is,540.0,5.4,Starlight Xpress Fil,Lum,IC 405,FocusLynx Focuser 1,10622.0,10622.0,13.404,7.2,7.2,TOP-DOWN,2000.0,N.I.N.A. 2.0.0.2044,2022-02-08_00-00-30_Lum_-10.00_300.00s_0085.fits,1,/mnt/raid0/AstroImaging/Preselected/Flaming Star Nebula (IC405) started 4th February 2022/Lights/Lum/2022-02-08_00-00-30_Lum_-10.00_300.00s_0085.fits,78.7665725321992,34.4765625,44.0686218981189,272.102608496322,1.43627542497714,East,40.0,52.2486111111111,-0.123055555555556,05 20 58,+33 46 43,87.26,100.0,7.0,84.0,1018.2,9.6,219.0,9.72
True,16,2,9576,6388,True,32768,LIGHT,300.0,300.0,2022-02-08T00:05:33.893,2022-02-08T00:05:33.893,1,1,0,10,0.779999971389771,3.76,3.76,ZWO ASI6200MM Pro,-10.0,-10.0,40,NP101is,540.0,5.4,Starlight Xpress Fil,Lum,IC 405,FocusLynx Focuser 1,10622.0,10622.0,13.404,7.2,7.2,TOP-DOWN,2000.0,N.I.N.A. 2.0.0.2044,2022-02-08_00-05-33_Lum_-10.00_300.00s_0086.fits,1,/mnt/raid0/AstroImaging/Preselected/Flaming Star Nebula (IC405) started 4th February 2022/Lights/Lum/2022-02-08_00-05-33_Lum_-10.00_300.00s_0086.fits,78.7671577497808,34.4738671875,43.2921062854507,273.067985120625,1.45672603934511,East,40.0,52.2486111111111,-0.123055555555556,05 20 58,+33 46 43,87.26,100.0,7.0,85.0,1018.2,9.4,244.0,9.72
True,16,2,9576,6388,True,32768,LIGHT,300.0,300.0,2022-02-08T00:16:45.024,2022-02-08T00:16:45.024,1,1,0,10,0.779999971389771,3.76,3.76,ZWO ASI6200MM Pro,-10.0,-10.0,40,NP101is,540.0,5.4,Starlight Xpress Fil,Lum,IC 405,FocusLynx Focuser 1,10663.0,10663.0,13.404,7.2,7.2,TOP-DOWN,2000.0,N.I.N.A. 2.0.0.2044,2022-02-08_00-16-45_Lum_-10.00_300.00s_0087.fits,1,/mnt/raid0/AstroImaging/Preselected/Flaming Star Nebula (IC405) started 4th February 2022/Lights/Lum/2022-02-08_00-16-45_Lum_-10.00_300.00s_0087.fits,78.7688334895691,34.47375,41.576816861003,275.17601444583,1.50502774339458,East,40.0,52.2486111111111,-0.123055555555556,05 20 58,+33 46 43,87.26,100.0,7.0,85.0,1018.2,9.4,244.0,9.72
True,16,2,9576,6388,True,32768,LIGHT,300.0,300.0,2022-02-08T00:21:49.865,2022-02-08T00:21:49.865,1,1,0,10,0.779999971389771,3.76,3.76,ZWO ASI6200MM Pro,-10.0,-10.0,40,NP101is,540.0,5.4,Starlight Xpress Fil,Lum,IC 405,FocusLynx Focuser 1,10663.0,10663.0,13.404,7.1,7.1,TOP-DOWN,2000.0,N.I.N.A. 2.0.0.2044,2022-02-08_00-21-49_Lum_-10.00_300.00s_0088.fits,1,/mnt/raid0/AstroImaging/Preselected/Flaming Star Nebula (IC405) started 4th February 2022/Lights/Lum/2022-02-08_00-21-49_Lum_-10.00_300.00s_0088.fits,78.7698512920988,34.47328125,40.8075226223429,276.107032688708,1.52819643979272,East,40.0,52.2486111111111,-0.123055555555556,05 20 58,+33 46 43,87.26,100.0,7.0,85.0,1018.2,9.4,244.0,9.72
True,16,2,9576,6388,True,32768,LIGHT,300.0,300.0,2022-02-08T00:27:18.874,2022-02-08T00:27:18.874,1,1,0,10,0.779999971389771,3.76,3.76,ZWO ASI6200MM Pro,-10.0,-10.0,40,NP101is,540.0,5.4,Starlight Xpress Fil,Lum,IC 405,FocusLynx Focuser 1,10663.0,10663.0,13.404,7.2,7.2,TOP-DOWN,2000.0,N.I.N.A. 2.0.0.2044,2022-02-08_00-27-18_Lum_-10.00_300.00s_0089.fits,1,/mnt/raid0/AstroImaging/Preselected/Flaming Star Nebula (IC405) started 4th February 2022/Lights/Lum/2022-02-08_00-27-18_Lum_-10.00_300.00s_0089.fits,78.7613411137627,34.4758203125,39.9628850949916,277.126368978355,1.55479429886197,East,40.0,52.2486111111111,-0.123055555555556,05 20 58,+33 46 43,87.26,100.0,6.8,85.0,1018.2,9.2,244.0,9.72
True,16,2,9576,6388,True,32768,LIGHT,300.0,300.0,2022-02-08T00:32:22.727,2022-02-08T00:32:22.727,1,1,0,10,0.779999971389771,3.76,3.76,ZWO ASI6200MM Pro,-10.0,-10.0,40,NP101is,540.0,5.4,Starlight Xpress Fil,Lum,IC 405,FocusLynx Focuser 1,10663.0,10663.0,13.404,7.2,7.2,TOP-DOWN,2000.0,N.I.N.A. 2.0.0.2044,2022-02-08_00-32-22_Lum_-10.00_300.00s_0090.fits,1,/mnt/raid0/AstroImaging/Preselected/Flaming Star Nebula (IC405) started 4th February 2022/Lights/Lum/2022-02-08_00-32-22_Lum_-10.00_300.00s_0090.fits,78.7604870932829,34.47578125,39.1971320702401,278.039710833749,1.58001901233907,East,40.0,52.2486111111111,-0.123055555555556,05 20 58,+33 46 43,87.26,100.0,6.8,85.0,1018.2,9.2,244.0,9.72
True,16,2,9576,6388,True,32768,LIGHT,300.0,300.0,2022-02-08T00:51:42.694,2022-02-08T00:51:42.694,1,1,0,10,0.779999971389771,3.76,3.76,ZWO ASI6200MM Pro,-10.0,-9.9,40,NP101is,540.0,5.4,Starlight Xpress Fil,Lum,IC 405,FocusLynx Focuser 1,10644.0,10644.0,13.404,7.1,7.1,TOP-DOWN,2000.0,N.I.N.A. 2.0.0.2044,2022-02-08_00-51-42_Lum_-9.90_300.00s_0092.fits,1,/mnt/raid0/AstroImaging/Preselected/Flaming Star Nebula (IC405) started 4th February 2022/Lights/Lum/2022-02-08_00-51-42_Lum_-9.90_300.00s_0092.fits,78.7728996057002,34.473671875,36.2770450851015,281.475378402585,1.68707756670899,East,40.0,52.2486111111111,-0.123055555555556,05 20 58,+33 46 43,87.26,100.0,6.3,83.0,1018.2,9.1,247.0,12.96
True,16,2,9576,6388,True,32768,LIGHT,300.0,300.0,2022-02-08T00:56:45.273,2022-02-08T00:56:45.273,1,1,0,10,0.779999971389771,3.76,3.76,ZWO ASI6200MM Pro,-10.0,-10.0,40,NP101is,540.0,5.4,Starlight Xpress Fil,Lum,IC 405,FocusLynx Focuser 1,10644.0,10644.0,13.404,7.1,7.1,TOP-DOWN,2000.0,N.I.N.A. 2.0.0.2044,2022-02-08_00-56-45_Lum_-10.00_300.00s_0093.fits,1,/mnt/raid0/AstroImaging/Preselected/Flaming Star Nebula (IC405) started 4th February 2022/Lights/Lum/2022-02-08_00-56-45_Lum_-10.00_300.00s_0093.fits,78.7725377176081,34.47171875,35.5209141312357,282.354605449467,1.71794680053432,East,40.0,52.2486111111111,-0.123055555555556,05 20 58,+33 46 43,87.26,100.0,6.4,83.0,1018.2,9.1,247.0,12.96
True,16,2,9576,6388,True,32768,LIGHT,300.0,300.0,2022-02-08T01:01:48.029,2022-02-08T01:01:48.029,1,1,0,10,0.779999971389771,3.76,3.76,ZWO ASI6200MM Pro,-10.0,-10.0,40,NP101is,540.0,5.4,Starlight Xpress Fil,Lum,IC 405,FocusLynx Focuser 1,10644.0,10644.0,13.404,7.1,7.1,TOP-DOWN,2000.0,N.I.N.A. 2.0.0.2044,2022-02-08_01-01-48_Lum_-10.00_300.00s_0094.fits,1,/mnt/raid0/AstroImaging/Preselected/Flaming Star Nebula (IC405) started 4th February 2022/Lights/Lum/2022-02-08_01-01-48_Lum_-10.00_300.00s_0094.fits,78.7723915133549,34.47109375,34.7625406693436,283.236682701378,1.75036942497574,East,40.0,52.2486111111111,-0.123055555555556,05 20 58,+33 46 43,87.26,100.0,6.4,83.0,1018.2,9.1,247.0,12.96
True,16,2,9576,6388,True,32768,LIGHT,300.0,300.0,2022-02-08T01:07:14.246,2022-02-08T01:07:14.246,1,1,0,10,0.779999971389771,3.76,3.76,ZWO ASI6200MM Pro,-10.0,-9.9,40,NP101is,540.0,5.4,Starlight Xpress Fil,Lum,IC 405,FocusLynx Focuser 1,10644.0,10644.0,13.404,7.1,7.1,TOP-DOWN,2000.0,N.I.N.A. 2.0.0.2044,2022-02-08_01-07-14_Lum_-9.90_300.00s_0095.fits,1,/mnt/raid0/AstroImaging/Preselected/Flaming Star Nebula (IC405) started 4th February 2022/Lights/Lum/2022-02-08_01-07-14_Lum_-9.90_300.00s_0095.fits,78.7654090679805,34.477109375,33.9541570086342,284.186588854835,1.78664960305516,East,40.0,52.2486111111111,-0.123055555555556,05 20 58,+33 46 43,87.26,100.0,6.4,83.0,1018.2,9.1,240.0,12.96
True,16,2,9576,6388,True,32768,LIGHT,300.0,300.0,2022-02-08T01:12:17.010,2022-02-08T01:12:17.010,1,1,0,10,0.779999971389771,3.76,3.76,ZWO ASI6200MM Pro,-10.0,-10.0,40,NP101is,540.0,5.4,Starlight Xpress Fil,Lum,IC 405,FocusLynx Focuser 1,10644.0,10644.0,13.404,7.2,7.2,TOP-DOWN,2000.0,N.I.N.A. 2.0.0.2044,2022-02-08_01-12-17_Lum_-10.00_300.00s_0096.fits,1,/mnt/raid0/AstroImaging/Preselected/Flaming Star Nebula (IC405) started 4th February 2022/Lights/Lum/2022-02-08_01-12-17_Lum_-10.00_300.00s_0096.fits,78.7652609182621,34.474453125,33.199659226922,285.0585210669,1.82222143880199,East,40.0,52.2486111111111,-0.123055555555556,05 20 58,+33 46 43,87.26,100.0,6.4,83.0,1018.2,9.1,240.0,12.96
True,16,2,9576,6388,True,32768,LIGHT,300.0,300.0,2022-02-08T01:17:19.503,2022-02-08T01:17:19.503,1,1,0,10,0.779999971389771,3.76,3.76,ZWO ASI6200MM Pro,-10.0,-10.0,40,NP101is,540.0,5.4,Starlight Xpress Fil,Lum,IC 405,FocusLynx Focuser 1,10644.0,10644.0,13.404,7.1,7.1,TOP-DOWN,2000.0,N.I.N.A. 2.0.0.2044,2022-02-08_01-17-19_Lum_-10.00_300.00s_0097.fits,1,/mnt/raid0/AstroImaging/Preselected/Flaming Star Nebula (IC405) started 4th February 2022/Lights/Lum/2022-02-08_01-17-19_Lum_-10.00_300.00s_0097.fits,78.7663875630083,34.4766796875,32.4586361152971,285.922816078226,1.85887643677483,East,40.0,52.2486111111111,-0.123055555555556,05 20 58,+33 46 43,87.26,100.0,6.4,82.0,1018.2,9.3,240.0,12.96
True,16,2,9576,6388,True,32768,LIGHT,300.0,300.0,2022-02-08T01:22:22.195,2022-02-08T01:22:22.195,1,1,0,10,0.779999971389771,3.76,3.76,ZWO ASI6200MM Pro,-10.0,-10.0,40,NP101is,540.0,5.4,Starlight Xpress Fil,Lum,IC 405,FocusLynx Focuser 1,10644.0,10644.0,13.404,7.1,7.1,TOP-DOWN,2000.0,N.I.N.A. 2.0.0.2044,2022-02-08_01-22-22_Lum_-10.00_300.00s_0098.fits,1,/mnt/raid0/AstroImaging/Preselected/Flaming Star Nebula (IC405) started 4th February 2022/Lights/Lum/2022-02-08_01-22-22_Lum_-10.00_300.00s_0098.fits,78.7660336248631,34.4762109375,31.7132723069422,286.788120251497,1.89758262161585,East,40.0,52.2486111111111,-0.123055555555556,05 20 58,+33 46 43,87.26,100.0,6.4,82.0,1018.2,9.3,240.0,12.96
True,16,2,9576,6388,True,32768,LIGHT,300.0,300.0,2022-02-08T01:27:24.784,2022-02-08T01:27:24.784,1,1,0,10,0.779999971389771,3.76,3.76,ZWO ASI6200MM Pro,-10.0,-9.9,40,NP101is,540.0,5.4,Starlight Xpress Fil,Lum,IC 405,FocusLynx Focuser 1,10644.0,10644.0,13.404,7.1,7.1,TOP-DOWN,2000.0,N.I.N.A. 2.0.0.2044,2022-02-08_01-27-24_Lum_-9.90_300.00s_0099.fits,1,/mnt/raid0/AstroImaging/Preselected/Flaming Star Nebula (IC405) started 4th February 2022/Lights/Lum/2022-02-08_01-27-24_Lum_-9.90_300.00s_0099.fits,78.7674463045792,34.4739453125,30.9763085771881,287.641718731324,1.93779035348551,East,40.0,52.2486111111111,-0.123055555555556,05 20 58,+33 46 43,87.26,100.0,6.4,82.0,1018.2,9.3,240.0,12.96
True,16,2,9576,6388,True,32768,LIGHT,300.0,300.0,2022-02-08T01:32:27.551,2022-02-08T01:32:27.551,1,1,0,10,0.779999971389771,3.76,3.76,ZWO ASI6200MM Pro,-10.0,-10.0,40,NP101is,540.0,5.4,Starlight Xpress Fil,Lum,IC 405,FocusLynx Focuser 1,10644.0,10644.0,13.404,7.1,7.1,TOP-DOWN,2000.0,N.I.N.A. 2.0.0.2044,2022-02-08_01-32-27_Lum_-10.00_300.00s_0100.fits,1,/mnt/raid0/AstroImaging/Preselected/Flaming Star Nebula (IC405) started 4th February 2022/Lights/Lum/2022-02-08_01-32-27_Lum_-10.00_300.00s_0100.fits,78.7669141757631,34.4756640625,30.2376078584454,288.505476650775,1.98016518829911,East,40.0,52.2486111111111,-0.123055555555556,05 20 58,+33 46 43,87.26,100.0,6.4,82.0,1018.2,9.3,240.0,12.96
True,16,2,9576,6388,True,32768,LIGHT,300.0,300.0,2022-02-08T01:37:45.116,2022-02-08T01:37:45.116,1,1,0,10,0.779999971389771,3.76,3.76,ZWO ASI6200MM Pro,-10.0,-10.0,40,NP101is,540.0,5.4,Starlight Xpress Fil,Lum,IC 405,FocusLynx Focuser 1,10644.0,10644.0,13.404,7.0,7.0,TOP-DOWN,2000.0,N.I.N.A. 2.0.0.2044,2022-02-08_01-37-45_Lum_-10.00_300.00s_0101.fits,1,/mnt/raid0/AstroImaging/Preselected/Flaming Star Nebula (IC405) started 4th February 2022/Lights/Lum/2022-02-08_01-37-45_Lum_-10.00_300.00s_0101.fits,78.7690186557163,34.4758203125,29.4711517570831,289.401268594604,2.02648836210286,East,40.0,52.2486111111111,-0.123055555555556,05 20 58,+33 46 43,87.26,100.0,6.3,82.0,1018.2,9.2,269.0,14.4
True,16,2,9576,6388,True,32768,LIGHT,300.0,300.0,2022-02-08T01:42:47.804,2022-02-08T01:42:47.804,1,1,0,10,0.779999971389771,3.76,3.76,ZWO ASI6200MM Pro,-10.0,-10.0,40,NP101is,540.0,5.4,Starlight Xpress Fil,Lum,IC 405,FocusLynx Focuser 1,10644.0,10644.0,13.404,7.0,7.0,TOP-DOWN,2000.0,N.I.N.A. 2.0.0.2044,2022-02-08_01-42-47_Lum_-10.00_300.00s_0102.fits,1,/mnt/raid0/AstroImaging/Preselected/Flaming Star Nebula (IC405) started 4th February 2022/Lights/Lum/2022-02-08_01-42-47_Lum_-10.00_300.00s_0102.fits,78.7699658337861,34.4728515625,28.7395914829916,290.253894510599,2.07311090851315,East,40.0,52.2486111111111,-0.123055555555556,05 20 58,+33 46 43,87.26,100.0,6.3,82.0,1018.2,9.2,269.0,14.4
True,16,2,9576,6388,True,32768,LIGHT,300.0,300.0,2022-02-08T01:47:50.348,2022-02-08T01:47:50.348,1,1,0,10,0.779999971389771,3.76,3.76,ZWO ASI6200MM Pro,-10.0,-10.0,40,NP101is,540.0,5.4,Starlight Xpress Fil,Lum,IC 405,FocusLynx Focuser 1,10644.0,10644.0,13.404,7.1,7.1,TOP-DOWN,2000.0,N.I.N.A. 2.0.0.2044,2022-02-08_01-47-50_Lum_-10.00_300.00s_0103.fits,1,/mnt/raid0/AstroImaging/Preselected/Flaming Star Nebula (IC405) started 4th February 2022/Lights/Lum/2022-02-08_01-47-50_Lum_-10.00_300.00s_0103.fits,78.7703066248126,34.4758984375,28.0197178730689,291.105813074577,2.12146244086399,East,40.0,52.2486111111111,-0.123055555555556,05 20 58,+33 46 43,87.26,100.0,6.3,82.0,1018.2,9.2,269.0,14.4
True,16,2,9576,6388,True,32768,LIGHT,300.0,300.0,2022-02-08T01:52:53.085,2022-02-08T01:52:53.085,1,1,0,10,0.779999971389771,3.76,3.76,ZWO ASI6200MM Pro,-10.0,-10.0,40,NP101is,540.0,5.4,Starlight Xpress Fil,Lum,IC 405,FocusLynx Focuser 1,10644.0,10644.0,13.404,7.0,7.0,TOP-DOWN,2000.0,N.I.N.A. 2.0.0.2044,2022-02-08_01-52-53_Lum_-10.00_300.00s_0104.fits,1,/mnt/raid0/AstroImaging/Preselected/Flaming Star Nebula (IC405) started 4th February 2022/Lights/Lum/2022-02-08_01-52-53_Lum_-10.00_300.00s_0104.fits,78.7687694858222,34.4738671875,27.2946474108686,291.959239034004,2.17283668297664,East,40.0,52.2486111111111,-0.123055555555556,05 20 58,+33 46 43,87.26,100.0,6.3,82.0,1018.2,9.2,269.0,14.4
True,16,2,9576,6388,True,32768,LIGHT,300.0,300.0,2022-02-08T01:57:55.838,2022-02-08T01:57:55.838,1,1,0,10,0.779999971389771,3.76,3.76,ZWO ASI6200MM Pro,-10.0,-10.0,40,NP101is,540.0,5.4,Starlight Xpress Fil,Lum,IC 405,FocusLynx Focuser 1,10644.0,10644.0,13.404,7.0,7.0,TOP-DOWN,2000.0,N.I.N.A. 2.0.0.2044,2022-02-08_01-57-55_Lum_-10.00_300.00s_0105.fits,1,/mnt/raid0/AstroImaging/Preselected/Flaming Star Nebula (IC405) started 4th February 2022/Lights/Lum/2022-02-08_01-57-55_Lum_-10.00_300.00s_0105.fits,78.7696574752881,34.47421875,26.5831317266373,292.804689162035,2.22606557112382,East,40.0,52.2486111111111,-0.123055555555556,05 20 58,+33 46 43,87.26,100.0,6.4,82.0,1018.2,9.3,269.0,14.4
True,16,2,9576,6388,True,32768,LIGHT,300.0,300.0,2022-02-08T02:02:58.457,2022-02-08T02:02:58.457,1,1,0,10,0.779999971389771,3.76,3.76,ZWO ASI6200MM Pro,-10.0,-10.0,40,NP101is,540.0,5.4,Starlight Xpress Fil,Lum,IC 405,FocusLynx Focuser 1,10644.0,10644.0,13.404,7.1,7.1,TOP-DOWN,2000.0,N.I.N.A. 2.0.0.2044,2022-02-08_02-02-58_Lum_-10.00_300.00s_0106.fits,1,/mnt/raid0/AstroImaging/Preselected/Flaming Star Nebula (IC405) started 4th February 2022/Lights/Lum/2022-02-08_02-02-58_Lum_-10.00_300.00s_0106.fits,78.7693838060753,34.475546875,25.8704905731323,293.657730931627,2.28240033492282,East,40.0,52.2486111111111,-0.123055555555556,05 20 58,+33 46 43,87.26,100.0,6.4,82.0,1018.2,9.3,269.0,14.4
True,16,2,9576,6388,True,32768,LIGHT,300.0,300.0,2022-02-08T02:08:26.593,2022-02-08T02:08:26.593,1,1,0,10,0.779999971389771,3.76,3.76,ZWO ASI6200MM Pro,-10.0,-10.0,40,NP101is,540.0,5.4,Starlight Xpress Fil,Lum,IC 405,FocusLynx Focuser 1,10644.0,10644.0,13.404,7.0,7.0,TOP-DOWN,2000.0,N.I.N.A. 2.0.0.2044,2022-02-08_02-08-26_Lum_-10.00_300.00s_0107.fits,1,/mnt/raid0/AstroImaging/Preselected/Flaming Star Nebula (IC405) started 4th February 2022/Lights/Lum/2022-02-08_02-08-26_Lum_-10.00_300.00s_0107.fits,78.7681631246511,34.479140625,25.1057320388035,294.582526704282,2.34650487001297,East,40.0,52.2486111111111,-0.123055555555556,05 20 58,+33 46 43,87.26,100.0,6.3,82.0,1018.2,9.2,245.0,12.96
True,16,2,9576,6388,True,32768,LIGHT,300.0,300.0,2022-02-27T21:43:41.597,2022-02-27T21:43:41.597,1,1,100,10,0.246657639741898,3.76,3.76,ZWO ASI6200MM Pro,-10.0,-9.8,40,NP101is,540.0,5.4,Starlight Xpress Fil,OIII,IC 405,FocusLynx Focuser 1,8961.0,8961.0,13.404,1.3,1.3,TOP-DOWN,2000.0,N.I.N.A. 2.0.0.2048,2022-02-27_21-43-41_OIII_-9.80_300.00s_0000.fits,1,/mnt/raid0/AstroImaging/Preselected/Flaming Star Nebula (IC405) started 4th February 2022/Lights/OIII/2022-02-27_21-43-41_OIII_-9.80_300.00s_0000.fits,79.4682326171632,34.2698046875,53.2366910775437,258.934290121638,1.24752767468155,East,40.0,52.2486111111111,-0.123055555555556,05 20 58,+33 46 43,180.87,0.0,0.2,77.0,1018.2,3.8,134.0,7.92
True,16,2,9576,6388,True,32768,LIGHT,300.0,300.0,2022-02-27T21:48:45.951,2022-02-27T21:48:45.951,1,1,100,10,0.246657639741898,3.76,3.76,ZWO ASI6200MM Pro,-10.0,-9.9,40,NP101is,540.0,5.4,Starlight Xpress Fil,OIII,IC 405,FocusLynx Focuser 1,8961.0,8961.0,13.404,1.2,1.2,TOP-DOWN,2000.0,N.I.N.A. 2.0.0.2048,2022-02-27_21-48-45_OIII_-9.90_300.00s_0001.fits,1,/mnt/raid0/AstroImaging/Preselected/Flaming Star Nebula (IC405) started 4th February 2022/Lights/OIII/2022-02-27_21-48-45_OIII_-9.90_300.00s_0001.fits,79.4683224728593,34.2698046875,52.478043292938,260.11585671063,1.26006774735157,East,40.0,52.2486111111111,-0.123055555555556,05 20 58,+33 46 43,180.87,0.0,0.2,77.0,1018.2,3.8,134.0,7.92
True,16,2,9576,6388,True,32768,LIGHT,300.0,300.0,2022-02-27T21:53:48.625,2022-02-27T21:53:48.625,1,1,100,10,0.246657639741898,3.76,3.76,ZWO ASI6200MM Pro,-10.0,-9.9,40,NP101is,540.0,5.4,Starlight Xpress Fil,OIII,IC 405,FocusLynx Focuser 1,8961.0,8961.0,13.404,1.2,1.2,TOP-DOWN,2000.0,N.I.N.A. 2.0.0.2048,2022-02-27_21-53-48_OIII_-9.90_300.00s_0002.fits,1,/mnt/raid0/AstroImaging/Preselected/Flaming Star Nebula (IC405) started 4th February 2022/Lights/OIII/2022-02-27_21-53-48_OIII_-9.90_300.00s_0002.fits,79.4684299499185,34.2698046875,51.7118932569897,261.279690801685,1.27321811243289,East,40.0,52.2486111111111,-0.123055555555556,05 20 58,+33 46 43,180.87,0.0,0.1,77.0,1018.2,3.8,134.0,7.92
True,16,2,9576,6388,True,32768,LIGHT,300.0,300.0,2022-02-27T21:58:51.239,2022-02-27T21:58:51.239,1,1,100,10,0.246657639741898,3.76,3.76,ZWO ASI6200MM Pro,-10.0,-10.0,40,NP101is,540.0,5.4,Starlight Xpress Fil,OIII,IC 405,FocusLynx Focuser 1,8961.0,8961.0,13.404,1.1,1.1,TOP-DOWN,2000.0,N.I.N.A. 2.0.0.2048,2022-02-27_21-58-51_OIII_-10.00_300.00s_0003.fits,1,/mnt/raid0/AstroImaging/Preselected/Flaming Star Nebula (IC405) started 4th February 2022/Lights/OIII/2022-02-27_21-58-51_OIII_-10.00_300.00s_0003.fits,79.4684832389206,34.2698046875,50.9436361088033,262.419486884282,1.28691553615828,East,40.0,52.2486111111111,-0.123055555555556,05 20 58,+33 46 43,180.87,0.0,0.1,77.0,1018.2,3.8,134.0,7.92
True,16,2,9576,6388,True,32768,LIGHT,300.0,300.0,2022-02-27T22:09:35.092,2022-02-27T22:09:35.092,1,1,100,10,0.246657639741898,3.76,3.76,ZWO ASI6200MM Pro,-10.0,-10.0,40,NP101is,540.0,5.4,Starlight Xpress Fil,OIII,IC 405,FocusLynx Focuser 1,8962.0,8962.0,13.404,1.0,1.0,TOP-DOWN,2000.0,N.I.N.A. 2.0.0.2048,2022-02-27_22-09-35_OIII_-10.00_300.00s_0004.fits,1,/mnt/raid0/AstroImaging/Preselected/Flaming Star Nebula (IC405) started 4th February 2022/Lights/OIII/2022-02-27_22-09-35_OIII_-10.00_300.00s_0004.fits,79.4687047665035,34.2698046875,49.3038805799544,264.771058483086,1.31796373646875,East,40.0,52.2486111111111,-0.123055555555556,05 20 58,+33 46 43,180.87,0.0,0.2,78.0,1018.2,3.7,137.0,9.72
True,16,2,9576,6388,True,32768,LIGHT,300.0,300.0,2022-02-27T22:14:39.337,2022-02-27T22:14:39.337,1,1,100,10,0.246657639741898,3.76,3.76,ZWO ASI6200MM Pro,-10.0,-10.0,40,NP101is,540.0,5.4,Starlight Xpress Fil,OIII,IC 405,FocusLynx Focuser 1,8962.0,8962.0,13.404,0.9,0.9,TOP-DOWN,2000.0,N.I.N.A. 2.0.0.2048,2022-02-27_22-14-39_OIII_-10.00_300.00s_0005.fits,1,/mnt/raid0/AstroImaging/Preselected/Flaming Star Nebula (IC405) started 4th February 2022/Lights/OIII/2022-02-27_22-14-39_OIII_-10.00_300.00s_0005.fits,79.4688194126779,34.2698046875,48.5356087385486,265.838992548648,1.33341147411568,East,40.0,52.2486111111111,-0.123055555555556,05 20 58,+33 46 43,180.87,0.0,0.2,78.0,1018.2,3.6,137.0,9.72
True,16,2,9576,6388,True,32768,LIGHT,300.0,300.0,2022-02-27T22:19:41.932,2022-02-27T22:19:41.932,1,1,100,10,0.246657639741898,3.76,3.76,ZWO ASI6200MM Pro,-10.0,-10.0,40,NP101is,540.0,5.4,Starlight Xpress Fil,OIII,IC 405,FocusLynx Focuser 1,8962.0,8962.0,13.404,0.8,0.8,TOP-DOWN,2000.0,N.I.N.A. 2.0.0.2048,2022-02-27_22-19-41_OIII_-10.00_300.00s_0006.fits,1,/mnt/raid0/AstroImaging/Preselected/Flaming Star Nebula (IC405) started 4th February 2022/Lights/OIII/2022-02-27_22-19-41_OIII_-10.00_300.00s_0006.fits,79.4688912182036,34.2698046875,47.7613110711113,266.895882708486,1.34959806815761,East,40.0,52.2486111111111,-0.123055555555556,05 20 58,+33 46 43,180.87,0.0,0.2,78.0,1018.2,3.6,137.0,9.72
True,16,2,9576,6388,True,32768,LIGHT,300.0,300.0,2022-02-27T22:24:44.537,2022-02-27T22:24:44.537,1,1,100,10,0.246657639741898,3.76,3.76,ZWO ASI6200MM Pro,-10.0,-10.0,40,NP101is,540.0,5.4,Starlight Xpress Fil,OIII,IC 405,FocusLynx Focuser 1,8962.0,8962.0,13.404,0.8,0.8,TOP-DOWN,2000.0,N.I.N.A. 2.0.0.2048,2022-02-27_22-24-44_OIII_-10.00_300.00s_0007.fits,1,/mnt/raid0/AstroImaging/Preselected/Flaming Star Nebula (IC405) started 4th February 2022/Lights/OIII/2022-02-27_22-24-44_OIII_-10.00_300.00s_0007.fits,79.469006155827,34.2698046875,46.9907846302509,267.929855283777,1.36634983292961,East,40.0,52.2486111111111,-0.123055555555556,05 20 58,+33 46 43,180.87,0.0,0.2,78.0,1018.2,3.7,137.0,9.72
True,16,2,9576,6388,True,32768,LIGHT,300.0,300.0,2022-02-27T22:35:27.798,2022-02-27T22:35:27.798,1,1,100,10,0.246657639741898,3.76,3.76,ZWO ASI6200MM Pro,-10.0,-9.9,40,NP101is,540.0,5.4,Starlight Xpress Fil,OIII,IC 405,FocusLynx Focuser 1,8954.0,8954.0,13.404,0.8,0.8,TOP-DOWN,2000.0,N.I.N.A. 2.0.0.2048,2022-02-27_22-35-27_OIII_-9.90_300.00s_0008.fits,1,/mnt/raid0/AstroImaging/Preselected/Flaming Star Nebula (IC405) started 4th February 2022/Lights/OIII/2022-02-27_22-35-27_OIII_-9.90_300.00s_0008.fits,79.4691953962224,34.2698046875,45.3394002046632,270.09281291959,1.40455961587589,East,40.0,52.2486111111111,-0.123055555555556,05 20 58,+33 46 43,180.87,0.0,0.1,78.0,1018.2,3.6,133.0,12.96
True,16,2,9576,6388,True,32768,LIGHT,300.0,300.0,2022-02-27T22:40:32.404,2022-02-27T22:40:32.404,1,1,100,10,0.246657639741898,3.76,3.76,ZWO ASI6200MM Pro,-10.0,-10.0,40,NP101is,540.0,5.4,Starlight Xpress Fil,OIII,IC 405,FocusLynx Focuser 1,8954.0,8954.0,13.404,0.7,0.7,TOP-DOWN,2000.0,N.I.N.A. 2.0.0.2048,2022-02-27_22-40-32_OIII_-10.00_300.00s_0009.fits,1,/mnt/raid0/AstroImaging/Preselected/Flaming Star Nebula (IC405) started 4th February 2022/Lights/OIII/2022-02-27_22-40-32_OIII_-10.00_300.00s_0009.fits,79.4692888909486,34.2698046875,44.5637788419495,271.086602852968,1.42366584533227,East,40.0,52.2486111111111,-0.123055555555556,05 20 58,+33 46 43,180.87,0.0,0.1,78.0,1018.2,3.6,133.0,12.96
True,16,2,9576,6388,True,32768,LIGHT,300.0,300.0,2022-02-27T22:45:35.047,2022-02-27T22:45:35.047,1,1,100,10,0.246657639741898,3.76,3.76,ZWO ASI6200MM Pro,-10.0,-10.0,40,NP101is,540.0,5.4,Starlight Xpress Fil,OIII,IC 405,FocusLynx Focuser 1,8954.0,8954.0,13.404,0.6,0.6,TOP-DOWN,2000.0,N.I.N.A. 2.0.0.2048,2022-02-27_22-45-35_OIII_-10.00_300.00s_0010.fits,1,/mnt/raid0/AstroImaging/Preselected/Flaming Star Nebula (IC405) started 4th February 2022/Lights/OIII/2022-02-27_22-45-35_OIII_-10.00_300.00s_0010.fits,79.4693910831685,34.2698046875,43.7909171431535,272.064466633421,1.44349273371835,East,40.0,52.2486111111111,-0.123055555555556,05 20 58,+33 46 43,180.87,0.0,0.1,78.0,1018.2,3.6,133.0,12.96
True,16,2,9576,6388,True,32768,LIGHT,300.0,300.0,2022-02-27T22:50:37.755,2022-02-27T22:50:37.755,1,1,100,10,0.246657639741898,3.76,3.76,ZWO ASI6200MM Pro,-10.0,-10.0,40,NP101is,540.0,5.4,Starlight Xpress Fil,OIII,IC 405,FocusLynx Focuser 1,8954.0,8954.0,13.404,0.6,0.6,TOP-DOWN,2000.0,N.I.N.A. 2.0.0.2048,2022-02-27_22-50-37_OIII_-10.00_300.00s_0011.fits,1,/mnt/raid0/AstroImaging/Preselected/Flaming Star Nebula (IC405) started 4th February 2022/Lights/OIII/2022-02-27_22-50-37_OIII_-10.00_300.00s_0011.fits,79.4695006721411,34.2698046875,43.0156135942564,273.03410788799,1.46421403607249,East,40.0,52.2486111111111,-0.123055555555556,05 20 58,+33 46 43,180.87,0.0,0.1,78.0,1018.2,3.6,133.0,12.96
True,16,2,9576,6388,True,32768,LIGHT,300.0,300.0,2022-02-27T22:55:40.400,2022-02-27T22:55:40.400,1,1,100,10,0.246657639741898,3.76,3.76,ZWO ASI6200MM Pro,-10.0,-10.0,40,NP101is,540.0,5.4,Starlight Xpress Fil,OIII,IC 405,FocusLynx Focuser 1,8954.0,8954.0,13.404,0.6,0.6,TOP-DOWN,2000.0,N.I.N.A. 2.0.0.2048,2022-02-27_22-55-40_OIII_-10.00_300.00s_0012.fits,1,/mnt/raid0/AstroImaging/Preselected/Flaming Star Nebula (IC405) started 4th February 2022/Lights/OIII/2022-02-27_22-55-40_OIII_-10.00_300.00s_0012.fits,79.4696140931663,34.2698046875,42.245891339527,273.986597758886,1.48565357308046,East,40.0,52.2486111111111,-0.123055555555556,05 20 58,+33 46 43,180.87,0.0,0.0,78.0,1018.2,3.5,136.0,9.72
True,16,2,9576,6388,True,32768,LIGHT,300.0,300.0,2022-02-27T23:06:25.001,2022-02-27T23:06:25.001,1,1,100,10,0.246657639741898,3.76,3.76,ZWO ASI6200MM Pro,-10.0,-10.0,40,NP101is,540.0,5.4,Starlight Xpress Fil,OIII,IC 405,FocusLynx Focuser 1,8952.0,8952.0,13.404,0.6,0.6,TOP-DOWN,2000.0,N.I.N.A. 2.0.0.2048,2022-02-27_23-06-25_OIII_-10.00_300.00s_0013.fits,1,/mnt/raid0/AstroImaging/Preselected/Flaming Star Nebula (IC405) started 4th February 2022/Lights/OIII/2022-02-27_23-06-25_OIII_-10.00_300.00s_0013.fits,79.4697671468644,34.2698046875,40.5986185040358,275.996037265043,1.53465923737666,East,40.0,52.2486111111111,-0.123055555555556,05 20 58,+33 46 43,180.87,0.0,0.2,79.0,1018.2,3.4,136.0,9.72
True,16,2,9576,6388,True,32768,LIGHT,300.0,300.0,2022-02-27T23:11:29.542,2022-02-27T23:11:29.542,1,1,100,10,0.246657639741898,3.76,3.76,ZWO ASI6200MM Pro,-10.0,-10.0,40,NP101is,540.0,5.4,Starlight Xpress Fil,OIII,IC 405,FocusLynx Focuser 1,8952.0,8952.0,13.404,0.5,0.5,TOP-DOWN,2000.0,N.I.N.A. 2.0.0.2048,2022-02-27_23-11-29_OIII_-10.00_300.00s_0014.fits,1,/mnt/raid0/AstroImaging/Preselected/Flaming Star Nebula (IC405) started 4th February 2022/Lights/OIII/2022-02-27_23-11-29_OIII_-10.00_300.00s_0014.fits,79.4698778526079,34.2698046875,39.8270675132271,276.92436191374,1.55918936003126,East,40.0,52.2486111111111,-0.123055555555556,05 20 58,+33 46 43,180.87,0.0,0.1,79.0,1018.2,3.4,136.0,9.72
True,16,2,9576,6388,True,32768,LIGHT,300.0,300.0,2022-02-27T23:16:32.231,2022-02-27T23:16:32.231,1,1,100,10,0.246657639741898,3.76,3.76,ZWO ASI6200MM Pro,-10.0,-9.9,40,NP101is,540.0,5.4,Starlight Xpress Fil,OIII,IC 405,FocusLynx Focuser 1,8952.0,8952.0,13.404,0.5,0.5,TOP-DOWN,2000.0,N.I.N.A. 2.0.0.2048,2022-02-27_23-16-32_OIII_-9.90_300.00s_0015.fits,1,/mnt/raid0/AstroImaging/Preselected/Flaming Star Nebula (IC405) started 4th February 2022/Lights/OIII/2022-02-27_23-16-32_OIII_-9.90_300.00s_0015.fits,79.4699624853896,34.2698046875,39.0614387469899,277.839818050707,1.58460385813735,East,40.0,52.2486111111111,-0.123055555555556,05 20 58,+33 46 43,180.87,0.0,0.1,79.0,1018.2,3.4,136.0,9.72
True,16,2,9576,6388,True,32768,LIGHT,300.0,300.0,2022-02-27T23:21:34.990,2022-02-27T23:21:34.990,1,1,100,10,0.246657639741898,3.76,3.76,ZWO ASI6200MM Pro,-10.0,-10.0,40,NP101is,540.0,5.4,Starlight Xpress Fil,OIII,IC 405,FocusLynx Focuser 1,8952.0,8952.0,13.404,0.4,0.4,TOP-DOWN,2000.0,N.I.N.A. 2.0.0.2048,2022-02-27_23-21-34_OIII_-10.00_300.00s_0016.fits,1,/mnt/raid0/AstroImaging/Preselected/Flaming Star Nebula (IC405) started 4th February 2022/Lights/OIII/2022-02-27_23-21-34_OIII_-10.00_300.00s_0016.fits,79.4700566313865,34.2698046875,38.2931097212225,278.752913251793,1.61124478148055,East,40.0,52.2486111111111,-0.123055555555556,05 20 58,+33 46 43,180.87,0.0,0.3,80.0,1018.2,3.4,144.0,7.92
True,16,2,9576,6388,True,32768,LIGHT,300.0,300.0,2022-02-27T23:32:19.608,2022-02-27T23:32:19.608,1,1,100,10,0.246657639741898,3.76,3.76,ZWO ASI6200MM Pro,-10.0,-10.0,40,NP101is,540.0,5.4,Starlight Xpress Fil,OIII,IC 405,FocusLynx Focuser 1,8948.0,8948.0,13.404,0.4,0.4,TOP-DOWN,2000.0,N.I.N.A. 2.0.0.2048,2022-02-27_23-32-19_OIII_-10.00_300.00s_0017.fits,1,/mnt/raid0/AstroImaging/Preselected/Flaming Star Nebula (IC405) started 4th February 2022/Lights/OIII/2022-02-27_23-32-19_OIII_-10.00_300.00s_0017.fits,79.4702769268661,34.2698046875,36.6649623589961,280.672740716719,1.67177701120781,East,40.0,52.2486111111111,-0.123055555555556,05 20 58,+33 46 43,180.87,0.0,0.2,80.0,1018.2,3.3,144.0,7.92
True,16,2,9576,6388,True,32768,LIGHT,300.0,300.0,2022-02-27T23:37:23.985,2022-02-27T23:37:23.985,1,1,100,10,0.246657639741898,3.76,3.76,ZWO ASI6200MM Pro,-10.0,-10.0,40,NP101is,540.0,5.4,Starlight Xpress Fil,OIII,IC 405,FocusLynx Focuser 1,8948.0,8948.0,13.404,0.4,0.4,TOP-DOWN,2000.0,N.I.N.A. 2.0.0.2048,2022-02-27_23-37-23_OIII_-10.00_300.00s_0018.fits,1,/mnt/raid0/AstroImaging/Preselected/Flaming Star Nebula (IC405) started 4th February 2022/Lights/OIII/2022-02-27_23-37-23_OIII_-10.00_300.00s_0018.fits,79.4703771333479,34.2698046875,35.9032234077613,281.565426717178,1.70216266741443,East,40.0,52.2486111111111,-0.123055555555556,05 20 58,+33 46 43,180.87,0.0,0.2,80.0,1018.2,3.3,144.0,7.92
True,16,2,9576,6388,True,32768,LIGHT,300.0,300.0,2022-02-27T23:51:56.984,2022-02-27T23:51:56.984,1,1,100,10,0.246657639741898,3.76,3.76,ZWO ASI6200MM Pro,-10.0,-9.9,40,NP101is,540.0,5.4,Starlight Xpress Fil,OIII,IC 405,FocusLynx Focuser 1,8948.0,8948.0,13.404,0.2,0.2,TOP-DOWN,2000.0,N.I.N.A. 2.0.0.2048,2022-02-27_23-51-56_OIII_-9.90_300.00s_0019.fits,1,/mnt/raid0/AstroImaging/Preselected/Flaming Star Nebula (IC405) started 4th February 2022/Lights/OIII/2022-02-27_23-51-56_OIII_-9.90_300.00s_0019.fits,79.4840797154755,34.2704296875,33.7376408980229,284.092405210466,1.79668362226625,East,40.0,52.2486111111111,-0.123055555555556,05 20 58,+33 46 43,180.87,0.0,0.4,81.0,1018.2,3.3,144.0,7.92
True,16,2,9576,6388,True,32768,LIGHT,300.0,300.0,2022-02-27T23:56:59.550,2022-02-27T23:56:59.550,1,1,100,10,0.246657639741898,3.76,3.76,ZWO ASI6200MM Pro,-10.0,-10.0,40,NP101is,540.0,5.4,Starlight Xpress Fil,OIII,IC 405,FocusLynx Focuser 1,8948.0,8948.0,13.404,0.2,0.2,TOP-DOWN,2000.0,N.I.N.A. 2.0.0.2048,2022-02-27_23-56-59_OIII_-10.00_300.00s_0020.fits,1,/mnt/raid0/AstroImaging/Preselected/Flaming Star Nebula (IC405) started 4th February 2022/Lights/OIII/2022-02-27_23-56-59_OIII_-10.00_300.00s_0020.fits,79.4841499640743,34.2704296875,32.9862492191166,284.96665749114,1.83259824484608,East,40.0,52.2486111111111,-0.123055555555556,05 20 58,+33 46 43,180.87,0.0,0.4,81.0,1018.2,3.3,144.0,7.92
True,16,2,9576,6388,True,32768,LIGHT,300.0,300.0,2022-02-28T00:02:02.179,2022-02-28T00:02:02.179,1,1,100,10,0.246657639741898,3.76,3.76,ZWO ASI6200MM Pro,-10.0,-10.0,40,NP101is,540.0,5.4,Starlight Xpress Fil,OIII,IC 405,FocusLynx Focuser 1,8948.0,8948.0,13.404,0.1,0.1,TOP-DOWN,2000.0,N.I.N.A. 2.0.0.2048,2022-02-28_00-02-02_OIII_-10.00_300.00s_0021.fits,1,/mnt/raid0/AstroImaging/Preselected/Flaming Star Nebula (IC405) started 4th February 2022/Lights/OIII/2022-02-28_00-02-02_OIII_-10.00_300.00s_0021.fits,79.4842389721048,34.2704296875,32.2430633497531,285.8312302548,1.86987616651859,East,40.0,52.2486111111111,-0.123055555555556,05 20 58,+33 46 43,180.87,0.0,0.4,81.0,1018.2,3.3,144.0,7.92
True,16,2,9576,6388,True,32768,LIGHT,300.0,300.0,2022-02-28T00:07:04.909,2022-02-28T00:07:04.909,1,1,100,10,0.246657639741898,3.76,3.76,ZWO ASI6200MM Pro,-10.0,-10.0,40,NP101is,540.0,5.4,Starlight Xpress Fil,OIII,IC 405,FocusLynx Focuser 1,8948.0,8948.0,13.404,0.0,0.0,TOP-DOWN,2000.0,N.I.N.A. 2.0.0.2048,2022-02-28_00-07-04_OIII_-10.00_300.00s_0022.fits,1,/mnt/raid0/AstroImaging/Preselected/Flaming Star Nebula (IC405) started 4th February 2022/Lights/OIII/2022-02-28_00-07-04_OIII_-10.00_300.00s_0022.fits,79.4843665776177,34.2704296875,31.4983942998075,286.697976579044,1.9091011463329,East,40.0,52.2486111111111,-0.123055555555556,05 20 58,+33 46 43,180.87,0.0,0.4,81.0,1018.2,3.3,144.0,7.92
True,16,2,9576,6388,True,32768,LIGHT,300.0,300.0,2022-02-28T00:17:47.174,2022-02-28T00:17:47.174,1,1,100,10,0.246657639741898,3.76,3.76,ZWO ASI6200MM Pro,-10.0,-9.8,40,NP101is,540.0,5.4,Starlight Xpress Fil,OIII,IC 405,FocusLynx Focuser 1,8938.0,8938.0,13.404,-0.1,-0.1,TOP-DOWN,2000.0,N.I.N.A. 2.0.0.2048,2022-02-28_00-17-47_OIII_-9.80_300.00s_0023.fits,1,/mnt/raid0/AstroImaging/Preselected/Flaming Star Nebula (IC405) started 4th February 2022/Lights/OIII/2022-02-28_00-17-47_OIII_-9.80_300.00s_0023.fits,79.4845922165526,34.2704296875,29.9265619411659,288.531549260791,1.99866498880703,East,40.0,52.2486111111111,-0.123055555555556,05 20 58,+33 46 43,180.87,0.0,0.4,81.0,1018.2,3.3,144.0,7.92
True,16,2,9576,6388,True,32768,LIGHT,300.0,300.0,2022-02-28T00:22:51.606,2022-02-28T00:22:51.606,1,1,100,10,0.246657639741898,3.76,3.76,ZWO ASI6200MM Pro,-10.0,-9.9,40,NP101is,540.0,5.4,Starlight Xpress Fil,OIII,IC 405,FocusLynx Focuser 1,8938.0,8938.0,13.404,-0.2,-0.2,TOP-DOWN,2000.0,N.I.N.A. 2.0.0.2048,2022-02-28_00-22-51_OIII_-9.90_300.00s_0024.fits,1,/mnt/raid0/AstroImaging/Preselected/Flaming Star Nebula (IC405) started 4th February 2022/Lights/OIII/2022-02-28_00-22-51_OIII_-9.90_300.00s_0024.fits,79.4846563242747,34.2704296875,29.197471925936,289.385106524902,2.04364506907445,East,40.0,52.2486111111111,-0.123055555555556,05 20 58,+33 46 43,180.87,0.0,0.4,81.0,1018.2,3.3,144.0,7.92
True,16,2,9576,6388,True,32768,LIGHT,300.0,300.0,2022-02-28T00:27:54.248,2022-02-28T00:27:54.248,1,1,100,10,0.246657639741898,3.76,3.76,ZWO ASI6200MM Pro,-10.0,-9.9,40,NP101is,540.0,5.4,Starlight Xpress Fil,OIII,IC 405,FocusLynx Focuser 1,8938.0,8938.0,13.404,-0.3,-0.3,TOP-DOWN,2000.0,N.I.N.A. 2.0.0.2048,2022-02-28_00-27-54_OIII_-9.90_300.00s_0025.fits,1,/mnt/raid0/AstroImaging/Preselected/Flaming Star Nebula (IC405) started 4th February 2022/Lights/OIII/2022-02-28_00-27-54_OIII_-9.90_300.00s_0025.fits,79.4847544410871,34.2704296875,28.4675872222227,290.242291932179,2.09108217231182,East,40.0,52.2486111111111,-0.123055555555556,05 20 58,+33 46 43,180.87,0.0,0.4,81.0,1018.2,3.3,144.0,7.92
True,16,2,9576,6388,True,32768,LIGHT,300.0,300.0,2022-02-28T00:32:56.727,2022-02-28T00:32:56.727,1,1,100,10,0.246657639741898,3.76,3.76,ZWO ASI6200MM Pro,-10.0,-10.0,40,NP101is,540.0,5.4,Starlight Xpress Fil,OIII,IC 405,FocusLynx Focuser 1,8938.0,8938.0,13.404,-0.4,-0.4,TOP-DOWN,2000.0,N.I.N.A. 2.0.0.2048,2022-02-28_00-32-56_OIII_-10.00_300.00s_0026.fits,1,/mnt/raid0/AstroImaging/Preselected/Flaming Star Nebula (IC405) started 4th February 2022/Lights/OIII/2022-02-28_00-32-56_OIII_-10.00_300.00s_0026.fits,79.4848476150035,34.2704296875,27.7454456122864,291.093582335786,2.14056919080135,East,40.0,52.2486111111111,-0.123055555555556,05 20 58,+33 46 43,180.87,0.0,0.4,81.0,1018.2,3.3,144.0,7.92
True,16,2,9576,6388,True,32768,LIGHT,300.0,300.0,2022-02-28T00:37:59.422,2022-02-28T00:37:59.422,1,1,100,10,0.246657639741898,3.76,3.76,ZWO ASI6200MM Pro,-10.0,-10.0,40,NP101is,540.0,5.4,Starlight Xpress Fil,OIII,IC 405,FocusLynx Focuser 1,8938.0,8938.0,13.404,-0.4,-0.4,TOP-DOWN,2000.0,N.I.N.A. 2.0.0.2048,2022-02-28_00-37-59_OIII_-10.00_300.00s_0027.fits,1,/mnt/raid0/AstroImaging/Preselected/Flaming Star Nebula (IC405) started 4th February 2022/Lights/OIII/2022-02-28_00-37-59_OIII_-10.00_300.00s_0027.fits,79.4849491884474,34.2704296875,27.0234771646995,291.948393973775,2.19278238421493,East,40.0,52.2486111111111,-0.123055555555556,05 20 58,+33 46 43,180.87,0.0,0.4,81.0,1018.2,3.3,144.0,7.92
True,16,2,9576,6388,True,32768,LIGHT,300.0,300.0,2022-02-28T00:48:40.446,2022-02-28T00:48:40.446,1,1,100,10,0.246657639741898,3.76,3.76,ZWO ASI6200MM Pro,-10.0,-9.8,40,NP101is,540.0,5.4,Starlight Xpress Fil,OIII,IC 405,FocusLynx Focuser 1,8936.0,8936.0,13.404,-0.4,-0.4,TOP-DOWN,2000.0,N.I.N.A. 2.0.0.2048,2022-02-28_00-48-40_OIII_-9.80_300.00s_0028.fits,1,/mnt/raid0/AstroImaging/Preselected/Flaming Star Nebula (IC405) started 4th February 2022/Lights/OIII/2022-02-28_00-48-40_OIII_-9.80_300.00s_0028.fits,79.4851484613581,34.2704296875,25.5073157692514,293.758129948306,2.31235230486059,East,40.0,52.2486111111111,-0.123055555555556,05 20 58,+33 46 43,180.87,0.0,0.6,82.0,1018.2,3.4,140.0,9.72
True,16,2,9576,6388,True,32768,LIGHT,300.0,300.0,2022-02-28T00:53:44.689,2022-02-28T00:53:44.689,1,1,100,10,0.246657639741898,3.76,3.76,ZWO ASI6200MM Pro,-10.0,-10.0,40,NP101is,540.0,5.4,Starlight Xpress Fil,OIII,IC 405,FocusLynx Focuser 1,8936.0,8936.0,13.404,-0.4,-0.4,TOP-DOWN,2000.0,N.I.N.A. 2.0.0.2048,2022-02-28_00-53-44_OIII_-10.00_300.00s_0029.fits,1,/mnt/raid0/AstroImaging/Preselected/Flaming Star Nebula (IC405) started 4th February 2022/Lights/OIII/2022-02-28_00-53-44_OIII_-10.00_300.00s_0029.fits,79.4852635032018,34.2704296875,24.8039453915017,294.605575060675,2.37291405895471,East,40.0,52.2486111111111,-0.123055555555556,05 20 58,+33 46 43,180.87,0.0,0.8,82.0,1018.2,3.5,140.0,9.72
True,16,2,9576,6388,True,32768,LIGHT,300.0,300.0,2022-02-28T00:58:47.149,2022-02-28T00:58:47.149,1,1,100,10,0.246657639741898,3.76,3.76,ZWO ASI6200MM Pro,-10.0,-9.9,40,NP101is,540.0,5.4,Starlight Xpress Fil,OIII,IC 405,FocusLynx Focuser 1,8936.0,8936.0,13.404,-0.4,-0.4,TOP-DOWN,2000.0,N.I.N.A. 2.0.0.2048,2022-02-28_00-58-47_OIII_-9.90_300.00s_0030.fits,1,/mnt/raid0/AstroImaging/Preselected/Flaming Star Nebula (IC405) started 4th February 2022/Lights/OIII/2022-02-28_00-58-47_OIII_-9.90_300.00s_0030.fits,79.485331353696,34.2704296875,24.1006156517335,295.45872525598,2.43708013020144,East,40.0,52.2486111111111,-0.123055555555556,05 20 58,+33 46 43,180.87,0.0,0.8,82.0,1018.2,3.5,140.0,9.72
True,16,2,9576,6388,True,32768,LIGHT,300.0,300.0,2022-02-28T01:03:49.602,2022-02-28T01:03:49.602,1,1,100,10,0.246657639741898,3.76,3.76,ZWO ASI6200MM Pro,-10.0,-10.0,40,NP101is,540.0,5.4,Starlight Xpress Fil,OIII,IC 405,FocusLynx Focuser 1,8936.0,8936.0,13.404,-0.3,-0.3,TOP-DOWN,2000.0,N.I.N.A. 2.0.0.2048,2022-02-28_01-03-49_OIII_-10.00_300.00s_0031.fits,1,/mnt/raid0/AstroImaging/Preselected/Flaming Star Nebula (IC405) started 4th February 2022/Lights/OIII/2022-02-28_01-03-49_OIII_-10.00_300.00s_0031.fits,79.4854707488005,34.2704296875,23.4064782638942,296.30692366458,2.50425378547212,East,40.0,52.2486111111111,-0.123055555555556,05 20 58,+33 46 43,180.87,0.0,0.6,81.0,1018.2,3.5,138.0,9.72
True,16,2,9576,6388,True,32768,LIGHT,300.0,300.0,2022-02-28T01:08:52.178,2022-02-28T01:08:52.178,1,1,100,10,0.246657639741898,3.76,3.76,ZWO ASI6200MM Pro,-10.0,-10.0,40,NP101is,540.0,5.4,Starlight Xpress Fil,OIII,IC 405,FocusLynx Focuser 1,8936.0,8936.0,13.404,-0.3,-0.3,TOP-DOWN,2000.0,N.I.N.A. 2.0.0.2048,2022-02-28_01-08-52_OIII_-10.00_300.00s_0032.fits,1,/mnt/raid0/AstroImaging/Preselected/Flaming Star Nebula (IC405) started 4th February 2022/Lights/OIII/2022-02-28_01-08-52_OIII_-10.00_300.00s_0032.fits,79.4855422133675,34.2704296875,22.713446095414,297.16048391988,2.57547328832259,East,40.0,52.2486111111111,-0.123055555555556,05 20 58,+33 46 43,180.87,0.0,0.6,81.0,1018.2,3.5,138.0,9.72
True,16,2,9576,6388,True,32768,LIGHT,300.0,300.0,2022-02-28T01:18:09.954,2022-02-28T01:18:09.954,1,1,100,10,0.246657639741898,3.76,3.76,ZWO ASI6200MM Pro,-10.0,-9.9,40,NP101is,540.0,5.4,Starlight Xpress Fil,OIII,IC 405,FocusLynx Focuser 1,8936.0,8936.0,13.404,-0.2,-0.2,TOP-DOWN,2000.0,N.I.N.A. 2.0.0.2048,2022-02-28_01-18-09_OIII_-9.90_300.00s_0033.fits,1,/mnt/raid0/AstroImaging/Preselected/Flaming Star Nebula (IC405) started 4th February 2022/Lights/OIII/2022-02-28_01-18-09_OIII_-9.90_300.00s_0033.fits,79.4992689618274,34.2730078125,21.4614017782698,298.725716996649,2.71591454265663,East,40.0,52.2486111111111,-0.123055555555556,05 20 58,+33 46 43,180.87,0.0,0.6,81.0,1018.2,3.6,138.0,9.72
True,16,2,9576,6388,True,32768,LIGHT,300.0,300.0,2022-02-28T01:23:12.700,2022-02-28T01:23:12.700,1,1,100,10,0.246657639741898,3.76,3.76,ZWO ASI6200MM Pro,-10.0,-9.9,40,NP101is,540.0,5.4,Starlight Xpress Fil,OIII,IC 405,FocusLynx Focuser 1,8936.0,8936.0,13.404,-0.2,-0.2,TOP-DOWN,2000.0,N.I.N.A. 2.0.0.2048,2022-02-28_01-23-12_OIII_-9.90_300.00s_0034.fits,1,/mnt/raid0/AstroImaging/Preselected/Flaming Star Nebula (IC405) started 4th February 2022/Lights/OIII/2022-02-28_01-23-12_OIII_-9.90_300.00s_0034.fits,79.4993542560992,34.2730078125,20.7875540632983,299.576983776923,2.79854002407563,East,40.0,52.2486111111111,-0.123055555555556,05 20 58,+33 46 43,180.87,0.0,0.7,81.0,1018.2,3.6,138.0,9.72
True,16,2,9576,6388,True,32768,LIGHT,300.0,300.0,2022-02-28T01:28:15.398,2022-02-28T01:28:15.398,1,1,100,10,0.246657639741898,3.76,3.76,ZWO ASI6200MM Pro,-10.0,-9.9,40,NP101is,540.0,5.4,Starlight Xpress Fil,OIII,IC 405,FocusLynx Focuser 1,8936.0,8936.0,13.404,-0.2,-0.2,TOP-DOWN,2000.0,N.I.N.A. 2.0.0.2048,2022-02-28_01-28-15_OIII_-9.90_300.00s_0035.fits,1,/mnt/raid0/AstroImaging/Preselected/Flaming Star Nebula (IC405) started 4th February 2022/Lights/OIII/2022-02-28_01-28-15_OIII_-9.90_300.00s_0035.fits,79.4994592701963,34.2730078125,20.1157993965492,300.434144083471,2.88642476668553,East,40.0,52.2486111111111,-0.123055555555556,05 20 58,+33 46 43,180.87,0.0,0.7,81.0,1018.2,3.6,138.0,9.72
True,16,2,9576,6388,True,32768,LIGHT,300.0,300.0,2022-03-07T20:06:43.913,2022-03-07T20:06:43.913,1,1,100,10,0.246657639741898,3.76,3.76,ZWO ASI6200MM Pro,-10.0,-10.0,40,NP101is,540.0,5.4,Starlight Xpress Fil,OIII,IC 405,FocusLynx Focuser 1,9005.0,9005.0,13.404,0.0,0.0,TOP-DOWN,2000.0,N.I.N.A. 2.0.0.2049,2022-03-07_20-06-43_OIII_-10.00_300.00_100_10_0039.fits,1,/mnt/raid0/AstroImaging/Preselected/Flaming Star Nebula (IC405) started 4th February 2022/Lights/OIII/2022-03-07_20-06-43_OIII_-10.00_300.00_100_10_0039.fits,78.9115242641584,34.9448046875,62.8658888358541,242.051424614084,1.1233061095636,East,40.0,52.2486111111111,-0.123055555555556,05 20 58,+33 46 43,180.87,6.0,-0.6,80.0,1016.2,2.5,59.0,4.68
True,16,2,9576,6388,True,32768,LIGHT,300.0,300.0,2022-03-07T20:11:49.578,2022-03-07T20:11:49.578,1,1,100,10,0.246657639741898,3.76,3.76,ZWO ASI6200MM Pro,-10.0,-10.0,40,NP101is,540.0,5.4,Starlight Xpress Fil,OIII,IC 405,FocusLynx Focuser 1,9013.0,9013.0,13.404,-0.1,-0.1,TOP-DOWN,2000.0,N.I.N.A. 2.0.0.2049,2022-03-07_20-11-49_OIII_-10.00_300.00_100_10_0040.fits,1,/mnt/raid0/AstroImaging/Preselected/Flaming Star Nebula (IC405) started 4th February 2022/Lights/OIII/2022-03-07_20-11-49_OIII_-10.00_300.00_100_10_0040.fits,78.9103981790154,34.94265625,62.1772069274059,243.721636144107,1.13033401680608,East,40.0,52.2486111111111,-0.123055555555556,05 20 58,+33 46 43,180.87,6.0,-0.6,80.0,1016.2,2.5,59.0,4.68
True,16,2,9576,6388,True,32768,LIGHT,300.0,300.0,2022-03-07T20:16:52.069,2022-03-07T20:16:52.069,1,1,100,10,0.246657639741898,3.76,3.76,ZWO ASI6200MM Pro,-10.0,-10.0,40,NP101is,540.0,5.4,Starlight Xpress Fil,OIII,IC 405,FocusLynx Focuser 1,9022.0,9022.0,13.404,-0.2,-0.2,TOP-DOWN,2000.0,N.I.N.A. 2.0.0.2049,2022-03-07_20-16-52_OIII_-10.00_300.00_100_10_0041.fits,1,/mnt/raid0/AstroImaging/Preselected/Flaming Star Nebula (IC405) started 4th February 2022/Lights/OIII/2022-03-07_20-16-52_OIII_-10.00_300.00_100_10_0041.fits,78.9098493329037,34.9434765625,61.4759331553496,245.350832744592,1.13775093437039,East,40.0,52.2486111111111,-0.123055555555556,05 20 58,+33 46 43,180.87,6.0,-0.6,80.0,1016.2,2.5,59.0,4.68
True,16,2,9576,6388,True,32768,LIGHT,300.0,300.0,2022-03-07T20:21:54.825,2022-03-07T20:21:54.825,1,1,100,10,0.246657639741898,3.76,3.76,ZWO ASI6200MM Pro,-10.0,-10.0,40,NP101is,540.0,5.4,Starlight Xpress Fil,OIII,IC 405,FocusLynx Focuser 1,9031.0,9031.0,13.404,-0.3,-0.3,TOP-DOWN,2000.0,N.I.N.A. 2.0.0.2049,2022-03-07_20-21-54_OIII_-10.00_300.00_100_10_0042.fits,1,/mnt/raid0/AstroImaging/Preselected/Flaming Star Nebula (IC405) started 4th February 2022/Lights/OIII/2022-03-07_20-21-54_OIII_-10.00_300.00_100_10_0042.fits,78.9080979962808,34.9440625,60.7705373183483,246.914718563994,1.14548410968066,East,40.0,52.2486111111111,-0.123055555555556,05 20 58,+33 46 43,180.87,6.0,-0.7,82.0,1016.2,2.0,59.0,4.68
True,16,2,9576,6388,True,32768,LIGHT,300.0,300.0,2022-03-07T20:26:57.510,2022-03-07T20:26:57.510,1,1,100,10,0.246657639741898,3.76,3.76,ZWO ASI6200MM Pro,-10.0,-10.0,40,NP101is,540.0,5.4,Starlight Xpress Fil,OIII,IC 405,FocusLynx Focuser 1,9039.0,9039.0,13.404,-0.4,-0.4,TOP-DOWN,2000.0,N.I.N.A. 2.0.0.2049,2022-03-07_20-26-57_OIII_-10.00_300.00_100_10_0043.fits,1,/mnt/raid0/AstroImaging/Preselected/Flaming Star Nebula (IC405) started 4th February 2022/Lights/OIII/2022-03-07_20-26-57_OIII_-10.00_300.00_100_10_0043.fits,78.9090105487752,34.9425,60.0516795326467,248.433646610653,1.15365443053793,East,40.0,52.2486111111111,-0.123055555555556,05 20 58,+33 46 43,180.87,6.0,-0.7,82.0,1016.2,2.0,59.0,4.68
True,16,2,9576,6388,True,32768,LIGHT,300.0,300.0,2022-03-07T20:32:00.110,2022-03-07T20:32:00.110,1,1,100,10,0.246657639741898,3.76,3.76,ZWO ASI6200MM Pro,-10.0,-10.0,40,NP101is,540.0,5.4,Starlight Xpress Fil,OIII,IC 405,FocusLynx Focuser 1,9048.0,9048.0,13.404,-0.4,-0.4,TOP-DOWN,2000.0,N.I.N.A. 2.0.0.2049,2022-03-07_20-32-00_OIII_-10.00_300.00_100_10_0044.fits,1,/mnt/raid0/AstroImaging/Preselected/Flaming Star Nebula (IC405) started 4th February 2022/Lights/OIII/2022-03-07_20-32-00_OIII_-10.00_300.00_100_10_0044.fits,78.9088094954396,34.9405859375,59.3283479176131,249.898593186679,1.1621795534455,East,40.0,52.2486111111111,-0.123055555555556,05 20 58,+33 46 43,180.87,6.0,-0.7,83.0,1016.2,1.9,61.0,4.68
True,16,2,9576,6388,True,32768,LIGHT,300.0,300.0,2022-03-07T20:37:21.822,2022-03-07T20:37:21.822,1,1,100,10,0.246657639741898,3.76,3.76,ZWO ASI6200MM Pro,-10.0,-10.0,40,NP101is,540.0,5.4,Starlight Xpress Fil,OIII,IC 405,FocusLynx Focuser 1,9056.0,9056.0,13.404,-0.6,-0.6,TOP-DOWN,2000.0,N.I.N.A. 2.0.0.2049,2022-03-07_20-37-21_OIII_-10.00_300.00_100_10_0045.fits,1,/mnt/raid0/AstroImaging/Preselected/Flaming Star Nebula (IC405) started 4th February 2022/Lights/OIII/2022-03-07_20-37-21_OIII_-10.00_300.00_100_10_0045.fits,78.8967119944979,34.9445703125,58.5436490045138,251.440487014261,1.17178380998324,East,40.0,52.2486111111111,-0.123055555555556,05 20 58,+33 46 43,180.87,6.0,-0.7,83.0,1016.2,1.9,61.0,4.68
True,16,2,9576,6388,True,32768,LIGHT,300.0,300.0,2022-03-07T20:49:33.429,2022-03-07T20:49:33.429,1,1,100,10,0.246657639741898,3.76,3.76,ZWO ASI6200MM Pro,-10.0,-9.8,40,NP101is,540.0,5.4,Starlight Xpress Fil,OIII,IC 405,FocusLynx Focuser 1,8954.0,8954.0,13.404,-0.7,-0.7,TOP-DOWN,2000.0,N.I.N.A. 2.0.0.2049,2022-03-07_20-49-33_OIII_-9.80_300.00_100_10_0046.fits,1,/mnt/raid0/AstroImaging/Preselected/Flaming Star Nebula (IC405) started 4th February 2022/Lights/OIII/2022-03-07_20-49-33_OIII_-9.80_300.00_100_10_0046.fits,78.8979616335906,34.9430078125,56.7492207850232,254.720700910644,1.19520750257704,East,40.0,52.2486111111111,-0.123055555555556,05 20 58,+33 46 43,180.87,6.0,-0.7,85.0,1015.2,1.6,61.0,4.68
True,16,2,9576,6388,True,32768,LIGHT,300.0,300.0,2022-03-07T20:54:38.196,2022-03-07T20:54:38.196,1,1,100,10,0.246657639741898,3.76,3.76,ZWO ASI6200MM Pro,-10.0,-10.0,40,NP101is,540.0,5.4,Starlight Xpress Fil,OIII,IC 405,FocusLynx Focuser 1,8954.0,8954.0,13.404,-0.8,-0.8,TOP-DOWN,2000.0,N.I.N.A. 2.0.0.2049,2022-03-07_20-54-38_OIII_-10.00_300.00_100_10_0047.fits,1,/mnt/raid0/AstroImaging/Preselected/Flaming Star Nebula (IC405) started 4th February 2022/Lights/OIII/2022-03-07_20-54-38_OIII_-10.00_300.00_100_10_0047.fits,78.8967817629261,34.94140625,56.000247734602,256.01050157357,1.20561653672828,East,40.0,52.2486111111111,-0.123055555555556,05 20 58,+33 46 43,180.87,6.0,-0.7,85.0,1015.2,1.6,61.0,4.68
True,16,2,9576,6388,True,32768,LIGHT,300.0,300.0,2022-03-07T21:04:26.295,2022-03-07T21:04:26.295,1,1,100,10,0.246657639741898,3.76,3.76,ZWO ASI6200MM Pro,-10.0,-9.9,40,NP101is,540.0,5.4,Starlight Xpress Fil,OIII,IC 405,FocusLynx Focuser 1,8954.0,8954.0,13.404,-0.9,-0.9,TOP-DOWN,2000.0,N.I.N.A. 2.0.0.2049,2022-03-07_21-04-26_OIII_-9.90_300.00_100_10_0048.fits,1,/mnt/raid0/AstroImaging/Preselected/Flaming Star Nebula (IC405) started 4th February 2022/Lights/OIII/2022-03-07_21-04-26_OIII_-9.90_300.00_100_10_0048.fits,78.912123838309,34.9451171875,54.5446346246536,258.423731006112,1.22697985801237,East,40.0,52.2486111111111,-0.123055555555556,05 20 58,+33 46 43,180.87,6.0,-0.7,85.0,1015.2,1.6,61.0,4.68
True,16,2,9576,6388,True,32768,LIGHT,300.0,300.0,2022-03-07T21:09:29.293,2022-03-07T21:09:29.293,1,1,100,10,0.246657639741898,3.76,3.76,ZWO ASI6200MM Pro,-10.0,-10.0,40,NP101is,540.0,5.4,Starlight Xpress Fil,OIII,IC 405,FocusLynx Focuser 1,8954.0,8954.0,13.404,-1.0,-1.0,TOP-DOWN,2000.0,N.I.N.A. 2.0.0.2049,2022-03-07_21-09-29_OIII_-10.00_300.00_100_10_0049.fits,1,/mnt/raid0/AstroImaging/Preselected/Flaming Star Nebula (IC405) started 4th February 2022/Lights/OIII/2022-03-07_21-09-29_OIII_-10.00_300.00_100_10_0049.fits,78.9098717726515,34.946484375,53.7826188203096,259.633922941796,1.23878980342489,East,40.0,52.2486111111111,-0.123055555555556,05 20 58,+33 46 43,180.87,6.0,-0.7,85.0,1015.2,1.6,61.0,4.68
True,16,2,9576,6388,True,32768,LIGHT,300.0,300.0,2022-03-07T21:14:32.025,2022-03-07T21:14:32.025,1,1,100,10,0.246657639741898,3.76,3.76,ZWO ASI6200MM Pro,-10.0,-9.9,40,NP101is,540.0,5.4,Starlight Xpress Fil,OIII,IC 405,FocusLynx Focuser 1,8954.0,8954.0,13.404,-1.0,-1.0,TOP-DOWN,2000.0,N.I.N.A. 2.0.0.2049,2022-03-07_21-14-32_OIII_-9.90_300.00_100_10_0050.fits,1,/mnt/raid0/AstroImaging/Preselected/Flaming Star Nebula (IC405) started 4th February 2022/Lights/OIII/2022-03-07_21-14-32_OIII_-9.90_300.00_100_10_0050.fits,78.9103724932498,34.9454296875,53.0213764067949,260.805852349956,1.25103912075914,East,40.0,52.2486111111111,-0.123055555555556,05 20 58,+33 46 43,180.87,6.0,-0.7,85.0,1015.2,1.6,61.0,4.68
True,16,2,9576,6388,True,32768,LIGHT,300.0,300.0,2022-03-07T21:19:55.958,2022-03-07T21:19:55.958,1,1,100,10,0.246657639741898,3.76,3.76,ZWO ASI6200MM Pro,-10.0,-10.0,40,NP101is,540.0,5.4,Starlight Xpress Fil,OIII,IC 405,FocusLynx Focuser 1,8954.0,8954.0,13.404,-1.1,-1.1,TOP-DOWN,2000.0,N.I.N.A. 2.0.0.2049,2022-03-07_21-19-55_OIII_-10.00_300.00_100_10_0051.fits,1,/mnt/raid0/AstroImaging/Preselected/Flaming Star Nebula (IC405) started 4th February 2022/Lights/OIII/2022-03-07_21-19-55_OIII_-10.00_300.00_100_10_0051.fits,78.904592368682,34.9494921875,52.1977059488044,262.053109249172,1.26482179628214,East,40.0,52.2486111111111,-0.123055555555556,05 20 58,+33 46 43,180.87,6.0,-0.9,86.0,1015.2,1.2,138.0,3.24
True,16,2,9576,6388,True,32768,LIGHT,300.0,300.0,2022-03-07T21:31:01.969,2022-03-07T21:31:01.969,1,1,100,10,0.246657639741898,3.76,3.76,ZWO ASI6200MM Pro,-10.0,-9.9,40,NP101is,540.0,5.4,Starlight Xpress Fil,OIII,IC 405,FocusLynx Focuser 1,8948.0,8948.0,13.404,-1.2,-1.2,TOP-DOWN,2000.0,N.I.N.A. 2.0.0.2049,2022-03-07_21-31-01_OIII_-9.90_300.00_100_10_0052.fits,1,/mnt/raid0/AstroImaging/Preselected/Flaming Star Nebula (IC405) started 4th February 2022/Lights/OIII/2022-03-07_21-31-01_OIII_-9.90_300.00_100_10_0052.fits,78.9042545375083,34.94703125,50.5021815028059,264.502838901693,1.29502609789701,East,40.0,52.2486111111111,-0.123055555555556,05 20 58,+33 46 43,180.87,5.0,-0.9,86.0,1015.2,1.2,60.0,3.24
True,16,2,9576,6388,True,32768,LIGHT,300.0,300.0,2022-03-07T21:36:06.423,2022-03-07T21:36:06.423,1,1,100,10,0.246657639741898,3.76,3.76,ZWO ASI6200MM Pro,-10.0,-10.0,40,NP101is,540.0,5.4,Starlight Xpress Fil,OIII,IC 405,FocusLynx Focuser 1,8948.0,8948.0,13.404,-1.3,-1.3,TOP-DOWN,2000.0,N.I.N.A. 2.0.0.2049,2022-03-07_21-36-06_OIII_-10.00_300.00_100_10_0053.fits,1,/mnt/raid0/AstroImaging/Preselected/Flaming Star Nebula (IC405) started 4th February 2022/Lights/OIII/2022-03-07_21-36-06_OIII_-10.00_300.00_100_10_0053.fits,78.9053246005843,34.9466796875,49.7290386908243,265.584587812039,1.30966770342719,East,40.0,52.2486111111111,-0.123055555555556,05 20 58,+33 46 43,180.87,5.0,-0.9,86.0,1015.2,1.2,60.0,3.24
True,16,2,9576,6388,True,32768,LIGHT,300.0,300.0,2022-03-07T21:41:09.072,2022-03-07T21:41:09.072,1,1,100,10,0.246657639741898,3.76,3.76,ZWO ASI6200MM Pro,-10.0,-10.0,40,NP101is,540.0,5.4,Starlight Xpress Fil,OIII,IC 405,FocusLynx Focuser 1,8948.0,8948.0,13.404,-1.4,-1.4,TOP-DOWN,2000.0,N.I.N.A. 2.0.0.2049,2022-03-07_21-41-09_OIII_-10.00_300.00_100_10_0054.fits,1,/mnt/raid0/AstroImaging/Preselected/Flaming Star Nebula (IC405) started 4th February 2022/Lights/OIII/2022-03-07_21-41-09_OIII_-10.00_300.00_100_10_0054.fits,78.9042519334863,34.9501171875,48.9611460721344,266.646393681265,1.32478144915809,East,40.0,52.2486111111111,-0.123055555555556,05 20 58,+33 46 43,180.87,5.0,-1.0,86.0,1015.2,1.1,60.0,3.24
True,16,2,9576,6388,True,32768,LIGHT,300.0,300.0,2022-03-07T21:46:11.668,2022-03-07T21:46:11.668,1,1,100,10,0.246657639741898,3.76,3.76,ZWO ASI6200MM Pro,-10.0,-10.0,40,NP101is,540.0,5.4,Starlight Xpress Fil,OIII,IC 405,FocusLynx Focuser 1,8948.0,8948.0,13.404,-1.6,-1.6,TOP-DOWN,2000.0,N.I.N.A. 2.0.0.2049,2022-03-07_21-46-11_OIII_-10.00_300.00_100_10_0055.fits,1,/mnt/raid0/AstroImaging/Preselected/Flaming Star Nebula (IC405) started 4th February 2022/Lights/OIII/2022-03-07_21-46-11_OIII_-10.00_300.00_100_10_0055.fits,78.904958354112,34.9501171875,48.18573466314,267.692499004757,1.34064708141795,East,40.0,52.2486111111111,-0.123055555555556,05 20 58,+33 46 43,180.87,5.0,-1.0,86.0,1015.2,1.1,60.0,3.24
True,16,2,9576,6388,True,32768,LIGHT,300.0,300.0,2022-03-07T21:51:14.358,2022-03-07T21:51:14.358,1,1,100,10,0.246657639741898,3.76,3.76,ZWO ASI6200MM Pro,-10.0,-10.0,40,NP101is,540.0,5.4,Starlight Xpress Fil,OIII,IC 405,FocusLynx Focuser 1,8948.0,8948.0,13.404,-1.7,-1.7,TOP-DOWN,2000.0,N.I.N.A. 2.0.0.2049,2022-03-07_21-51-14_OIII_-10.00_300.00_100_10_0056.fits,1,/mnt/raid0/AstroImaging/Preselected/Flaming Star Nebula (IC405) started 4th February 2022/Lights/OIII/2022-03-07_21-51-14_OIII_-10.00_300.00_100_10_0056.fits,78.9052415723719,34.94765625,47.4062304921878,268.721712743766,1.35723615801396,East,40.0,52.2486111111111,-0.123055555555556,05 20 58,+33 46 43,180.87,5.0,-0.9,87.0,1015.2,1.0,117.0,18.72
True,16,2,9576,6388,True,32768,LIGHT,300.0,300.0,2022-03-07T21:56:28.908,2022-03-07T21:56:28.908,1,1,100,10,0.246657639741898,3.76,3.76,ZWO ASI6200MM Pro,-10.0,-9.9,40,NP101is,540.0,5.4,Starlight Xpress Fil,OIII,IC 405,FocusLynx Focuser 1,8948.0,8948.0,13.404,-1.8,-1.8,TOP-DOWN,2000.0,N.I.N.A. 2.0.0.2049,2022-03-07_21-56-28_OIII_-9.90_300.00_100_10_0057.fits,1,/mnt/raid0/AstroImaging/Preselected/Flaming Star Nebula (IC405) started 4th February 2022/Lights/OIII/2022-03-07_21-56-28_OIII_-9.90_300.00_100_10_0057.fits,78.9079990920748,34.9487890625,46.6103914808714,269.7631346142,1.37486591521317,East,40.0,52.2486111111111,-0.123055555555556,05 20 58,+33 46 43,180.87,5.0,-0.9,87.0,1015.2,1.0,117.0,18.72
True,16,2,9576,6388,True,32768,LIGHT,300.0,300.0,2022-03-07T22:01:31.591,2022-03-07T22:01:31.591,1,1,100,10,0.246657639741898,3.76,3.76,ZWO ASI6200MM Pro,-10.0,-10.0,40,NP101is,540.0,5.4,Starlight Xpress Fil,OIII,IC 405,FocusLynx Focuser 1,8948.0,8948.0,13.404,-1.9,-1.9,TOP-DOWN,2000.0,N.I.N.A. 2.0.0.2049,2022-03-07_22-01-31_OIII_-10.00_300.00_100_10_0058.fits,1,/mnt/raid0/AstroImaging/Preselected/Flaming Star Nebula (IC405) started 4th February 2022/Lights/OIII/2022-03-07_22-01-31_OIII_-10.00_300.00_100_10_0058.fits,78.9086068941803,34.9465234375,45.832845384868,270.759254103236,1.39279947291844,East,40.0,52.2486111111111,-0.123055555555556,05 20 58,+33 46 43,180.87,5.0,-1.0,87.0,1015.2,0.9,117.0,18.72
True,16,2,9576,6388,True,32768,LIGHT,300.0,300.0,2022-03-07T22:06:34.165,2022-03-07T22:06:34.165,1,1,100,10,0.246657639741898,3.76,3.76,ZWO ASI6200MM Pro,-10.0,-10.0,40,NP101is,540.0,5.4,Starlight Xpress Fil,OIII,IC 405,FocusLynx Focuser 1,8948.0,8948.0,13.404,-2.0,-2.0,TOP-DOWN,2000.0,N.I.N.A. 2.0.0.2049,2022-03-07_22-06-34_OIII_-10.00_300.00_100_10_0059.fits,1,/mnt/raid0/AstroImaging/Preselected/Flaming Star Nebula (IC405) started 4th February 2022/Lights/OIII/2022-03-07_22-06-34_OIII_-10.00_300.00_100_10_0059.fits,78.9085022370639,34.948515625,45.0627067499189,271.740849109595,1.41128700911108,East,40.0,52.2486111111111,-0.123055555555556,05 20 58,+33 46 43,180.87,5.0,-1.0,87.0,1015.2,0.9,117.0,18.72
True,16,2,9576,6388,True,32768,LIGHT,300.0,300.0,2022-03-07T22:11:36.864,2022-03-07T22:11:36.864,1,1,100,10,0.246657639741898,3.76,3.76,ZWO ASI6200MM Pro,-10.0,-10.0,40,NP101is,540.0,5.4,Starlight Xpress Fil,OIII,IC 405,FocusLynx Focuser 1,8948.0,8948.0,13.404,-2.1,-2.1,TOP-DOWN,2000.0,N.I.N.A. 2.0.0.2049,2022-03-07_22-11-36_OIII_-10.00_300.00_100_10_0060.fits,1,/mnt/raid0/AstroImaging/Preselected/Flaming Star Nebula (IC405) started 4th February 2022/Lights/OIII/2022-03-07_22-11-36_OIII_-10.00_300.00_100_10_0060.fits,78.9091519673225,34.945390625,44.2850927856066,272.710121478311,1.43072240241196,East,40.0,52.2486111111111,-0.123055555555556,05 20 58,+33 46 43,180.87,5.0,-1.1,87.0,1015.2,0.8,117.0,18.72
True,16,2,9576,6388,True,32768,LIGHT,300.0,300.0,2022-03-07T22:16:39.565,2022-03-07T22:16:39.565,1,1,100,10,0.246657639741898,3.76,3.76,ZWO ASI6200MM Pro,-10.0,-10.0,40,NP101is,540.0,5.4,Starlight Xpress Fil,OIII,IC 405,FocusLynx Focuser 1,8948.0,8948.0,13.404,-2.2,-2.2,TOP-DOWN,2000.0,N.I.N.A. 2.0.0.2049,2022-03-07_22-16-39_OIII_-10.00_300.00_100_10_0061.fits,1,/mnt/raid0/AstroImaging/Preselected/Flaming Star Nebula (IC405) started 4th February 2022/Lights/OIII/2022-03-07_22-16-39_OIII_-10.00_300.00_100_10_0061.fits,78.9102474334858,34.94484375,43.5152771692439,273.664280621002,1.45076203698811,East,40.0,52.2486111111111,-0.123055555555556,05 20 58,+33 46 43,180.87,5.0,-1.1,87.0,1015.2,0.8,117.0,18.72
True,16,2,9576,6388,True,32768,LIGHT,300.0,300.0,2022-03-07T22:21:42.104,2022-03-07T22:21:42.104,1,1,100,10,0.246657639741898,3.76,3.76,ZWO ASI6200MM Pro,-10.0,-10.0,40,NP101is,540.0,5.4,Starlight Xpress Fil,OIII,IC 405,FocusLynx Focuser 1,8948.0,8948.0,13.404,-2.2,-2.2,TOP-DOWN,2000.0,N.I.N.A. 2.0.0.2049,2022-03-07_22-21-42_OIII_-10.00_300.00_100_10_0062.fits,1,/mnt/raid0/AstroImaging/Preselected/Flaming Star Nebula (IC405) started 4th February 2022/Lights/OIII/2022-03-07_22-21-42_OIII_-10.00_300.00_100_10_0062.fits,78.9084085092637,34.945234375,42.7403192773913,274.615253687052,1.4717803541926,East,40.0,52.2486111111111,-0.123055555555556,05 20 58,+33 46 43,180.87,5.0,-1.3,85.0,1015.2,0.9,117.0,18.72
True,16,2,9576,6388,True,32768,LIGHT,300.0,300.0,2022-03-07T22:27:02.697,2022-03-07T22:27:02.697,1,1,100,10,0.246657639741898,3.76,3.76,ZWO ASI6200MM Pro,-10.0,-10.0,40,NP101is,540.0,5.4,Starlight Xpress Fil,OIII,IC 405,FocusLynx Focuser 1,8948.0,8948.0,13.404,-2.3,-2.3,TOP-DOWN,2000.0,N.I.N.A. 2.0.0.2049,2022-03-07_22-27-02_OIII_-10.00_300.00_100_10_0063.fits,1,/mnt/raid0/AstroImaging/Preselected/Flaming Star Nebula (IC405) started 4th February 2022/Lights/OIII/2022-03-07_22-27-02_OIII_-10.00_300.00_100_10_0063.fits,78.9073482680886,34.95390625,41.9302373716741,275.61535413262,1.49470620401391,East,40.0,52.2486111111111,-0.123055555555556,05 20 58,+33 46 43,180.87,5.0,-1.3,85.0,1015.2,0.9,117.0,18.72
True,16,2,9576,6388,True,32768,LIGHT,300.0,300.0,2022-03-07T22:32:05.239,2022-03-07T22:32:05.239,1,1,100,10,0.246657639741898,3.76,3.76,ZWO ASI6200MM Pro,-10.0,-10.0,40,NP101is,540.0,5.4,Starlight Xpress Fil,OIII,IC 405,FocusLynx Focuser 1,8948.0,8948.0,13.404,-2.3,-2.3,TOP-DOWN,2000.0,N.I.N.A. 2.0.0.2049,2022-03-07_22-32-05_OIII_-10.00_300.00_100_10_0064.fits,1,/mnt/raid0/AstroImaging/Preselected/Flaming Star Nebula (IC405) started 4th February 2022/Lights/OIII/2022-03-07_22-32-05_OIII_-10.00_300.00_100_10_0064.fits,78.9087903127659,34.95328125,41.1586823771174,276.543502894095,1.51749917815153,East,40.0,52.2486111111111,-0.123055555555556,05 20 58,+33 46 43,180.87,4.0,-1.4,84.0,1014.2,1.0,113.0,1.44
True,16,2,9576,6388,True,32768,LIGHT,300.0,300.0,2022-03-07T22:40:55.148,2022-03-07T22:40:55.148,1,1,100,10,0.246657639741898,3.76,3.76,ZWO ASI6200MM Pro,-10.0,-9.9,40,NP101is,540.0,5.4,Starlight Xpress Fil,OIII,IC 405,FocusLynx Focuser 1,8948.0,8948.0,13.404,-2.4,-2.4,TOP-DOWN,2000.0,N.I.N.A. 2.0.0.2049,2022-03-07_22-40-55_OIII_-9.90_300.00_100_10_0065.fits,1,/mnt/raid0/AstroImaging/Preselected/Flaming Star Nebula (IC405) started 4th February 2022/Lights/OIII/2022-03-07_22-40-55_OIII_-9.90_300.00_100_10_0065.fits,78.9202653687324,34.942265625,39.812661976671,278.128827899384,1.5596574897775,East,40.0,52.2486111111111,-0.123055555555556,05 20 58,+33 46 43,180.87,4.0,-1.4,83.0,1014.2,1.1,98.0,1.44
True,16,2,9576,6388,True,32768,LIGHT,300.0,300.0,2022-03-07T22:45:57.906,2022-03-07T22:45:57.906,1,1,100,10,0.246657639741898,3.76,3.76,ZWO ASI6200MM Pro,-10.0,-9.8,40,NP101is,540.0,5.4,Starlight Xpress Fil,OIII,IC 405,FocusLynx Focuser 1,8948.0,8948.0,13.404,-2.4,-2.4,TOP-DOWN,2000.0,N.I.N.A. 2.0.0.2049,2022-03-07_22-45-57_OIII_-9.80_300.00_100_10_0066.fits,1,/mnt/raid0/AstroImaging/Preselected/Flaming Star Nebula (IC405) started 4th February 2022/Lights/OIII/2022-03-07_22-45-57_OIII_-9.80_300.00_100_10_0066.fits,78.9194320366909,34.9424609375,39.0493065188899,279.031480885432,1.58501550923064,East,40.0,52.2486111111111,-0.123055555555556,05 20 58,+33 46 43,180.87,4.0,-1.4,83.0,1014.2,1.1,98.0,1.44
True,16,2,9576,6388,True,32768,LIGHT,300.0,300.0,2022-03-07T22:55:58.530,2022-03-07T22:55:58.530,1,1,100,10,0.246657639741898,3.76,3.76,ZWO ASI6200MM Pro,-10.0,-10.0,40,NP101is,540.0,5.4,Starlight Xpress Fil,OIII,IC 405,FocusLynx Focuser 1,8948.0,8948.0,13.404,-2.5,-2.5,TOP-DOWN,2000.0,N.I.N.A. 2.0.0.2049,2022-03-07_22-55-58_OIII_-10.00_300.00_100_10_0067.fits,1,/mnt/raid0/AstroImaging/Preselected/Flaming Star Nebula (IC405) started 4th February 2022/Lights/OIII/2022-03-07_22-55-58_OIII_-10.00_300.00_100_10_0067.fits,78.9132934110316,34.9453515625,37.5352531407801,280.812602496762,1.63870423996445,East,40.0,52.2486111111111,-0.123055555555556,05 20 58,+33 46 43,180.87,4.0,-1.6,82.0,1014.2,1.1,122.0,20.52
True,16,2,9576,6388,True,32768,LIGHT,300.0,300.0,2022-03-07T23:01:01.119,2022-03-07T23:01:01.119,1,1,100,10,0.246657639741898,3.76,3.76,ZWO ASI6200MM Pro,-10.0,-10.0,40,NP101is,540.0,5.4,Starlight Xpress Fil,OIII,IC 405,FocusLynx Focuser 1,8948.0,8948.0,13.404,-2.5,-2.5,TOP-DOWN,2000.0,N.I.N.A. 2.0.0.2049,2022-03-07_23-01-01_OIII_-10.00_300.00_100_10_0068.fits,1,/mnt/raid0/AstroImaging/Preselected/Flaming Star Nebula (IC405) started 4th February 2022/Lights/OIII/2022-03-07_23-01-01_OIII_-10.00_300.00_100_10_0068.fits,78.9108691981122,34.9448046875,36.7727061728678,281.700791887782,1.66758968128444,East,40.0,52.2486111111111,-0.123055555555556,05 20 58,+33 46 43,180.87,4.0,-1.8,81.0,1014.2,1.0,122.0,20.52
True,16,2,9576,6388,True,32768,LIGHT,300.0,300.0,2022-03-07T23:06:21.203,2022-03-07T23:06:21.203,1,1,100,10,0.246657639741898,3.76,3.76,ZWO ASI6200MM Pro,-10.0,-9.8,40,NP101is,540.0,5.4,Starlight Xpress Fil,OIII,IC 405,FocusLynx Focuser 1,8948.0,8948.0,13.404,-2.5,-2.5,TOP-DOWN,2000.0,N.I.N.A. 2.0.0.2049,2022-03-07_23-06-21_OIII_-9.80_300.00_100_10_0069.fits,1,/mnt/raid0/AstroImaging/Preselected/Flaming Star Nebula (IC405) started 4th February 2022/Lights/OIII/2022-03-07_23-06-21_OIII_-9.80_300.00_100_10_0069.fits,78.9180629571803,34.94578125,35.9778104337683,282.626424408701,1.69912561631697,East,40.0,52.2486111111111,-0.123055555555556,05 20 58,+33 46 43,180.87,4.0,-1.8,81.0,1014.2,1.0,122.0,20.52
True,16,2,9576,6388,True,32768,LIGHT,300.0,300.0,2022-03-07T23:11:23.860,2022-03-07T23:11:23.860,1,1,100,10,0.246657639741898,3.76,3.76,ZWO ASI6200MM Pro,-10.0,-10.0,40,NP101is,540.0,5.4,Starlight Xpress Fil,OIII,IC 405,FocusLynx Focuser 1,8948.0,8948.0,13.404,-2.5,-2.5,TOP-DOWN,2000.0,N.I.N.A. 2.0.0.2049,2022-03-07_23-11-23_OIII_-10.00_300.00_100_10_0070.fits,1,/mnt/raid0/AstroImaging/Preselected/Flaming Star Nebula (IC405) started 4th February 2022/Lights/OIII/2022-03-07_23-11-23_OIII_-10.00_300.00_100_10_0070.fits,78.9170558607246,34.948984375,35.2255629674217,283.504183471547,1.73039478343915,East,40.0,52.2486111111111,-0.123055555555556,05 20 58,+33 46 43,180.87,4.0,-1.9,81.0,1014.2,1.0,122.0,20.52
True,16,2,9576,6388,True,32768,LIGHT,300.0,300.0,2022-03-07T23:16:26.596,2022-03-07T23:16:26.596,1,1,100,10,0.246657639741898,3.76,3.76,ZWO ASI6200MM Pro,-10.0,-10.0,40,NP101is,540.0,5.4,Starlight Xpress Fil,OIII,IC 405,FocusLynx Focuser 1,8948.0,8948.0,13.404,-2.6,-2.6,TOP-DOWN,2000.0,N.I.N.A. 2.0.0.2049,2022-03-07_23-16-26_OIII_-10.00_300.00_100_10_0071.fits,1,/mnt/raid0/AstroImaging/Preselected/Flaming Star Nebula (IC405) started 4th February 2022/Lights/OIII/2022-03-07_23-16-26_OIII_-10.00_300.00_100_10_0071.fits,78.9164294198558,34.944921875,34.4691261843929,284.373207016916,1.7633265957688,East,40.0,52.2486111111111,-0.123055555555556,05 20 58,+33 46 43,180.87,4.0,-1.9,81.0,1014.2,1.0,122.0,20.52
True,16,2,9576,6388,True,32768,LIGHT,300.0,300.0,2022-03-07T23:21:29.172,2022-03-07T23:21:29.172,1,1,100,10,0.246657639741898,3.76,3.76,ZWO ASI6200MM Pro,-10.0,-10.0,40,NP101is,540.0,5.4,Starlight Xpress Fil,OIII,IC 405,FocusLynx Focuser 1,8948.0,8948.0,13.404,-2.6,-2.6,TOP-DOWN,2000.0,N.I.N.A. 2.0.0.2049,2022-03-07_23-21-29_OIII_-10.00_300.00_100_10_0072.fits,1,/mnt/raid0/AstroImaging/Preselected/Flaming Star Nebula (IC405) started 4th February 2022/Lights/OIII/2022-03-07_23-21-29_OIII_-10.00_300.00_100_10_0072.fits,78.9188152713601,34.948125,33.725592188331,285.238755550285,1.79724604586185,East,40.0,52.2486111111111,-0.123055555555556,05 20 58,+33 46 43,180.87,4.0,-2.1,80.0,1014.2,1.0,103.0,1.44
True,16,2,9576,6388,True,32768,LIGHT,300.0,300.0,2022-03-07T23:26:31.690,2022-03-07T23:26:31.690,1,1,100,10,0.246657639741898,3.76,3.76,ZWO ASI6200MM Pro,-10.0,-10.0,40,NP101is,540.0,5.4,Starlight Xpress Fil,OIII,IC 405,FocusLynx Focuser 1,8948.0,8948.0,13.404,-2.6,-2.6,TOP-DOWN,2000.0,N.I.N.A. 2.0.0.2049,2022-03-07_23-26-31_OIII_-10.00_300.00_100_10_0073.fits,1,/mnt/raid0/AstroImaging/Preselected/Flaming Star Nebula (IC405) started 4th February 2022/Lights/OIII/2022-03-07_23-26-31_OIII_-10.00_300.00_100_10_0073.fits,78.9188779426169,34.94546875,32.9770451869119,286.100798412268,1.83304899793399,East,40.0,52.2486111111111,-0.123055555555556,05 20 58,+33 46 43,180.87,4.0,-2.1,80.0,1014.2,1.0,103.0,1.44
True,16,2,9576,6388,True,32768,LIGHT,300.0,300.0,2022-03-07T23:31:34.280,2022-03-07T23:31:34.280,1,1,100,10,0.246657639741898,3.76,3.76,ZWO ASI6200MM Pro,-10.0,-10.0,40,NP101is,540.0,5.4,Starlight Xpress Fil,OIII,IC 405,FocusLynx Focuser 1,8948.0,8948.0,13.404,-2.8,-2.8,TOP-DOWN,2000.0,N.I.N.A. 2.0.0.2049,2022-03-07_23-31-34_OIII_-10.00_300.00_100_10_0074.fits,1,/mnt/raid0/AstroImaging/Preselected/Flaming Star Nebula (IC405) started 4th February 2022/Lights/OIII/2022-03-07_23-31-34_OIII_-10.00_300.00_100_10_0074.fits,78.9212303605935,34.945546875,32.2385940324586,286.954937648075,1.87010586682415,East,40.0,52.2486111111111,-0.123055555555556,05 20 58,+33 46 43,180.87,3.0,-2.2,80.0,1014.2,0.9,104.0,3.24
True,16,2,9576,6388,True,32768,LIGHT,300.0,300.0,2022-03-07T23:43:15.291,2022-03-07T23:43:15.291,1,1,100,10,0.246657639741898,3.76,3.76,ZWO ASI6200MM Pro,-10.0,-9.9,40,NP101is,540.0,5.4,Starlight Xpress Fil,OIII,IC 405,FocusLynx Focuser 1,8940.0,8940.0,13.404,-2.8,-2.8,TOP-DOWN,2000.0,N.I.N.A. 2.0.0.2049,2022-03-07_23-43-15_OIII_-9.90_300.00_100_10_0075.fits,1,/mnt/raid0/AstroImaging/Preselected/Flaming Star Nebula (IC405) started 4th February 2022/Lights/OIII/2022-03-07_23-43-15_OIII_-9.90_300.00_100_10_0075.fits,78.9164562786346,34.95125,30.528353270827,288.948361677478,1.96322987118846,East,40.0,52.2486111111111,-0.123055555555556,05 20 58,+33 46 43,180.87,4.0,-2.2,80.0,1014.2,0.9,108.0,3.24
True,16,2,9576,6388,True,32768,LIGHT,300.0,300.0,2022-03-07T23:48:20.039,2022-03-07T23:48:20.039,1,1,100,10,0.246657639741898,3.76,3.76,ZWO ASI6200MM Pro,-10.0,-10.0,40,NP101is,540.0,5.4,Starlight Xpress Fil,OIII,IC 405,FocusLynx Focuser 1,8940.0,8940.0,13.404,-2.9,-2.9,TOP-DOWN,2000.0,N.I.N.A. 2.0.0.2049,2022-03-07_23-48-20_OIII_-10.00_300.00_100_10_0076.fits,1,/mnt/raid0/AstroImaging/Preselected/Flaming Star Nebula (IC405) started 4th February 2022/Lights/OIII/2022-03-07_23-48-20_OIII_-10.00_300.00_100_10_0076.fits,78.9155273289958,34.9537890625,29.7974755069269,289.803740122392,2.00646128041613,East,40.0,52.2486111111111,-0.123055555555556,05 20 58,+33 46 43,180.87,4.0,-2.2,80.0,1014.2,0.9,89.0,4.68
True,16,2,9576,6388,True,32768,LIGHT,300.0,300.0,2022-03-07T23:58:23.743,2022-03-07T23:58:23.743,1,1,100,10,0.246657639741898,3.76,3.76,ZWO ASI6200MM Pro,-10.0,-9.8,40,NP101is,540.0,5.4,Starlight Xpress Fil,OIII,IC 405,FocusLynx Focuser 1,8940.0,8940.0,13.404,-3.0,-3.0,TOP-DOWN,2000.0,N.I.N.A. 2.0.0.2049,2022-03-07_23-58-23_OIII_-9.80_300.00_100_10_0077.fits,1,/mnt/raid0/AstroImaging/Preselected/Flaming Star Nebula (IC405) started 4th February 2022/Lights/OIII/2022-03-07_23-58-23_OIII_-9.80_300.00_100_10_0077.fits,78.9159304986198,34.9464453125,28.3477277152058,291.488980538861,2.09911499769991,East,40.0,52.2486111111111,-0.123055555555556,05 20 58,+33 46 43,180.87,4.0,-2.3,80.0,1013.2,0.7,96.0,3.24
True,16,2,9576,6388,True,32768,LIGHT,300.0,300.0,2022-03-08T00:03:26.236,2022-03-08T00:03:26.236,1,1,100,10,0.246657639741898,3.76,3.76,ZWO ASI6200MM Pro,-10.0,-10.0,40,NP101is,540.0,5.4,Starlight Xpress Fil,OIII,IC 405,FocusLynx Focuser 1,8940.0,8940.0,13.404,-3.1,-3.1,TOP-DOWN,2000.0,N.I.N.A. 2.0.0.2049,2022-03-08_00-03-26_OIII_-10.00_300.00_100_10_0078.fits,1,/mnt/raid0/AstroImaging/Preselected/Flaming Star Nebula (IC405) started 4th February 2022/Lights/OIII/2022-03-08_00-03-26_OIII_-10.00_300.00_100_10_0078.fits,78.9163649502472,34.9471875,27.6336565621128,292.331552832509,2.14846942637036,East,40.0,52.2486111111111,-0.123055555555556,05 20 58,+33 46 43,180.87,4.0,-2.3,80.0,1013.2,0.7,96.0,3.24
True,16,2,9576,6388,True,32768,LIGHT,300.0,300.0,2022-03-08T00:14:52.381,2022-03-08T00:14:52.381,1,1,100,10,0.246657639741898,3.76,3.76,ZWO ASI6200MM Pro,-10.0,-9.9,40,NP101is,540.0,5.4,Starlight Xpress Fil,OIII,IC 405,FocusLynx Focuser 1,8929.0,8929.0,13.404,-3.2,-3.2,TOP-DOWN,2000.0,N.I.N.A. 2.0.0.2049,2022-03-08_00-14-52_OIII_-9.90_300.00_100_10_0079.fits,1,/mnt/raid0/AstroImaging/Preselected/Flaming Star Nebula (IC405) started 4th February 2022/Lights/OIII/2022-03-08_00-14-52_OIII_-9.90_300.00_100_10_0079.fits,78.9169979281276,34.944921875,26.0124097986567,294.25475145246,2.27092877527161,East,40.0,52.2486111111111,-0.123055555555556,05 20 58,+33 46 43,180.87,4.0,-2.2,81.0,1013.2,0.7,111.0,3.24
True,16,2,9576,6388,True,32768,LIGHT,300.0,300.0,2022-03-08T00:19:57.581,2022-03-08T00:19:57.581,1,1,100,10,0.246657639741898,3.76,3.76,ZWO ASI6200MM Pro,-10.0,-9.8,40,NP101is,540.0,5.4,Starlight Xpress Fil,OIII,IC 405,FocusLynx Focuser 1,8929.0,8929.0,13.404,-3.2,-3.2,TOP-DOWN,2000.0,N.I.N.A. 2.0.0.2049,2022-03-08_00-19-57_OIII_-9.80_300.00_100_10_0080.fits,1,/mnt/raid0/AstroImaging/Preselected/Flaming Star Nebula (IC405) started 4th February 2022/Lights/OIII/2022-03-08_00-19-57_OIII_-9.80_300.00_100_10_0080.fits,78.91818367983,34.9468359375,25.3099250459694,295.101241232371,2.32900085086558,East,40.0,52.2486111111111,-0.123055555555556,05 20 58,+33 46 43,180.87,4.0,-2.3,81.0,1013.2,0.6,103.0,3.24
True,16,2,9576,6388,True,32768,LIGHT,300.0,300.0,2022-03-08T00:25:16.067,2022-03-08T00:25:16.067,1,1,100,10,0.246657639741898,3.76,3.76,ZWO ASI6200MM Pro,-10.0,-10.0,40,NP101is,540.0,5.4,Starlight Xpress Fil,OIII,IC 405,FocusLynx Focuser 1,8929.0,8929.0,13.404,-3.2,-3.2,TOP-DOWN,2000.0,N.I.N.A. 2.0.0.2049,2022-03-08_00-25-16_OIII_-10.00_300.00_100_10_0081.fits,1,/mnt/raid0/AstroImaging/Preselected/Flaming Star Nebula (IC405) started 4th February 2022/Lights/OIII/2022-03-08_00-25-16_OIII_-10.00_300.00_100_10_0081.fits,78.92196179634,34.9475,24.5795982845578,295.985365990218,2.39297539521258,East,40.0,52.2486111111111,-0.123055555555556,05 20 58,+33 46 43,180.87,4.0,-2.3,81.0,1013.2,0.6,103.0,3.24
True,16,2,9576,6388,True,32768,LIGHT,300.0,300.0,2022-03-08T00:30:18.648,2022-03-08T00:30:18.648,1,1,100,10,0.246657639741898,3.76,3.76,ZWO ASI6200MM Pro,-10.0,-9.9,40,NP101is,540.0,5.4,Starlight Xpress Fil,OIII,IC 405,FocusLynx Focuser 1,8929.0,8929.0,13.404,-3.2,-3.2,TOP-DOWN,2000.0,N.I.N.A. 2.0.0.2049,2022-03-08_00-30-18_OIII_-9.90_300.00_100_10_0082.fits,1,/mnt/raid0/AstroImaging/Preselected/Flaming Star Nebula (IC405) started 4th February 2022/Lights/OIII/2022-03-08_00-30-18_OIII_-9.90_300.00_100_10_0082.fits,78.9225597106875,34.9478515625,23.8846676977681,296.833252539482,2.45755324394907,East,40.0,52.2486111111111,-0.123055555555556,05 20 58,+33 46 43,180.87,0.0,-2.4,81.0,1013.2,0.5,115.0,1.44
True,16,2,9576,6388,True,32768,LIGHT,300.0,300.0,2022-03-08T00:35:21.208,2022-03-08T00:35:21.208,1,1,100,10,0.246657639741898,3.76,3.76,ZWO ASI6200MM Pro,-10.0,-9.9,40,NP101is,540.0,5.4,Starlight Xpress Fil,OIII,IC 405,FocusLynx Focuser 1,8929.0,8929.0,13.404,-3.2,-3.2,TOP-DOWN,2000.0,N.I.N.A. 2.0.0.2049,2022-03-08_00-35-21_OIII_-9.90_300.00_100_10_0083.fits,1,/mnt/raid0/AstroImaging/Preselected/Flaming Star Nebula (IC405) started 4th February 2022/Lights/OIII/2022-03-08_00-35-21_OIII_-9.90_300.00_100_10_0083.fits,78.9238290168798,34.9483203125,23.2005370648747,297.673779232404,2.52496767823701,East,40.0,52.2486111111111,-0.123055555555556,05 20 58,+33 46 43,180.87,0.0,-2.4,81.0,1013.2,0.5,115.0,1.44
True,16,2,9576,6388,True,32768,LIGHT,300.0,300.0,2022-03-08T00:40:23.983,2022-03-08T00:40:23.983,1,1,100,10,0.246657639741898,3.76,3.76,ZWO ASI6200MM Pro,-10.0,-10.0,40,NP101is,540.0,5.4,Starlight Xpress Fil,OIII,IC 405,FocusLynx Focuser 1,8929.0,8929.0,13.404,-3.2,-3.2,TOP-DOWN,2000.0,N.I.N.A. 2.0.0.2049,2022-03-08_00-40-23_OIII_-10.00_300.00_100_10_0084.fits,1,/mnt/raid0/AstroImaging/Preselected/Flaming Star Nebula (IC405) started 4th February 2022/Lights/OIII/2022-03-08_00-40-23_OIII_-10.00_300.00_100_10_0084.fits,78.9250646839045,34.9480859375,22.5167588226128,298.520558156083,2.59649346971891,East,40.0,52.2486111111111,-0.123055555555556,05 20 58,+33 46 43,180.87,0.0,-2.4,81.0,1013.2,0.5,98.0,1.44
True,16,2,9576,6388,True,32768,LIGHT,300.0,300.0,2022-03-08T00:45:26.452,2022-03-08T00:45:26.452,1,1,100,10,0.246657639741898,3.76,3.76,ZWO ASI6200MM Pro,-10.0,-9.9,40,NP101is,540.0,5.4,Starlight Xpress Fil,OIII,IC 405,FocusLynx Focuser 1,8929.0,8929.0,13.404,-3.2,-3.2,TOP-DOWN,2000.0,N.I.N.A. 2.0.0.2049,2022-03-08_00-45-26_OIII_-9.90_300.00_100_10_0085.fits,1,/mnt/raid0/AstroImaging/Preselected/Flaming Star Nebula (IC405) started 4th February 2022/Lights/OIII/2022-03-08_00-45-26_OIII_-9.90_300.00_100_10_0085.fits,78.9256774593082,34.9462109375,21.8394981395047,299.364287863774,2.67179476478524,East,40.0,52.2486111111111,-0.123055555555556,05 20 58,+33 46 43,180.87,0.0,-2.4,81.0,1013.2,0.5,98.0,1.44
True,16,2,9576,6388,True,32768,LIGHT,300.0,300.0,2022-03-08T00:50:29.112,2022-03-08T00:50:29.112,1,1,100,10,0.246657639741898,3.76,3.76,ZWO ASI6200MM Pro,-10.0,-10.0,40,NP101is,540.0,5.4,Starlight Xpress Fil,OIII,IC 405,FocusLynx Focuser 1,8929.0,8929.0,13.404,-3.2,-3.2,TOP-DOWN,2000.0,N.I.N.A. 2.0.0.2049,2022-03-08_00-50-29_OIII_-10.00_300.00_100_10_0086.fits,1,/mnt/raid0/AstroImaging/Preselected/Flaming Star Nebula (IC405) started 4th February 2022/Lights/OIII/2022-03-08_00-50-29_OIII_-10.00_300.00_100_10_0086.fits,78.9296026802974,34.9503125,21.1713615355473,300.214655252298,2.75083202291342,East,40.0,52.2486111111111,-0.123055555555556,05 20 58,+33 46 43,180.87,0.0,-2.3,82.0,1013.2,0.4,113.0,1.44
True,16,2,9576,6388,True,32768,LIGHT,300.0,300.0,2022-03-08T00:55:55.555,2022-03-08T00:55:55.555,1,1,100,10,0.246657639741898,3.76,3.76,ZWO ASI6200MM Pro,-10.0,-10.0,40,NP101is,540.0,5.4,Starlight Xpress Fil,OIII,IC 405,FocusLynx Focuser 1,8929.0,8929.0,13.404,-3.4,-3.4,TOP-DOWN,2000.0,N.I.N.A. 2.0.0.2049,2022-03-08_00-55-55_OIII_-10.00_300.00_100_10_0087.fits,1,/mnt/raid0/AstroImaging/Preselected/Flaming Star Nebula (IC405) started 4th February 2022/Lights/OIII/2022-03-08_00-55-55_OIII_-10.00_300.00_100_10_0087.fits,78.9268073361774,34.93984375,20.4456647675717,301.123307844323,2.84254768229341,East,40.0,52.2486111111111,-0.123055555555556,05 20 58,+33 46 43,180.87,0.0,-2.3,82.0,1013.2,0.4,113.0,1.44
True,16,2,9576,6388,True,32768,LIGHT,300.0,300.0,2022-03-17T22:44:55.305,2022-03-17T22:44:55.305,1,1,100,10,0.246657639741898,3.76,3.76,ZWO ASI6200MM Pro,-10.0,-10.0,60,NP101is,540.0,5.4,Starlight Xpress Fil,OIII,IC 405,FocusLynx Focuser 1,10162.0,10162.0,13.404,4.1,4.1,TOP-DOWN,2000.0,N.I.N.A. 2.0.0.2050,IC 405_2022-03-17_22-44-55_OIII_100_-10.00_300.00s_0.43as_0096.fits,1,/mnt/raid0/AstroImaging/Preselected/Flaming Star Nebula (IC405) started 4th February 2022/Lights/OIII/IC 405_2022-03-17_22-44-55_OIII_100_-10.00_300.00s_0.43as_0096.fits,81.3862481069072,34.3483581815862,33.82655,284.18222,1.7925466680159,East,45.4,52.2483888888889,-0.123111111111111,05 20 58,+33 46 43,180.87,71.0,4.5,86.0,1031.1,6.7,242.0,4.68
True,16,2,9576,6388,True,32768,LIGHT,300.0,300.0,2022-03-17T22:50:00.292,2022-03-17T22:50:00.292,1,1,100,10,0.246657639741898,3.76,3.76,ZWO ASI6200MM Pro,-10.0,-10.0,60,NP101is,540.0,5.4,Starlight Xpress Fil,OIII,IC 405,FocusLynx Focuser 1,10162.0,10162.0,13.404,4.1,4.1,TOP-DOWN,2000.0,N.I.N.A. 2.0.0.2050,IC 405_2022-03-17_22-50-00_OIII_100_-10.00_300.00s_0.25as_0097.fits,1,/mnt/raid0/AstroImaging/Preselected/Flaming Star Nebula (IC405) started 4th February 2022/Lights/OIII/IC 405_2022-03-17_22-50-00_OIII_100_-10.00_300.00s_0.25as_0097.fits,81.3861885195179,34.3483680531061,33.08572,285.0443,1.82774385395954,East,45.4,52.2483888888889,-0.123111111111111,05 20 58,+33 46 43,180.87,71.0,4.6,87.0,1031.1,6.7,242.0,4.68
True,16,2,9576,6388,True,32768,LIGHT,300.0,300.0,2022-03-17T22:55:02.777,2022-03-17T22:55:02.777,1,1,100,10,0.246657639741898,3.76,3.76,ZWO ASI6200MM Pro,-10.0,-9.9,60,NP101is,540.0,5.4,Starlight Xpress Fil,OIII,IC 405,FocusLynx Focuser 1,10162.0,10162.0,13.404,4.1,4.1,TOP-DOWN,2000.0,N.I.N.A. 2.0.0.2050,IC 405_2022-03-17_22-55-02_OIII_100_-9.90_300.00s_0.23as_0098.fits,1,/mnt/raid0/AstroImaging/Preselected/Flaming Star Nebula (IC405) started 4th February 2022/Lights/OIII/IC 405_2022-03-17_22-55-02_OIII_100_-9.90_300.00s_0.23as_0098.fits,81.3862638313807,34.3483982061232,32.33325,285.91984,1.86525541204606,East,45.4,52.2483888888889,-0.123111111111111,05 20 58,+33 46 43,180.87,71.0,4.6,87.0,1031.1,6.7,242.0,4.68
True,16,2,9576,6388,True,32768,LIGHT,300.0,300.0,2022-03-17T23:00:05.242,2022-03-17T23:00:05.242,1,1,100,10,0.246657639741898,3.76,3.76,ZWO ASI6200MM Pro,-10.0,-10.0,60,NP101is,540.0,5.4,Starlight Xpress Fil,OIII,IC 405,FocusLynx Focuser 1,10171.0,10171.0,13.404,4.0,4.0,TOP-DOWN,2000.0,N.I.N.A. 2.0.0.2050,IC 405_2022-03-17_23-00-05_OIII_100_-10.00_300.00s_0.24as_0099.fits,1,/mnt/raid0/AstroImaging/Preselected/Flaming Star Nebula (IC405) started 4th February 2022/Lights/OIII/IC 405_2022-03-17_23-00-05_OIII_100_-10.00_300.00s_0.24as_0099.fits,,,,,,,,,,05 20 58,+33 46 43,180.87,71.0,4.1,87.0,1031.1,6.1,256.0,10.44
True,16,2,9576,6388,True,32768,LIGHT,300.0,300.0,2022-03-17T23:05:07.532,2022-03-17T23:05:07.532,1,1,100,10,0.246657639741898,3.76,3.76,ZWO ASI6200MM Pro,-10.0,-10.0,60,NP101is,540.0,5.4,Starlight Xpress Fil,OIII,IC 405,FocusLynx Focuser 1,10188.0,10188.0,13.404,3.8,3.8,TOP-DOWN,2000.0,N.I.N.A. 2.0.0.2050,IC 405_2022-03-17_23-05-07_OIII_100_-10.00_300.00s_0.31as_0100.fits,1,/mnt/raid0/AstroImaging/Preselected/Flaming Star Nebula (IC405) started 4th February 2022/Lights/OIII/IC 405_2022-03-17_23-05-07_OIII_100_-10.00_300.00s_0.31as_0100.fits,,,,,,,,,,05 20 58,+33 46 43,180.87,71.0,4.1,87.0,1031.1,6.1,256.0,10.44
True,16,2,9576,6388,True,32768,LIGHT,300.0,300.0,2022-03-18T20:26:45.410,2022-03-18T20:26:45.410,1,1,100,10,0.246657639741898,3.76,3.76,ZWO ASI6200MM Pro,-10.0,-9.9,40,NP101is,540.0,5.4,Starlight Xpress Fil,OIII,IC 405,FocusLynx Focuser 1,8912.0,8912.0,13.404,5.6,5.6,TOP-DOWN,2000.0,N.I.N.A. 2.0.0.2051,IC 405_2022-03-18_20-26-45_OIII_100_-9.90_300.00s_0.00as_0101.fits,1,/mnt/raid0/AstroImaging/Preselected/Flaming Star Nebula (IC405) started 4th February 2022/Lights/OIII/IC 405_2022-03-18_20-26-45_OIII_100_-9.90_300.00s_0.00as_0101.fits,80.2413326648882,33.778594856763,53.94378,256.71995,1.23625496992201,East,25.5,52.2486944444444,-0.123055555555556,05 20 58,+33 46 43,180.87,11.0,4.6,80.0,1038.1,7.9,79.0,14.04
True,16,2,9576,6388,True,32768,LIGHT,300.0,300.0,2022-03-18T20:31:50.332,2022-03-18T20:31:50.332,1,1,100,10,0.246657639741898,3.76,3.76,ZWO ASI6200MM Pro,-10.0,-10.0,40,NP101is,540.0,5.4,Starlight Xpress Fil,OIII,IC 405,FocusLynx Focuser 1,8921.0,8921.0,13.404,5.5,5.5,TOP-DOWN,2000.0,N.I.N.A. 2.0.0.2051,IC 405_2022-03-18_20-31-50_OIII_100_-10.00_300.00s_0.00as_0102.fits,1,/mnt/raid0/AstroImaging/Preselected/Flaming Star Nebula (IC405) started 4th February 2022/Lights/OIII/IC 405_2022-03-18_20-31-50_OIII_100_-10.00_300.00s_0.00as_0102.fits,80.2414829470972,33.7786251921695,53.19104,257.94606,1.24826905956726,East,25.5,52.2486944444444,-0.123055555555556,05 20 58,+33 46 43,180.87,11.0,4.6,80.0,1038.1,7.9,79.0,14.04
True,16,2,9576,6388,True,32768,LIGHT,300.0,300.0,2022-03-18T20:36:53.270,2022-03-18T20:36:53.270,1,1,100,10,0.246657639741898,3.76,3.76,ZWO ASI6200MM Pro,-10.0,-9.9,40,NP101is,540.0,5.4,Starlight Xpress Fil,OIII,IC 405,FocusLynx Focuser 1,8922.0,8922.0,13.404,5.4,5.4,TOP-DOWN,2000.0,N.I.N.A. 2.0.0.2051,IC 405_2022-03-18_20-36-53_OIII_100_-9.90_300.00s_0.00as_0103.fits,1,/mnt/raid0/AstroImaging/Preselected/Flaming Star Nebula (IC405) started 4th February 2022/Lights/OIII/IC 405_2022-03-18_20-36-53_OIII_100_-9.90_300.00s_0.00as_0103.fits,80.241348458654,33.7786149360629,52.42865,259.1546,1.26090060022728,East,25.5,52.2486944444444,-0.123055555555556,05 20 58,+33 46 43,180.87,11.0,5.0,81.0,1039.1,8.0,79.0,14.04
True,16,2,9576,6388,True,32768,LIGHT,300.0,300.0,2022-03-18T20:41:55.982,2022-03-18T20:41:55.982,1,1,100,10,0.246657639741898,3.76,3.76,ZWO ASI6200MM Pro,-10.0,-10.0,40,NP101is,540.0,5.4,Starlight Xpress Fil,OIII,IC 405,FocusLynx Focuser 1,8929.0,8929.0,13.404,5.4,5.4,TOP-DOWN,2000.0,N.I.N.A. 2.0.0.2051,IC 405_2022-03-18_20-41-55_OIII_100_-10.00_300.00s_0.00as_0104.fits,1,/mnt/raid0/AstroImaging/Preselected/Flaming Star Nebula (IC405) started 4th February 2022/Lights/OIII/IC 405_2022-03-18_20-41-55_OIII_100_-10.00_300.00s_0.00as_0104.fits,80.2415288195367,33.7786153373336,51.67116,260.32506,1.27393132692064,East,25.5,52.2486944444444,-0.123055555555556,05 20 58,+33 46 43,180.87,11.0,5.0,81.0,1039.1,8.0,79.0,14.04
True,16,2,9576,6388,True,32768,LIGHT,300.0,300.0,2022-03-18T20:46:58.654,2022-03-18T20:46:58.654,1,1,100,10,0.246657639741898,3.76,3.76,ZWO ASI6200MM Pro,-10.0,-10.0,40,NP101is,540.0,5.4,Starlight Xpress Fil,OIII,IC 405,FocusLynx Focuser 1,8941.0,8941.0,13.404,5.2,5.2,TOP-DOWN,2000.0,N.I.N.A. 2.0.0.2051,IC 405_2022-03-18_20-46-58_OIII_100_-10.00_300.00s_0.00as_0105.fits,1,/mnt/raid0/AstroImaging/Preselected/Flaming Star Nebula (IC405) started 4th February 2022/Lights/OIII/IC 405_2022-03-18_20-46-58_OIII_100_-10.00_300.00s_0.00as_0105.fits,80.2413793370927,33.7786050500811,50.90241,261.48454,1.28766544005225,East,25.5,52.2486944444444,-0.123055555555556,05 20 58,+33 46 43,180.87,11.0,5.0,81.0,1039.1,8.0,79.0,14.04
True,16,2,9576,6388,True,32768,LIGHT,300.0,300.0,2022-03-18T20:52:01.249,2022-03-18T20:52:01.249,1,1,100,10,0.246657639741898,3.76,3.76,ZWO ASI6200MM Pro,-10.0,-10.0,40,NP101is,540.0,5.4,Starlight Xpress Fil,OIII,IC 405,FocusLynx Focuser 1,8947.0,8947.0,13.404,5.2,5.2,TOP-DOWN,2000.0,N.I.N.A. 2.0.0.2051,IC 405_2022-03-18_20-52-01_OIII_100_-10.00_300.00s_0.00as_0106.fits,1,/mnt/raid0/AstroImaging/Preselected/Flaming Star Nebula (IC405) started 4th February 2022/Lights/OIII/IC 405_2022-03-18_20-52-01_OIII_100_-10.00_300.00s_0.00as_0106.fits,80.2414547067233,33.7786152310297,50.13917,262.60975,1.30183038973581,East,25.5,52.2486944444444,-0.123055555555556,05 20 58,+33 46 43,180.87,11.0,5.0,81.0,1039.1,8.0,79.0,14.04
True,16,2,9576,6388,True,32768,LIGHT,300.0,300.0,2022-03-18T20:57:17.002,2022-03-18T20:57:17.002,1,1,100,10,0.246657639741898,3.76,3.76,ZWO ASI6200MM Pro,-10.0,-10.0,40,NP101is,540.0,5.4,Starlight Xpress Fil,OIII,IC 405,FocusLynx Focuser 1,8964.0,8964.0,13.404,5.0,5.0,TOP-DOWN,2000.0,N.I.N.A. 2.0.0.2051,IC 405_2022-03-18_20-57-17_OIII_100_-10.00_300.00s_0.00as_0107.fits,1,/mnt/raid0/AstroImaging/Preselected/Flaming Star Nebula (IC405) started 4th February 2022/Lights/OIII/IC 405_2022-03-18_20-57-17_OIII_100_-10.00_300.00s_0.00as_0107.fits,80.2404664893265,33.7782932201401,49.33522,263.76864,1.31734616297165,East,25.5,52.2486944444444,-0.123055555555556,05 20 58,+33 46 43,180.87,11.0,4.8,82.0,1039.1,7.7,79.0,14.04
True,16,2,9576,6388,True,32768,LIGHT,300.0,300.0,2022-03-18T21:07:07.867,2022-03-18T21:07:07.867,1,1,100,10,0.246657639741898,3.76,3.76,ZWO ASI6200MM Pro,-10.0,-9.9,40,NP101is,540.0,5.4,Starlight Xpress Fil,OIII,IC 405,FocusLynx Focuser 1,8901.0,8901.0,13.404,4.9,4.9,TOP-DOWN,2000.0,N.I.N.A. 2.0.0.2051,IC 405_2022-03-18_21-07-07_OIII_100_-9.90_300.00s_0.00as_0108.fits,1,/mnt/raid0/AstroImaging/Preselected/Flaming Star Nebula (IC405) started 4th February 2022/Lights/OIII/IC 405_2022-03-18_21-07-07_OIII_100_-9.90_300.00s_0.00as_0108.fits,80.2404223174667,33.7783031750591,47.82425,265.88425,1.34825851197385,East,25.5,52.2486944444444,-0.123055555555556,05 20 58,+33 46 43,180.87,11.0,4.7,83.0,1039.1,7.4,79.0,14.04
True,16,2,9576,6388,True,32768,LIGHT,300.0,300.0,2022-03-18T21:12:12.979,2022-03-18T21:12:12.979,1,1,100,10,0.246657639741898,3.76,3.76,ZWO ASI6200MM Pro,-10.0,-10.0,40,NP101is,540.0,5.4,Starlight Xpress Fil,OIII,IC 405,FocusLynx Focuser 1,8910.0,8910.0,13.404,4.8,4.8,TOP-DOWN,2000.0,N.I.N.A. 2.0.0.2051,IC 405_2022-03-18_21-12-12_OIII_100_-10.00_300.00s_0.00as_0109.fits,1,/mnt/raid0/AstroImaging/Preselected/Flaming Star Nebula (IC405) started 4th February 2022/Lights/OIII/IC 405_2022-03-18_21-12-12_OIII_100_-10.00_300.00s_0.00as_0109.fits,80.2404677888295,33.7782832966771,47.0552,266.93249,1.36492406178211,East,25.5,52.2486944444444,-0.123055555555556,05 20 58,+33 46 43,180.87,11.0,4.7,83.0,1039.1,7.4,79.0,14.04
True,16,2,9576,6388,True,32768,LIGHT,300.0,300.0,2022-03-18T21:17:15.617,2022-03-18T21:17:15.617,1,1,100,10,0.246657639741898,3.76,3.76,ZWO ASI6200MM Pro,-10.0,-10.0,40,NP101is,540.0,5.4,Starlight Xpress Fil,OIII,IC 405,FocusLynx Focuser 1,8918.0,8918.0,13.404,4.7,4.7,TOP-DOWN,2000.0,N.I.N.A. 2.0.0.2051,IC 405_2022-03-18_21-17-15_OIII_100_-10.00_300.00s_0.00as_0110.fits,1,/mnt/raid0/AstroImaging/Preselected/Flaming Star Nebula (IC405) started 4th February 2022/Lights/OIII/IC 405_2022-03-18_21-17-15_OIII_100_-10.00_300.00s_0.00as_0110.fits,80.2404531940033,33.7782932900751,46.282,267.96911,1.38235258412221,East,25.5,52.2486944444444,-0.123055555555556,05 20 58,+33 46 43,180.87,11.0,4.6,84.0,1039.1,7.2,79.0,14.04
True,16,2,9576,6388,True,32768,LIGHT,300.0,300.0,2022-03-18T21:22:18.228,2022-03-18T21:22:18.228,1,1,100,10,0.246657639741898,3.76,3.76,ZWO ASI6200MM Pro,-10.0,-9.9,40,NP101is,540.0,5.4,Starlight Xpress Fil,OIII,IC 405,FocusLynx Focuser 1,8918.0,8918.0,13.404,4.7,4.7,TOP-DOWN,2000.0,N.I.N.A. 2.0.0.2051,IC 405_2022-03-18_21-22-18_OIII_100_-9.90_300.00s_0.00as_0111.fits,1,/mnt/raid0/AstroImaging/Preselected/Flaming Star Nebula (IC405) started 4th February 2022/Lights/OIII/IC 405_2022-03-18_21-22-18_OIII_100_-9.90_300.00s_0.00as_0111.fits,80.2404087318743,33.7782632249171,45.50526,268.99434,1.40057311850597,East,25.5,52.2486944444444,-0.123055555555556,05 20 58,+33 46 43,180.87,11.0,4.6,84.0,1039.1,7.2,79.0,14.04
True,16,2,9576,6388,True,32768,LIGHT,300.0,300.0,2022-03-18T21:27:21.030,2022-03-18T21:27:21.030,1,1,100,10,0.246657639741898,3.76,3.76,ZWO ASI6200MM Pro,-10.0,-10.0,40,NP101is,540.0,5.4,Starlight Xpress Fil,OIII,IC 405,FocusLynx Focuser 1,8927.0,8927.0,13.404,4.6,4.6,TOP-DOWN,2000.0,N.I.N.A. 2.0.0.2051,IC 405_2022-03-18_21-27-21_OIII_100_-10.00_300.00s_0.00as_0112.fits,1,/mnt/raid0/AstroImaging/Preselected/Flaming Star Nebula (IC405) started 4th February 2022/Lights/OIII/IC 405_2022-03-18_21-27-21_OIII_100_-10.00_300.00s_0.00as_0112.fits,80.2403491814659,33.7782631252859,44.73468,269.99697,1.41938922841766,East,25.5,52.2486944444444,-0.123055555555556,05 20 58,+33 46 43,180.87,8.0,4.6,84.0,1039.1,7.2,145.0,1.44
True,16,2,9576,6388,True,32768,LIGHT,300.0,300.0,2022-03-18T21:32:40.059,2022-03-18T21:32:40.059,1,1,100,10,0.246657639741898,3.76,3.76,ZWO ASI6200MM Pro,-10.0,-9.9,40,NP101is,540.0,5.4,Starlight Xpress Fil,OIII,IC 405,FocusLynx Focuser 1,8936.0,8936.0,13.404,4.5,4.5,TOP-DOWN,2000.0,N.I.N.A. 2.0.0.2051,IC 405_2022-03-18_21-32-40_OIII_100_-9.90_300.00s_0.00as_0113.fits,1,/mnt/raid0/AstroImaging/Preselected/Flaming Star Nebula (IC405) started 4th February 2022/Lights/OIII/IC 405_2022-03-18_21-32-40_OIII_100_-9.90_300.00s_0.00as_0113.fits,80.2414731614958,33.7786154693934,43.9158055555556,271.04796,1.44023388570973,East,25.5,52.2486944444444,-0.123055555555556,05 20 58,+33 46 43,180.87,8.0,4.6,84.0,1039.1,7.2,145.0,1.44
True,16,2,9576,6388,True,32768,LIGHT,300.0,300.0,2022-03-18T21:43:11.832,2022-03-18T21:43:11.832,1,1,100,10,0.246657639741898,3.76,3.76,ZWO ASI6200MM Pro,-10.0,-9.9,40,NP101is,540.0,5.4,Starlight Xpress Fil,OIII,IC 405,FocusLynx Focuser 1,8899.0,8899.0,13.404,4.6,4.6,TOP-DOWN,2000.0,N.I.N.A. 2.0.0.2051,IC 405_2022-03-18_21-43-11_OIII_100_-9.90_300.00s_0.00as_0114.fits,1,/mnt/raid0/AstroImaging/Preselected/Flaming Star Nebula (IC405) started 4th February 2022/Lights/OIII/IC 405_2022-03-18_21-43-11_OIII_100_-9.90_300.00s_0.00as_0114.fits,80.2415790181871,33.7786157434449,42.303,273.07988,1.48403220605794,East,25.5,52.2486944444444,-0.123055555555556,05 20 58,+33 46 43,180.87,8.0,4.8,85.0,1039.1,7.1,68.0,4.68
True,16,2,9576,6388,True,32768,LIGHT,300.0,300.0,2022-03-18T21:48:14.650,2022-03-18T21:48:14.650,1,1,100,10,0.246657639741898,3.76,3.76,ZWO ASI6200MM Pro,-10.0,-10.0,40,NP101is,540.0,5.4,Starlight Xpress Fil,OIII,IC 405,FocusLynx Focuser 1,8899.0,8899.0,13.404,4.6,4.6,TOP-DOWN,2000.0,N.I.N.A. 2.0.0.2051,IC 405_2022-03-18_21-48-14_OIII_100_-10.00_300.00s_0.00as_0115.fits,1,/mnt/raid0/AstroImaging/Preselected/Flaming Star Nebula (IC405) started 4th February 2022/Lights/OIII/IC 405_2022-03-18_21-48-14_OIII_100_-10.00_300.00s_0.00as_0115.fits,80.2415045607126,33.7785856156497,41.53971,274.02561,1.50612301103074,East,25.5,52.2486944444444,-0.123055555555556,05 20 58,+33 46 43,180.87,8.0,5.0,87.0,1039.1,7.0,68.0,4.68
True,16,2,9576,6388,True,32768,LIGHT,300.0,300.0,2022-03-18T21:53:17.640,2022-03-18T21:53:17.640,1,1,100,10,0.246657639741898,3.76,3.76,ZWO ASI6200MM Pro,-10.0,-9.9,40,NP101is,540.0,5.4,Starlight Xpress Fil,OIII,IC 405,FocusLynx Focuser 1,8899.0,8899.0,13.404,4.6,4.6,TOP-DOWN,2000.0,N.I.N.A. 2.0.0.2051,IC 405_2022-03-18_21-53-17_OIII_100_-9.90_300.00s_0.00as_0116.fits,1,/mnt/raid0/AstroImaging/Preselected/Flaming Star Nebula (IC405) started 4th February 2022/Lights/OIII/IC 405_2022-03-18_21-53-17_OIII_100_-9.90_300.00s_0.00as_0116.fits,80.2414750065447,33.7785855796535,40.75768,274.98551,1.52973163092638,East,25.5,52.2486944444444,-0.123055555555556,05 20 58,+33 46 43,180.87,8.0,5.0,87.0,1039.1,7.0,68.0,4.68
True,16,2,9576,6388,True,32768,LIGHT,300.0,300.0,2022-03-18T21:58:21.729,2022-03-18T21:58:21.729,1,1,100,10,0.246657639741898,3.76,3.76,ZWO ASI6200MM Pro,-10.0,-10.0,40,NP101is,540.0,5.4,Starlight Xpress Fil,OIII,IC 405,FocusLynx Focuser 1,8899.0,8899.0,13.404,4.6,4.6,TOP-DOWN,2000.0,N.I.N.A. 2.0.0.2051,IC 405_2022-03-18_21-58-21_OIII_100_-10.00_300.00s_0.00as_0117.fits,1,/mnt/raid0/AstroImaging/Preselected/Flaming Star Nebula (IC405) started 4th February 2022/Lights/OIII/IC 405_2022-03-18_21-58-21_OIII_100_-10.00_300.00s_0.00as_0117.fits,80.241565372133,33.7785957932566,39.98801,275.92227,1.553984914418,East,25.5,52.2486944444444,-0.123055555555556,05 20 58,+33 46 43,180.87,8.0,5.0,87.0,1039.1,7.0,68.0,4.68
True,16,2,9576,6388,True,32768,LIGHT,300.0,300.0,2022-03-18T22:03:24.510,2022-03-18T22:03:24.510,1,1,100,10,0.246657639741898,3.76,3.76,ZWO ASI6200MM Pro,-10.0,-10.0,40,NP101is,540.0,5.4,Starlight Xpress Fil,OIII,IC 405,FocusLynx Focuser 1,8899.0,8899.0,13.404,4.6,4.6,TOP-DOWN,2000.0,N.I.N.A. 2.0.0.2051,IC 405_2022-03-18_22-03-24_OIII_100_-10.00_300.00s_0.00as_0118.fits,1,/mnt/raid0/AstroImaging/Preselected/Flaming Star Nebula (IC405) started 4th February 2022/Lights/OIII/IC 405_2022-03-18_22-03-24_OIII_100_-10.00_300.00s_0.00as_0118.fits,80.2415357810974,33.7786057560311,39.22017,276.84974,1.57924410000817,East,25.5,52.2486944444444,-0.123055555555556,05 20 58,+33 46 43,180.87,8.0,5.0,87.0,1039.1,7.0,68.0,4.68
True,16,2,9576,6388,True,32768,LIGHT,300.0,300.0,2022-03-18T22:08:44.763,2022-03-18T22:08:44.763,1,1,100,10,0.246657639741898,3.76,3.76,ZWO ASI6200MM Pro,-10.0,-10.0,40,NP101is,540.0,5.4,Starlight Xpress Fil,OIII,IC 405,FocusLynx Focuser 1,8899.0,8899.0,13.404,4.6,4.6,TOP-DOWN,2000.0,N.I.N.A. 2.0.0.2051,IC 405_2022-03-18_22-08-44_OIII_100_-10.00_300.00s_0.00as_0119.fits,1,/mnt/raid0/AstroImaging/Preselected/Flaming Star Nebula (IC405) started 4th February 2022/Lights/OIII/IC 405_2022-03-18_22-08-44_OIII_100_-10.00_300.00s_0.00as_0119.fits,80.2428197065967,33.7806082793812,38.40839,277.82698,1.60717235603675,East,25.5,52.2486944444444,-0.123055555555556,05 20 58,+33 46 43,180.87,8.0,4.7,88.0,1039.1,6.6,112.0,1.44
True,16,2,9576,6388,True,32768,LIGHT,300.0,300.0,2022-03-19T19:16:13.864,2022-03-19T19:16:13.864,1,1,100,10,0.246657639741898,3.76,3.76,ZWO ASI6200MM Pro,-10.0,-10.0,40,NP101is,540.0,5.4,Starlight Xpress Fil,OIII,IC 405,FocusLynx Focuser 1,8739.0,8739.0,13.404,5.5,5.5,TOP-DOWN,2000.0,N.I.N.A. 2.0.0.2051,IC 405_2022-03-19_19-16-13_OIII_100_-10.00_300.00s_0.00as_0003.fits,1,/mnt/raid0/AstroImaging/Preselected/Flaming Star Nebula (IC405) started 4th February 2022/Lights/OIII/IC 405_2022-03-19_19-16-13_OIII_100_-10.00_300.00s_0.00as_0003.fits,80.2414169285256,33.7786348074373,63.33723,236.86176,1.11863877763027,East,25.5,52.2486944444444,-0.123055555555556,05 20 58,+33 46 43,180.87,0.0,1.6,65.0,1029.1,7.8,65.0,7.92
True,16,2,9576,6388,True,32768,LIGHT,300.0,300.0,2022-03-19T19:21:16.487,2022-03-19T19:21:16.487,1,1,100,10,0.246657639741898,3.76,3.76,ZWO ASI6200MM Pro,-10.0,-10.0,40,NP101is,540.0,5.4,Starlight Xpress Fil,OIII,IC 405,FocusLynx Focuser 1,8765.0,8765.0,13.404,5.2,5.2,TOP-DOWN,2000.0,N.I.N.A. 2.0.0.2051,IC 405_2022-03-19_19-21-16_OIII_100_-10.00_300.00s_0.00as_0004.fits,1,/mnt/raid0/AstroImaging/Preselected/Flaming Star Nebula (IC405) started 4th February 2022/Lights/OIII/IC 405_2022-03-19_19-21-16_OIII_100_-10.00_300.00s_0.00as_0004.fits,80.241465640808,33.7786382898031,62.68569,238.66369,1.12512091035015,East,25.5,52.2486944444444,-0.123055555555556,05 20 58,+33 46 43,180.87,0.0,1.6,65.0,1029.1,7.8,65.0,7.92
True,16,2,9576,6388,True,32768,LIGHT,300.0,300.0,2022-03-19T19:30:56.962,2022-03-19T19:30:56.962,1,1,100,10,0.246657639741898,3.76,3.76,ZWO ASI6200MM Pro,-10.0,-10.0,40,NP101is,540.0,5.4,Starlight Xpress Fil,OIII,IC 405,FocusLynx Focuser 1,8674.0,8674.0,13.404,4.9,4.9,TOP-DOWN,2000.0,N.I.N.A. 2.0.0.2051,IC 405_2022-03-19_19-30-56_OIII_100_-10.00_300.00s_0.00as_0005.fits,1,/mnt/raid0/AstroImaging/Preselected/Flaming Star Nebula (IC405) started 4th February 2022/Lights/OIII/IC 405_2022-03-19_19-30-56_OIII_100_-10.00_300.00s_0.00as_0005.fits,80.241463133512,33.7786250443729,61.39038,241.98032,1.1386741182172,East,25.5,52.2486944444444,-0.123055555555556,05 20 58,+33 46 43,180.87,0.0,1.6,65.0,1029.1,7.7,65.0,7.92
True,16,2,9576,6388,True,32768,LIGHT,300.0,300.0,2022-03-19T19:36:14.478,2022-03-19T19:36:14.478,1,1,100,10,0.246657639741898,3.76,3.76,ZWO ASI6200MM Pro,-10.0,-10.0,40,NP101is,540.0,5.4,Starlight Xpress Fil,OIII,IC 405,FocusLynx Focuser 1,8683.0,8683.0,13.404,4.7,4.7,TOP-DOWN,2000.0,N.I.N.A. 2.0.0.2051,IC 405_2022-03-19_19-36-14_OIII_100_-10.00_300.00s_0.00as_0006.fits,1,/mnt/raid0/AstroImaging/Preselected/Flaming Star Nebula (IC405) started 4th February 2022/Lights/OIII/IC 405_2022-03-19_19-36-14_OIII_100_-10.00_300.00s_0.00as_0006.fits,80.242018472439,33.7785862586907,60.677,243.67768,1.1465305026527,East,25.5,52.2486944444444,-0.123055555555556,05 20 58,+33 46 43,180.87,0.0,1.6,66.0,1029.1,7.6,63.0,11.16
True,16,2,9576,6388,True,32768,LIGHT,300.0,300.0,2022-03-19T19:41:17.049,2022-03-19T19:41:17.049,1,1,100,10,0.246657639741898,3.76,3.76,ZWO ASI6200MM Pro,-10.0,-10.0,40,NP101is,540.0,5.4,Starlight Xpress Fil,OIII,IC 405,FocusLynx Focuser 1,8708.0,8708.0,13.404,4.5,4.5,TOP-DOWN,2000.0,N.I.N.A. 2.0.0.2051,IC 405_2022-03-19_19-41-17_OIII_100_-10.00_300.00s_0.00as_0007.fits,1,/mnt/raid0/AstroImaging/Preselected/Flaming Star Nebula (IC405) started 4th February 2022/Lights/OIII/IC 405_2022-03-19_19-41-17_OIII_100_-10.00_300.00s_0.00as_0007.fits,80.242018854178,33.7785963070434,59.97073,245.28059,1.15459317296955,East,25.5,52.2486944444444,-0.123055555555556,05 20 58,+33 46 43,180.87,0.0,1.6,66.0,1029.1,7.6,63.0,11.16
True,16,2,9576,6388,True,32768,LIGHT,300.0,300.0,2022-03-19T19:46:19.779,2022-03-19T19:46:19.779,1,1,100,10,0.246657639741898,3.76,3.76,ZWO ASI6200MM Pro,-10.0,-10.0,40,NP101is,540.0,5.4,Starlight Xpress Fil,OIII,IC 405,FocusLynx Focuser 1,8717.0,8717.0,13.404,4.4,4.4,TOP-DOWN,2000.0,N.I.N.A. 2.0.0.2051,IC 405_2022-03-19_19-46-19_OIII_100_-10.00_300.00s_0.00as_0008.fits,1,/mnt/raid0/AstroImaging/Preselected/Flaming Star Nebula (IC405) started 4th February 2022/Lights/OIII/IC 405_2022-03-19_19-46-19_OIII_100_-10.00_300.00s_0.00as_0008.fits,80.2420042672154,33.7785963246166,59.2624722222222,246.81768,1.16297143188238,East,25.5,52.2486944444444,-0.123055555555556,05 20 58,+33 46 43,180.87,0.0,1.7,67.0,1029.1,7.4,63.0,11.16
True,16,2,9576,6388,True,32768,LIGHT,300.0,300.0,2022-03-19T19:56:05.905,2022-03-19T19:56:05.905,1,1,100,10,0.246657639741898,3.76,3.76,ZWO ASI6200MM Pro,-10.0,-9.8,40,NP101is,540.0,5.4,Starlight Xpress Fil,OIII,IC 405,FocusLynx Focuser 1,8653.0,8653.0,13.404,4.2,4.2,TOP-DOWN,2000.0,N.I.N.A. 2.0.0.2051,IC 405_2022-03-19_19-56-05_OIII_100_-9.80_300.00s_0.00as_0009.fits,1,/mnt/raid0/AstroImaging/Preselected/Flaming Star Nebula (IC405) started 4th February 2022/Lights/OIII/IC 405_2022-03-19_19-56-05_OIII_100_-9.80_300.00s_0.00as_0009.fits,80.2420350765569,33.7785864834382,57.86767,249.66945,1.18036388557433,East,25.5,52.2486944444444,-0.123055555555556,05 20 58,+33 46 43,180.87,0.0,1.6,67.0,1029.1,7.4,63.0,11.16
True,16,2,9576,6388,True,32768,LIGHT,300.0,300.0,2022-03-19T20:01:10.389,2022-03-19T20:01:10.389,1,1,100,10,0.246657639741898,3.76,3.76,ZWO ASI6200MM Pro,-10.0,-10.0,40,NP101is,540.0,5.4,Starlight Xpress Fil,OIII,IC 405,FocusLynx Focuser 1,8653.0,8653.0,13.404,4.2,4.2,TOP-DOWN,2000.0,N.I.N.A. 2.0.0.2051,IC 405_2022-03-19_20-01-10_OIII_100_-10.00_300.00s_0.00as_0010.fits,1,/mnt/raid0/AstroImaging/Preselected/Flaming Star Nebula (IC405) started 4th February 2022/Lights/OIII/IC 405_2022-03-19_20-01-10_OIII_100_-10.00_300.00s_0.00as_0010.fits,80.242065410017,33.7786065930153,57.1413333333333,251.07187,1.18990971691781,East,25.5,52.2486944444444,-0.123055555555556,05 20 58,+33 46 43,180.87,0.0,1.6,67.0,1029.1,7.4,63.0,11.16
True,16,2,9576,6388,True,32768,LIGHT,300.0,300.0,2022-03-19T20:06:13.019,2022-03-19T20:06:13.019,1,1,100,10,0.246657639741898,3.76,3.76,ZWO ASI6200MM Pro,-10.0,-10.0,40,NP101is,540.0,5.4,Starlight Xpress Fil,OIII,IC 405,FocusLynx Focuser 1,8662.0,8662.0,13.404,4.1,4.1,TOP-DOWN,2000.0,N.I.N.A. 2.0.0.2051,IC 405_2022-03-19_20-06-13_OIII_100_-10.00_300.00s_0.00as_0011.fits,1,/mnt/raid0/AstroImaging/Preselected/Flaming Star Nebula (IC405) started 4th February 2022/Lights/OIII/IC 405_2022-03-19_20-06-13_OIII_100_-10.00_300.00s_0.00as_0011.fits,80.2420659396031,33.7785666464665,56.4029444444444,252.44775,1.19997214188518,East,25.5,52.2486944444444,-0.123055555555556,05 20 58,+33 46 43,180.87,0.0,1.6,67.0,1029.1,7.4,63.0,11.16
True,16,2,9576,6388,True,32768,LIGHT,300.0,300.0,2022-03-19T20:11:28.486,2022-03-19T20:11:28.486,1,1,100,10,0.246657639741898,3.76,3.76,ZWO ASI6200MM Pro,-10.0,-10.0,40,NP101is,540.0,5.4,Starlight Xpress Fil,OIII,IC 405,FocusLynx Focuser 1,8664.0,8664.0,13.404,4.0,4.0,TOP-DOWN,2000.0,N.I.N.A. 2.0.0.2051,IC 405_2022-03-19_20-11-28_OIII_100_-10.00_300.00s_0.00as_0012.fits,1,/mnt/raid0/AstroImaging/Preselected/Flaming Star Nebula (IC405) started 4th February 2022/Lights/OIII/IC 405_2022-03-19_20-11-28_OIII_100_-10.00_300.00s_0.00as_0012.fits,80.2414281739644,33.778595360839,55.6336,253.83299,1.21085409610696,East,25.5,52.2486944444444,-0.123055555555556,05 20 58,+33 46 43,180.87,0.0,1.6,67.0,1029.1,7.4,63.0,11.16
True,16,2,9576,6388,True,32768,LIGHT,300.0,300.0,2022-03-19T20:16:31.160,2022-03-19T20:16:31.160,1,1,100,10,0.246657639741898,3.76,3.76,ZWO ASI6200MM Pro,-10.0,-9.8,40,NP101is,540.0,5.4,Starlight Xpress Fil,OIII,IC 405,FocusLynx Focuser 1,8662.0,8662.0,13.404,4.1,4.1,TOP-DOWN,2000.0,N.I.N.A. 2.0.0.2051,IC 405_2022-03-19_20-16-31_OIII_100_-9.80_300.00s_0.00as_0013.fits,1,/mnt/raid0/AstroImaging/Preselected/Flaming Star Nebula (IC405) started 4th February 2022/Lights/OIII/IC 405_2022-03-19_20-16-31_OIII_100_-9.80_300.00s_0.00as_0013.fits,80.2413619371107,33.7785952707472,54.88866,255.13019,1.22179161262112,East,25.5,52.2486944444444,-0.123055555555556,05 20 58,+33 46 43,180.87,0.0,1.9,72.0,1030.1,6.5,64.0,7.92
True,16,2,9576,6388,True,32768,LIGHT,300.0,300.0,2022-03-19T20:21:33.829,2022-03-19T20:21:33.829,1,1,100,10,0.246657639741898,3.76,3.76,ZWO ASI6200MM Pro,-10.0,-10.0,40,NP101is,540.0,5.4,Starlight Xpress Fil,OIII,IC 405,FocusLynx Focuser 1,8662.0,8662.0,13.404,4.1,4.1,TOP-DOWN,2000.0,N.I.N.A. 2.0.0.2051,IC 405_2022-03-19_20-21-33_OIII_100_-10.00_300.00s_0.00as_0014.fits,1,/mnt/raid0/AstroImaging/Preselected/Flaming Star Nebula (IC405) started 4th February 2022/Lights/OIII/IC 405_2022-03-19_20-21-33_OIII_100_-10.00_300.00s_0.00as_0014.fits,80.2413473178264,33.7786052877343,54.1404,256.39397,1.2331895608079,East,25.5,52.2486944444444,-0.123055555555556,05 20 58,+33 46 43,180.87,0.0,1.9,72.0,1030.1,6.5,64.0,7.92
True,16,2,9576,6388,True,32768,LIGHT,300.0,300.0,2022-03-19T20:21:33.829,2022-03-19T20:21:33.829,1,1,100,10,0.246657639741898,3.76,3.76,ZWO ASI6200MM Pro,-10.0,-10.0,40,NP101is,540.0,5.4,Starlight Xpress Fil,OIII,IC 405,FocusLynx Focuser 1,8662.0,8662.0,13.404,4.1,4.1,TOP-DOWN,2000.0,N.I.N.A. 2.0.0.2051,IC 405_2022-03-19_20-21-33_OIII_100_-10.00_300.00s_0.00as_0014_1.fits,1,/mnt/raid0/AstroImaging/Preselected/Flaming Star Nebula (IC405) started 4th February 2022/Lights/OIII/IC 405_2022-03-19_20-21-33_OIII_100_-10.00_300.00s_0.00as_0014_1.fits,80.2413473178264,33.7786052877343,54.1404,256.39397,1.2331895608079,East,25.5,52.2486944444444,-0.123055555555556,05 20 58,+33 46 43,180.87,0.0,1.9,72.0,1030.1,6.5,64.0,7.92
True,16,2,9576,6388,True,32768,LIGHT,300.0,300.0,2022-02-08T02:22:15.058,2022-02-08T02:22:15.058,1,1,0,10,0.779999971389771,3.76,3.76,ZWO ASI6200MM Pro,-10.0,-9.9,40,NP101is,540.0,5.4,Starlight Xpress Fil,Red,IC 405,FocusLynx Focuser 1,10682.0,10682.0,13.404,7.1,7.1,TOP-DOWN,2000.0,N.I.N.A. 2.0.0.2044,2022-02-08_02-22-15_Red_-9.90_300.00s_0000.fits,1,/mnt/raid0/AstroImaging/Preselected/Flaming Star Nebula (IC405) started 4th February 2022/Lights/Red/2022-02-08_02-22-15_Red_-9.90_300.00s_0000.fits,78.7758950754398,34.4691796875,23.1972529100323,296.890272468891,2.52530102148112,East,40.0,52.2486111111111,-0.123055555555556,05 20 58,+33 46 43,87.26,100.0,6.5,83.0,1018.2,9.2,245.0,12.96
True,16,2,9576,6388,True,32768,LIGHT,300.0,300.0,2022-02-08T02:27:18.077,2022-02-08T02:27:18.077,1,1,0,10,0.779999971389771,3.76,3.76,ZWO ASI6200MM Pro,-10.0,-10.0,40,NP101is,540.0,5.4,Starlight Xpress Fil,Red,IC 405,FocusLynx Focuser 1,10682.0,10682.0,13.404,7.1,7.1,TOP-DOWN,2000.0,N.I.N.A. 2.0.0.2044,2022-02-08_02-27-18_Red_-10.00_300.00s_0001.fits,1,/mnt/raid0/AstroImaging/Preselected/Flaming Star Nebula (IC405) started 4th February 2022/Lights/Red/2022-02-08_02-27-18_Red_-10.00_300.00s_0001.fits,78.7779212042936,34.472734375,22.5113104475375,297.743865355582,2.59708102224293,East,40.0,52.2486111111111,-0.123055555555556,05 20 58,+33 46 43,87.26,70.0,6.5,83.0,1018.2,9.2,245.0,12.96
True,16,2,9576,6388,True,32768,LIGHT,300.0,300.0,2022-02-08T02:32:20.706,2022-02-08T02:32:20.706,1,1,0,10,0.779999971389771,3.76,3.76,ZWO ASI6200MM Pro,-10.0,-10.0,40,NP101is,540.0,5.4,Starlight Xpress Fil,Red,IC 405,FocusLynx Focuser 1,10682.0,10682.0,13.404,7.2,7.2,TOP-DOWN,2000.0,N.I.N.A. 2.0.0.2044,2022-02-08_02-32-20_Red_-10.00_300.00s_0002.fits,1,/mnt/raid0/AstroImaging/Preselected/Flaming Star Nebula (IC405) started 4th February 2022/Lights/Red/2022-02-08_02-32-20_Red_-10.00_300.00s_0002.fits,78.7781153408712,34.4698046875,21.8249211814257,298.594832499163,2.67346725271323,East,40.0,52.2486111111111,-0.123055555555556,05 20 58,+33 46 43,87.26,70.0,6.5,83.0,1018.2,9.2,245.0,12.96
True,16,2,9576,6388,True,32768,LIGHT,300.0,300.0,2022-02-08T20:36:12.935,2022-02-08T20:36:12.935,1,1,0,10,0.779999971389771,3.76,3.76,ZWO ASI6200MM Pro,-10.0,-9.9,40,NP101is,540.0,5.4,Starlight Xpress Fil,Red,IC 405,FocusLynx Focuser 1,10572.0,10572.0,13.404,7.7,7.7,TOP-DOWN,2000.0,N.I.N.A. 2.0.0.2044,2022-02-08_20-36-12_Red_-9.90_300.00s_0007.fits,1,/mnt/raid0/AstroImaging/Preselected/Flaming Star Nebula (IC405) started 4th February 2022/Lights/Red/2022-02-08_20-36-12_Red_-9.90_300.00s_0007.fits,78.7992525498716,34.4899609375,70.7666220031496,206.6334586628,1.058914969686,East,40.0,52.2486111111111,-0.123055555555556,05 20 58,+33 46 43,87.26,55.0,6.9,80.0,1018.2,10.2,218.0,11.16
True,16,2,9576,6388,True,32768,LIGHT,300.0,300.0,2022-02-08T20:41:48.995,2022-02-08T20:41:48.995,1,1,0,10,0.779999971389771,3.76,3.76,ZWO ASI6200MM Pro,-10.0,-10.0,40,NP101is,540.0,5.4,Starlight Xpress Fil,Red,IC 405,FocusLynx Focuser 1,10572.0,10572.0,13.404,7.6,7.6,TOP-DOWN,2000.0,N.I.N.A. 2.0.0.2044,2022-02-08_20-41-48_Red_-10.00_300.00s_0008.fits,1,/mnt/raid0/AstroImaging/Preselected/Flaming Star Nebula (IC405) started 4th February 2022/Lights/Red/2022-02-08_20-41-48_Red_-10.00_300.00s_0008.fits,78.7998614632683,34.4900390625,70.3607304781164,209.881025617471,1.06155924125508,East,40.0,52.2486111111111,-0.123055555555556,05 20 58,+33 46 43,87.26,55.0,6.9,80.0,1018.2,10.2,218.0,11.16
True,16,2,9576,6388,True,32768,LIGHT,300.0,300.0,2022-02-08T20:46:52.551,2022-02-08T20:46:52.551,1,1,0,10,0.779999971389771,3.76,3.76,ZWO ASI6200MM Pro,-10.0,-9.9,40,NP101is,540.0,5.4,Starlight Xpress Fil,Red,IC 405,FocusLynx Focuser 1,10572.0,10572.0,13.404,7.5,7.5,TOP-DOWN,2000.0,N.I.N.A. 2.0.0.2044,2022-02-08_20-46-52_Red_-9.90_300.00s_0009.fits,1,/mnt/raid0/AstroImaging/Preselected/Flaming Star Nebula (IC405) started 4th February 2022/Lights/Red/2022-02-08_20-46-52_Red_-9.90_300.00s_0009.fits,78.79937693678,34.4878125,69.9548679968916,212.722358649966,1.06427001623405,East,40.0,52.2486111111111,-0.123055555555556,05 20 58,+33 46 43,87.26,55.0,6.9,80.0,1018.2,10.2,218.0,11.16
True,16,2,9576,6388,True,32768,LIGHT,300.0,300.0,2022-02-08T20:51:55.230,2022-02-08T20:51:55.230,1,1,0,10,0.779999971389771,3.76,3.76,ZWO ASI6200MM Pro,-10.0,-10.0,40,NP101is,540.0,5.4,Starlight Xpress Fil,Red,IC 405,FocusLynx Focuser 1,10572.0,10572.0,13.404,7.5,7.5,TOP-DOWN,2000.0,N.I.N.A. 2.0.0.2044,2022-02-08_20-51-55_Red_-10.00_300.00s_0010.fits,1,/mnt/raid0/AstroImaging/Preselected/Flaming Star Nebula (IC405) started 4th February 2022/Lights/Red/2022-02-08_20-51-55_Red_-10.00_300.00s_0010.fits,78.8001011015595,34.4903125,69.525911213119,215.445521557248,1.06720839727102,East,40.0,52.2486111111111,-0.123055555555556,05 20 58,+33 46 43,87.26,55.0,6.6,80.0,1018.2,9.9,215.0,11.16
True,16,2,9576,6388,True,32768,LIGHT,300.0,300.0,2022-02-08T20:56:57.833,2022-02-08T20:56:57.833,1,1,0,10,0.779999971389771,3.76,3.76,ZWO ASI6200MM Pro,-10.0,-10.0,40,NP101is,540.0,5.4,Starlight Xpress Fil,Red,IC 405,FocusLynx Focuser 1,10572.0,10572.0,13.404,7.4,7.4,TOP-DOWN,2000.0,N.I.N.A. 2.0.0.2044,2022-02-08_20-56-57_Red_-10.00_300.00s_0011.fits,1,/mnt/raid0/AstroImaging/Preselected/Flaming Star Nebula (IC405) started 4th February 2022/Lights/Red/2022-02-08_20-56-57_Red_-10.00_300.00s_0011.fits,78.7994904093743,34.4900390625,69.0614811556748,218.089953024975,1.07047585636148,East,40.0,52.2486111111111,-0.123055555555556,05 20 58,+33 46 43,87.26,55.0,6.6,80.0,1018.2,9.9,215.0,11.16
True,16,2,9576,6388,True,32768,LIGHT,300.0,300.0,2022-02-08T21:02:00.439,2022-02-08T21:02:00.439,1,1,0,10,0.779999971389771,3.76,3.76,ZWO ASI6200MM Pro,-10.0,-10.0,40,NP101is,540.0,5.4,Starlight Xpress Fil,Red,IC 405,FocusLynx Focuser 1,10572.0,10572.0,13.404,7.4,7.4,TOP-DOWN,2000.0,N.I.N.A. 2.0.0.2044,2022-02-08_21-02-00_Red_-10.00_300.00s_0012.fits,1,/mnt/raid0/AstroImaging/Preselected/Flaming Star Nebula (IC405) started 4th February 2022/Lights/Red/2022-02-08_21-02-00_Red_-10.00_300.00s_0012.fits,78.7990851300221,34.4878515625,68.5671140806585,220.638374669865,1.0740536486584,East,40.0,52.2486111111111,-0.123055555555556,05 20 58,+33 46 43,87.26,55.0,6.4,79.0,1018.2,9.9,215.0,11.16
True,16,2,9576,6388,True,32768,LIGHT,300.0,300.0,2022-02-08T21:07:27.575,2022-02-08T21:07:27.575,1,1,0,10,0.779999971389771,3.76,3.76,ZWO ASI6200MM Pro,-10.0,-9.9,40,NP101is,540.0,5.4,Starlight Xpress Fil,Red,IC 405,FocusLynx Focuser 1,10572.0,10572.0,13.404,7.3,7.3,TOP-DOWN,2000.0,N.I.N.A. 2.0.0.2044,2022-02-08_21-07-27_Red_-9.90_300.00s_0013.fits,1,/mnt/raid0/AstroImaging/Preselected/Flaming Star Nebula (IC405) started 4th February 2022/Lights/Red/2022-02-08_21-07-27_Red_-9.90_300.00s_0013.fits,78.7880320526118,34.488203125,68.0025567925206,223.306240641452,1.07826714829442,East,40.0,52.2486111111111,-0.123055555555556,05 20 58,+33 46 43,87.26,55.0,6.4,79.0,1018.2,9.9,215.0,11.16
True,16,2,9576,6388,True,32768,LIGHT,300.0,300.0,2022-02-08T21:12:30.744,2022-02-08T21:12:30.744,1,1,0,10,0.779999971389771,3.76,3.76,ZWO ASI6200MM Pro,-10.0,-10.0,40,NP101is,540.0,5.4,Starlight Xpress Fil,Red,IC 405,FocusLynx Focuser 1,10572.0,10572.0,13.404,7.3,7.3,TOP-DOWN,2000.0,N.I.N.A. 2.0.0.2044,2022-02-08_21-12-30_Red_-10.00_300.00s_0014.fits,1,/mnt/raid0/AstroImaging/Preselected/Flaming Star Nebula (IC405) started 4th February 2022/Lights/Red/2022-02-08_21-12-30_Red_-10.00_300.00s_0014.fits,78.7875345878887,34.4890625,67.4624057204149,225.649556064993,1.08242813412869,East,40.0,52.2486111111111,-0.123055555555556,05 20 58,+33 46 43,87.26,55.0,6.4,79.0,1018.2,9.9,215.0,11.16
True,16,2,9576,6388,True,32768,LIGHT,300.0,300.0,2022-02-08T21:17:33.364,2022-02-08T21:17:33.364,1,1,0,10,0.779999971389771,3.76,3.76,ZWO ASI6200MM Pro,-10.0,-10.0,40,NP101is,540.0,5.4,Starlight Xpress Fil,Red,IC 405,FocusLynx Focuser 1,10572.0,10572.0,13.404,7.3,7.3,TOP-DOWN,2000.0,N.I.N.A. 2.0.0.2044,2022-02-08_21-17-33_Red_-10.00_300.00s_0015.fits,1,/mnt/raid0/AstroImaging/Preselected/Flaming Star Nebula (IC405) started 4th February 2022/Lights/Red/2022-02-08_21-17-33_Red_-10.00_300.00s_0015.fits,78.7854883094906,34.4894140625,66.8954785769279,227.921583365501,1.08693419683185,East,40.0,52.2486111111111,-0.123055555555556,05 20 58,+33 46 43,87.26,55.0,6.4,79.0,1018.2,9.9,215.0,11.16
True,16,2,9576,6388,True,32768,LIGHT,300.0,300.0,2022-02-08T21:22:35.781,2022-02-08T21:22:35.781,1,1,0,10,0.779999971389771,3.76,3.76,ZWO ASI6200MM Pro,-10.0,-10.0,40,NP101is,540.0,5.4,Starlight Xpress Fil,Red,IC 405,FocusLynx Focuser 1,10572.0,10572.0,13.404,7.2,7.2,TOP-DOWN,2000.0,N.I.N.A. 2.0.0.2044,2022-02-08_21-22-35_Red_-10.00_300.00s_0016.fits,1,/mnt/raid0/AstroImaging/Preselected/Flaming Star Nebula (IC405) started 4th February 2022/Lights/Red/2022-02-08_21-22-35_Red_-10.00_300.00s_0016.fits,78.78587849002,34.4915625,66.3145954274946,230.091956734118,1.09170138870561,East,40.0,52.2486111111111,-0.123055555555556,05 20 58,+33 46 43,87.26,55.0,6.4,79.0,1018.2,9.9,215.0,11.16
True,16,2,9576,6388,True,32768,LIGHT,300.0,300.0,2022-02-08T21:27:38.566,2022-02-08T21:27:38.566,1,1,0,10,0.779999971389771,3.76,3.76,ZWO ASI6200MM Pro,-10.0,-10.0,40,NP101is,540.0,5.4,Starlight Xpress Fil,Red,IC 405,FocusLynx Focuser 1,10572.0,10572.0,13.404,7.2,7.2,TOP-DOWN,2000.0,N.I.N.A. 2.0.0.2044,2022-02-08_21-27-38_Red_-10.00_300.00s_0017.fits,1,/mnt/raid0/AstroImaging/Preselected/Flaming Star Nebula (IC405) started 4th February 2022/Lights/Red/2022-02-08_21-27-38_Red_-10.00_300.00s_0017.fits,78.782500085858,34.489609375,65.7073644646871,232.190142831977,1.09685056001681,East,40.0,52.2486111111111,-0.123055555555556,05 20 58,+33 46 43,87.26,55.0,6.4,79.0,1018.2,9.9,215.0,11.16
True,16,2,9576,6388,True,32768,LIGHT,300.0,300.0,2022-02-08T21:32:41.102,2022-02-08T21:32:41.102,1,1,0,10,0.779999971389771,3.76,3.76,ZWO ASI6200MM Pro,-10.0,-10.0,40,NP101is,540.0,5.4,Starlight Xpress Fil,Red,IC 405,FocusLynx Focuser 1,10572.0,10572.0,13.404,7.1,7.1,TOP-DOWN,2000.0,N.I.N.A. 2.0.0.2044,2022-02-08_21-32-41_Red_-10.00_300.00s_0018.fits,1,/mnt/raid0/AstroImaging/Preselected/Flaming Star Nebula (IC405) started 4th February 2022/Lights/Red/2022-02-08_21-32-41_Red_-10.00_300.00s_0018.fits,78.781953143008,34.4893359375,65.0889395593339,234.197152865353,1.10227242443224,East,40.0,52.2486111111111,-0.123055555555556,05 20 58,+33 46 43,87.26,43.0,6.3,79.0,1018.2,9.7,229.0,14.4
True,16,2,9576,6388,True,32768,LIGHT,300.0,300.0,2022-02-08T21:38:09.590,2022-02-08T21:38:09.590,1,1,0,10,0.779999971389771,3.76,3.76,ZWO ASI6200MM Pro,-10.0,-9.9,40,NP101is,540.0,5.4,Starlight Xpress Fil,Red,IC 405,FocusLynx Focuser 1,10572.0,10572.0,13.404,7.1,7.1,TOP-DOWN,2000.0,N.I.N.A. 2.0.0.2044,2022-02-08_21-38-09_Red_-9.90_300.00s_0019.fits,1,/mnt/raid0/AstroImaging/Preselected/Flaming Star Nebula (IC405) started 4th February 2022/Lights/Red/2022-02-08_21-38-09_Red_-9.90_300.00s_0019.fits,78.7748335948006,34.4964453125,64.398514036076,236.324339856718,1.10854228146062,East,40.0,52.2486111111111,-0.123055555555556,05 20 58,+33 46 43,87.26,43.0,6.1,79.0,1018.2,9.6,207.0,12.96
True,16,2,9576,6388,True,32768,LIGHT,300.0,300.0,2022-02-08T21:43:12.287,2022-02-08T21:43:12.287,1,1,0,10,0.779999971389771,3.76,3.76,ZWO ASI6200MM Pro,-10.0,-10.0,40,NP101is,540.0,5.4,Starlight Xpress Fil,Red,IC 405,FocusLynx Focuser 1,10572.0,10572.0,13.404,7.0,7.0,TOP-DOWN,2000.0,N.I.N.A. 2.0.0.2044,2022-02-08_21-43-12_Red_-10.00_300.00s_0020.fits,1,/mnt/raid0/AstroImaging/Preselected/Flaming Star Nebula (IC405) started 4th February 2022/Lights/Red/2022-02-08_21-43-12_Red_-10.00_300.00s_0020.fits,78.7734224087555,34.4942578125,63.74625205292,238.180753121165,1.11468062628571,East,40.0,52.2486111111111,-0.123055555555556,05 20 58,+33 46 43,87.26,43.0,6.1,79.0,1018.2,9.6,207.0,12.96
True,16,2,9576,6388,True,32768,LIGHT,300.0,300.0,2022-02-08T21:51:29.379,2022-02-08T21:51:29.379,1,1,0,10,0.779999971389771,3.76,3.76,ZWO ASI6200MM Pro,-10.0,-9.9,40,NP101is,540.0,5.4,Starlight Xpress Fil,Red,IC 405,FocusLynx Focuser 1,10572.0,10572.0,13.404,6.9,6.9,TOP-DOWN,2000.0,N.I.N.A. 2.0.0.2044,2022-02-08_21-51-29_Red_-9.90_300.00s_0021.fits,1,/mnt/raid0/AstroImaging/Preselected/Flaming Star Nebula (IC405) started 4th February 2022/Lights/Red/2022-02-08_21-51-29_Red_-9.90_300.00s_0021.fits,78.7872992030358,34.4880078125,62.6520196225566,241.066777216796,1.12546189089876,East,40.0,52.2486111111111,-0.123055555555556,05 20 58,+33 46 43,87.26,43.0,6.0,79.0,1018.2,9.5,207.0,12.96
True,16,2,9576,6388,True,32768,LIGHT,300.0,300.0,2022-02-08T21:56:32.088,2022-02-08T21:56:32.088,1,1,0,10,0.779999971389771,3.76,3.76,ZWO ASI6200MM Pro,-10.0,-10.0,40,NP101is,540.0,5.4,Starlight Xpress Fil,Red,IC 405,FocusLynx Focuser 1,10572.0,10572.0,13.404,6.8,6.8,TOP-DOWN,2000.0,N.I.N.A. 2.0.0.2044,2022-02-08_21-56-32_Red_-10.00_300.00s_0022.fits,1,/mnt/raid0/AstroImaging/Preselected/Flaming Star Nebula (IC405) started 4th February 2022/Lights/Red/2022-02-08_21-56-32_Red_-10.00_300.00s_0022.fits,78.786573539661,34.4844921875,61.9636696813341,242.762727991282,1.13256429604336,East,40.0,52.2486111111111,-0.123055555555556,05 20 58,+33 46 43,87.26,43.0,6.0,79.0,1018.2,9.5,207.0,12.96
True,16,2,9576,6388,True,32768,LIGHT,300.0,300.0,2022-02-08T22:08:25.645,2022-02-08T22:08:25.645,1,1,0,10,0.779999971389771,3.76,3.76,ZWO ASI6200MM Pro,-10.0,-10.0,40,NP101is,540.0,5.4,Starlight Xpress Fil,Red,IC 405,FocusLynx Focuser 1,10572.0,10572.0,13.404,6.7,6.7,TOP-DOWN,2000.0,N.I.N.A. 2.0.0.2044,2022-02-08_22-08-25_Red_-10.00_300.00s_0023.fits,1,/mnt/raid0/AstroImaging/Preselected/Flaming Star Nebula (IC405) started 4th February 2022/Lights/Red/2022-02-08_22-08-25_Red_-10.00_300.00s_0023.fits,78.7849893751321,34.484296875,60.2971139007666,246.574421041367,1.15083149949412,East,40.0,52.2486111111111,-0.123055555555556,05 20 58,+33 46 43,87.26,43.0,5.8,78.0,1018.2,9.4,207.0,12.96
True,16,2,9576,6388,True,32768,LIGHT,300.0,300.0,2022-02-08T22:13:36.420,2022-02-08T22:13:36.420,1,1,0,10,0.779999971389771,3.76,3.76,ZWO ASI6200MM Pro,-10.0,-10.0,40,NP101is,540.0,5.4,Starlight Xpress Fil,Red,IC 405,FocusLynx Focuser 1,10572.0,10572.0,13.404,6.6,6.6,TOP-DOWN,2000.0,N.I.N.A. 2.0.0.2044,2022-02-08_22-13-36_Red_-10.00_300.00s_0024.fits,1,/mnt/raid0/AstroImaging/Preselected/Flaming Star Nebula (IC405) started 4th February 2022/Lights/Red/2022-02-08_22-13-36_Red_-10.00_300.00s_0024.fits,78.7847636330615,34.4869921875,59.5819489452513,248.099143272708,1.15915534114029,East,40.0,52.2486111111111,-0.123055555555556,05 20 58,+33 46 43,87.26,43.0,5.8,78.0,1018.2,9.4,207.0,12.96
True,16,2,9576,6388,True,32768,LIGHT,300.0,300.0,2022-02-08T22:19:06.935,2022-02-08T22:19:06.935,1,1,0,10,0.779999971389771,3.76,3.76,ZWO ASI6200MM Pro,-10.0,-10.0,40,NP101is,540.0,5.4,Starlight Xpress Fil,Red,IC 405,FocusLynx Focuser 1,10572.0,10572.0,13.404,6.5,6.5,TOP-DOWN,2000.0,N.I.N.A. 2.0.0.2044,2022-02-08_22-19-06_Red_-10.00_300.00s_0025.fits,1,/mnt/raid0/AstroImaging/Preselected/Flaming Star Nebula (IC405) started 4th February 2022/Lights/Red/2022-02-08_22-19-06_Red_-10.00_300.00s_0025.fits,78.7862561421855,34.48421875,58.7937419253794,249.69254322628,1.16868187882452,East,40.0,52.2486111111111,-0.123055555555556,05 20 58,+33 46 43,87.26,43.0,5.7,79.0,1018.2,9.1,219.0,12.96
True,16,2,9576,6388,True,32768,LIGHT,300.0,300.0,2022-02-08T22:24:09.834,2022-02-08T22:24:09.834,1,1,0,10,0.779999971389771,3.76,3.76,ZWO ASI6200MM Pro,-10.0,-10.0,40,NP101is,540.0,5.4,Starlight Xpress Fil,Red,IC 405,FocusLynx Focuser 1,10572.0,10572.0,13.404,6.4,6.4,TOP-DOWN,2000.0,N.I.N.A. 2.0.0.2044,2022-02-08_22-24-09_Red_-10.00_300.00s_0026.fits,1,/mnt/raid0/AstroImaging/Preselected/Flaming Star Nebula (IC405) started 4th February 2022/Lights/Red/2022-02-08_22-24-09_Red_-10.00_300.00s_0026.fits,78.7847537056169,34.483515625,58.0583729382746,251.1245700367,1.17791406287762,East,40.0,52.2486111111111,-0.123055555555556,05 20 58,+33 46 43,87.26,43.0,5.7,79.0,1018.2,9.1,219.0,12.96
True,16,2,9576,6388,True,32768,LIGHT,300.0,300.0,2022-02-08T22:35:28.025,2022-02-08T22:35:28.025,1,1,0,10,0.779999971389771,3.76,3.76,ZWO ASI6200MM Pro,-10.0,-9.9,40,NP101is,540.0,5.4,Starlight Xpress Fil,Red,IC 405,FocusLynx Focuser 1,10552.0,10552.0,13.404,6.4,6.4,TOP-DOWN,2000.0,N.I.N.A. 2.0.0.2044,2022-02-08_22-35-28_Red_-9.90_300.00s_0027.fits,1,/mnt/raid0/AstroImaging/Preselected/Flaming Star Nebula (IC405) started 4th February 2022/Lights/Red/2022-02-08_22-35-28_Red_-9.90_300.00s_0027.fits,78.7845935646398,34.48546875,56.400450981322,254.17771328249,1.20000674741486,East,40.0,52.2486111111111,-0.123055555555556,05 20 58,+33 46 43,87.26,43.0,5.7,79.0,1018.2,9.1,219.0,12.96
True,16,2,9576,6388,True,32768,LIGHT,300.0,300.0,2022-02-08T22:40:32.587,2022-02-08T22:40:32.587,1,1,0,10,0.779999971389771,3.76,3.76,ZWO ASI6200MM Pro,-10.0,-10.0,40,NP101is,540.0,5.4,Starlight Xpress Fil,Red,IC 405,FocusLynx Focuser 1,10552.0,10552.0,13.404,6.3,6.3,TOP-DOWN,2000.0,N.I.N.A. 2.0.0.2044,2022-02-08_22-40-32_Red_-10.00_300.00s_0028.fits,1,/mnt/raid0/AstroImaging/Preselected/Flaming Star Nebula (IC405) started 4th February 2022/Lights/Red/2022-02-08_22-40-32_Red_-10.00_300.00s_0028.fits,78.7843578631259,34.483125,55.6542833457442,255.470714412569,1.21055610765346,East,40.0,52.2486111111111,-0.123055555555556,05 20 58,+33 46 43,87.26,36.0,5.3,78.0,1018.2,9.0,212.0,12.96
True,16,2,9576,6388,True,32768,LIGHT,300.0,300.0,2022-02-08T22:45:35.167,2022-02-08T22:45:35.167,1,1,0,10,0.779999971389771,3.76,3.76,ZWO ASI6200MM Pro,-10.0,-10.0,40,NP101is,540.0,5.4,Starlight Xpress Fil,Red,IC 405,FocusLynx Focuser 1,10552.0,10552.0,13.404,6.2,6.2,TOP-DOWN,2000.0,N.I.N.A. 2.0.0.2044,2022-02-08_22-45-35_Red_-10.00_300.00s_0029.fits,1,/mnt/raid0/AstroImaging/Preselected/Flaming Star Nebula (IC405) started 4th February 2022/Lights/Red/2022-02-08_22-45-35_Red_-10.00_300.00s_0029.fits,78.7841818115673,34.4824609375,54.9037147072406,256.735655698747,1.2215665747955,East,40.0,52.2486111111111,-0.123055555555556,05 20 58,+33 46 43,87.26,36.0,5.3,78.0,1018.2,9.0,212.0,12.96
True,16,2,9576,6388,True,32768,LIGHT,300.0,300.0,2022-02-08T22:50:37.845,2022-02-08T22:50:37.845,1,1,0,10,0.779999971389771,3.76,3.76,ZWO ASI6200MM Pro,-10.0,-10.0,40,NP101is,540.0,5.4,Starlight Xpress Fil,Red,IC 405,FocusLynx Focuser 1,10552.0,10552.0,13.404,6.2,6.2,TOP-DOWN,2000.0,N.I.N.A. 2.0.0.2044,2022-02-08_22-50-37_Red_-10.00_300.00s_0030.fits,1,/mnt/raid0/AstroImaging/Preselected/Flaming Star Nebula (IC405) started 4th February 2022/Lights/Red/2022-02-08_22-50-37_Red_-10.00_300.00s_0030.fits,78.7828963594433,34.4844140625,54.147335937966,257.979504487621,1.23308196728799,East,40.0,52.2486111111111,-0.123055555555556,05 20 58,+33 46 43,87.26,36.0,5.3,78.0,1018.2,8.9,212.0,12.96
True,16,2,9576,6388,True,32768,LIGHT,300.0,300.0,2022-02-08T22:56:04.621,2022-02-08T22:56:04.621,1,1,0,10,0.779999971389771,3.76,3.76,ZWO ASI6200MM Pro,-10.0,-10.0,40,NP101is,540.0,5.4,Starlight Xpress Fil,Red,IC 405,FocusLynx Focuser 1,10552.0,10552.0,13.404,6.1,6.1,TOP-DOWN,2000.0,N.I.N.A. 2.0.0.2044,2022-02-08_22-56-04_Red_-10.00_300.00s_0031.fits,1,/mnt/raid0/AstroImaging/Preselected/Flaming Star Nebula (IC405) started 4th February 2022/Lights/Red/2022-02-08_22-56-04_Red_-10.00_300.00s_0031.fits,78.7800363460631,34.4882421875,53.3265423164449,259.2944936296,1.24607333596095,East,40.0,52.2486111111111,-0.123055555555556,05 20 58,+33 46 43,87.26,36.0,5.3,78.0,1018.2,8.9,212.0,12.96
True,16,2,9576,6388,True,32768,LIGHT,300.0,300.0,2022-02-08T23:01:08.263,2022-02-08T23:01:08.263,1,1,0,10,0.779999971389771,3.76,3.76,ZWO ASI6200MM Pro,-10.0,-10.0,40,NP101is,540.0,5.4,Starlight Xpress Fil,Red,IC 405,FocusLynx Focuser 1,10552.0,10552.0,13.404,6.0,6.0,TOP-DOWN,2000.0,N.I.N.A. 2.0.0.2044,2022-02-08_23-01-08_Red_-10.00_300.00s_0032.fits,1,/mnt/raid0/AstroImaging/Preselected/Flaming Star Nebula (IC405) started 4th February 2022/Lights/Red/2022-02-08_23-01-08_Red_-10.00_300.00s_0032.fits,78.7803796983257,34.4871875,52.5620029134085,260.475714398421,1.25865670504977,East,40.0,52.2486111111111,-0.123055555555556,05 20 58,+33 46 43,87.26,36.0,5.4,79.0,1018.2,8.8,212.0,12.96
True,16,2,9576,6388,True,32768,LIGHT,300.0,300.0,2022-02-08T23:12:01.211,2022-02-08T23:12:01.211,1,1,0,10,0.779999971389771,3.76,3.76,ZWO ASI6200MM Pro,-10.0,-9.9,40,NP101is,540.0,5.4,Starlight Xpress Fil,Red,IC 405,FocusLynx Focuser 1,10548.0,10548.0,13.404,5.8,5.8,TOP-DOWN,2000.0,N.I.N.A. 2.0.0.2044,2022-02-08_23-12-01_Red_-9.90_300.00s_0033.fits,1,/mnt/raid0/AstroImaging/Preselected/Flaming Star Nebula (IC405) started 4th February 2022/Lights/Red/2022-02-08_23-12-01_Red_-9.90_300.00s_0033.fits,78.7797898792838,34.4891015625,50.9059648622103,262.947330357801,1.28760071646337,East,40.0,52.2486111111111,-0.123055555555556,05 20 58,+33 46 43,87.26,36.0,5.4,79.0,1018.2,8.8,212.0,12.96
True,16,2,9576,6388,True,32768,LIGHT,300.0,300.0,2022-02-09T01:53:00.071,2022-02-09T01:53:00.071,1,1,0,10,0.779999971389771,3.76,3.76,ZWO ASI6200MM Pro,-10.0,-9.9,40,NP101is,540.0,5.4,Starlight Xpress Fil,Red,IC 405,FocusLynx Focuser 1,10563.0,10563.0,13.404,7.0,7.0,TOP-DOWN,2000.0,N.I.N.A. 2.0.0.2044,2022-02-09_01-53-00_Red_-9.90_300.00s_0056.fits,1,/mnt/raid0/AstroImaging/Preselected/Flaming Star Nebula (IC405) started 4th February 2022/Lights/Red/2022-02-09_01-53-00_Red_-9.90_300.00s_0056.fits,78.7756539790127,34.4722265625,26.7184259725401,292.640441314132,2.21571921844058,East,40.0,52.2486111111111,-0.123055555555556,05 20 58,+33 46 43,87.26,100.0,5.8,80.0,1017.2,9.1,237.0,16.2
True,16,2,9576,6388,True,32768,LIGHT,300.0,300.0,2022-02-09T01:58:05.103,2022-02-09T01:58:05.103,1,1,0,10,0.779999971389771,3.76,3.76,ZWO ASI6200MM Pro,-10.0,-10.0,40,NP101is,540.0,5.4,Starlight Xpress Fil,Red,IC 405,FocusLynx Focuser 1,10563.0,10563.0,13.404,6.9,6.9,TOP-DOWN,2000.0,N.I.N.A. 2.0.0.2044,2022-02-09_01-58-05_Red_-10.00_300.00s_0057.fits,1,/mnt/raid0/AstroImaging/Preselected/Flaming Star Nebula (IC405) started 4th February 2022/Lights/Red/2022-02-09_01-58-05_Red_-10.00_300.00s_0057.fits,78.7758172895739,34.4722265625,26.0084548464609,293.487191608499,2.27124672103973,East,40.0,52.2486111111111,-0.123055555555556,05 20 58,+33 46 43,87.26,100.0,5.8,80.0,1017.2,9.1,237.0,16.2
True,16,2,9576,6388,True,32768,LIGHT,300.0,300.0,2022-02-09T02:03:07.889,2022-02-09T02:03:07.889,1,1,0,10,0.779999971389771,3.76,3.76,ZWO ASI6200MM Pro,-10.0,-10.0,40,NP101is,540.0,5.4,Starlight Xpress Fil,Red,IC 405,FocusLynx Focuser 1,10563.0,10563.0,13.404,6.8,6.8,TOP-DOWN,2000.0,N.I.N.A. 2.0.0.2044,2022-02-09_02-03-07_Red_-10.00_300.00s_0058.fits,1,/mnt/raid0/AstroImaging/Preselected/Flaming Star Nebula (IC405) started 4th February 2022/Lights/Red/2022-02-09_02-03-07_Red_-10.00_300.00s_0058.fits,78.7758828199704,34.4722265625,25.2998242107306,294.33739780853,2.32985993390435,East,40.0,52.2486111111111,-0.123055555555556,05 20 58,+33 46 43,87.26,100.0,5.8,80.0,1017.2,9.0,237.0,16.2
True,16,2,9576,6388,True,32768,LIGHT,300.0,300.0,2022-02-09T02:08:10.574,2022-02-09T02:08:10.574,1,1,0,10,0.779999971389771,3.76,3.76,ZWO ASI6200MM Pro,-10.0,-10.0,40,NP101is,540.0,5.4,Starlight Xpress Fil,Red,IC 405,FocusLynx Focuser 1,10563.0,10563.0,13.404,6.6,6.6,TOP-DOWN,2000.0,N.I.N.A. 2.0.0.2044,2022-02-09_02-08-10_Red_-10.00_300.00s_0059.fits,1,/mnt/raid0/AstroImaging/Preselected/Flaming Star Nebula (IC405) started 4th February 2022/Lights/Red/2022-02-09_02-08-10_Red_-10.00_300.00s_0059.fits,78.7760100239898,34.4722265625,24.5962579756798,295.187651177243,2.39147284513134,East,40.0,52.2486111111111,-0.123055555555556,05 20 58,+33 46 43,87.26,100.0,5.8,80.0,1017.2,9.0,237.0,16.2
True,16,2,9576,6388,True,32768,LIGHT,300.0,300.0,2022-02-22T19:29:27.797,2022-02-22T19:29:27.797,1,1,0,10,0.779999971389771,3.76,3.76,ZWO ASI6200MM Pro,-10.0,-10.0,40,NP101is,540.0,5.4,Starlight Xpress Fil,Red,IC 405,FocusLynx Focuser 1,10034.0,10034.0,13.404,4.7,4.7,TOP-DOWN,2000.0,N.I.N.A. 2.0.0.2048,2022-02-22_19-29-27_Red_-10.00_300.00s_0060.fits,1,/mnt/raid0/AstroImaging/Preselected/Flaming Star Nebula (IC405) started 4th February 2022/Lights/Red/2022-02-22_19-29-27_Red_-10.00_300.00s_0060.fits,79.0249088902566,34.9873828125,71.9988933462402,199.294592362975,1.05128800859357,East,40.0,52.2486111111111,-0.123055555555556,05 20 58,+33 46 43,87.26,5.0,2.8,76.0,1015.2,6.8,219.0,3.24
True,16,2,9576,6388,True,32768,LIGHT,300.0,300.0,2022-02-22T19:34:32.425,2022-02-22T19:34:32.425,1,1,0,10,0.779999971389771,3.76,3.76,ZWO ASI6200MM Pro,-10.0,-10.0,40,NP101is,540.0,5.4,Starlight Xpress Fil,Red,IC 405,FocusLynx Focuser 1,10043.0,10043.0,13.404,4.6,4.6,TOP-DOWN,2000.0,N.I.N.A. 2.0.0.2048,2022-02-22_19-34-32_Red_-10.00_300.00s_0061.fits,1,/mnt/raid0/AstroImaging/Preselected/Flaming Star Nebula (IC405) started 4th February 2022/Lights/Red/2022-02-22_19-34-32_Red_-10.00_300.00s_0061.fits,79.0253239546835,34.9916015625,71.7253101366075,202.521193174332,1.05292986166954,East,40.0,52.2486111111111,-0.123055555555556,05 20 58,+33 46 43,87.26,5.0,2.8,76.0,1015.2,6.8,219.0,3.24
True,16,2,9576,6388,True,32768,LIGHT,300.0,300.0,2022-02-22T19:39:35.075,2022-02-22T19:39:35.075,1,1,0,10,0.779999971389771,3.76,3.76,ZWO ASI6200MM Pro,-10.0,-9.9,40,NP101is,540.0,5.4,Starlight Xpress Fil,Red,IC 405,FocusLynx Focuser 1,10051.0,10051.0,13.404,4.5,4.5,TOP-DOWN,2000.0,N.I.N.A. 2.0.0.2048,2022-02-22_19-39-35_Red_-9.90_300.00s_0062.fits,1,/mnt/raid0/AstroImaging/Preselected/Flaming Star Nebula (IC405) started 4th February 2022/Lights/Red/2022-02-22_19-39-35_Red_-9.90_300.00s_0062.fits,79.0262063214268,34.9921484375,71.4113753319613,205.628662675303,1.05484984730578,East,40.0,52.2486111111111,-0.123055555555556,05 20 58,+33 46 43,87.26,5.0,2.8,76.0,1015.2,6.7,219.0,3.24
True,16,2,9576,6388,True,32768,LIGHT,300.0,300.0,2022-02-22T19:44:37.750,2022-02-22T19:44:37.750,1,1,0,10,0.779999971389771,3.76,3.76,ZWO ASI6200MM Pro,-10.0,-10.0,40,NP101is,540.0,5.4,Starlight Xpress Fil,Red,IC 405,FocusLynx Focuser 1,10060.0,10060.0,13.404,4.4,4.4,TOP-DOWN,2000.0,N.I.N.A. 2.0.0.2048,2022-02-22_19-44-37_Red_-10.00_300.00s_0063.fits,1,/mnt/raid0/AstroImaging/Preselected/Flaming Star Nebula (IC405) started 4th February 2022/Lights/Red/2022-02-22_19-44-37_Red_-10.00_300.00s_0063.fits,79.0262779575763,34.9900390625,71.0550706974137,208.662796052185,1.05707593075564,East,40.0,52.2486111111111,-0.123055555555556,05 20 58,+33 46 43,87.26,5.0,2.8,76.0,1015.2,6.7,219.0,3.24
True,16,2,9576,6388,True,32768,LIGHT,300.0,300.0,2022-02-22T19:49:40.568,2022-02-22T19:49:40.568,1,1,0,10,0.779999971389771,3.76,3.76,ZWO ASI6200MM Pro,-10.0,-10.0,40,NP101is,540.0,5.4,Starlight Xpress Fil,Red,IC 405,FocusLynx Focuser 1,10072.0,10072.0,13.404,4.2,4.2,TOP-DOWN,2000.0,N.I.N.A. 2.0.0.2048,2022-02-22_19-49-40_Red_-10.00_300.00s_0064.fits,1,/mnt/raid0/AstroImaging/Preselected/Flaming Star Nebula (IC405) started 4th February 2022/Lights/Red/2022-02-22_19-49-40_Red_-10.00_300.00s_0064.fits,79.0263763482723,34.9916015625,70.6685184413022,211.589396658626,1.05954801618313,East,40.0,52.2486111111111,-0.123055555555556,05 20 58,+33 46 43,87.26,5.0,2.9,77.0,1015.2,6.6,219.0,3.24
True,16,2,9576,6388,True,32768,LIGHT,300.0,300.0,2022-02-22T19:54:43.229,2022-02-22T19:54:43.229,1,1,0,10,0.779999971389771,3.76,3.76,ZWO ASI6200MM Pro,-10.0,-10.0,40,NP101is,540.0,5.4,Starlight Xpress Fil,Red,IC 405,FocusLynx Focuser 1,10077.0,10077.0,13.404,4.2,4.2,TOP-DOWN,2000.0,N.I.N.A. 2.0.0.2048,2022-02-22_19-54-43_Red_-10.00_300.00s_0065.fits,1,/mnt/raid0/AstroImaging/Preselected/Flaming Star Nebula (IC405) started 4th February 2022/Lights/Red/2022-02-22_19-54-43_Red_-10.00_300.00s_0065.fits,79.025959032463,34.9913671875,70.2455257336119,214.424720319976,1.06232188726265,East,40.0,52.2486111111111,-0.123055555555556,05 20 58,+33 46 43,87.26,5.0,2.9,77.0,1015.2,6.6,219.0,3.24
True,16,2,9576,6388,True,32768,LIGHT,300.0,300.0,2022-02-22T20:00:07.176,2022-02-22T20:00:07.176,1,1,0,10,0.779999971389771,3.76,3.76,ZWO ASI6200MM Pro,-10.0,-10.0,40,NP101is,540.0,5.4,Starlight Xpress Fil,Red,IC 405,FocusLynx Focuser 1,10094.0,10094.0,13.404,4.0,4.0,TOP-DOWN,2000.0,N.I.N.A. 2.0.0.2048,2022-02-22_20-00-07_Red_-10.00_300.00s_0066.fits,1,/mnt/raid0/AstroImaging/Preselected/Flaming Star Nebula (IC405) started 4th February 2022/Lights/Red/2022-02-22_20-00-07_Red_-10.00_300.00s_0066.fits,79.0164949740498,34.993046875,69.758153269906,217.359802595796,1.06560811094031,East,40.0,52.2486111111111,-0.123055555555556,05 20 58,+33 46 43,87.26,5.0,2.9,78.0,1015.2,6.4,221.0,6.48
True,16,2,9576,6388,True,32768,LIGHT,300.0,300.0,2022-02-22T20:05:10.194,2022-02-22T20:05:10.194,1,1,0,10,0.779999971389771,3.76,3.76,ZWO ASI6200MM Pro,-10.0,-9.9,40,NP101is,540.0,5.4,Starlight Xpress Fil,Red,IC 405,FocusLynx Focuser 1,10094.0,10094.0,13.404,4.0,4.0,TOP-DOWN,2000.0,N.I.N.A. 2.0.0.2048,2022-02-22_20-05-10_Red_-9.90_300.00s_0067.fits,1,/mnt/raid0/AstroImaging/Preselected/Flaming Star Nebula (IC405) started 4th February 2022/Lights/Red/2022-02-22_20-05-10_Red_-9.90_300.00s_0067.fits,79.0159993990096,34.995390625,69.2770481808395,219.977835061038,1.06894804737966,East,40.0,52.2486111111111,-0.123055555555556,05 20 58,+33 46 43,87.26,5.0,2.9,78.0,1015.2,6.4,221.0,6.48
True,16,2,9576,6388,True,32768,LIGHT,300.0,300.0,2022-02-22T20:10:12.819,2022-02-22T20:10:12.819,1,1,0,10,0.779999971389771,3.76,3.76,ZWO ASI6200MM Pro,-10.0,-10.0,40,NP101is,540.0,5.4,Starlight Xpress Fil,Red,IC 405,FocusLynx Focuser 1,10103.0,10103.0,13.404,3.9,3.9,TOP-DOWN,2000.0,N.I.N.A. 2.0.0.2048,2022-02-22_20-10-12_Red_-10.00_300.00s_0068.fits,1,/mnt/raid0/AstroImaging/Preselected/Flaming Star Nebula (IC405) started 4th February 2022/Lights/Red/2022-02-22_20-10-12_Red_-10.00_300.00s_0068.fits,79.0145945162367,34.99640625,68.766730181914,222.501411004676,1.07259653094778,East,40.0,52.2486111111111,-0.123055555555556,05 20 58,+33 46 43,87.26,5.0,2.8,78.0,1015.2,6.4,221.0,6.48
True,16,2,9576,6388,True,32768,LIGHT,300.0,300.0,2022-02-22T20:15:15.528,2022-02-22T20:15:15.528,1,1,0,10,0.779999971389771,3.76,3.76,ZWO ASI6200MM Pro,-10.0,-10.0,40,NP101is,540.0,5.4,Starlight Xpress Fil,Red,IC 405,FocusLynx Focuser 1,10103.0,10103.0,13.404,3.9,3.9,TOP-DOWN,2000.0,N.I.N.A. 2.0.0.2048,2022-02-22_20-15-15_Red_-10.00_300.00s_0069.fits,1,/mnt/raid0/AstroImaging/Preselected/Flaming Star Nebula (IC405) started 4th February 2022/Lights/Red/2022-02-22_20-15-15_Red_-10.00_300.00s_0069.fits,79.0147993144895,34.994609375,68.2302095884755,224.919183033001,1.07655156278055,East,40.0,52.2486111111111,-0.123055555555556,05 20 58,+33 46 43,87.26,5.0,2.8,78.0,1015.2,6.4,221.0,6.48
True,16,2,9576,6388,True,32768,LIGHT,300.0,300.0,2022-02-22T20:20:18.201,2022-02-22T20:20:18.201,1,1,0,10,0.779999971389771,3.76,3.76,ZWO ASI6200MM Pro,-10.0,-10.0,40,NP101is,540.0,5.4,Starlight Xpress Fil,Red,IC 405,FocusLynx Focuser 1,10103.0,10103.0,13.404,3.9,3.9,TOP-DOWN,2000.0,N.I.N.A. 2.0.0.2048,2022-02-22_20-20-18_Red_-10.00_300.00s_0070.fits,1,/mnt/raid0/AstroImaging/Preselected/Flaming Star Nebula (IC405) started 4th February 2022/Lights/Red/2022-02-22_20-20-18_Red_-10.00_300.00s_0070.fits,79.0121076295427,34.99671875,67.6713287213629,227.259751496389,1.08080354478578,East,40.0,52.2486111111111,-0.123055555555556,05 20 58,+33 46 43,87.26,5.0,2.8,78.0,1015.2,6.3,221.0,6.48
True,16,2,9576,6388,True,32768,LIGHT,300.0,300.0,2022-02-22T20:25:20.969,2022-02-22T20:25:20.969,1,1,0,10,0.779999971389771,3.76,3.76,ZWO ASI6200MM Pro,-10.0,-9.9,40,NP101is,540.0,5.4,Starlight Xpress Fil,Red,IC 405,FocusLynx Focuser 1,10103.0,10103.0,13.404,3.9,3.9,TOP-DOWN,2000.0,N.I.N.A. 2.0.0.2048,2022-02-22_20-25-20_Red_-9.90_300.00s_0071.fits,1,/mnt/raid0/AstroImaging/Preselected/Flaming Star Nebula (IC405) started 4th February 2022/Lights/Red/2022-02-22_20-25-20_Red_-9.90_300.00s_0071.fits,79.0096066078297,34.99765625,67.0825520653428,229.535382165123,1.08543142199777,East,40.0,52.2486111111111,-0.123055555555556,05 20 58,+33 46 43,87.26,5.0,2.8,78.0,1015.2,6.3,221.0,6.48
True,16,2,9576,6388,True,32768,LIGHT,300.0,300.0,2022-02-22T20:38:29.198,2022-02-22T20:38:29.198,1,1,0,10,0.779999971389771,3.76,3.76,ZWO ASI6200MM Pro,-10.0,-9.8,40,NP101is,540.0,5.4,Starlight Xpress Fil,Red,IC 405,FocusLynx Focuser 1,10006.0,10006.0,13.404,3.9,3.9,TOP-DOWN,2000.0,N.I.N.A. 2.0.0.2048,2022-02-22_20-38-29_Red_-9.80_300.00s_0072.fits,1,/mnt/raid0/AstroImaging/Preselected/Flaming Star Nebula (IC405) started 4th February 2022/Lights/Red/2022-02-22_20-38-29_Red_-9.80_300.00s_0072.fits,79.0052415691381,35.002578125,65.4917569793486,234.958282978166,1.09872027341013,East,40.0,52.2486111111111,-0.123055555555556,05 20 58,+33 46 43,87.26,3.0,2.4,77.0,1015.2,6.2,263.0,7.92
True,16,2,9576,6388,True,32768,LIGHT,300.0,300.0,2022-02-22T20:43:36.247,2022-02-22T20:43:36.247,1,1,0,10,0.779999971389771,3.76,3.76,ZWO ASI6200MM Pro,-10.0,-10.0,40,NP101is,540.0,5.4,Starlight Xpress Fil,Red,IC 405,FocusLynx Focuser 1,10015.0,10015.0,13.404,3.8,3.8,TOP-DOWN,2000.0,N.I.N.A. 2.0.0.2048,2022-02-22_20-43-36_Red_-10.00_300.00s_0073.fits,1,/mnt/raid0/AstroImaging/Preselected/Flaming Star Nebula (IC405) started 4th February 2022/Lights/Red/2022-02-22_20-43-36_Red_-10.00_300.00s_0073.fits,79.0050578148895,35.0025390625,64.8521055767524,236.892245151966,1.10439712062147,East,40.0,52.2486111111111,-0.123055555555556,05 20 58,+33 46 43,87.26,3.0,2.4,77.0,1015.2,6.2,263.0,7.92
True,16,2,9576,6388,True,32768,LIGHT,300.0,300.0,2022-02-22T20:52:11.439,2022-02-22T20:52:11.439,1,1,0,10,0.779999971389771,3.76,3.76,ZWO ASI6200MM Pro,-10.0,-10.0,40,NP101is,540.0,5.4,Starlight Xpress Fil,Red,IC 405,FocusLynx Focuser 1,10015.0,10015.0,13.404,3.8,3.8,TOP-DOWN,2000.0,N.I.N.A. 2.0.0.2048,2022-02-22_20-52-11_Red_-10.00_300.00s_0074.fits,1,/mnt/raid0/AstroImaging/Preselected/Flaming Star Nebula (IC405) started 4th February 2022/Lights/Red/2022-02-22_20-52-11_Red_-10.00_300.00s_0074.fits,79.0124650897625,34.9888671875,63.7204242995169,239.999410966674,1.11492806046699,East,40.0,52.2486111111111,-0.123055555555556,05 20 58,+33 46 43,87.26,3.0,2.4,77.0,1016.2,6.1,263.0,7.92
True,16,2,9576,6388,True,32768,LIGHT,300.0,300.0,2022-02-22T20:57:14.067,2022-02-22T20:57:14.067,1,1,0,10,0.779999971389771,3.76,3.76,ZWO ASI6200MM Pro,-10.0,-10.0,40,NP101is,540.0,5.4,Starlight Xpress Fil,Red,IC 405,FocusLynx Focuser 1,10015.0,10015.0,13.404,3.8,3.8,TOP-DOWN,2000.0,N.I.N.A. 2.0.0.2048,2022-02-22_20-57-14_Red_-10.00_300.00s_0075.fits,1,/mnt/raid0/AstroImaging/Preselected/Flaming Star Nebula (IC405) started 4th February 2022/Lights/Red/2022-02-22_20-57-14_Red_-10.00_300.00s_0075.fits,79.0104521841529,34.994375,63.0436423217598,241.772013104435,1.12153248857018,East,40.0,52.2486111111111,-0.123055555555556,05 20 58,+33 46 43,87.26,3.0,2.4,77.0,1016.2,6.1,263.0,7.92
True,16,2,9576,6388,True,32768,LIGHT,300.0,300.0,2022-02-22T21:13:14.189,2022-02-22T21:13:14.189,1,1,0,10,0.779999971389771,3.76,3.76,ZWO ASI6200MM Pro,-10.0,-9.9,40,NP101is,540.0,5.4,Starlight Xpress Fil,Red,IC 405,FocusLynx Focuser 1,9980.0,9980.0,13.404,3.8,3.8,TOP-DOWN,2000.0,N.I.N.A. 2.0.0.2048,2022-02-22_21-13-14_Red_-9.90_300.00s_0076.fits,1,/mnt/raid0/AstroImaging/Preselected/Flaming Star Nebula (IC405) started 4th February 2022/Lights/Red/2022-02-22_21-13-14_Red_-9.90_300.00s_0076.fits,79.0079363228514,34.9959765625,60.8273849062261,246.946403844227,1.14485057951155,East,40.0,52.2486111111111,-0.123055555555556,05 20 58,+33 46 43,87.26,3.0,2.5,78.0,1016.2,6.1,269.0,9.72
True,16,2,9576,6388,True,32768,LIGHT,300.0,300.0,2022-02-22T21:18:18.987,2022-02-22T21:18:18.987,1,1,0,10,0.779999971389771,3.76,3.76,ZWO ASI6200MM Pro,-10.0,-10.0,40,NP101is,540.0,5.4,Starlight Xpress Fil,Red,IC 405,FocusLynx Focuser 1,9980.0,9980.0,13.404,3.8,3.8,TOP-DOWN,2000.0,N.I.N.A. 2.0.0.2048,2022-02-22_21-18-18_Red_-10.00_300.00s_0077.fits,1,/mnt/raid0/AstroImaging/Preselected/Flaming Star Nebula (IC405) started 4th February 2022/Lights/Red/2022-02-22_21-18-18_Red_-10.00_300.00s_0077.fits,79.0079109582403,34.99046875,60.1084418141792,248.4542696753,1.15299845683995,East,40.0,52.2486111111111,-0.123055555555556,05 20 58,+33 46 43,87.26,3.0,2.5,78.0,1016.2,6.0,269.0,9.72
True,16,2,9576,6388,True,32768,LIGHT,300.0,300.0,2022-02-22T21:23:31.472,2022-02-22T21:23:31.472,1,1,0,10,0.779999971389771,3.76,3.76,ZWO ASI6200MM Pro,-10.0,-10.0,40,NP101is,540.0,5.4,Starlight Xpress Fil,Red,IC 405,FocusLynx Focuser 1,9980.0,9980.0,13.404,3.8,3.8,TOP-DOWN,2000.0,N.I.N.A. 2.0.0.2048,2022-02-22_21-23-31_Red_-10.00_300.00s_0078.fits,1,/mnt/raid0/AstroImaging/Preselected/Flaming Star Nebula (IC405) started 4th February 2022/Lights/Red/2022-02-22_21-23-31_Red_-10.00_300.00s_0078.fits,79.008561129127,34.99015625,59.3628999457066,249.968339320204,1.16176525339867,East,40.0,52.2486111111111,-0.123055555555556,05 20 58,+33 46 43,87.26,3.0,2.5,78.0,1016.2,6.0,269.0,9.72
True,16,2,9576,6388,True,32768,LIGHT,300.0,300.0,2022-02-22T21:28:34.191,2022-02-22T21:28:34.191,1,1,0,10,0.779999971389771,3.76,3.76,ZWO ASI6200MM Pro,-10.0,-9.9,40,NP101is,540.0,5.4,Starlight Xpress Fil,Red,IC 405,FocusLynx Focuser 1,9980.0,9980.0,13.404,3.7,3.7,TOP-DOWN,2000.0,N.I.N.A. 2.0.0.2048,2022-02-22_21-28-34_Red_-9.90_300.00s_0079.fits,1,/mnt/raid0/AstroImaging/Preselected/Flaming Star Nebula (IC405) started 4th February 2022/Lights/Red/2022-02-22_21-28-34_Red_-9.90_300.00s_0079.fits,79.0069936216639,34.9957421875,58.6309646425258,251.412115265145,1.17069642773974,East,40.0,52.2486111111111,-0.123055555555556,05 20 58,+33 46 43,87.26,2.0,2.4,79.0,1016.2,5.7,265.0,7.92
True,16,2,9576,6388,True,32768,LIGHT,300.0,300.0,2022-02-22T21:33:37.040,2022-02-22T21:33:37.040,1,1,0,10,0.779999971389771,3.76,3.76,ZWO ASI6200MM Pro,-10.0,-10.0,40,NP101is,540.0,5.4,Starlight Xpress Fil,Red,IC 405,FocusLynx Focuser 1,9980.0,9980.0,13.404,3.6,3.6,TOP-DOWN,2000.0,N.I.N.A. 2.0.0.2048,2022-02-22_21-33-37_Red_-10.00_300.00s_0080.fits,1,/mnt/raid0/AstroImaging/Preselected/Flaming Star Nebula (IC405) started 4th February 2022/Lights/Red/2022-02-22_21-33-37_Red_-10.00_300.00s_0080.fits,79.0081048594936,34.99140625,57.8940759763656,252.7854550018,1.18002328182533,East,40.0,52.2486111111111,-0.123055555555556,05 20 58,+33 46 43,87.26,2.0,2.4,79.0,1016.2,5.7,265.0,7.92
True,16,2,9576,6388,True,32768,LIGHT,300.0,300.0,2022-02-22T21:38:39.637,2022-02-22T21:38:39.637,1,1,0,10,0.779999971389771,3.76,3.76,ZWO ASI6200MM Pro,-10.0,-10.0,40,NP101is,540.0,5.4,Starlight Xpress Fil,Red,IC 405,FocusLynx Focuser 1,9980.0,9980.0,13.404,3.5,3.5,TOP-DOWN,2000.0,N.I.N.A. 2.0.0.2048,2022-02-22_21-38-39_Red_-10.00_300.00s_0081.fits,1,/mnt/raid0/AstroImaging/Preselected/Flaming Star Nebula (IC405) started 4th February 2022/Lights/Red/2022-02-22_21-38-39_Red_-10.00_300.00s_0081.fits,79.0084534403503,34.995390625,57.1524449772072,254.140900611668,1.18976108094319,East,40.0,52.2486111111111,-0.123055555555556,05 20 58,+33 46 43,87.26,2.0,2.3,79.0,1016.2,5.7,265.0,7.92
True,16,2,9576,6388,True,32768,LIGHT,300.0,300.0,2022-02-22T21:43:43.539,2022-02-22T21:43:43.539,1,1,0,10,0.779999971389771,3.76,3.76,ZWO ASI6200MM Pro,-10.0,-9.9,40,NP101is,540.0,5.4,Starlight Xpress Fil,Red,IC 405,FocusLynx Focuser 1,9980.0,9980.0,13.404,3.5,3.5,TOP-DOWN,2000.0,N.I.N.A. 2.0.0.2048,2022-02-22_21-43-43_Red_-9.90_300.00s_0082.fits,1,/mnt/raid0/AstroImaging/Preselected/Flaming Star Nebula (IC405) started 4th February 2022/Lights/Red/2022-02-22_21-43-43_Red_-9.90_300.00s_0082.fits,79.0078366222752,34.9944921875,56.4012648860954,255.455591508927,1.19999545116851,East,40.0,52.2486111111111,-0.123055555555556,05 20 58,+33 46 43,87.26,2.0,2.3,79.0,1016.2,5.7,265.0,7.92
True,16,2,9576,6388,True,32768,LIGHT,300.0,300.0,2022-02-22T21:48:48.029,2022-02-22T21:48:48.029,1,1,0,10,0.779999971389771,3.76,3.76,ZWO ASI6200MM Pro,-10.0,-10.0,40,NP101is,540.0,5.4,Starlight Xpress Fil,Red,IC 405,FocusLynx Focuser 1,9980.0,9980.0,13.404,3.5,3.5,TOP-DOWN,2000.0,N.I.N.A. 2.0.0.2048,2022-02-22_21-48-48_Red_-10.00_300.00s_0083.fits,1,/mnt/raid0/AstroImaging/Preselected/Flaming Star Nebula (IC405) started 4th February 2022/Lights/Red/2022-02-22_21-48-48_Red_-10.00_300.00s_0083.fits,79.0064811969236,34.99375,55.6449998419421,256.737730107298,1.21068981907376,East,40.0,52.2486111111111,-0.123055555555556,05 20 58,+33 46 43,87.26,2.0,2.2,79.0,1016.2,5.6,265.0,7.92
True,16,2,9576,6388,True,32768,LIGHT,300.0,300.0,2022-02-22T21:54:12.375,2022-02-22T21:54:12.375,1,1,0,10,0.779999971389771,3.76,3.76,ZWO ASI6200MM Pro,-10.0,-9.9,40,NP101is,540.0,5.4,Starlight Xpress Fil,Red,IC 405,FocusLynx Focuser 1,9980.0,9980.0,13.404,3.4,3.4,TOP-DOWN,2000.0,N.I.N.A. 2.0.0.2048,2022-02-22_21-54-12_Red_-9.90_300.00s_0084.fits,1,/mnt/raid0/AstroImaging/Preselected/Flaming Star Nebula (IC405) started 4th February 2022/Lights/Red/2022-02-22_21-54-12_Red_-9.90_300.00s_0084.fits,79.0037466558278,35.0012890625,54.8401193421581,258.080056457161,1.22251833637118,East,40.0,52.2486111111111,-0.123055555555556,05 20 58,+33 46 43,87.26,2.0,2.2,79.0,1016.2,5.6,265.0,7.92
True,16,2,9576,6388,True,32768,LIGHT,300.0,300.0,2022-02-22T21:59:15.178,2022-02-22T21:59:15.178,1,1,0,10,0.779999971389771,3.76,3.76,ZWO ASI6200MM Pro,-10.0,-10.0,40,NP101is,540.0,5.4,Starlight Xpress Fil,Red,IC 405,FocusLynx Focuser 1,9980.0,9980.0,13.404,3.4,3.4,TOP-DOWN,2000.0,N.I.N.A. 2.0.0.2048,2022-02-22_21-59-15_Red_-10.00_300.00s_0085.fits,1,/mnt/raid0/AstroImaging/Preselected/Flaming Star Nebula (IC405) started 4th February 2022/Lights/Red/2022-02-22_21-59-15_Red_-10.00_300.00s_0085.fits,79.002332106947,34.996796875,54.074687508493,259.29201115052,1.23421075040776,East,40.0,52.2486111111111,-0.123055555555556,05 20 58,+33 46 43,87.26,2.0,2.2,79.0,1016.2,5.5,261.0,7.92
True,16,2,9576,6388,True,32768,LIGHT,300.0,300.0,2022-02-22T22:04:18.747,2022-02-22T22:04:18.747,1,1,0,10,0.779999971389771,3.76,3.76,ZWO ASI6200MM Pro,-10.0,-10.0,40,NP101is,540.0,5.4,Starlight Xpress Fil,Red,IC 405,FocusLynx Focuser 1,9980.0,9980.0,13.404,3.3,3.3,TOP-DOWN,2000.0,N.I.N.A. 2.0.0.2048,2022-02-22_22-04-18_Red_-10.00_300.00s_0086.fits,1,/mnt/raid0/AstroImaging/Preselected/Flaming Star Nebula (IC405) started 4th February 2022/Lights/Red/2022-02-22_22-04-18_Red_-10.00_300.00s_0086.fits,79.0013887486848,34.9962890625,53.3087041343128,260.481653337103,1.24636155351031,East,40.0,52.2486111111111,-0.123055555555556,05 20 58,+33 46 43,87.26,2.0,2.2,79.0,1016.2,5.5,261.0,7.92
True,16,2,9576,6388,True,32768,LIGHT,300.0,300.0,2022-02-22T22:09:21.512,2022-02-22T22:09:21.512,1,1,0,10,0.779999971389771,3.76,3.76,ZWO ASI6200MM Pro,-10.0,-10.0,40,NP101is,540.0,5.4,Starlight Xpress Fil,Red,IC 405,FocusLynx Focuser 1,9980.0,9980.0,13.404,3.2,3.2,TOP-DOWN,2000.0,N.I.N.A. 2.0.0.2048,2022-02-22_22-09-21_Red_-10.00_300.00s_0087.fits,1,/mnt/raid0/AstroImaging/Preselected/Flaming Star Nebula (IC405) started 4th February 2022/Lights/Red/2022-02-22_22-09-21_Red_-10.00_300.00s_0087.fits,79.0009639042878,35.00203125,52.5484279032727,261.646736603968,1.25888445287912,East,40.0,52.2486111111111,-0.123055555555556,05 20 58,+33 46 43,87.26,2.0,2.1,79.0,1016.2,5.4,261.0,7.92
True,16,2,9576,6388,True,32768,LIGHT,300.0,300.0,2022-02-22T22:14:24.158,2022-02-22T22:14:24.158,1,1,0,10,0.779999971389771,3.76,3.76,ZWO ASI6200MM Pro,-10.0,-10.0,40,NP101is,540.0,5.4,Starlight Xpress Fil,Red,IC 405,FocusLynx Focuser 1,9980.0,9980.0,13.404,3.0,3.0,TOP-DOWN,2000.0,N.I.N.A. 2.0.0.2048,2022-02-22_22-14-24_Red_-10.00_300.00s_0088.fits,1,/mnt/raid0/AstroImaging/Preselected/Flaming Star Nebula (IC405) started 4th February 2022/Lights/Red/2022-02-22_22-14-24_Red_-10.00_300.00s_0088.fits,78.9995156042992,35.002265625,51.7793799210753,262.785063489624,1.27203962506436,East,40.0,52.2486111111111,-0.123055555555556,05 20 58,+33 46 43,87.26,2.0,2.1,79.0,1016.2,5.4,261.0,7.92
True,16,2,9576,6388,True,32768,LIGHT,300.0,300.0,2022-02-22T22:19:26.981,2022-02-22T22:19:26.981,1,1,0,10,0.779999971389771,3.76,3.76,ZWO ASI6200MM Pro,-10.0,-9.9,40,NP101is,540.0,5.4,Starlight Xpress Fil,Red,IC 405,FocusLynx Focuser 1,9980.0,9980.0,13.404,2.8,2.8,TOP-DOWN,2000.0,N.I.N.A. 2.0.0.2048,2022-02-22_22-19-26_Red_-9.90_300.00s_0089.fits,1,/mnt/raid0/AstroImaging/Preselected/Flaming Star Nebula (IC405) started 4th February 2022/Lights/Red/2022-02-22_22-19-26_Red_-9.90_300.00s_0089.fits,78.9977357508422,34.9965625,51.005794931727,263.891768541386,1.28578776662034,East,40.0,52.2486111111111,-0.123055555555556,05 20 58,+33 46 43,87.26,2.0,2.2,80.0,1016.2,5.4,261.0,7.92
True,16,2,9576,6388,True,32768,LIGHT,300.0,300.0,2022-03-18T22:18:50.895,2022-03-18T22:18:50.895,1,1,100,10,0.246657639741898,3.76,3.76,ZWO ASI6200MM Pro,-10.0,-9.9,40,NP101is,540.0,5.4,Starlight Xpress Fil,SII,IC 405,FocusLynx Focuser 1,8930.0,8930.0,13.404,4.6,4.6,TOP-DOWN,2000.0,N.I.N.A. 2.0.0.2051,IC 405_2022-03-18_22-18-50_SII_100_-9.90_300.00s_0.00as_0000.fits,1,/mnt/raid0/AstroImaging/Preselected/Flaming Star Nebula (IC405) started 4th February 2022/Lights/SII/IC 405_2022-03-18_22-18-50_SII_100_-9.90_300.00s_0.00as_0000.fits,80.2427456248897,33.7805981773151,36.87492,279.65056,1.66364194350006,East,25.5,52.2486944444444,-0.123055555555556,05 20 58,+33 46 43,180.87,8.0,4.6,88.0,1039.1,6.5,129.0,1.44
True,16,2,9576,6388,True,32768,LIGHT,300.0,300.0,2022-03-18T22:23:55.557,2022-03-18T22:23:55.557,1,1,100,10,0.246657639741898,3.76,3.76,ZWO ASI6200MM Pro,-10.0,-10.0,40,NP101is,540.0,5.4,Starlight Xpress Fil,SII,IC 405,FocusLynx Focuser 1,8942.0,8942.0,13.404,4.4,4.4,TOP-DOWN,2000.0,N.I.N.A. 2.0.0.2051,IC 405_2022-03-18_22-23-55_SII_100_-10.00_300.00s_0.00as_0001.fits,1,/mnt/raid0/AstroImaging/Preselected/Flaming Star Nebula (IC405) started 4th February 2022/Lights/SII/IC 405_2022-03-18_22-23-55_SII_100_-10.00_300.00s_0.00as_0001.fits,80.2428059403266,33.7806283266062,36.11375,280.54916,1.69362541215568,East,25.5,52.2486944444444,-0.123055555555556,05 20 58,+33 46 43,180.87,8.0,4.6,88.0,1039.1,6.5,129.0,1.44
True,16,2,9576,6388,True,32768,LIGHT,300.0,300.0,2022-03-18T22:28:58.081,2022-03-18T22:28:58.081,1,1,100,10,0.246657639741898,3.76,3.76,ZWO ASI6200MM Pro,-10.0,-10.0,40,NP101is,540.0,5.4,Starlight Xpress Fil,SII,IC 405,FocusLynx Focuser 1,8946.0,8946.0,13.404,4.4,4.4,TOP-DOWN,2000.0,N.I.N.A. 2.0.0.2051,IC 405_2022-03-18_22-28-58_SII_100_-10.00_300.00s_0.00as_0002.fits,1,/mnt/raid0/AstroImaging/Preselected/Flaming Star Nebula (IC405) started 4th February 2022/Lights/SII/IC 405_2022-03-18_22-28-58_SII_100_-10.00_300.00s_0.00as_0002.fits,80.2427765612937,33.7805682969124,35.3562,281.44113,1.72486118287452,East,25.5,52.2486944444444,-0.123055555555556,05 20 58,+33 46 43,180.87,7.0,4.6,89.0,1039.1,6.3,68.0,1.44
True,16,2,9576,6388,True,32768,LIGHT,300.0,300.0,2022-03-18T22:34:00.683,2022-03-18T22:34:00.683,1,1,100,10,0.246657639741898,3.76,3.76,ZWO ASI6200MM Pro,-10.0,-10.0,40,NP101is,540.0,5.4,Starlight Xpress Fil,SII,IC 405,FocusLynx Focuser 1,8954.0,8954.0,13.404,4.3,4.3,TOP-DOWN,2000.0,N.I.N.A. 2.0.0.2051,IC 405_2022-03-18_22-34-00_SII_100_-10.00_300.00s_0.00as_0003.fits,1,/mnt/raid0/AstroImaging/Preselected/Flaming Star Nebula (IC405) started 4th February 2022/Lights/SII/IC 405_2022-03-18_22-34-00_SII_100_-10.00_300.00s_0.00as_0003.fits,80.2428668978763,33.7805885102351,34.59613,282.33321,1.75768910088212,East,25.5,52.2486944444444,-0.123055555555556,05 20 58,+33 46 43,180.87,7.0,4.6,89.0,1039.1,6.3,68.0,1.44
True,16,2,9576,6388,True,32768,LIGHT,300.0,300.0,2022-03-18T22:43:30.448,2022-03-18T22:43:30.448,1,1,100,10,0.246657639741898,3.76,3.76,ZWO ASI6200MM Pro,-10.0,-10.0,40,NP101is,540.0,5.4,Starlight Xpress Fil,SII,IC 405,FocusLynx Focuser 1,8919.0,8919.0,13.404,4.2,4.2,TOP-DOWN,2000.0,N.I.N.A. 2.0.0.2051,IC 405_2022-03-18_22-43-30_SII_100_-10.00_300.00s_0.00as_0004.fits,1,/mnt/raid0/AstroImaging/Preselected/Flaming Star Nebula (IC405) started 4th February 2022/Lights/SII/IC 405_2022-03-18_22-43-30_SII_100_-10.00_300.00s_0.00as_0004.fits,80.2428376863337,33.7805984977984,33.1772,283.99416,1.82330679589446,East,25.5,52.2486944444444,-0.123055555555556,05 20 58,+33 46 43,180.87,7.0,4.5,89.0,1039.1,6.2,73.0,13.32
True,16,2,9576,6388,True,32768,LIGHT,300.0,300.0,2022-03-18T22:48:49.816,2022-03-18T22:48:49.816,1,1,100,10,0.246657639741898,3.76,3.76,ZWO ASI6200MM Pro,-10.0,-10.0,40,NP101is,540.0,5.4,Starlight Xpress Fil,SII,IC 405,FocusLynx Focuser 1,8936.0,8936.0,13.404,4.0,4.0,TOP-DOWN,2000.0,N.I.N.A. 2.0.0.2051,IC 405_2022-03-18_22-48-49_SII_100_-10.00_300.00s_0.00as_0005.fits,1,/mnt/raid0/AstroImaging/Preselected/Flaming Star Nebula (IC405) started 4th February 2022/Lights/SII/IC 405_2022-03-18_22-48-49_SII_100_-10.00_300.00s_0.00as_0005.fits,80.2430189806168,33.7802989332337,32.38628,284.91824,1.86255113480263,East,25.5,52.2486944444444,-0.123055555555556,05 20 58,+33 46 43,180.87,7.0,4.4,90.0,1039.1,5.9,58.0,1.44
True,16,2,9576,6388,True,32768,LIGHT,300.0,300.0,2022-03-18T22:53:53.440,2022-03-18T22:53:53.440,1,1,100,10,0.246657639741898,3.76,3.76,ZWO ASI6200MM Pro,-10.0,-10.0,40,NP101is,540.0,5.4,Starlight Xpress Fil,SII,IC 405,FocusLynx Focuser 1,8944.0,8944.0,13.404,3.9,3.9,TOP-DOWN,2000.0,N.I.N.A. 2.0.0.2051,IC 405_2022-03-18_22-53-53_SII_100_-10.00_300.00s_0.00as_0006.fits,1,/mnt/raid0/AstroImaging/Preselected/Flaming Star Nebula (IC405) started 4th February 2022/Lights/SII/IC 405_2022-03-18_22-53-53_SII_100_-10.00_300.00s_0.00as_0006.fits,80.2430244993867,33.7802689742368,31.63953,285.79112,1.90151695247111,East,25.5,52.2486944444444,-0.123055555555556,05 20 58,+33 46 43,180.87,7.0,4.4,90.0,1039.1,5.9,58.0,1.44
True,16,2,9576,6388,True,32768,LIGHT,300.0,300.0,2022-03-18T22:58:56.096,2022-03-18T22:58:56.096,1,1,100,10,0.246657639741898,3.76,3.76,ZWO ASI6200MM Pro,-10.0,-10.0,40,NP101is,540.0,5.4,Starlight Xpress Fil,SII,IC 405,FocusLynx Focuser 1,8953.0,8953.0,13.404,3.8,3.8,TOP-DOWN,2000.0,N.I.N.A. 2.0.0.2051,IC 405_2022-03-18_22-58-56_SII_100_-10.00_300.00s_0.00as_0007.fits,1,/mnt/raid0/AstroImaging/Preselected/Flaming Star Nebula (IC405) started 4th February 2022/Lights/SII/IC 405_2022-03-18_22-58-56_SII_100_-10.00_300.00s_0.00as_0007.fits,80.2429749777184,33.7802588983255,30.89402,286.66318,1.94240540574809,East,25.5,52.2486944444444,-0.123055555555556,05 20 58,+33 46 43,180.87,7.0,4.2,90.0,1038.1,5.7,46.0,3.24
True,16,2,9576,6388,True,32768,LIGHT,300.0,300.0,2022-03-19T20:30:57.836,2022-03-19T20:30:57.836,1,1,100,10,0.246657639741898,3.76,3.76,ZWO ASI6200MM Pro,-10.0,-9.9,40,NP101is,540.0,5.4,Starlight Xpress Fil,SII,IC 405,FocusLynx Focuser 1,8670.0,8670.0,13.404,4.0,4.0,TOP-DOWN,2000.0,N.I.N.A. 2.0.0.2051,IC 405_2022-03-19_20-30-57_SII_100_-9.90_300.00s_0.00as_0008.fits,1,/mnt/raid0/AstroImaging/Preselected/Flaming Star Nebula (IC405) started 4th February 2022/Lights/SII/IC 405_2022-03-19_20-30-57_SII_100_-9.90_300.00s_0.00as_0008.fits,80.241303094786,33.7786052864882,52.72582,258.68727,1.25592035546358,East,25.5,52.2486944444444,-0.123055555555556,05 20 58,+33 46 43,180.87,0.0,1.7,70.0,1029.1,6.8,64.0,7.92
True,16,2,9576,6388,True,32768,LIGHT,300.0,300.0,2022-03-19T20:36:02.540,2022-03-19T20:36:02.540,1,1,100,10,0.246657639741898,3.76,3.76,ZWO ASI6200MM Pro,-10.0,-10.0,40,NP101is,540.0,5.4,Starlight Xpress Fil,SII,IC 405,FocusLynx Focuser 1,8670.0,8670.0,13.404,4.0,4.0,TOP-DOWN,2000.0,N.I.N.A. 2.0.0.2051,IC 405_2022-03-19_20-36-02_SII_100_-10.00_300.00s_0.00as_0009.fits,1,/mnt/raid0/AstroImaging/Preselected/Flaming Star Nebula (IC405) started 4th February 2022/Lights/SII/IC 405_2022-03-19_20-36-02_SII_100_-10.00_300.00s_0.00as_0009.fits,80.2414084913146,33.7785955564636,51.96684,259.87156,1.26878668903932,East,25.5,52.2486944444444,-0.123055555555556,05 20 58,+33 46 43,180.87,0.0,1.8,71.0,1029.1,6.6,64.0,7.92
True,16,2,9576,6388,True,32768,LIGHT,300.0,300.0,2022-03-19T20:41:05.168,2022-03-19T20:41:05.168,1,1,100,10,0.246657639741898,3.76,3.76,ZWO ASI6200MM Pro,-10.0,-10.0,40,NP101is,540.0,5.4,Starlight Xpress Fil,SII,IC 405,FocusLynx Focuser 1,8679.0,8679.0,13.404,3.9,3.9,TOP-DOWN,2000.0,N.I.N.A. 2.0.0.2051,IC 405_2022-03-19_20-41-05_SII_100_-10.00_300.00s_0.00as_0010.fits,1,/mnt/raid0/AstroImaging/Preselected/Flaming Star Nebula (IC405) started 4th February 2022/Lights/SII/IC 405_2022-03-19_20-41-05_SII_100_-10.00_300.00s_0.00as_0010.fits,80.2414389482941,33.7785756711307,51.20112,261.03715,1.28226649544528,East,25.5,52.2486944444444,-0.123055555555556,05 20 58,+33 46 43,180.87,0.0,1.8,71.0,1029.1,6.6,64.0,7.92
True,16,2,9576,6388,True,32768,LIGHT,300.0,300.0,2022-03-19T20:46:20.846,2022-03-19T20:46:20.846,1,1,100,10,0.246657639741898,3.76,3.76,ZWO ASI6200MM Pro,-10.0,-10.0,40,NP101is,540.0,5.4,Starlight Xpress Fil,SII,IC 405,FocusLynx Focuser 1,8679.0,8679.0,13.404,3.9,3.9,TOP-DOWN,2000.0,N.I.N.A. 2.0.0.2051,IC 405_2022-03-19_20-46-20_SII_100_-10.00_300.00s_0.00as_0011.fits,1,/mnt/raid0/AstroImaging/Preselected/Flaming Star Nebula (IC405) started 4th February 2022/Lights/SII/IC 405_2022-03-19_20-46-20_SII_100_-10.00_300.00s_0.00as_0011.fits,80.2427617965053,33.7792684225458,50.40282,262.22523,1.29687630820607,East,25.5,52.2486944444444,-0.123055555555556,05 20 58,+33 46 43,180.87,0.0,1.9,75.0,1030.1,6.0,66.0,6.48
True,16,2,9576,6388,True,32768,LIGHT,300.0,300.0,2022-03-19T20:51:24.587,2022-03-19T20:51:24.587,1,1,100,10,0.246657639741898,3.76,3.76,ZWO ASI6200MM Pro,-10.0,-10.0,40,NP101is,540.0,5.4,Starlight Xpress Fil,SII,IC 405,FocusLynx Focuser 1,8687.0,8687.0,13.404,3.8,3.8,TOP-DOWN,2000.0,N.I.N.A. 2.0.0.2051,IC 405_2022-03-19_20-51-24_SII_100_-10.00_300.00s_0.00as_0012.fits,1,/mnt/raid0/AstroImaging/Preselected/Flaming Star Nebula (IC405) started 4th February 2022/Lights/SII/IC 405_2022-03-19_20-51-24_SII_100_-10.00_300.00s_0.00as_0012.fits,80.2428921545635,33.7792687441647,49.63319,263.34382,1.3115225878769,East,25.5,52.2486944444444,-0.123055555555556,05 20 58,+33 46 43,180.87,0.0,1.9,75.0,1030.1,6.0,66.0,6.48
True,16,2,9576,6388,True,32768,LIGHT,300.0,300.0,2022-03-19T20:56:27.167,2022-03-19T20:56:27.167,1,1,100,10,0.246657639741898,3.76,3.76,ZWO ASI6200MM Pro,-10.0,-10.0,40,NP101is,540.0,5.4,Starlight Xpress Fil,SII,IC 405,FocusLynx Focuser 1,8696.0,8696.0,13.404,3.7,3.7,TOP-DOWN,2000.0,N.I.N.A. 2.0.0.2051,IC 405_2022-03-19_20-56-27_SII_100_-10.00_300.00s_0.00as_0013.fits,1,/mnt/raid0/AstroImaging/Preselected/Flaming Star Nebula (IC405) started 4th February 2022/Lights/SII/IC 405_2022-03-19_20-56-27_SII_100_-10.00_300.00s_0.00as_0013.fits,80.2428025629354,33.7792786050878,48.86351,264.43963,1.32674522523474,East,25.5,52.2486944444444,-0.123055555555556,05 20 58,+33 46 43,180.87,0.0,2.0,76.0,1030.1,5.9,66.0,6.48
True,16,2,9576,6388,True,32768,LIGHT,300.0,300.0,2022-03-19T21:01:29.906,2022-03-19T21:01:29.906,1,1,100,10,0.246657639741898,3.76,3.76,ZWO ASI6200MM Pro,-10.0,-10.0,40,NP101is,540.0,5.4,Starlight Xpress Fil,SII,IC 405,FocusLynx Focuser 1,8705.0,8705.0,13.404,3.6,3.6,TOP-DOWN,2000.0,N.I.N.A. 2.0.0.2051,IC 405_2022-03-19_21-01-29_SII_100_-10.00_300.00s_0.00as_0014.fits,1,/mnt/raid0/AstroImaging/Preselected/Flaming Star Nebula (IC405) started 4th February 2022/Lights/SII/IC 405_2022-03-19_21-01-29_SII_100_-10.00_300.00s_0.00as_0014.fits,80.242787970119,33.7792786233667,48.09972,265.50626,1.34244559715573,East,25.5,52.2486944444444,-0.123055555555556,05 20 58,+33 46 43,180.87,0.0,2.0,76.0,1030.1,5.9,66.0,6.48
True,16,2,9576,6388,True,32768,LIGHT,300.0,300.0,2022-03-19T21:06:32.626,2022-03-19T21:06:32.626,1,1,100,10,0.246657639741898,3.76,3.76,ZWO ASI6200MM Pro,-10.0,-10.0,40,NP101is,540.0,5.4,Starlight Xpress Fil,SII,IC 405,FocusLynx Focuser 1,8722.0,8722.0,13.404,3.4,3.4,TOP-DOWN,2000.0,N.I.N.A. 2.0.0.2051,IC 405_2022-03-19_21-06-32_SII_100_-10.00_300.00s_0.00as_0015.fits,1,/mnt/raid0/AstroImaging/Preselected/Flaming Star Nebula (IC405) started 4th February 2022/Lights/SII/IC 405_2022-03-19_21-06-32_SII_100_-10.00_300.00s_0.00as_0015.fits,80.2427434556252,33.7792585819013,47.32077,266.57444,1.3590951761716,East,25.5,52.2486944444444,-0.123055555555556,05 20 58,+33 46 43,180.87,0.0,2.1,77.0,1030.1,5.8,66.0,6.48
True,16,2,9576,6388,True,32768,LIGHT,300.0,300.0,2022-03-19T21:11:36.233,2022-03-19T21:11:36.233,1,1,100,10,0.246657639741898,3.76,3.76,ZWO ASI6200MM Pro,-10.0,-10.0,40,NP101is,540.0,5.4,Starlight Xpress Fil,SII,IC 405,FocusLynx Focuser 1,8730.0,8730.0,13.404,3.3,3.3,TOP-DOWN,2000.0,N.I.N.A. 2.0.0.2051,IC 405_2022-03-19_21-11-36_SII_100_-10.00_300.00s_0.00as_0016.fits,1,/mnt/raid0/AstroImaging/Preselected/Flaming Star Nebula (IC405) started 4th February 2022/Lights/SII/IC 405_2022-03-19_21-11-36_SII_100_-10.00_300.00s_0.00as_0016.fits,80.242805521746,33.7792532060407,46.54884,267.6151,1.37625956990871,East,25.5,52.2486944444444,-0.123055555555556,05 20 58,+33 46 43,180.87,0.0,2.1,77.0,1030.1,5.8,66.0,6.48
True,16,2,9576,6388,True,32768,LIGHT,300.0,300.0,2022-03-19T21:16:52.662,2022-03-19T21:16:52.662,1,1,100,10,0.246657639741898,3.76,3.76,ZWO ASI6200MM Pro,-10.0,-10.0,40,NP101is,540.0,5.4,Starlight Xpress Fil,SII,IC 405,FocusLynx Focuser 1,8739.0,8739.0,13.404,3.2,3.2,TOP-DOWN,2000.0,N.I.N.A. 2.0.0.2051,IC 405_2022-03-19_21-16-52_SII_100_-10.00_300.00s_0.00as_0017.fits,1,/mnt/raid0/AstroImaging/Preselected/Flaming Star Nebula (IC405) started 4th February 2022/Lights/SII/IC 405_2022-03-19_21-16-52_SII_100_-10.00_300.00s_0.00as_0017.fits,80.2417106061166,33.7789465535311,45.7329,268.69673,1.39515723312132,East,25.5,52.2486944444444,-0.123055555555556,05 20 58,+33 46 43,180.87,0.0,2.1,77.0,1030.1,5.8,66.0,6.48
True,16,2,9576,6388,True,32768,LIGHT,300.0,300.0,2022-03-19T21:21:56.262,2022-03-19T21:21:56.262,1,1,100,10,0.246657639741898,3.76,3.76,ZWO ASI6200MM Pro,-10.0,-10.0,40,NP101is,540.0,5.4,Starlight Xpress Fil,SII,IC 405,FocusLynx Focuser 1,8756.0,8756.0,13.404,3.0,3.0,TOP-DOWN,2000.0,N.I.N.A. 2.0.0.2051,IC 405_2022-03-19_21-21-56_SII_100_-10.00_300.00s_0.00as_0018.fits,1,/mnt/raid0/AstroImaging/Preselected/Flaming Star Nebula (IC405) started 4th February 2022/Lights/SII/IC 405_2022-03-19_21-21-56_SII_100_-10.00_300.00s_0.00as_0018.fits,80.2416826059091,33.7789732085322,44.96299,269.70265,1.4137353390684,East,25.5,52.2486944444444,-0.123055555555556,05 20 58,+33 46 43,180.87,0.0,2.1,77.0,1029.1,5.8,70.0,4.68
True,16,2,9576,6388,True,32768,LIGHT,300.0,300.0,2022-03-19T21:31:40.659,2022-03-19T21:31:40.659,1,1,100,10,0.246657639741898,3.76,3.76,ZWO ASI6200MM Pro,-10.0,-9.9,40,NP101is,540.0,5.4,Starlight Xpress Fil,SII,IC 405,FocusLynx Focuser 1,8647.0,8647.0,13.404,2.8,2.8,TOP-DOWN,2000.0,N.I.N.A. 2.0.0.2051,IC 405_2022-03-19_21-31-40_SII_100_-9.90_300.00s_0.00as_0019.fits,1,/mnt/raid0/AstroImaging/Preselected/Flaming Star Nebula (IC405) started 4th February 2022/Lights/SII/IC 405_2022-03-19_21-31-40_SII_100_-9.90_300.00s_0.00as_0019.fits,80.2416418479192,33.7789365561805,43.46596,271.6206,1.45207390077193,East,25.5,52.2486944444444,-0.123055555555556,05 20 58,+33 46 43,180.87,0.0,2.1,77.0,1029.1,5.8,70.0,4.68
True,16,2,9576,6388,True,32768,LIGHT,300.0,300.0,2022-03-19T21:36:45.319,2022-03-19T21:36:45.319,1,1,100,10,0.246657639741898,3.76,3.76,ZWO ASI6200MM Pro,-10.0,-10.0,40,NP101is,540.0,5.4,Starlight Xpress Fil,SII,IC 405,FocusLynx Focuser 1,8656.0,8656.0,13.404,2.7,2.7,TOP-DOWN,2000.0,N.I.N.A. 2.0.0.2051,IC 405_2022-03-19_21-36-45_SII_100_-10.00_300.00s_0.00as_0020.fits,1,/mnt/raid0/AstroImaging/Preselected/Flaming Star Nebula (IC405) started 4th February 2022/Lights/SII/IC 405_2022-03-19_21-36-45_SII_100_-10.00_300.00s_0.00as_0020.fits,80.2417871981683,33.7789369097197,42.6925,272.59419,1.47310606122053,East,25.5,52.2486944444444,-0.123055555555556,05 20 58,+33 46 43,180.87,0.0,2.1,80.0,1029.1,5.3,70.0,6.48
True,16,2,9576,6388,True,32768,LIGHT,300.0,300.0,2022-03-19T21:41:47.891,2022-03-19T21:41:47.891,1,1,100,10,0.246657639741898,3.76,3.76,ZWO ASI6200MM Pro,-10.0,-9.9,40,NP101is,540.0,5.4,Starlight Xpress Fil,SII,IC 405,FocusLynx Focuser 1,8664.0,8664.0,13.404,2.6,2.6,TOP-DOWN,2000.0,N.I.N.A. 2.0.0.2051,IC 405_2022-03-19_21-41-47_SII_100_-9.90_300.00s_0.00as_0021.fits,1,/mnt/raid0/AstroImaging/Preselected/Flaming Star Nebula (IC405) started 4th February 2022/Lights/SII/IC 405_2022-03-19_21-41-47_SII_100_-9.90_300.00s_0.00as_0021.fits,80.2416076402103,33.7789465835099,41.91672,273.56023,1.4950973372536,East,25.5,52.2486944444444,-0.123055555555556,05 20 58,+33 46 43,180.87,0.0,2.1,80.0,1029.1,5.3,70.0,6.48
True,16,2,9576,6388,True,32768,LIGHT,300.0,300.0,2022-03-19T21:46:51.610,2022-03-19T21:46:51.610,1,1,100,10,0.246657639741898,3.76,3.76,ZWO ASI6200MM Pro,-10.0,-10.0,40,NP101is,540.0,5.4,Starlight Xpress Fil,SII,IC 405,FocusLynx Focuser 1,8673.0,8673.0,13.404,2.5,2.5,TOP-DOWN,2000.0,N.I.N.A. 2.0.0.2051,IC 405_2022-03-19_21-46-51_SII_100_-10.00_300.00s_0.00as_0022.fits,1,/mnt/raid0/AstroImaging/Preselected/Flaming Star Nebula (IC405) started 4th February 2022/Lights/SII/IC 405_2022-03-19_21-46-51_SII_100_-10.00_300.00s_0.00as_0022.fits,80.2416829875317,33.7789567901534,41.14273,274.5146,1.51798066217216,East,25.5,52.2486944444444,-0.123055555555556,05 20 58,+33 46 43,180.87,0.0,2.4,79.0,1029.1,5.7,70.0,6.48
True,16,2,9576,6388,True,32768,LIGHT,300.0,300.0,2022-03-19T21:52:07.569,2022-03-19T21:52:07.569,1,1,100,10,0.246657639741898,3.76,3.76,ZWO ASI6200MM Pro,-10.0,-10.0,40,NP101is,540.0,5.4,Starlight Xpress Fil,SII,IC 405,FocusLynx Focuser 1,8682.0,8682.0,13.404,2.4,2.4,TOP-DOWN,2000.0,N.I.N.A. 2.0.0.2051,IC 405_2022-03-19_21-52-07_SII_100_-10.00_300.00s_0.00as_0023.fits,1,/mnt/raid0/AstroImaging/Preselected/Flaming Star Nebula (IC405) started 4th February 2022/Lights/SII/IC 405_2022-03-19_21-52-07_SII_100_-10.00_300.00s_0.00as_0023.fits,80.2425081655955,33.7789385691791,40.33837,275.49737,1.5428158237049,East,25.5,52.2486944444444,-0.123055555555556,05 20 58,+33 46 43,180.87,0.0,2.3,79.0,1029.1,5.7,70.0,6.48
True,16,2,9576,6388,True,32768,LIGHT,300.0,300.0,2022-03-19T21:57:10.108,2022-03-19T21:57:10.108,1,1,100,10,0.246657639741898,3.76,3.76,ZWO ASI6200MM Pro,-10.0,-10.0,40,NP101is,540.0,5.4,Starlight Xpress Fil,SII,IC 405,FocusLynx Focuser 1,8682.0,8682.0,13.404,2.4,2.4,TOP-DOWN,2000.0,N.I.N.A. 2.0.0.2051,IC 405_2022-03-19_21-57-10_SII_100_-10.00_300.00s_0.00as_0024.fits,1,/mnt/raid0/AstroImaging/Preselected/Flaming Star Nebula (IC405) started 4th February 2022/Lights/SII/IC 405_2022-03-19_21-57-10_SII_100_-10.00_300.00s_0.00as_0024.fits,80.2425085693181,33.7789386201141,39.56862,276.43025,1.56764586031078,East,25.5,52.2486944444444,-0.123055555555556,05 20 58,+33 46 43,180.87,0.0,2.3,79.0,1029.1,5.7,70.0,6.48
True,16,2,9576,6388,True,32768,LIGHT,300.0,300.0,2022-03-19T22:02:12.813,2022-03-19T22:02:12.813,1,1,100,10,0.246657639741898,3.76,3.76,ZWO ASI6200MM Pro,-10.0,-9.9,40,NP101is,540.0,5.4,Starlight Xpress Fil,SII,IC 405,FocusLynx Focuser 1,8682.0,8682.0,13.404,2.4,2.4,TOP-DOWN,2000.0,N.I.N.A. 2.0.0.2051,IC 405_2022-03-19_22-02-12_SII_100_-9.90_300.00s_0.00as_0025.fits,1,/mnt/raid0/AstroImaging/Preselected/Flaming Star Nebula (IC405) started 4th February 2022/Lights/SII/IC 405_2022-03-19_22-02-12_SII_100_-9.90_300.00s_0.00as_0025.fits,80.2424640494065,33.7789185790343,38.8015,277.35329,1.59348620356296,East,25.5,52.2486944444444,-0.123055555555556,05 20 58,+33 46 43,180.87,0.0,2.4,81.0,1028.1,5.4,65.0,3.24
True,16,2,9576,6388,True,32768,LIGHT,300.0,300.0,2022-03-19T22:07:16.132,2022-03-19T22:07:16.132,1,1,100,10,0.246657639741898,3.76,3.76,ZWO ASI6200MM Pro,-10.0,-10.0,40,NP101is,540.0,5.4,Starlight Xpress Fil,SII,IC 405,FocusLynx Focuser 1,8690.0,8690.0,13.404,2.3,2.3,TOP-DOWN,2000.0,N.I.N.A. 2.0.0.2051,IC 405_2022-03-19_22-07-16_SII_100_-10.00_300.00s_0.00as_0026.fits,1,/mnt/raid0/AstroImaging/Preselected/Flaming Star Nebula (IC405) started 4th February 2022/Lights/SII/IC 405_2022-03-19_22-07-16_SII_100_-10.00_300.00s_0.00as_0026.fits,80.2424044163644,33.7789385029789,38.03114,278.27445,1.62060053524497,East,25.5,52.2486944444444,-0.123055555555556,05 20 58,+33 46 43,180.87,0.0,2.4,81.0,1028.1,5.4,65.0,3.24
True,16,2,9576,6388,True,32768,LIGHT,300.0,300.0,2022-03-19T22:12:18.677,2022-03-19T22:12:18.677,1,1,100,10,0.246657639741898,3.76,3.76,ZWO ASI6200MM Pro,-10.0,-10.0,40,NP101is,540.0,5.4,Starlight Xpress Fil,SII,IC 405,FocusLynx Focuser 1,8699.0,8699.0,13.404,2.2,2.2,TOP-DOWN,2000.0,N.I.N.A. 2.0.0.2051,IC 405_2022-03-19_22-12-18_SII_100_-10.00_300.00s_0.00as_0027.fits,1,/mnt/raid0/AstroImaging/Preselected/Flaming Star Nebula (IC405) started 4th February 2022/Lights/SII/IC 405_2022-03-19_22-12-18_SII_100_-10.00_300.00s_0.00as_0027.fits,80.2424948173609,33.7789287432956,37.26513,279.18534,1.64878859258597,East,25.5,52.2486944444444,-0.123055555555556,05 20 58,+33 46 43,180.87,0.0,2.2,83.0,1029.1,4.9,65.0,3.24
True,16,2,9576,6388,True,32768,LIGHT,300.0,300.0,2022-03-19T22:17:21.452,2022-03-19T22:17:21.452,1,1,100,10,0.246657639741898,3.76,3.76,ZWO ASI6200MM Pro,-10.0,-10.0,40,NP101is,540.0,5.4,Starlight Xpress Fil,SII,IC 405,FocusLynx Focuser 1,8707.0,8707.0,13.404,2.1,2.1,TOP-DOWN,2000.0,N.I.N.A. 2.0.0.2051,IC 405_2022-03-19_22-17-21_SII_100_-10.00_300.00s_0.00as_0028.fits,1,/mnt/raid0/AstroImaging/Preselected/Flaming Star Nebula (IC405) started 4th February 2022/Lights/SII/IC 405_2022-03-19_22-17-21_SII_100_-10.00_300.00s_0.00as_0028.fits,80.2425401707812,33.7789388871986,36.50755,280.08203,1.67794311039171,East,25.5,52.2486944444444,-0.123055555555556,05 20 58,+33 46 43,180.87,0.0,2.2,83.0,1029.1,4.9,65.0,3.24
True,16,2,9576,6388,True,32768,LIGHT,300.0,300.0,2022-03-19T22:27:14.866,2022-03-19T22:27:14.866,1,1,100,10,0.246657639741898,3.76,3.76,ZWO ASI6200MM Pro,-10.0,-9.9,40,NP101is,540.0,5.4,Starlight Xpress Fil,SII,IC 405,FocusLynx Focuser 1,8657.0,8657.0,13.404,2.0,2.0,TOP-DOWN,2000.0,N.I.N.A. 2.0.0.2051,IC 405_2022-03-19_22-27-14_SII_100_-9.90_300.00s_0.00as_0029.fits,1,/mnt/raid0/AstroImaging/Preselected/Flaming Star Nebula (IC405) started 4th February 2022/Lights/SII/IC 405_2022-03-19_22-27-14_SII_100_-9.90_300.00s_0.00as_0029.fits,80.2413727542154,33.7784865884923,35.01597,281.83717,1.7393660095502,East,25.5,52.2486944444444,-0.123055555555556,05 20 58,+33 46 43,180.87,0.0,2.3,81.0,1028.1,5.3,65.0,3.24
True,16,2,9576,6388,True,32768,LIGHT,300.0,300.0,2022-03-19T22:32:19.446,2022-03-19T22:32:19.446,1,1,100,10,0.246657639741898,3.76,3.76,ZWO ASI6200MM Pro,-10.0,-10.0,40,NP101is,540.0,5.4,Starlight Xpress Fil,SII,IC 405,FocusLynx Focuser 1,8666.0,8666.0,13.404,1.9,1.9,TOP-DOWN,2000.0,N.I.N.A. 2.0.0.2051,IC 405_2022-03-19_22-32-19_SII_100_-10.00_300.00s_0.00as_0030.fits,1,/mnt/raid0/AstroImaging/Preselected/Flaming Star Nebula (IC405) started 4th February 2022/Lights/SII/IC 405_2022-03-19_22-32-19_SII_100_-10.00_300.00s_0.00as_0030.fits,80.241373156786,33.7784866399512,34.26014,282.72339,1.77270092322232,East,25.5,52.2486944444444,-0.123055555555556,05 20 58,+33 46 43,180.87,0.0,2.4,83.0,1028.1,5.1,69.0,4.68
True,16,2,9576,6388,True,32768,LIGHT,300.0,300.0,2022-03-19T22:37:22.116,2022-03-19T22:37:22.116,1,1,100,10,0.246657639741898,3.76,3.76,ZWO ASI6200MM Pro,-10.0,-10.0,40,NP101is,540.0,5.4,Starlight Xpress Fil,SII,IC 405,FocusLynx Focuser 1,8674.0,8674.0,13.404,1.8,1.8,TOP-DOWN,2000.0,N.I.N.A. 2.0.0.2051,IC 405_2022-03-19_22-37-22_SII_100_-10.00_300.00s_0.00as_0031.fits,1,/mnt/raid0/AstroImaging/Preselected/Flaming Star Nebula (IC405) started 4th February 2022/Lights/SII/IC 405_2022-03-19_22-37-22_SII_100_-10.00_300.00s_0.00as_0031.fits,80.2415984480133,33.7784971608869,33.50323,283.60935,1.80770337872284,East,25.5,52.2486944444444,-0.123055555555556,05 20 58,+33 46 43,180.87,0.0,2.4,83.0,1028.1,5.1,69.0,4.68
True,16,2,9576,6388,True,32768,LIGHT,300.0,300.0,2022-03-19T22:42:24.737,2022-03-19T22:42:24.737,1,1,100,10,0.246657639741898,3.76,3.76,ZWO ASI6200MM Pro,-10.0,-10.0,40,NP101is,540.0,5.4,Starlight Xpress Fil,SII,IC 405,FocusLynx Focuser 1,8687.0,8687.0,13.404,1.6,1.6,TOP-DOWN,2000.0,N.I.N.A. 2.0.0.2051,IC 405_2022-03-19_22-42-24_SII_100_-10.00_300.00s_0.00as_0032.fits,1,/mnt/raid0/AstroImaging/Preselected/Flaming Star Nebula (IC405) started 4th February 2022/Lights/SII/IC 405_2022-03-19_22-42-24_SII_100_-10.00_300.00s_0.00as_0032.fits,80.2415239664531,33.7784670585143,32.75762,284.48111,1.8438748336277,East,25.5,52.2486944444444,-0.123055555555556,05 20 58,+33 46 43,180.87,0.0,2.4,83.0,1028.1,5.1,69.0,4.68
True,16,2,9576,6388,True,32768,LIGHT,300.0,300.0,2022-03-19T22:47:27.402,2022-03-19T22:47:27.402,1,1,100,10,0.246657639741898,3.76,3.76,ZWO ASI6200MM Pro,-10.0,-10.0,40,NP101is,540.0,5.4,Starlight Xpress Fil,SII,IC 405,FocusLynx Focuser 1,8692.0,8692.0,13.404,1.6,1.6,TOP-DOWN,2000.0,N.I.N.A. 2.0.0.2051,IC 405_2022-03-19_22-47-27_SII_100_-10.00_300.00s_0.00as_0033.fits,1,/mnt/raid0/AstroImaging/Preselected/Flaming Star Nebula (IC405) started 4th February 2022/Lights/SII/IC 405_2022-03-19_22-47-27_SII_100_-10.00_300.00s_0.00as_0033.fits,80.2414344049865,33.778466922559,32.00386,285.36219,1.88226556451342,East,25.5,52.2486944444444,-0.123055555555556,05 20 58,+33 46 43,180.87,0.0,2.4,83.0,1028.1,5.1,69.0,4.68
True,16,2,9576,6388,True,32768,LIGHT,300.0,300.0,2022-03-19T22:52:30.029,2022-03-19T22:52:30.029,1,1,100,10,0.246657639741898,3.76,3.76,ZWO ASI6200MM Pro,-10.0,-9.9,40,NP101is,540.0,5.4,Starlight Xpress Fil,SII,IC 405,FocusLynx Focuser 1,8700.0,8700.0,13.404,1.5,1.5,TOP-DOWN,2000.0,N.I.N.A. 2.0.0.2051,IC 405_2022-03-19_22-52-30_SII_100_-9.90_300.00s_0.00as_0034.fits,1,/mnt/raid0/AstroImaging/Preselected/Flaming Star Nebula (IC405) started 4th February 2022/Lights/SII/IC 405_2022-03-19_22-52-30_SII_100_-9.90_300.00s_0.00as_0034.fits,80.2413897638901,33.7784868783913,31.25833,286.23397,1.92216752245729,East,25.5,52.2486944444444,-0.123055555555556,05 20 58,+33 46 43,180.87,0.0,2.3,83.0,1028.1,5.0,69.0,4.68
True,16,2,9576,6388,True,32768,LIGHT,300.0,300.0,2022-03-19T22:57:47.241,2022-03-19T22:57:47.241,1,1,100,10,0.246657639741898,3.76,3.76,ZWO ASI6200MM Pro,-10.0,-10.0,40,NP101is,540.0,5.4,Starlight Xpress Fil,SII,IC 405,FocusLynx Focuser 1,8700.0,8700.0,13.404,1.5,1.5,TOP-DOWN,2000.0,N.I.N.A. 2.0.0.2051,IC 405_2022-03-19_22-57-47_SII_100_-10.00_300.00s_0.00as_0035.fits,1,/mnt/raid0/AstroImaging/Preselected/Flaming Star Nebula (IC405) started 4th February 2022/Lights/SII/IC 405_2022-03-19_22-57-47_SII_100_-10.00_300.00s_0.00as_0035.fits,80.2418067003487,33.779587699363,30.4813,287.14534,1.96594764134512,East,25.5,52.2486944444444,-0.123055555555556,05 20 58,+33 46 43,180.87,0.0,2.3,83.0,1028.1,5.0,69.0,4.68
True,16,2,9576,6388,True,32768,LIGHT,300.0,300.0,2022-03-19T23:02:50.329,2022-03-19T23:02:50.329,1,1,100,10,0.246657639741898,3.76,3.76,ZWO ASI6200MM Pro,-10.0,-10.0,40,NP101is,540.0,5.4,Starlight Xpress Fil,SII,IC 405,FocusLynx Focuser 1,8700.0,8700.0,13.404,1.5,1.5,TOP-DOWN,2000.0,N.I.N.A. 2.0.0.2051,IC 405_2022-03-19_23-02-50_SII_100_-10.00_300.00s_0.00as_0036.fits,1,/mnt/raid0/AstroImaging/Preselected/Flaming Star Nebula (IC405) started 4th February 2022/Lights/SII/IC 405_2022-03-19_23-02-50_SII_100_-10.00_300.00s_0.00as_0036.fits,80.2417771740741,33.7795676906741,29.74866,288.00434,2.00942797731293,East,25.5,52.2486944444444,-0.123055555555556,05 20 58,+33 46 43,180.87,0.0,2.4,84.0,1028.1,4.8,69.0,4.68
True,16,2,9576,6388,True,32768,LIGHT,300.0,300.0,2022-03-19T23:07:52.891,2022-03-19T23:07:52.891,1,1,100,10,0.246657639741898,3.76,3.76,ZWO ASI6200MM Pro,-10.0,-10.0,40,NP101is,540.0,5.4,Starlight Xpress Fil,SII,IC 405,FocusLynx Focuser 1,8700.0,8700.0,13.404,1.5,1.5,TOP-DOWN,2000.0,N.I.N.A. 2.0.0.2051,IC 405_2022-03-19_23-07-52_SII_100_-10.00_300.00s_0.00as_0037.fits,1,/mnt/raid0/AstroImaging/Preselected/Flaming Star Nebula (IC405) started 4th February 2022/Lights/SII/IC 405_2022-03-19_23-07-52_SII_100_-10.00_300.00s_0.00as_0037.fits,80.2417024818733,33.7796075818844,29.01585,288.86564,2.05521707109922,East,25.5,52.2486944444444,-0.123055555555556,05 20 58,+33 46 43,180.87,0.0,2.4,84.0,1028.1,4.8,69.0,4.68
True,16,2,9576,6388,True,32768,LIGHT,300.0,300.0,2022-03-19T23:12:55.510,2022-03-19T23:12:55.510,1,1,100,10,0.246657639741898,3.76,3.76,ZWO ASI6200MM Pro,-10.0,-10.0,40,NP101is,540.0,5.4,Starlight Xpress Fil,SII,IC 405,FocusLynx Focuser 1,8709.0,8709.0,13.404,1.4,1.4,TOP-DOWN,2000.0,N.I.N.A. 2.0.0.2051,IC 405_2022-03-19_23-12-55_SII_100_-10.00_300.00s_0.00as_0038.fits,1,/mnt/raid0/AstroImaging/Preselected/Flaming Star Nebula (IC405) started 4th February 2022/Lights/SII/IC 405_2022-03-19_23-12-55_SII_100_-10.00_300.00s_0.00as_0038.fits,80.241822930418,33.7795778878063,28.28439,289.7278,2.10338834646111,East,25.5,52.2486944444444,-0.123055555555556,05 20 58,+33 46 43,180.87,0.0,2.5,85.0,1028.1,4.8,65.0,3.24
True,16,2,9576,6388,True,32768,LIGHT,300.0,300.0,2022-03-19T23:17:58.082,2022-03-19T23:17:58.082,1,1,100,10,0.246657639741898,3.76,3.76,ZWO ASI6200MM Pro,-10.0,-10.0,40,NP101is,540.0,5.4,Starlight Xpress Fil,SII,IC 405,FocusLynx Focuser 1,8709.0,8709.0,13.404,1.4,1.4,TOP-DOWN,2000.0,N.I.N.A. 2.0.0.2051,IC 405_2022-03-19_23-17-58_SII_100_-10.00_300.00s_0.00as_0039.fits,1,/mnt/raid0/AstroImaging/Preselected/Flaming Star Nebula (IC405) started 4th February 2022/Lights/SII/IC 405_2022-03-19_23-17-58_SII_100_-10.00_300.00s_0.00as_0039.fits,80.2418233295278,33.7795779396816,27.56277,290.58147,2.15351338552343,East,25.5,52.2486944444444,-0.123055555555556,05 20 58,+33 46 43,180.87,0.0,2.5,85.0,1028.1,4.8,65.0,3.24
True,16,2,9576,6388,True,32768,LIGHT,300.0,300.0,2022-03-19T23:23:00.762,2022-03-19T23:23:00.762,1,1,100,10,0.246657639741898,3.76,3.76,ZWO ASI6200MM Pro,-10.0,-10.0,40,NP101is,540.0,5.4,Starlight Xpress Fil,SII,IC 405,FocusLynx Focuser 1,8709.0,8709.0,13.404,1.4,1.4,TOP-DOWN,2000.0,N.I.N.A. 2.0.0.2051,IC 405_2022-03-19_23-23-00_SII_100_-10.00_300.00s_0.00as_0040.fits,1,/mnt/raid0/AstroImaging/Preselected/Flaming Star Nebula (IC405) started 4th February 2022/Lights/SII/IC 405_2022-03-19_23-23-00_SII_100_-10.00_300.00s_0.00as_0040.fits,80.2417937126846,33.7795879283818,26.83961,291.44057,2.20654307000839,East,25.5,52.2486944444444,-0.123055555555556,05 20 58,+33 46 43,180.87,0.0,2.5,85.0,1028.1,4.8,65.0,3.24
True,16,2,9576,6388,True,32768,LIGHT,300.0,300.0,2022-03-19T23:28:19.082,2022-03-19T23:28:19.082,1,1,100,10,0.246657639741898,3.76,3.76,ZWO ASI6200MM Pro,-10.0,-10.0,40,NP101is,540.0,5.4,Starlight Xpress Fil,SII,IC 405,FocusLynx Focuser 1,8717.0,8717.0,13.404,1.3,1.3,TOP-DOWN,2000.0,N.I.N.A. 2.0.0.2051,IC 405_2022-03-19_23-28-19_SII_100_-10.00_300.00s_0.00as_0041.fits,1,/mnt/raid0/AstroImaging/Preselected/Flaming Star Nebula (IC405) started 4th February 2022/Lights/SII/IC 405_2022-03-19_23-28-19_SII_100_-10.00_300.00s_0.00as_0041.fits,80.2420136664059,33.7813682744149,26.08555,292.34368,2.26506673256228,East,25.5,52.2486944444444,-0.123055555555556,05 20 58,+33 46 43,180.87,0.0,2.5,85.0,1028.1,4.8,65.0,3.24
True,16,2,9576,6388,True,32768,LIGHT,300.0,300.0,2022-03-19T23:33:21.690,2022-03-19T23:33:21.690,1,1,100,10,0.246657639741898,3.76,3.76,ZWO ASI6200MM Pro,-10.0,-10.0,40,NP101is,540.0,5.4,Starlight Xpress Fil,SII,IC 405,FocusLynx Focuser 1,8726.0,8726.0,13.404,1.2,1.2,TOP-DOWN,2000.0,N.I.N.A. 2.0.0.2051,IC 405_2022-03-19_23-33-21_SII_100_-10.00_300.00s_0.00as_0042.fits,1,/mnt/raid0/AstroImaging/Preselected/Flaming Star Nebula (IC405) started 4th February 2022/Lights/SII/IC 405_2022-03-19_23-33-21_SII_100_-10.00_300.00s_0.00as_0042.fits,80.242089007089,33.7813784822195,25.37707,293.19423,2.32330790215562,East,25.5,52.2486944444444,-0.123055555555556,05 20 58,+33 46 43,180.87,0.0,2.6,86.0,1028.1,4.7,67.0,7.92
True,16,2,9576,6388,True,32768,LIGHT,300.0,300.0,2022-03-19T23:38:24.321,2022-03-19T23:38:24.321,1,1,100,10,0.246657639741898,3.76,3.76,ZWO ASI6200MM Pro,-10.0,-10.0,40,NP101is,540.0,5.4,Starlight Xpress Fil,SII,IC 405,FocusLynx Focuser 1,8726.0,8726.0,13.404,1.2,1.2,TOP-DOWN,2000.0,N.I.N.A. 2.0.0.2051,IC 405_2022-03-19_23-38-24_SII_100_-10.00_300.00s_0.00as_0043.fits,1,/mnt/raid0/AstroImaging/Preselected/Flaming Star Nebula (IC405) started 4th February 2022/Lights/SII/IC 405_2022-03-19_23-38-24_SII_100_-10.00_300.00s_0.00as_0043.fits,80.2421044633596,33.7813585681209,24.66755,294.05107,2.38506632935279,East,25.5,52.2486944444444,-0.123055555555556,05 20 58,+33 46 43,180.87,0.0,2.6,86.0,1028.1,4.7,67.0,7.92
True,16,2,9576,6388,True,32768,LIGHT,300.0,300.0,2022-03-20T21:09:47.443,2022-03-20T21:09:47.443,1,1,100,10,0.246657639741898,3.76,3.76,ZWO ASI6200MM Pro,-10.0,-9.9,40,NP101is,540.0,5.4,Starlight Xpress Fil,SII,IC 405,FocusLynx Focuser 1,8609.0,8609.0,13.404,0.4,0.4,TOP-DOWN,2000.0,N.I.N.A. 2.0.0.2053,IC 405_2022-03-20_21-09-47_SII_100_-9.90_300.00s_0.00as_0044.fits,1,/mnt/raid0/AstroImaging/Preselected/Flaming Star Nebula (IC405) started 4th February 2022/Lights/SII/IC 405_2022-03-20_21-09-47_SII_100_-9.90_300.00s_0.00as_0044.fits,80.2413748238275,33.7785727310989,46.21364,268.06082,1.38392701023652,East,42.8,52.2484166666667,-0.123166666666667,05 20 58,+33 46 43,180.87,9.0,1.2,86.0,1021.1,3.3,35.0,5.4
True,16,2,9576,6388,True,32768,LIGHT,300.0,300.0,2022-03-20T21:14:53.182,2022-03-20T21:14:53.182,1,1,100,10,0.246657639741898,3.76,3.76,ZWO ASI6200MM Pro,-10.0,-10.0,40,NP101is,540.0,5.4,Starlight Xpress Fil,SII,IC 405,FocusLynx Focuser 1,8609.0,8609.0,13.404,0.4,0.4,TOP-DOWN,2000.0,N.I.N.A. 2.0.0.2053,IC 405_2022-03-20_21-14-53_SII_100_-10.00_300.00s_0.00as_0045.fits,1,/mnt/raid0/AstroImaging/Preselected/Flaming Star Nebula (IC405) started 4th February 2022/Lights/SII/IC 405_2022-03-20_21-14-53_SII_100_-10.00_300.00s_0.00as_0045.fits,80.2414751092424,33.7785830076591,45.434,269.08854,1.40228167276556,East,42.8,52.2484166666667,-0.123166666666667,05 20 58,+33 46 43,180.87,9.0,1.0,87.0,1021.1,3.0,35.0,5.4
True,16,2,9576,6388,True,32768,LIGHT,300.0,300.0,2022-03-20T21:19:55.948,2022-03-20T21:19:55.948,1,1,100,10,0.246657639741898,3.76,3.76,ZWO ASI6200MM Pro,-10.0,-10.0,40,NP101is,540.0,5.4,Starlight Xpress Fil,SII,IC 405,FocusLynx Focuser 1,8609.0,8609.0,13.404,0.1,0.1,TOP-DOWN,2000.0,N.I.N.A. 2.0.0.2053,IC 405_2022-03-20_21-19-55_SII_100_-10.00_300.00s_0.00as_0046.fits,1,/mnt/raid0/AstroImaging/Preselected/Flaming Star Nebula (IC405) started 4th February 2022/Lights/SII/IC 405_2022-03-20_21-19-55_SII_100_-10.00_300.00s_0.00as_0046.fits,80.2413855205247,33.7785728885671,44.66558,270.08706,1.42111377376728,East,42.8,52.2484166666667,-0.123166666666667,05 20 58,+33 46 43,180.87,9.0,1.0,87.0,1021.1,3.0,35.0,5.4
True,16,2,9576,6388,True,32768,LIGHT,300.0,300.0,2022-03-20T21:24:58.608,2022-03-20T21:24:58.608,1,1,100,10,0.246657639741898,3.76,3.76,ZWO ASI6200MM Pro,-10.0,-9.9,40,NP101is,540.0,5.4,Starlight Xpress Fil,SII,IC 405,FocusLynx Focuser 1,8609.0,8609.0,13.404,-0.1,-0.1,TOP-DOWN,2000.0,N.I.N.A. 2.0.0.2053,IC 405_2022-03-20_21-24-58_SII_100_-9.90_300.00s_0.00as_0047.fits,1,/mnt/raid0/AstroImaging/Preselected/Flaming Star Nebula (IC405) started 4th February 2022/Lights/SII/IC 405_2022-03-20_21-24-58_SII_100_-9.90_300.00s_0.00as_0047.fits,80.2413557921821,33.778602891542,43.8888055555556,271.083666666667,1.44093660384242,East,42.8,52.2484166666667,-0.123166666666667,05 20 58,+33 46 43,180.87,9.0,0.8,87.0,1021.1,2.8,35.0,5.4
True,16,2,9576,6388,True,32768,LIGHT,300.0,300.0,2022-03-20T21:30:01.224,2022-03-20T21:30:01.224,1,1,100,10,0.246657639741898,3.76,3.76,ZWO ASI6200MM Pro,-10.0,-9.9,40,NP101is,540.0,5.4,Starlight Xpress Fil,SII,IC 405,FocusLynx Focuser 1,8609.0,8609.0,13.404,-0.1,-0.1,TOP-DOWN,2000.0,N.I.N.A. 2.0.0.2053,IC 405_2022-03-20_21-30-01_SII_100_-9.90_300.00s_0.00as_0048.fits,1,/mnt/raid0/AstroImaging/Preselected/Flaming Star Nebula (IC405) started 4th February 2022/Lights/SII/IC 405_2022-03-20_21-30-01_SII_100_-9.90_300.00s_0.00as_0048.fits,80.2413412385587,33.7785729317296,43.1141944444444,272.0639,1.46153157812052,East,42.8,52.2484166666667,-0.123166666666667,05 20 58,+33 46 43,180.87,9.0,0.8,87.0,1021.1,2.8,35.0,5.4
True,16,2,9576,6388,True,32768,LIGHT,300.0,300.0,2022-03-20T21:35:03.892,2022-03-20T21:35:03.892,1,1,100,10,0.246657639741898,3.76,3.76,ZWO ASI6200MM Pro,-10.0,-10.0,40,NP101is,540.0,5.4,Starlight Xpress Fil,SII,IC 405,FocusLynx Focuser 1,8609.0,8609.0,13.404,-0.2,-0.2,TOP-DOWN,2000.0,N.I.N.A. 2.0.0.2053,IC 405_2022-03-20_21-35-03_SII_100_-10.00_300.00s_0.00as_0049.fits,1,/mnt/raid0/AstroImaging/Preselected/Flaming Star Nebula (IC405) started 4th February 2022/Lights/SII/IC 405_2022-03-20_21-35-03_SII_100_-10.00_300.00s_0.00as_0049.fits,80.2413764903905,33.7786008481425,42.34532,273.02735,1.48283392359209,East,42.8,52.2484166666667,-0.123166666666667,05 20 58,+33 46 43,180.87,8.0,0.7,87.0,1021.1,2.6,75.0,2.88
True,16,2,9576,6388,True,32768,LIGHT,300.0,300.0,2022-03-20T21:40:22.568,2022-03-20T21:40:22.568,1,1,100,10,0.246657639741898,3.76,3.76,ZWO ASI6200MM Pro,-10.0,-10.0,40,NP101is,540.0,5.4,Starlight Xpress Fil,SII,IC 405,FocusLynx Focuser 1,8609.0,8609.0,13.404,-0.3,-0.3,TOP-DOWN,2000.0,N.I.N.A. 2.0.0.2053,IC 405_2022-03-20_21-40-22_SII_100_-10.00_300.00s_0.00as_0050.fits,1,/mnt/raid0/AstroImaging/Preselected/Flaming Star Nebula (IC405) started 4th February 2022/Lights/SII/IC 405_2022-03-20_21-40-22_SII_100_-10.00_300.00s_0.00as_0050.fits,80.2397681689861,33.7783598033594,41.53131,274.03575,1.50637125840703,East,42.8,52.2484166666667,-0.123166666666667,05 20 58,+33 46 43,180.87,8.0,0.7,87.0,1021.1,2.6,75.0,2.88
True,16,2,9576,6388,True,32768,LIGHT,300.0,300.0,2022-03-20T21:45:25.207,2022-03-20T21:45:25.207,1,1,100,10,0.246657639741898,3.76,3.76,ZWO ASI6200MM Pro,-10.0,-10.0,40,NP101is,540.0,5.4,Starlight Xpress Fil,SII,IC 405,FocusLynx Focuser 1,8609.0,8609.0,13.404,-0.5,-0.5,TOP-DOWN,2000.0,N.I.N.A. 2.0.0.2053,IC 405_2022-03-20_21-45-25_SII_100_-10.00_300.00s_0.00as_0051.fits,1,/mnt/raid0/AstroImaging/Preselected/Flaming Star Nebula (IC405) started 4th February 2022/Lights/SII/IC 405_2022-03-20_21-45-25_SII_100_-10.00_300.00s_0.00as_0051.fits,80.2397535228918,33.7783598404715,40.76233,274.97964,1.52958822849891,East,42.8,52.2484166666667,-0.123166666666667,05 20 58,+33 46 43,180.87,8.0,0.3,88.0,1021.1,2.1,75.0,2.88
True,16,2,9576,6388,True,32768,LIGHT,300.0,300.0,2022-03-20T21:54:52.906,2022-03-20T21:54:52.906,1,1,100,10,0.246657639741898,3.76,3.76,ZWO ASI6200MM Pro,-10.0,-9.9,40,NP101is,540.0,5.4,Starlight Xpress Fil,SII,IC 405,FocusLynx Focuser 1,8632.0,8632.0,13.404,-0.8,-0.8,TOP-DOWN,2000.0,N.I.N.A. 2.0.0.2053,IC 405_2022-03-20_21-54-52_SII_100_-9.90_300.00s_0.00as_0052.fits,1,/mnt/raid0/AstroImaging/Preselected/Flaming Star Nebula (IC405) started 4th February 2022/Lights/SII/IC 405_2022-03-20_21-54-52_SII_100_-9.90_300.00s_0.00as_0052.fits,80.2396492206205,33.7783597508831,39.30696,276.74498,1.57633386734061,East,42.8,52.2484166666667,-0.123166666666667,05 20 58,+33 46 43,180.87,8.0,0.3,89.0,1021.1,2.0,75.0,2.88
True,16,2,9576,6388,True,32768,LIGHT,300.0,300.0,2022-03-20T21:59:58.398,2022-03-20T21:59:58.398,1,1,100,10,0.246657639741898,3.76,3.76,ZWO ASI6200MM Pro,-10.0,-9.8,40,NP101is,540.0,5.4,Starlight Xpress Fil,SII,IC 405,FocusLynx Focuser 1,8632.0,8632.0,13.404,-0.8,-0.8,TOP-DOWN,2000.0,N.I.N.A. 2.0.0.2053,IC 405_2022-03-20_21-59-58_SII_100_-9.80_300.00s_0.00as_0053.fits,1,/mnt/raid0/AstroImaging/Preselected/Flaming Star Nebula (IC405) started 4th February 2022/Lights/SII/IC 405_2022-03-20_21-59-58_SII_100_-9.80_300.00s_0.00as_0053.fits,80.2397095166473,33.7783699438995,38.5388055555556,277.66682,1.60259769183773,East,42.8,52.2484166666667,-0.123166666666667,05 20 58,+33 46 43,180.87,8.0,0.3,89.0,1021.1,2.0,75.0,2.88
True,16,2,9576,6388,True,32768,LIGHT,300.0,300.0,2022-03-20T22:05:01.072,2022-03-20T22:05:01.072,1,1,100,10,0.246657639741898,3.76,3.76,ZWO ASI6200MM Pro,-10.0,-10.0,40,NP101is,540.0,5.4,Starlight Xpress Fil,SII,IC 405,FocusLynx Focuser 1,8632.0,8632.0,13.404,-0.9,-0.9,TOP-DOWN,2000.0,N.I.N.A. 2.0.0.2053,IC 405_2022-03-20_22-05-01_SII_100_-10.00_300.00s_0.00as_0054.fits,1,/mnt/raid0/AstroImaging/Preselected/Flaming Star Nebula (IC405) started 4th February 2022/Lights/SII/IC 405_2022-03-20_22-05-01_SII_100_-10.00_300.00s_0.00as_0054.fits,80.2397549397399,33.7783401098074,37.77152,278.58285,1.63001349452837,East,42.8,52.2484166666667,-0.123166666666667,05 20 58,+33 46 43,180.87,8.0,0.3,89.0,1021.1,2.0,75.0,2.88
True,16,2,9576,6388,True,32768,LIGHT,300.0,300.0,2022-03-20T22:10:03.720,2022-03-20T22:10:03.720,1,1,100,10,0.246657639741898,3.76,3.76,ZWO ASI6200MM Pro,-10.0,-9.9,40,NP101is,540.0,5.4,Starlight Xpress Fil,SII,IC 405,FocusLynx Focuser 1,8632.0,8632.0,13.404,-1.0,-1.0,TOP-DOWN,2000.0,N.I.N.A. 2.0.0.2053,IC 405_2022-03-20_22-10-03_SII_100_-9.90_300.00s_0.00as_0055.fits,1,/mnt/raid0/AstroImaging/Preselected/Flaming Star Nebula (IC405) started 4th February 2022/Lights/SII/IC 405_2022-03-20_22-10-03_SII_100_-9.90_300.00s_0.00as_0055.fits,80.239755224101,33.7783601759817,37.01467,279.48143,1.65828299399782,East,42.8,52.2484166666667,-0.123166666666667,05 20 58,+33 46 43,180.87,8.0,0.3,89.0,1021.1,2.0,75.0,2.88
True,16,2,9576,6388,True,32768,LIGHT,300.0,300.0,2022-03-20T22:19:36.744,2022-03-20T22:19:36.744,1,1,100,10,0.246657639741898,3.76,3.76,ZWO ASI6200MM Pro,-10.0,-9.9,40,NP101is,540.0,5.4,Starlight Xpress Fil,SII,IC 405,FocusLynx Focuser 1,8632.0,8632.0,13.404,-1.1,-1.1,TOP-DOWN,2000.0,N.I.N.A. 2.0.0.2053,IC 405_2022-03-20_22-19-36_SII_100_-9.90_300.00s_0.00as_0056.fits,1,/mnt/raid0/AstroImaging/Preselected/Flaming Star Nebula (IC405) started 4th February 2022/Lights/SII/IC 405_2022-03-20_22-19-36_SII_100_-9.90_300.00s_0.00as_0056.fits,80.240909614349,33.7786426914889,35.56644,281.19082,1.71604792811545,East,42.8,52.2484166666667,-0.123166666666667,05 20 58,+33 46 43,180.87,8.0,0.2,89.0,1021.1,1.8,75.0,2.88
True,16,2,9576,6388,True,32768,LIGHT,300.0,300.0,2022-03-20T22:24:41.104,2022-03-20T22:24:41.104,1,1,100,10,0.246657639741898,3.76,3.76,ZWO ASI6200MM Pro,-10.0,-10.0,40,NP101is,540.0,5.4,Starlight Xpress Fil,SII,IC 405,FocusLynx Focuser 1,8632.0,8632.0,13.404,-1.3,-1.3,TOP-DOWN,2000.0,N.I.N.A. 2.0.0.2053,IC 405_2022-03-20_22-24-41_SII_100_-10.00_300.00s_0.00as_0057.fits,1,/mnt/raid0/AstroImaging/Preselected/Flaming Star Nebula (IC405) started 4th February 2022/Lights/SII/IC 405_2022-03-20_22-24-41_SII_100_-10.00_300.00s_0.00as_0057.fits,80.2409999290784,33.7786429485098,34.8065,282.08336,1.7484484210794,East,42.8,52.2484166666667,-0.123166666666667,05 20 58,+33 46 43,180.87,8.0,0.3,90.0,1021.1,1.8,75.0,2.88
True,16,2,9576,6388,True,32768,LIGHT,300.0,300.0,2022-03-20T22:29:43.683,2022-03-20T22:29:43.683,1,1,100,10,0.246657639741898,3.76,3.76,ZWO ASI6200MM Pro,-10.0,-10.0,40,NP101is,540.0,5.4,Starlight Xpress Fil,SII,IC 405,FocusLynx Focuser 1,8632.0,8632.0,13.404,-1.5,-1.5,TOP-DOWN,2000.0,N.I.N.A. 2.0.0.2053,IC 405_2022-03-20_22-29-43_SII_100_-10.00_300.00s_0.00as_0058.fits,1,/mnt/raid0/AstroImaging/Preselected/Flaming Star Nebula (IC405) started 4th February 2022/Lights/SII/IC 405_2022-03-20_22-29-43_SII_100_-10.00_300.00s_0.00as_0058.fits,80.2411051754819,33.7786632344804,34.0539,282.96534,1.78207315593264,East,42.8,52.2484166666667,-0.123166666666667,05 20 58,+33 46 43,180.87,8.0,0.3,90.0,1021.1,1.8,75.0,2.88
True,16,2,9576,6388,True,32768,LIGHT,300.0,300.0,2022-03-20T22:34:46.326,2022-03-20T22:34:46.326,1,1,100,10,0.246657639741898,3.76,3.76,ZWO ASI6200MM Pro,-10.0,-9.9,40,NP101is,540.0,5.4,Starlight Xpress Fil,SII,IC 405,FocusLynx Focuser 1,8632.0,8632.0,13.404,-1.5,-1.5,TOP-DOWN,2000.0,N.I.N.A. 2.0.0.2053,IC 405_2022-03-20_22-34-46_SII_100_-9.90_300.00s_0.00as_0059.fits,1,/mnt/raid0/AstroImaging/Preselected/Flaming Star Nebula (IC405) started 4th February 2022/Lights/SII/IC 405_2022-03-20_22-34-46_SII_100_-9.90_300.00s_0.00as_0059.fits,80.2410306399969,33.7786331497239,33.30311,283.84377,1.8172422593211,East,42.8,52.2484166666667,-0.123166666666667,05 20 58,+33 46 43,180.87,8.0,0.1,90.0,1021.1,1.6,135.0,2.88
True,16,2,9576,6388,True,32768,LIGHT,300.0,300.0,2022-03-20T22:39:49.033,2022-03-20T22:39:49.033,1,1,100,10,0.246657639741898,3.76,3.76,ZWO ASI6200MM Pro,-10.0,-9.9,40,NP101is,540.0,5.4,Starlight Xpress Fil,SII,IC 405,FocusLynx Focuser 1,8632.0,8632.0,13.404,-1.5,-1.5,TOP-DOWN,2000.0,N.I.N.A. 2.0.0.2053,IC 405_2022-03-20_22-39-49_SII_100_-9.90_300.00s_0.00as_0060.fits,1,/mnt/raid0/AstroImaging/Preselected/Flaming Star Nebula (IC405) started 4th February 2022/Lights/SII/IC 405_2022-03-20_22-39-49_SII_100_-9.90_300.00s_0.00as_0060.fits,80.2410159003846,33.7786631842345,32.55534,284.71802,1.85399226915848,East,42.8,52.2484166666667,-0.123166666666667,05 20 58,+33 46 43,180.87,8.0,0.1,90.0,1021.1,1.6,135.0,2.88
True,16,2,9576,6388,True,32768,LIGHT,300.0,300.0,2022-03-20T22:44:51.731,2022-03-20T22:44:51.731,1,1,100,10,0.246657639741898,3.76,3.76,ZWO ASI6200MM Pro,-10.0,-10.0,40,NP101is,540.0,5.4,Starlight Xpress Fil,SII,IC 405,FocusLynx Focuser 1,8632.0,8632.0,13.404,-1.6,-1.6,TOP-DOWN,2000.0,N.I.N.A. 2.0.0.2053,IC 405_2022-03-20_22-44-51_SII_100_-10.00_300.00s_0.00as_0061.fits,1,/mnt/raid0/AstroImaging/Preselected/Flaming Star Nebula (IC405) started 4th February 2022/Lights/SII/IC 405_2022-03-20_22-44-51_SII_100_-10.00_300.00s_0.00as_0061.fits,80.2410462961623,33.7786433179975,31.80944,285.58989,1.892480798397,East,42.8,52.2484166666667,-0.123166666666667,05 20 58,+33 46 43,180.87,8.0,0.0,90.0,1021.1,1.5,135.0,2.88
True,16,2,9576,6388,True,32768,LIGHT,300.0,300.0,2022-03-20T22:50:08.582,2022-03-20T22:50:08.582,1,1,100,10,0.246657639741898,3.76,3.76,ZWO ASI6200MM Pro,-10.0,-9.9,40,NP101is,540.0,5.4,Starlight Xpress Fil,SII,IC 405,FocusLynx Focuser 1,8632.0,8632.0,13.404,-1.7,-1.7,TOP-DOWN,2000.0,N.I.N.A. 2.0.0.2053,IC 405_2022-03-20_22-50-08_SII_100_-9.90_300.00s_0.00as_0062.fits,1,/mnt/raid0/AstroImaging/Preselected/Flaming Star Nebula (IC405) started 4th February 2022/Lights/SII/IC 405_2022-03-20_22-50-08_SII_100_-9.90_300.00s_0.00as_0062.fits,80.2414369071744,33.7785142178464,31.03246,286.49836,1.93465595268333,East,42.8,52.2484166666667,-0.123166666666667,05 20 58,+33 46 43,180.87,8.0,0.0,90.0,1021.1,1.5,135.0,2.88
True,16,2,9576,6388,True,32768,LIGHT,300.0,300.0,2022-03-20T22:55:11.555,2022-03-20T22:55:11.555,1,1,100,10,0.246657639741898,3.76,3.76,ZWO ASI6200MM Pro,-10.0,-10.0,40,NP101is,540.0,5.4,Starlight Xpress Fil,SII,IC 405,FocusLynx Focuser 1,8632.0,8632.0,13.404,-1.8,-1.8,TOP-DOWN,2000.0,N.I.N.A. 2.0.0.2053,IC 405_2022-03-20_22-55-11_SII_100_-10.00_300.00s_0.00as_0063.fits,1,/mnt/raid0/AstroImaging/Preselected/Flaming Star Nebula (IC405) started 4th February 2022/Lights/SII/IC 405_2022-03-20_22-55-11_SII_100_-10.00_300.00s_0.00as_0063.fits,80.2414372557254,33.7785142875648,30.28667,287.3717,1.97728350198336,East,42.8,52.2484166666667,-0.123166666666667,05 20 58,+33 46 43,180.87,8.0,0.1,91.0,1021.1,1.4,135.0,2.88
True,16,2,9576,6388,True,32768,LIGHT,300.0,300.0,2022-03-20T23:00:14.310,2022-03-20T23:00:14.310,1,1,100,10,0.246657639741898,3.76,3.76,ZWO ASI6200MM Pro,-10.0,-10.0,40,NP101is,540.0,5.4,Starlight Xpress Fil,SII,IC 405,FocusLynx Focuser 1,8632.0,8632.0,13.404,-1.9,-1.9,TOP-DOWN,2000.0,N.I.N.A. 2.0.0.2053,IC 405_2022-03-20_23-00-14_SII_100_-10.00_300.00s_0.00as_0064.fits,1,/mnt/raid0/AstroImaging/Preselected/Flaming Star Nebula (IC405) started 4th February 2022/Lights/SII/IC 405_2022-03-20_23-00-14_SII_100_-10.00_300.00s_0.00as_0064.fits,80.241392466567,33.7785642577463,29.55091,288.23497,2.02155078778576,East,42.8,52.2484166666667,-0.123166666666667,05 20 58,+33 46 43,180.87,8.0,0.1,91.0,1021.1,1.4,135.0,2.88
True,16,2,9576,6388,True,32768,LIGHT,300.0,300.0,2022-03-20T23:05:17.066,2022-03-20T23:05:17.066,1,1,100,10,0.246657639741898,3.76,3.76,ZWO ASI6200MM Pro,-10.0,-9.9,40,NP101is,540.0,5.4,Starlight Xpress Fil,SII,IC 405,FocusLynx Focuser 1,8632.0,8632.0,13.404,-2.0,-2.0,TOP-DOWN,2000.0,N.I.N.A. 2.0.0.2053,IC 405_2022-03-20_23-05-17_SII_100_-9.90_300.00s_0.00as_0065.fits,1,/mnt/raid0/AstroImaging/Preselected/Flaming Star Nebula (IC405) started 4th February 2022/Lights/SII/IC 405_2022-03-20_23-05-17_SII_100_-9.90_300.00s_0.00as_0065.fits,80.241424677167,33.778494399886,28.82226,289.09184,2.06771887256089,East,42.8,52.2484166666667,-0.123166666666667,05 20 58,+33 46 43,180.87,8.0,-0.2,90.0,1021.1,1.3,135.0,2.88
True,16,2,9576,6388,True,32768,LIGHT,300.0,300.0,2022-03-20T23:10:19.678,2022-03-20T23:10:19.678,1,1,100,10,0.246657639741898,3.76,3.76,ZWO ASI6200MM Pro,-10.0,-10.0,40,NP101is,540.0,5.4,Starlight Xpress Fil,SII,IC 405,FocusLynx Focuser 1,8632.0,8632.0,13.404,-1.9,-1.9,TOP-DOWN,2000.0,N.I.N.A. 2.0.0.2053,IC 405_2022-03-20_23-10-19_SII_100_-10.00_300.00s_0.00as_0066.fits,1,/mnt/raid0/AstroImaging/Preselected/Flaming Star Nebula (IC405) started 4th February 2022/Lights/SII/IC 405_2022-03-20_23-10-19_SII_100_-10.00_300.00s_0.00as_0066.fits,80.2414083039298,33.7785144329003,28.08638,289.96005,2.11687690364643,East,42.8,52.2484166666667,-0.123166666666667,05 20 58,+33 46 43,180.87,8.0,-0.2,90.0,1021.1,1.3,135.0,2.88
True,16,2,9576,6388,True,32768,LIGHT,300.0,300.0,2022-03-20T23:15:22.379,2022-03-20T23:15:22.379,1,1,100,10,0.246657639741898,3.76,3.76,ZWO ASI6200MM Pro,-10.0,-10.0,40,NP101is,540.0,5.4,Starlight Xpress Fil,SII,IC 405,FocusLynx Focuser 1,8632.0,8632.0,13.404,-2.0,-2.0,TOP-DOWN,2000.0,N.I.N.A. 2.0.0.2053,IC 405_2022-03-20_23-15-22_SII_100_-10.00_300.00s_0.00as_0067.fits,1,/mnt/raid0/AstroImaging/Preselected/Flaming Star Nebula (IC405) started 4th February 2022/Lights/SII/IC 405_2022-03-20_23-15-22_SII_100_-10.00_300.00s_0.00as_0067.fits,80.2413936820133,33.7785044714024,27.36727,290.81168,2.16756423127483,East,42.8,52.2484166666667,-0.123166666666667,05 20 58,+33 46 43,180.87,15.0,-0.5,90.0,1021.1,1.0,149.0,0.72
True,16,2,9576,6388,True,32768,LIGHT,300.0,300.0,2022-03-20T23:20:35.871,2022-03-20T23:20:35.871,1,1,100,10,0.246657639741898,3.76,3.76,ZWO ASI6200MM Pro,-10.0,-9.9,40,NP101is,540.0,5.4,Starlight Xpress Fil,SII,IC 405,FocusLynx Focuser 1,8632.0,8632.0,13.404,-2.1,-2.1,TOP-DOWN,2000.0,N.I.N.A. 2.0.0.2053,IC 405_2022-03-20_23-20-35_SII_100_-9.90_300.00s_0.00as_0068.fits,1,/mnt/raid0/AstroImaging/Preselected/Flaming Star Nebula (IC405) started 4th February 2022/Lights/SII/IC 405_2022-03-20_23-20-35_SII_100_-9.90_300.00s_0.00as_0068.fits,80.2415292305499,33.7784248331414,26.62199,291.69806,2.22308288575745,East,42.8,52.2484166666667,-0.123166666666667,05 20 58,+33 46 43,180.87,15.0,-0.5,90.0,1021.1,1.0,149.0,0.72
True,16,2,9576,6388,True,32768,LIGHT,300.0,300.0,2022-03-20T23:25:38.513,2022-03-20T23:25:38.513,1,1,100,10,0.246657639741898,3.76,3.76,ZWO ASI6200MM Pro,-10.0,-9.9,40,NP101is,540.0,5.4,Starlight Xpress Fil,SII,IC 405,FocusLynx Focuser 1,8632.0,8632.0,13.404,-2.2,-2.2,TOP-DOWN,2000.0,N.I.N.A. 2.0.0.2053,IC 405_2022-03-20_23-25-38_SII_100_-9.90_300.00s_0.00as_0069.fits,1,/mnt/raid0/AstroImaging/Preselected/Flaming Star Nebula (IC405) started 4th February 2022/Lights/SII/IC 405_2022-03-20_23-25-38_SII_100_-9.90_300.00s_0.00as_0069.fits,80.2415745604856,33.7784249969823,25.9009722222222,292.55964,2.27992558199752,East,42.8,52.2484166666667,-0.123166666666667,05 20 58,+33 46 43,180.87,8.0,-0.7,90.0,1021.1,0.8,135.0,2.88
True,16,2,9576,6388,True,32768,LIGHT,300.0,300.0,2022-03-20T23:30:41.185,2022-03-20T23:30:41.185,1,1,100,10,0.246657639741898,3.76,3.76,ZWO ASI6200MM Pro,-10.0,-10.0,40,NP101is,540.0,5.4,Starlight Xpress Fil,SII,IC 405,FocusLynx Focuser 1,8632.0,8632.0,13.404,-2.2,-2.2,TOP-DOWN,2000.0,N.I.N.A. 2.0.0.2053,IC 405_2022-03-20_23-30-41_SII_100_-10.00_300.00s_0.00as_0070.fits,1,/mnt/raid0/AstroImaging/Preselected/Flaming Star Nebula (IC405) started 4th February 2022/Lights/SII/IC 405_2022-03-20_23-30-41_SII_100_-10.00_300.00s_0.00as_0070.fits,80.2415448863142,33.7784350029613,25.18812,293.41713,2.33940742764538,East,42.8,52.2484166666667,-0.123166666666667,05 20 58,+33 46 43,180.87,8.0,-0.7,90.0,1021.1,0.8,135.0,2.88
True,16,2,9576,6388,True,32768,LIGHT,300.0,300.0,2022-03-20T23:35:43.832,2022-03-20T23:35:43.832,1,1,100,10,0.246657639741898,3.76,3.76,ZWO ASI6200MM Pro,-10.0,-10.0,40,NP101is,540.0,5.4,Starlight Xpress Fil,SII,IC 405,FocusLynx Focuser 1,8632.0,8632.0,13.404,-2.3,-2.3,TOP-DOWN,2000.0,N.I.N.A. 2.0.0.2053,IC 405_2022-03-20_23-35-43_SII_100_-10.00_300.00s_0.00as_0071.fits,1,/mnt/raid0/AstroImaging/Preselected/Flaming Star Nebula (IC405) started 4th February 2022/Lights/SII/IC 405_2022-03-20_23-35-43_SII_100_-10.00_300.00s_0.00as_0071.fits,80.2416202321112,33.7784252299723,24.48221,294.27108,2.40180061217086,East,42.8,52.2484166666667,-0.123166666666667,05 20 58,+33 46 43,180.87,13.0,-0.5,91.0,1021.1,0.8,204.0,2.16
True,16,2,9576,6388,True,32768,LIGHT,300.0,300.0,2022-03-20T23:40:46.464,2022-03-20T23:40:46.464,1,1,100,10,0.246657639741898,3.76,3.76,ZWO ASI6200MM Pro,-10.0,-10.0,40,NP101is,540.0,5.4,Starlight Xpress Fil,SII,IC 405,FocusLynx Focuser 1,8632.0,8632.0,13.404,-2.3,-2.3,TOP-DOWN,2000.0,N.I.N.A. 2.0.0.2053,IC 405_2022-03-20_23-40-46_SII_100_-10.00_300.00s_0.00as_0072.fits,1,/mnt/raid0/AstroImaging/Preselected/Flaming Star Nebula (IC405) started 4th February 2022/Lights/SII/IC 405_2022-03-20_23-40-46_SII_100_-10.00_300.00s_0.00as_0072.fits,80.2416354767903,33.7784553272808,23.78553,295.11959,2.46707857317847,East,42.8,52.2484166666667,-0.123166666666667,05 20 58,+33 46 43,180.87,13.0,-0.5,91.0,1021.1,0.8,204.0,2.16
True,16,2,9576,6388,True,32768,LIGHT,300.0,300.0,2022-03-21T22:41:44.688,2022-03-21T22:41:44.688,1,1,100,10,0.246657639741898,3.76,3.76,ZWO ASI6200MM Pro,-10.0,-9.9,40,NP101is,540.0,5.4,Starlight Xpress Fil,SII,IC 405,FocusLynx Focuser 1,8759.0,8759.0,13.404,5.6,5.6,TOP-DOWN,2000.0,N.I.N.A. 2.0.0.2053,IC 405_2022-03-21_22-41-44_SII_100_-9.90_300.00s_0075.fits,1,/mnt/raid0/AstroImaging/Preselected/Flaming Star Nebula (IC405) started 4th February 2022/Lights/SII/IC 405_2022-03-21_22-41-44_SII_100_-9.90_300.00s_0075.fits,80.2415246852274,33.7785949411931,31.68297,285.73761,1.89919698134053,East,40.7,52.2484166666667,-0.123166666666667,05 20 58,+33 46 43,180.87,17.0,1.6,68.0,1024.1,7.1,102.0,3.24
True,16,2,9576,6388,True,32768,LIGHT,300.0,300.0,2022-03-21T22:47:06.427,2022-03-21T22:47:06.427,1,1,100,10,0.246657639741898,3.76,3.76,ZWO ASI6200MM Pro,-10.0,-10.0,40,NP101is,540.0,5.4,Starlight Xpress Fil,SII,IC 405,FocusLynx Focuser 1,8759.0,8759.0,13.404,5.5,5.5,TOP-DOWN,2000.0,N.I.N.A. 2.0.0.2053,IC 405_2022-03-21_22-47-06_SII_100_-10.00_300.00s_0076.fits,1,/mnt/raid0/AstroImaging/Preselected/Flaming Star Nebula (IC405) started 4th February 2022/Lights/SII/IC 405_2022-03-21_22-47-06_SII_100_-10.00_300.00s_0076.fits,80.2414500309048,33.7785848646423,30.89667,286.65735,1.94225638077424,East,40.7,52.2484166666667,-0.123166666666667,05 20 58,+33 46 43,180.87,17.0,1.4,68.0,1024.1,6.9,99.0,3.24
True,16,2,9576,6388,True,32768,LIGHT,300.0,300.0,2022-03-21T22:52:09.029,2022-03-21T22:52:09.029,1,1,100,10,0.246657639741898,3.76,3.76,ZWO ASI6200MM Pro,-10.0,-10.0,40,NP101is,540.0,5.4,Starlight Xpress Fil,SII,IC 405,FocusLynx Focuser 1,8759.0,8759.0,13.404,5.4,5.4,TOP-DOWN,2000.0,N.I.N.A. 2.0.0.2053,IC 405_2022-03-21_22-52-09_SII_100_-10.00_300.00s_0077.fits,1,/mnt/raid0/AstroImaging/Preselected/Flaming Star Nebula (IC405) started 4th February 2022/Lights/SII/IC 405_2022-03-21_22-52-09_SII_100_-10.00_300.00s_0077.fits,80.2414702948712,33.7785849809707,30.1605,287.51967,1.98471401029512,East,40.7,52.2484166666667,-0.123166666666667,05 20 58,+33 46 43,180.87,17.0,1.4,68.0,1024.1,6.9,99.0,3.24
True,16,2,9576,6388,True,32768,LIGHT,300.0,300.0,2022-03-21T22:57:11.710,2022-03-21T22:57:11.710,1,1,100,10,0.246657639741898,3.76,3.76,ZWO ASI6200MM Pro,-10.0,-10.0,40,NP101is,540.0,5.4,Starlight Xpress Fil,SII,IC 405,FocusLynx Focuser 1,8759.0,8759.0,13.404,5.3,5.3,TOP-DOWN,2000.0,N.I.N.A. 2.0.0.2053,IC 405_2022-03-21_22-57-11_SII_100_-10.00_300.00s_0078.fits,1,/mnt/raid0/AstroImaging/Preselected/Flaming Star Nebula (IC405) started 4th February 2022/Lights/SII/IC 405_2022-03-21_22-57-11_SII_100_-10.00_300.00s_0078.fits,80.2415402995383,33.7786651940048,29.42264,288.38577,2.02950523627295,East,40.7,52.2484166666667,-0.123166666666667,05 20 58,+33 46 43,180.87,17.0,1.5,69.0,1024.1,6.8,102.0,3.24
True,16,2,9576,6388,True,32768,LIGHT,300.0,300.0,2022-03-21T23:02:14.376,2022-03-21T23:02:14.376,1,1,100,10,0.246657639741898,3.76,3.76,ZWO ASI6200MM Pro,-10.0,-10.0,40,NP101is,540.0,5.4,Starlight Xpress Fil,SII,IC 405,FocusLynx Focuser 1,8759.0,8759.0,13.404,5.2,5.2,TOP-DOWN,2000.0,N.I.N.A. 2.0.0.2053,IC 405_2022-03-21_23-02-14_SII_100_-10.00_300.00s_0079.fits,1,/mnt/raid0/AstroImaging/Preselected/Flaming Star Nebula (IC405) started 4th February 2022/Lights/SII/IC 405_2022-03-21_23-02-14_SII_100_-10.00_300.00s_0079.fits,80.2413758436064,33.7785949313503,28.68932,289.24857,2.07640565714348,East,40.7,52.2484166666667,-0.123166666666667,05 20 58,+33 46 43,180.87,17.0,1.5,69.0,1024.1,6.8,102.0,3.24
True,16,2,9576,6388,True,32768,LIGHT,300.0,300.0,2022-03-21T23:11:37.401,2022-03-21T23:11:37.401,1,1,100,10,0.246657639741898,3.76,3.76,ZWO ASI6200MM Pro,-10.0,-9.8,40,NP101is,540.0,5.4,Starlight Xpress Fil,SII,IC 405,FocusLynx Focuser 1,8731.0,8731.0,13.404,5.1,5.1,TOP-DOWN,2000.0,N.I.N.A. 2.0.0.2053,IC 405_2022-03-21_23-11-37_SII_100_-9.80_300.00s_0080.fits,1,/mnt/raid0/AstroImaging/Preselected/Flaming Star Nebula (IC405) started 4th February 2022/Lights/SII/IC 405_2022-03-21_23-11-37_SII_100_-9.80_300.00s_0080.fits,80.2414661345862,33.7786552526188,27.33497,290.85019,2.16990566244456,East,40.7,52.2484166666667,-0.123166666666667,05 20 58,+33 46 43,180.87,17.0,1.5,70.0,1024.1,6.6,99.0,3.24
True,16,2,9576,6388,True,32768,LIGHT,300.0,300.0,2022-03-21T23:16:57.684,2022-03-21T23:16:57.684,1,1,100,10,0.246657639741898,3.76,3.76,ZWO ASI6200MM Pro,-10.0,-10.0,40,NP101is,540.0,5.4,Starlight Xpress Fil,SII,IC 405,FocusLynx Focuser 1,8731.0,8731.0,13.404,4.9,4.9,TOP-DOWN,2000.0,N.I.N.A. 2.0.0.2053,IC 405_2022-03-21_23-16-57_SII_100_-10.00_300.00s_0081.fits,1,/mnt/raid0/AstroImaging/Preselected/Flaming Star Nebula (IC405) started 4th February 2022/Lights/SII/IC 405_2022-03-21_23-16-57_SII_100_-10.00_300.00s_0081.fits,80.2416482567146,33.7780257699271,26.57915,291.74844,2.2263717075421,East,40.7,52.2484166666667,-0.123166666666667,05 20 58,+33 46 43,180.87,17.0,1.6,71.0,1024.1,6.5,100.0,1.44
True,16,2,9576,6388,True,32768,LIGHT,300.0,300.0,2022-03-21T23:22:00.220,2022-03-21T23:22:00.220,1,1,100,10,0.246657639741898,3.76,3.76,ZWO ASI6200MM Pro,-10.0,-10.0,40,NP101is,540.0,5.4,Starlight Xpress Fil,SII,IC 405,FocusLynx Focuser 1,8731.0,8731.0,13.404,4.8,4.8,TOP-DOWN,2000.0,N.I.N.A. 2.0.0.2053,IC 405_2022-03-21_23-22-00_SII_100_-10.00_300.00s_0082.fits,1,/mnt/raid0/AstroImaging/Preselected/Flaming Star Nebula (IC405) started 4th February 2022/Lights/SII/IC 405_2022-03-21_23-22-00_SII_100_-10.00_300.00s_0082.fits,80.2416485864351,33.7780058463452,25.86616,292.60108,2.28275241193302,East,40.7,52.2484166666667,-0.123166666666667,05 20 58,+33 46 43,180.87,17.0,1.6,71.0,1024.1,6.5,100.0,1.44
True,16,2,9576,6388,True,32768,LIGHT,300.0,300.0,2022-03-21T23:27:02.839,2022-03-21T23:27:02.839,1,1,100,10,0.246657639741898,3.76,3.76,ZWO ASI6200MM Pro,-10.0,-10.0,40,NP101is,540.0,5.4,Starlight Xpress Fil,SII,IC 405,FocusLynx Focuser 1,8731.0,8731.0,13.404,4.7,4.7,TOP-DOWN,2000.0,N.I.N.A. 2.0.0.2053,IC 405_2022-03-21_23-27-02_SII_100_-10.00_300.00s_0083.fits,1,/mnt/raid0/AstroImaging/Preselected/Flaming Star Nebula (IC405) started 4th February 2022/Lights/SII/IC 405_2022-03-21_23-27-02_SII_100_-10.00_300.00s_0083.fits,80.241603844836,33.7780158266526,25.1495,293.46299,2.34272849303273,East,40.7,52.2484166666667,-0.123166666666667,05 20 58,+33 46 43,180.87,17.0,1.7,72.0,1024.1,6.4,100.0,1.44
True,16,2,9576,6388,True,32768,LIGHT,300.0,300.0,2022-03-21T23:32:05.493,2022-03-21T23:32:05.493,1,1,100,10,0.246657639741898,3.76,3.76,ZWO ASI6200MM Pro,-10.0,-10.0,40,NP101is,540.0,5.4,Starlight Xpress Fil,SII,IC 405,FocusLynx Focuser 1,8731.0,8731.0,13.404,4.6,4.6,TOP-DOWN,2000.0,N.I.N.A. 2.0.0.2053,IC 405_2022-03-21_23-32-05_SII_100_-10.00_300.00s_0084.fits,1,/mnt/raid0/AstroImaging/Preselected/Flaming Star Nebula (IC405) started 4th February 2022/Lights/SII/IC 405_2022-03-21_23-32-05_SII_100_-10.00_300.00s_0084.fits,80.2416040852917,33.7780259005987,24.44087,294.32055,2.40556845856665,East,40.7,52.2484166666667,-0.123166666666667,05 20 58,+33 46 43,180.87,17.0,1.7,72.0,1024.1,6.4,100.0,1.44
True,16,2,9576,6388,True,32768,LIGHT,300.0,300.0,2022-03-21T23:37:07.960,2022-03-21T23:37:07.960,1,1,100,10,0.246657639741898,3.76,3.76,ZWO ASI6200MM Pro,-10.0,-10.0,40,NP101is,540.0,5.4,Starlight Xpress Fil,SII,IC 405,FocusLynx Focuser 1,8731.0,8731.0,13.404,4.5,4.5,TOP-DOWN,2000.0,N.I.N.A. 2.0.0.2053,IC 405_2022-03-21_23-37-07_SII_100_-10.00_300.00s_0085.fits,1,/mnt/raid0/AstroImaging/Preselected/Flaming Star Nebula (IC405) started 4th February 2022/Lights/SII/IC 405_2022-03-21_23-37-07_SII_100_-10.00_300.00s_0085.fits,80.2415893894289,33.7780159446643,23.74188,295.1722,2.47129815631581,East,40.7,52.2484166666667,-0.123166666666667,05 20 58,+33 46 43,180.87,17.0,1.6,73.0,1024.1,6.0,123.0,10.8
True,16,2,9576,6388,True,32768,LIGHT,300.0,300.0,2022-03-22T19:31:36.682,2022-03-22T19:31:36.682,1,1,100,10,0.246657639741898,3.76,3.76,ZWO ASI6200MM Pro,-10.0,-9.8,40,NP101is,540.0,5.4,Starlight Xpress Fil,SII,IC 405,FocusLynx Focuser 1,8765.0,8765.0,13.404,10.0,10.0,TOP-DOWN,2000.0,N.I.N.A. 2.0.0.2054,IC 405_2022-03-22_19-31-36_SII_100_-9.80_300.00s_0088.fits,1,/mnt/raid0/AstroImaging/Preselected/Flaming Star Nebula (IC405) started 4th February 2022/Lights/SII/IC 405_2022-03-22_19-31-36_SII_100_-9.80_300.00s_0088.fits,80.2414039909328,33.7786403245028,59.6783055555556,245.92262,1.15801632428807,East,42.8,52.2484166666667,-0.123166666666667,05 20 58,+33 46 43,180.87,1.0,7.0,72.0,1023.1,11.9,126.0,3.24
True,16,2,9576,6388,True,32768,LIGHT,300.0,300.0,2022-03-22T19:36:41.116,2022-03-22T19:36:41.116,1,1,100,10,0.246657639741898,3.76,3.76,ZWO ASI6200MM Pro,-10.0,-9.9,40,NP101is,540.0,5.4,Starlight Xpress Fil,SII,IC 405,FocusLynx Focuser 1,8765.0,8765.0,13.404,9.9,9.9,TOP-DOWN,2000.0,N.I.N.A. 2.0.0.2054,IC 405_2022-03-22_19-36-41_SII_100_-9.90_300.00s_0089.fits,1,/mnt/raid0/AstroImaging/Preselected/Flaming Star Nebula (IC405) started 4th February 2022/Lights/SII/IC 405_2022-03-22_19-36-41_SII_100_-9.90_300.00s_0089.fits,80.2414043127239,33.7786026193,58.9655,247.44478,1.16657384693387,East,42.8,52.2484166666667,-0.123166666666667,05 20 58,+33 46 43,180.87,1.0,7.0,72.0,1023.1,11.9,126.0,3.24
True,16,2,9576,6388,True,32768,LIGHT,300.0,300.0,2022-03-22T19:41:43.647,2022-03-22T19:41:43.647,1,1,100,10,0.246657639741898,3.76,3.76,ZWO ASI6200MM Pro,-10.0,-10.0,40,NP101is,540.0,5.4,Starlight Xpress Fil,SII,IC 405,FocusLynx Focuser 1,8765.0,8765.0,13.404,9.7,9.7,TOP-DOWN,2000.0,N.I.N.A. 2.0.0.2054,IC 405_2022-03-22_19-41-43_SII_100_-10.00_300.00s_0090.fits,1,/mnt/raid0/AstroImaging/Preselected/Flaming Star Nebula (IC405) started 4th February 2022/Lights/SII/IC 405_2022-03-22_19-41-43_SII_100_-10.00_300.00s_0090.fits,80.2415393802832,33.7786329669948,58.24457,248.92105,1.17554441517799,East,42.8,52.2484166666667,-0.123166666666667,05 20 58,+33 46 43,180.87,1.0,7.1,73.0,1023.1,11.8,128.0,3.24
True,16,2,9576,6388,True,32768,LIGHT,300.0,300.0,2022-03-22T19:46:46.196,2022-03-22T19:46:46.196,1,1,100,10,0.246657639741898,3.76,3.76,ZWO ASI6200MM Pro,-10.0,-10.0,40,NP101is,540.0,5.4,Starlight Xpress Fil,SII,IC 405,FocusLynx Focuser 1,8765.0,8765.0,13.404,9.6,9.6,TOP-DOWN,2000.0,N.I.N.A. 2.0.0.2054,IC 405_2022-03-22_19-46-46_SII_100_-10.00_300.00s_0091.fits,1,/mnt/raid0/AstroImaging/Preselected/Flaming Star Nebula (IC405) started 4th February 2022/Lights/SII/IC 405_2022-03-22_19-46-46_SII_100_-10.00_300.00s_0091.fits,80.2414046067557,33.7786427529066,57.5183611111111,250.35006,1.18491177547958,East,42.8,52.2484166666667,-0.123166666666667,05 20 58,+33 46 43,180.87,1.0,7.1,73.0,1023.1,11.8,128.0,3.24
True,16,2,9576,6388,True,32768,LIGHT,300.0,300.0,2022-03-22T19:51:48.806,2022-03-22T19:51:48.806,1,1,100,10,0.246657639741898,3.76,3.76,ZWO ASI6200MM Pro,-10.0,-10.0,40,NP101is,540.0,5.4,Starlight Xpress Fil,SII,IC 405,FocusLynx Focuser 1,8765.0,8765.0,13.404,9.4,9.4,TOP-DOWN,2000.0,N.I.N.A. 2.0.0.2054,IC 405_2022-03-22_19-51-48_SII_100_-10.00_300.00s_0092.fits,1,/mnt/raid0/AstroImaging/Preselected/Flaming Star Nebula (IC405) started 4th February 2022/Lights/SII/IC 405_2022-03-22_19-51-48_SII_100_-10.00_300.00s_0092.fits,80.2415098028844,33.7786330409438,56.7958,251.72296,1.19457278698559,East,42.8,52.2484166666667,-0.123166666666667,05 20 58,+33 46 43,180.87,1.0,6.5,72.0,1024.1,11.4,112.0,3.24
True,16,2,9576,6388,True,32768,LIGHT,300.0,300.0,2022-03-22T19:56:51.346,2022-03-22T19:56:51.346,1,1,100,10,0.246657639741898,3.76,3.76,ZWO ASI6200MM Pro,-10.0,-10.0,40,NP101is,540.0,5.4,Starlight Xpress Fil,SII,IC 405,FocusLynx Focuser 1,8765.0,8765.0,13.404,9.2,9.2,TOP-DOWN,2000.0,N.I.N.A. 2.0.0.2054,IC 405_2022-03-22_19-56-51_SII_100_-10.00_300.00s_0093.fits,1,/mnt/raid0/AstroImaging/Preselected/Flaming Star Nebula (IC405) started 4th February 2022/Lights/SII/IC 405_2022-03-22_19-56-51_SII_100_-10.00_300.00s_0093.fits,80.2414467617562,33.7786129799827,56.05226,253.08595,1.20488118366291,East,42.8,52.2484166666667,-0.123166666666667,05 20 58,+33 46 43,180.87,1.0,6.5,72.0,1024.1,11.4,123.0,3.24
True,16,2,9576,6388,True,32768,LIGHT,300.0,300.0,2022-03-22T20:02:09.499,2022-03-22T20:02:09.499,1,1,100,10,0.246657639741898,3.76,3.76,ZWO ASI6200MM Pro,-10.0,-10.0,40,NP101is,540.0,5.4,Starlight Xpress Fil,SII,IC 405,FocusLynx Focuser 1,8765.0,8765.0,13.404,9.0,9.0,TOP-DOWN,2000.0,N.I.N.A. 2.0.0.2054,IC 405_2022-03-22_20-02-09_SII_100_-10.00_300.00s_0094.fits,1,/mnt/raid0/AstroImaging/Preselected/Flaming Star Nebula (IC405) started 4th February 2022/Lights/SII/IC 405_2022-03-22_20-02-09_SII_100_-10.00_300.00s_0094.fits,80.2410607245717,33.778522253461,55.27397,254.46456,1.21608421097631,East,42.8,52.2484166666667,-0.123166666666667,05 20 58,+33 46 43,180.87,1.0,6.5,72.0,1024.1,11.4,123.0,3.24
True,16,2,9576,6388,True,32768,LIGHT,300.0,300.0,2022-03-22T20:07:12.219,2022-03-22T20:07:12.219,1,1,100,10,0.246657639741898,3.76,3.76,ZWO ASI6200MM Pro,-10.0,-10.0,40,NP101is,540.0,5.4,Starlight Xpress Fil,SII,IC 405,FocusLynx Focuser 1,8765.0,8765.0,13.404,8.8,8.8,TOP-DOWN,2000.0,N.I.N.A. 2.0.0.2054,IC 405_2022-03-22_20-07-12_SII_100_-10.00_300.00s_0095.fits,1,/mnt/raid0/AstroImaging/Preselected/Flaming Star Nebula (IC405) started 4th February 2022/Lights/SII/IC 405_2022-03-22_20-07-12_SII_100_-10.00_300.00s_0095.fits,80.2410310030762,33.7785022616704,54.5209722222222,255.757444444444,1.22733995322978,East,42.8,52.2484166666667,-0.123166666666667,05 20 58,+33 46 43,180.87,1.0,6.5,72.0,1024.1,11.4,123.0,3.24
True,16,2,9576,6388,True,32768,LIGHT,300.0,300.0,2022-03-22T20:12:14.769,2022-03-22T20:12:14.769,1,1,100,10,0.246657639741898,3.76,3.76,ZWO ASI6200MM Pro,-10.0,-10.0,40,NP101is,540.0,5.4,Starlight Xpress Fil,SII,IC 405,FocusLynx Focuser 1,8765.0,8765.0,13.404,8.7,8.7,TOP-DOWN,2000.0,N.I.N.A. 2.0.0.2054,IC 405_2022-03-22_20-12-14_SII_100_-10.00_300.00s_0096.fits,1,/mnt/raid0/AstroImaging/Preselected/Flaming Star Nebula (IC405) started 4th February 2022/Lights/SII/IC 405_2022-03-22_20-12-14_SII_100_-10.00_300.00s_0096.fits,80.2410461398953,33.7785223584283,53.77925,256.98998,1.23884300526211,East,42.8,52.2484166666667,-0.123166666666667,05 20 58,+33 46 43,180.87,1.0,6.5,72.0,1024.1,11.4,123.0,3.24
True,16,2,9576,6388,True,32768,LIGHT,300.0,300.0,2022-03-22T20:17:17.388,2022-03-22T20:17:17.388,1,1,100,10,0.246657639741898,3.76,3.76,ZWO ASI6200MM Pro,-10.0,-10.0,40,NP101is,540.0,5.4,Starlight Xpress Fil,SII,IC 405,FocusLynx Focuser 1,8765.0,8765.0,13.404,8.4,8.4,TOP-DOWN,2000.0,N.I.N.A. 2.0.0.2054,IC 405_2022-03-22_20-17-17_SII_100_-10.00_300.00s_0097.fits,1,/mnt/raid0/AstroImaging/Preselected/Flaming Star Nebula (IC405) started 4th February 2022/Lights/SII/IC 405_2022-03-22_20-17-17_SII_100_-10.00_300.00s_0097.fits,80.2410013939127,33.7785123344753,53.01791,258.22341,1.25109595814635,East,42.8,52.2484166666667,-0.123166666666667,05 20 58,+33 46 43,180.87,1.0,6.3,74.0,1024.1,10.7,124.0,3.24
True,16,2,9576,6388,True,32768,LIGHT,300.0,300.0,2022-03-22T20:22:20.216,2022-03-22T20:22:20.216,1,1,100,10,0.246657639741898,3.76,3.76,ZWO ASI6200MM Pro,-10.0,-9.9,40,NP101is,540.0,5.4,Starlight Xpress Fil,SII,IC 405,FocusLynx Focuser 1,8765.0,8765.0,13.404,8.3,8.3,TOP-DOWN,2000.0,N.I.N.A. 2.0.0.2054,IC 405_2022-03-22_20-22-20_SII_100_-9.90_300.00s_0098.fits,1,/mnt/raid0/AstroImaging/Preselected/Flaming Star Nebula (IC405) started 4th February 2022/Lights/SII/IC 405_2022-03-22_20-22-20_SII_100_-9.90_300.00s_0098.fits,80.2410733012339,33.7784925548365,52.25548,259.42478,1.26383664789315,East,42.8,52.2484166666667,-0.123166666666667,05 20 58,+33 46 43,180.87,1.0,6.3,74.0,1024.1,10.7,124.0,3.24
True,16,2,9576,6388,True,32768,LIGHT,300.0,300.0,2022-03-22T20:27:22.641,2022-03-22T20:27:22.641,1,1,100,10,0.246657639741898,3.76,3.76,ZWO ASI6200MM Pro,-10.0,-10.0,40,NP101is,540.0,5.4,Starlight Xpress Fil,SII,IC 405,FocusLynx Focuser 1,8765.0,8765.0,13.404,8.0,8.0,TOP-DOWN,2000.0,N.I.N.A. 2.0.0.2054,IC 405_2022-03-22_20-27-22_SII_100_-10.00_300.00s_0099.fits,1,/mnt/raid0/AstroImaging/Preselected/Flaming Star Nebula (IC405) started 4th February 2022/Lights/SII/IC 405_2022-03-22_20-27-22_SII_100_-10.00_300.00s_0099.fits,80.2410467877763,33.7785125650896,51.49554,260.59246,1.27702286466161,East,42.8,52.2484166666667,-0.123166666666667,05 20 58,+33 46 43,180.87,2.0,6.1,74.0,1024.1,10.6,132.0,1.44
True,16,2,9576,6388,True,32768,LIGHT,300.0,300.0,2022-03-22T20:36:53.425,2022-03-22T20:36:53.425,1,1,100,10,0.246657639741898,3.76,3.76,ZWO ASI6200MM Pro,-10.0,-10.0,40,NP101is,540.0,5.4,Starlight Xpress Fil,SII,IC 405,FocusLynx Focuser 1,8713.0,8713.0,13.404,7.8,7.8,TOP-DOWN,2000.0,N.I.N.A. 2.0.0.2054,IC 405_2022-03-22_20-36-53_SII_100_-10.00_300.00s_0100.fits,1,/mnt/raid0/AstroImaging/Preselected/Flaming Star Nebula (IC405) started 4th February 2022/Lights/SII/IC 405_2022-03-22_20-36-53_SII_100_-10.00_300.00s_0100.fits,80.2413235227994,33.7785854870258,50.04661,262.74478,1.3035851399732,East,42.8,52.2484166666667,-0.123166666666667,05 20 58,+33 46 43,180.87,2.0,6.1,74.0,1024.1,10.5,117.0,3.24
True,16,2,9576,6388,True,32768,LIGHT,300.0,300.0,2022-03-22T20:41:58.394,2022-03-22T20:41:58.394,1,1,100,10,0.246657639741898,3.76,3.76,ZWO ASI6200MM Pro,-10.0,-10.0,40,NP101is,540.0,5.4,Starlight Xpress Fil,SII,IC 405,FocusLynx Focuser 1,8713.0,8713.0,13.404,7.7,7.7,TOP-DOWN,2000.0,N.I.N.A. 2.0.0.2054,IC 405_2022-03-22_20-41-58_SII_100_-10.00_300.00s_0101.fits,1,/mnt/raid0/AstroImaging/Preselected/Flaming Star Nebula (IC405) started 4th February 2022/Lights/SII/IC 405_2022-03-22_20-41-58_SII_100_-10.00_300.00s_0101.fits,80.2413321223774,33.7785633518621,49.28283,263.84416,1.31837910389686,East,42.8,52.2484166666667,-0.123166666666667,05 20 58,+33 46 43,180.87,2.0,6.1,74.0,1024.1,10.5,117.0,3.24
True,16,2,9576,6388,True,32768,LIGHT,300.0,300.0,2022-03-22T20:47:00.926,2022-03-22T20:47:00.926,1,1,100,10,0.246657639741898,3.76,3.76,ZWO ASI6200MM Pro,-10.0,-9.7,40,NP101is,540.0,5.4,Starlight Xpress Fil,SII,IC 405,FocusLynx Focuser 1,8713.0,8713.0,13.404,7.8,7.8,TOP-DOWN,2000.0,N.I.N.A. 2.0.0.2054,IC 405_2022-03-22_20-47-00_SII_100_-9.70_300.00s_0102.fits,1,/mnt/raid0/AstroImaging/Preselected/Flaming Star Nebula (IC405) started 4th February 2022/Lights/SII/IC 405_2022-03-22_20-47-00_SII_100_-9.70_300.00s_0102.fits,80.2414222314896,33.7785836053555,48.51812,264.92327,1.33377012516831,East,42.8,52.2484166666667,-0.123166666666667,05 20 58,+33 46 43,180.87,2.0,5.8,74.0,1024.1,10.2,131.0,4.68
True,16,2,9576,6388,True,32768,LIGHT,300.0,300.0,2022-03-22T20:52:03.585,2022-03-22T20:52:03.585,1,1,100,10,0.246657639741898,3.76,3.76,ZWO ASI6200MM Pro,-10.0,-9.9,40,NP101is,540.0,5.4,Starlight Xpress Fil,SII,IC 405,FocusLynx Focuser 1,8713.0,8713.0,13.404,8.0,8.0,TOP-DOWN,2000.0,N.I.N.A. 2.0.0.2054,IC 405_2022-03-22_20-52-03_SII_100_-9.90_300.00s_0103.fits,1,/mnt/raid0/AstroImaging/Preselected/Flaming Star Nebula (IC405) started 4th February 2022/Lights/SII/IC 405_2022-03-22_20-52-03_SII_100_-9.90_300.00s_0103.fits,80.2413474049585,33.7786035157285,47.7365,266.00477,1.35012730964482,East,42.8,52.2484166666667,-0.123166666666667,05 20 58,+33 46 43,180.87,2.0,5.8,74.0,1024.1,10.2,131.0,4.68
True,16,2,9576,6388,True,32768,LIGHT,300.0,300.0,2022-03-22T20:57:06.088,2022-03-22T20:57:06.088,1,1,100,10,0.246657639741898,3.76,3.76,ZWO ASI6200MM Pro,-10.0,-10.0,40,NP101is,540.0,5.4,Starlight Xpress Fil,SII,IC 405,FocusLynx Focuser 1,8713.0,8713.0,13.404,8.0,8.0,TOP-DOWN,2000.0,N.I.N.A. 2.0.0.2054,IC 405_2022-03-22_20-57-06_SII_100_-10.00_300.00s_0104.fits,1,/mnt/raid0/AstroImaging/Preselected/Flaming Star Nebula (IC405) started 4th February 2022/Lights/SII/IC 405_2022-03-22_20-57-06_SII_100_-10.00_300.00s_0104.fits,80.2413775982373,33.7786036466132,46.96128,267.06014,1.36700445750741,East,42.8,52.2484166666667,-0.123166666666667,05 20 58,+33 46 43,180.87,2.0,5.6,74.0,1024.1,10.1,133.0,3.24
True,16,2,9576,6388,True,32768,LIGHT,300.0,300.0,2022-03-22T21:02:08.617,2022-03-22T21:02:08.617,1,1,100,10,0.246657639741898,3.76,3.76,ZWO ASI6200MM Pro,-10.0,-9.9,40,NP101is,540.0,5.4,Starlight Xpress Fil,SII,IC 405,FocusLynx Focuser 1,8713.0,8713.0,13.404,8.1,8.1,TOP-DOWN,2000.0,N.I.N.A. 2.0.0.2054,IC 405_2022-03-22_21-02-08_SII_100_-9.90_300.00s_0105.fits,1,/mnt/raid0/AstroImaging/Preselected/Flaming Star Nebula (IC405) started 4th February 2022/Lights/SII/IC 405_2022-03-22_21-02-08_SII_100_-9.90_300.00s_0105.fits,80.2413628079607,33.7786036835751,46.18725,268.09725,1.38453629242781,East,42.8,52.2484166666667,-0.123166666666667,05 20 58,+33 46 43,180.87,2.0,5.6,74.0,1024.1,10.1,133.0,3.24
True,16,2,9576,6388,True,32768,LIGHT,300.0,300.0,2022-03-22T21:07:24.546,2022-03-22T21:07:24.546,1,1,100,10,0.246657639741898,3.76,3.76,ZWO ASI6200MM Pro,-10.0,-10.0,40,NP101is,540.0,5.4,Starlight Xpress Fil,SII,IC 405,FocusLynx Focuser 1,8713.0,8713.0,13.404,8.1,8.1,TOP-DOWN,2000.0,N.I.N.A. 2.0.0.2054,IC 405_2022-03-22_21-07-24_SII_100_-10.00_300.00s_0106.fits,1,/mnt/raid0/AstroImaging/Preselected/Flaming Star Nebula (IC405) started 4th February 2022/Lights/SII/IC 405_2022-03-22_21-07-24_SII_100_-10.00_300.00s_0106.fits,80.2419166680505,33.7789848750938,45.3763888888889,269.16379,1.40366760351428,East,42.8,52.2484166666667,-0.123166666666667,05 20 58,+33 46 43,180.87,2.0,5.6,74.0,1024.1,10.1,132.0,3.24
True,16,2,9576,6388,True,32768,LIGHT,300.0,300.0,2022-03-22T21:17:30.655,2022-03-22T21:17:30.655,1,1,100,10,0.246657639741898,3.76,3.76,ZWO ASI6200MM Pro,-10.0,-10.0,40,NP101is,540.0,5.4,Starlight Xpress Fil,SII,IC 405,FocusLynx Focuser 1,8713.0,8713.0,13.404,8.1,8.1,TOP-DOWN,2000.0,N.I.N.A. 2.0.0.2054,IC 405_2022-03-22_21-17-30_SII_100_-10.00_300.00s_0108.fits,1,/mnt/raid0/AstroImaging/Preselected/Flaming Star Nebula (IC405) started 4th February 2022/Lights/SII/IC 405_2022-03-22_21-17-30_SII_100_-10.00_300.00s_0108.fits,80.2419071077887,33.7789749910692,43.83006,271.15866,1.44246902024898,East,42.8,52.2484166666667,-0.123166666666667,05 20 58,+33 46 43,180.87,2.0,5.3,75.0,1024.1,9.5,131.0,3.24
True,16,2,9576,6388,True,32768,LIGHT,300.0,300.0,2022-03-22T21:22:33.342,2022-03-22T21:22:33.342,1,1,100,10,0.246657639741898,3.76,3.76,ZWO ASI6200MM Pro,-10.0,-10.0,40,NP101is,540.0,5.4,Starlight Xpress Fil,SII,IC 405,FocusLynx Focuser 1,8713.0,8713.0,13.404,8.0,8.0,TOP-DOWN,2000.0,N.I.N.A. 2.0.0.2054,IC 405_2022-03-22_21-22-33_SII_100_-10.00_300.00s_0109.fits,1,/mnt/raid0/AstroImaging/Preselected/Flaming Star Nebula (IC405) started 4th February 2022/Lights/SII/IC 405_2022-03-22_21-22-33_SII_100_-10.00_300.00s_0109.fits,80.241990692372,33.77894856843,43.06254,272.12999,1.46293537188987,East,42.8,52.2484166666667,-0.123166666666667,05 20 58,+33 46 43,180.87,2.0,5.3,75.0,1024.1,9.5,131.0,3.24
True,16,2,9576,6388,True,32768,LIGHT,300.0,300.0,2022-03-22T21:27:35.960,2022-03-22T21:27:35.960,1,1,100,10,0.246657639741898,3.76,3.76,ZWO ASI6200MM Pro,-10.0,-10.1,40,NP101is,540.0,5.4,Starlight Xpress Fil,SII,IC 405,FocusLynx Focuser 1,8713.0,8713.0,13.404,7.7,7.7,TOP-DOWN,2000.0,N.I.N.A. 2.0.0.2054,IC 405_2022-03-22_21-27-35_SII_100_-10.10_300.00s_0110.fits,1,/mnt/raid0/AstroImaging/Preselected/Flaming Star Nebula (IC405) started 4th February 2022/Lights/SII/IC 405_2022-03-22_21-27-35_SII_100_-10.10_300.00s_0110.fits,80.2419324415242,33.7789951764053,42.28597,273.10192,1.48451518013752,East,42.8,52.2484166666667,-0.123166666666667,05 20 58,+33 46 43,180.87,2.0,5.3,75.0,1024.1,9.5,131.0,3.24
True,16,2,9576,6388,True,32768,LIGHT,300.0,300.0,2022-03-22T21:32:38.646,2022-03-22T21:32:38.646,1,1,100,10,0.246657639741898,3.76,3.76,ZWO ASI6200MM Pro,-10.0,-10.0,40,NP101is,540.0,5.4,Starlight Xpress Fil,SII,IC 405,FocusLynx Focuser 1,8713.0,8713.0,13.404,7.5,7.5,TOP-DOWN,2000.0,N.I.N.A. 2.0.0.2054,IC 405_2022-03-22_21-32-38_SII_100_-10.00_300.00s_0111.fits,1,/mnt/raid0/AstroImaging/Preselected/Flaming Star Nebula (IC405) started 4th February 2022/Lights/SII/IC 405_2022-03-22_21-32-38_SII_100_-10.00_300.00s_0111.fits,80.2420076719196,33.7789754011743,41.5299444444444,274.0379,1.50641162578431,East,42.8,52.2484166666667,-0.123166666666667,05 20 58,+33 46 43,180.87,2.0,5.3,75.0,1024.1,9.5,131.0,3.24
True,16,2,9576,6388,True,32768,LIGHT,300.0,300.0,2022-03-22T21:42:13.866,2022-03-22T21:42:13.866,1,1,100,10,0.246657639741898,3.76,3.76,ZWO ASI6200MM Pro,-10.0,-10.0,40,NP101is,540.0,5.4,Starlight Xpress Fil,SII,IC 405,FocusLynx Focuser 1,8743.0,8743.0,13.404,7.2,7.2,TOP-DOWN,2000.0,N.I.N.A. 2.0.0.2054,IC 405_2022-03-22_21-42-13_SII_100_-10.00_300.00s_0112.fits,1,/mnt/raid0/AstroImaging/Preselected/Flaming Star Nebula (IC405) started 4th February 2022/Lights/SII/IC 405_2022-03-22_21-42-13_SII_100_-10.00_300.00s_0112.fits,80.2409161790636,33.7780733347136,40.05552,275.8396,1.55181574488571,East,42.8,52.2484166666667,-0.123166666666667,05 20 58,+33 46 43,180.87,7.0,5.1,76.0,1024.1,9.1,105.0,3.24
True,16,2,9576,6388,True,32768,LIGHT,300.0,300.0,2022-03-22T21:47:19.056,2022-03-22T21:47:19.056,1,1,100,10,0.246657639741898,3.76,3.76,ZWO ASI6200MM Pro,-10.0,-10.0,40,NP101is,540.0,5.4,Starlight Xpress Fil,SII,IC 405,FocusLynx Focuser 1,8743.0,8743.0,13.404,7.0,7.0,TOP-DOWN,2000.0,N.I.N.A. 2.0.0.2054,IC 405_2022-03-22_21-47-19_SII_100_-10.00_300.00s_0113.fits,1,/mnt/raid0/AstroImaging/Preselected/Flaming Star Nebula (IC405) started 4th February 2022/Lights/SII/IC 405_2022-03-22_21-47-19_SII_100_-10.00_300.00s_0113.fits,80.240916292034,33.7781034000948,39.2790833333333,276.779277777778,1.57726706544979,East,42.8,52.2484166666667,-0.123166666666667,05 20 58,+33 46 43,180.87,7.0,5.1,77.0,1024.1,8.9,130.0,3.24
True,16,2,9576,6388,True,32768,LIGHT,300.0,300.0,2022-03-22T21:52:21.632,2022-03-22T21:52:21.632,1,1,100,10,0.246657639741898,3.76,3.76,ZWO ASI6200MM Pro,-10.0,-10.0,40,NP101is,540.0,5.4,Starlight Xpress Fil,SII,IC 405,FocusLynx Focuser 1,8743.0,8743.0,13.404,6.8,6.8,TOP-DOWN,2000.0,N.I.N.A. 2.0.0.2054,IC 405_2022-03-22_21-52-21_SII_100_-10.00_300.00s_0114.fits,1,/mnt/raid0/AstroImaging/Preselected/Flaming Star Nebula (IC405) started 4th February 2022/Lights/SII/IC 405_2022-03-22_21-52-21_SII_100_-10.00_300.00s_0114.fits,80.2409315497287,33.778083501522,38.50445,277.70779,1.60379947937829,East,42.8,52.2484166666667,-0.123166666666667,05 20 58,+33 46 43,180.87,7.0,5.1,77.0,1024.1,8.9,130.0,3.24
True,16,2,9576,6388,True,32768,LIGHT,300.0,300.0,2022-03-22T21:57:24.154,2022-03-22T21:57:24.154,1,1,100,10,0.246657639741898,3.76,3.76,ZWO ASI6200MM Pro,-10.0,-10.0,40,NP101is,540.0,5.4,Starlight Xpress Fil,SII,IC 405,FocusLynx Focuser 1,8743.0,8743.0,13.404,6.6,6.6,TOP-DOWN,2000.0,N.I.N.A. 2.0.0.2054,IC 405_2022-03-22_21-57-24_SII_100_-10.00_300.00s_0115.fits,1,/mnt/raid0/AstroImaging/Preselected/Flaming Star Nebula (IC405) started 4th February 2022/Lights/SII/IC 405_2022-03-22_21-57-24_SII_100_-10.00_300.00s_0115.fits,80.2409534022954,33.7780858361633,37.7403,278.61947,1.63115502537842,East,42.8,52.2484166666667,-0.123166666666667,05 20 58,+33 46 43,180.87,7.0,5.0,77.0,1024.1,8.8,130.0,3.24
True,16,2,9576,6388,True,32768,LIGHT,300.0,300.0,2022-03-22T22:02:26.761,2022-03-22T22:02:26.761,1,1,100,10,0.246657639741898,3.76,3.76,ZWO ASI6200MM Pro,-10.0,-10.0,40,NP101is,540.0,5.4,Starlight Xpress Fil,SII,IC 405,FocusLynx Focuser 1,8743.0,8743.0,13.404,6.4,6.4,TOP-DOWN,2000.0,N.I.N.A. 2.0.0.2054,IC 405_2022-03-22_22-02-26_SII_100_-10.00_300.00s_0116.fits,1,/mnt/raid0/AstroImaging/Preselected/Flaming Star Nebula (IC405) started 4th February 2022/Lights/SII/IC 405_2022-03-22_22-02-26_SII_100_-10.00_300.00s_0116.fits,80.2409318868556,33.7781036331851,36.9869,279.51378,1.65934435873347,East,42.8,52.2484166666667,-0.123166666666667,05 20 58,+33 46 43,180.87,7.0,5.0,77.0,1024.1,8.8,130.0,3.24
True,16,2,9576,6388,True,32768,LIGHT,300.0,300.0,2022-03-22T22:07:29.238,2022-03-22T22:07:29.238,1,1,100,10,0.246657639741898,3.76,3.76,ZWO ASI6200MM Pro,-10.0,-10.0,40,NP101is,540.0,5.4,Starlight Xpress Fil,SII,IC 405,FocusLynx Focuser 1,8743.0,8743.0,13.404,6.3,6.3,TOP-DOWN,2000.0,N.I.N.A. 2.0.0.2054,IC 405_2022-03-22_22-07-29_SII_100_-10.00_300.00s_0117.fits,1,/mnt/raid0/AstroImaging/Preselected/Flaming Star Nebula (IC405) started 4th February 2022/Lights/SII/IC 405_2022-03-22_22-07-29_SII_100_-10.00_300.00s_0117.fits,80.2409471128308,33.7780937332058,36.22101,280.4189,1.68931724320626,East,42.8,52.2484166666667,-0.123166666666667,05 20 58,+33 46 43,180.87,7.0,5.0,78.0,1024.1,8.7,130.0,3.24
True,16,2,9576,6388,True,32768,LIGHT,300.0,300.0,2022-03-22T22:12:44.406,2022-03-22T22:12:44.406,1,1,100,10,0.246657639741898,3.76,3.76,ZWO ASI6200MM Pro,-10.0,-10.0,40,NP101is,540.0,5.4,Starlight Xpress Fil,SII,IC 405,FocusLynx Focuser 1,8743.0,8743.0,13.404,6.2,6.2,TOP-DOWN,2000.0,N.I.N.A. 2.0.0.2054,IC 405_2022-03-22_22-12-44_SII_100_-10.00_300.00s_0118.fits,1,/mnt/raid0/AstroImaging/Preselected/Flaming Star Nebula (IC405) started 4th February 2022/Lights/SII/IC 405_2022-03-22_22-12-44_SII_100_-10.00_300.00s_0118.fits,80.2416052377437,33.7787051208191,35.42168,281.36106,1.72210413217007,East,42.8,52.2484166666667,-0.123166666666667,05 20 58,+33 46 43,180.87,7.0,5.0,78.0,1024.1,8.7,130.0,3.24
True,16,2,9576,6388,True,32768,LIGHT,300.0,300.0,2022-03-22T22:22:24.023,2022-03-22T22:22:24.023,1,1,100,10,0.246657639741898,3.76,3.76,ZWO ASI6200MM Pro,-10.0,-10.0,40,NP101is,540.0,5.4,Starlight Xpress Fil,SII,IC 405,FocusLynx Focuser 1,8696.0,8696.0,13.404,5.8,5.8,TOP-DOWN,2000.0,N.I.N.A. 2.0.0.2054,IC 405_2022-03-22_22-22-24_SII_100_-10.00_300.00s_0119.fits,1,/mnt/raid0/AstroImaging/Preselected/Flaming Star Nebula (IC405) started 4th February 2022/Lights/SII/IC 405_2022-03-22_22-22-24_SII_100_-10.00_300.00s_0119.fits,80.2416206143215,33.7787052808243,33.9749722222222,283.05708,1.78569217449973,East,42.8,52.2484166666667,-0.123166666666667,05 20 58,+33 46 43,180.87,7.0,5.0,80.0,1024.1,8.2,130.0,3.24
True,16,2,9576,6388,True,32768,LIGHT,300.0,300.0,2022-03-22T22:27:28.383,2022-03-22T22:27:28.383,1,1,100,10,0.246657639741898,3.76,3.76,ZWO ASI6200MM Pro,-10.0,-10.0,40,NP101is,540.0,5.4,Starlight Xpress Fil,SII,IC 405,FocusLynx Focuser 1,8696.0,8696.0,13.404,5.7,5.7,TOP-DOWN,2000.0,N.I.N.A. 2.0.0.2054,IC 405_2022-03-22_22-27-28_SII_100_-10.00_300.00s_0120.fits,1,/mnt/raid0/AstroImaging/Preselected/Flaming Star Nebula (IC405) started 4th February 2022/Lights/SII/IC 405_2022-03-22_22-27-28_SII_100_-10.00_300.00s_0120.fits,80.2416207837037,33.7787153471019,33.22141,283.93937,1.82117180920491,East,42.8,52.2484166666667,-0.123166666666667,05 20 58,+33 46 43,180.87,25.0,4.8,80.0,1024.1,8.0,130.0,3.24
True,16,2,9576,6388,True,32768,LIGHT,300.0,300.0,2022-03-22T22:32:31.030,2022-03-22T22:32:31.030,1,1,100,10,0.246657639741898,3.76,3.76,ZWO ASI6200MM Pro,-10.0,-10.0,40,NP101is,540.0,5.4,Starlight Xpress Fil,SII,IC 405,FocusLynx Focuser 1,8696.0,8696.0,13.404,5.6,5.6,TOP-DOWN,2000.0,N.I.N.A. 2.0.0.2054,IC 405_2022-03-22_22-32-31_SII_100_-10.00_300.00s_0121.fits,1,/mnt/raid0/AstroImaging/Preselected/Flaming Star Nebula (IC405) started 4th February 2022/Lights/SII/IC 405_2022-03-22_22-32-31_SII_100_-10.00_300.00s_0121.fits,80.2414943611587,33.7787151493458,32.47892,284.80736,1.85784941143766,East,42.8,52.2484166666667,-0.123166666666667,05 20 58,+33 46 43,180.87,25.0,4.8,80.0,1024.1,8.0,130.0,3.24
True,16,2,9576,6388,True,32768,LIGHT,300.0,300.0,2022-03-22T22:37:50.618,2022-03-22T22:37:50.618,1,1,100,10,0.246657639741898,3.76,3.76,ZWO ASI6200MM Pro,-10.0,-9.9,40,NP101is,540.0,5.4,Starlight Xpress Fil,SII,IC 405,,,,,,,TOP-DOWN,2000.0,N.I.N.A. 2.0.0.2054,IC 405_2022-03-22_22-37-50_SII_100_-9.90_300.00s_0122.fits,1,/mnt/raid0/AstroImaging/Preselected/Flaming Star Nebula (IC405) started 4th February 2022/Lights/SII/IC 405_2022-03-22_22-37-50_SII_100_-9.90_300.00s_0122.fits,80.2414566151756,33.7785951523788,31.6887222222222,285.731888888889,1.89889028002994,East,42.8,52.2484166666667,-0.123166666666667,05 20 58,+33 46 43,180.87,25.0,4.9,80.0,1024.1,8.1,130.0,3.24
True,16,2,9576,6388,True,32768,LIGHT,300.0,300.0,2022-03-22T22:42:53.181,2022-03-22T22:42:53.181,1,1,100,10,0.246657639741898,3.76,3.76,ZWO ASI6200MM Pro,-10.0,-10.0,40,NP101is,540.0,5.4,Starlight Xpress Fil,SII,IC 405,,,,,,,TOP-DOWN,2000.0,N.I.N.A. 2.0.0.2054,IC 405_2022-03-22_22-42-53_SII_100_-10.00_300.00s_0123.fits,1,/mnt/raid0/AstroImaging/Preselected/Flaming Star Nebula (IC405) started 4th February 2022/Lights/SII/IC 405_2022-03-22_22-42-53_SII_100_-10.00_300.00s_0123.fits,80.2413702019908,33.778587261361,30.94851,286.59667,1.93934651405894,East,42.8,52.2484166666667,-0.123166666666667,05 20 58,+33 46 43,180.87,25.0,4.9,80.0,1024.1,8.1,130.0,3.24
True,16,2,9576,6388,True,32768,LIGHT,300.0,300.0,2022-03-22T22:48:11.633,2022-03-22T22:48:11.633,1,1,100,10,0.246657639741898,3.76,3.76,ZWO ASI6200MM Pro,-10.0,-10.0,40,NP101is,540.0,5.4,Starlight Xpress Fil,SII,IC 405,,,,,,,TOP-DOWN,2000.0,N.I.N.A. 2.0.0.2054,IC 405_2022-03-22_22-48-11_SII_100_-10.00_300.00s_0124.fits,1,/mnt/raid0/AstroImaging/Preselected/Flaming Star Nebula (IC405) started 4th February 2022/Lights/SII/IC 405_2022-03-22_22-48-11_SII_100_-10.00_300.00s_0124.fits,80.2411607886809,33.7773847843726,30.1657777777778,287.51088,1.98440188162179,East,42.8,52.2484166666667,-0.123166666666667,05 20 58,+33 46 43,180.87,25.0,4.7,82.0,1024.1,7.6,143.0,7.92
True,16,2,9576,6388,True,32768,LIGHT,300.0,300.0,2022-03-22T22:53:14.485,2022-03-22T22:53:14.485,1,1,100,10,0.246657639741898,3.76,3.76,ZWO ASI6200MM Pro,-10.0,-10.0,40,NP101is,540.0,5.4,Starlight Xpress Fil,SII,IC 405,,,,,,,TOP-DOWN,2000.0,N.I.N.A. 2.0.0.2054,IC 405_2022-03-22_22-53-14_SII_100_-10.00_300.00s_0125.fits,1,/mnt/raid0/AstroImaging/Preselected/Flaming Star Nebula (IC405) started 4th February 2022/Lights/SII/IC 405_2022-03-22_22-53-14_SII_100_-10.00_300.00s_0125.fits,80.2411160623024,33.7773647588822,29.43713,288.36659,2.028603037722,East,42.8,52.2484166666667,-0.123166666666667,05 20 58,+33 46 43,180.87,25.0,4.7,82.0,1024.1,7.6,143.0,7.92
True,16,2,9576,6388,True,32768,LIGHT,300.0,300.0,2022-03-22T22:58:16.942,2022-03-22T22:58:16.942,1,1,100,10,0.246657639741898,3.76,3.76,ZWO ASI6200MM Pro,-10.0,-10.0,40,NP101is,540.0,5.4,Starlight Xpress Fil,SII,IC 405,,,,,,,TOP-DOWN,2000.0,N.I.N.A. 2.0.0.2054,IC 405_2022-03-22_22-58-16_SII_100_-10.00_300.00s_0126.fits,1,/mnt/raid0/AstroImaging/Preselected/Flaming Star Nebula (IC405) started 4th February 2022/Lights/SII/IC 405_2022-03-22_22-58-16_SII_100_-10.00_300.00s_0126.fits,80.2411312858706,33.7773548584031,28.7007777777778,289.233694444444,2.07565366861296,East,42.8,52.2484166666667,-0.123166666666667,05 20 58,+33 46 43,180.87,25.0,4.5,82.0,1024.1,7.4,143.0,7.92
True,16,2,9576,6388,True,32768,LIGHT,300.0,300.0,2022-03-22T23:03:19.450,2022-03-22T23:03:19.450,1,1,100,10,0.246657639741898,3.76,3.76,ZWO ASI6200MM Pro,-10.0,-9.9,40,NP101is,540.0,5.4,Starlight Xpress Fil,SII,IC 405,,,,,,,TOP-DOWN,2000.0,N.I.N.A. 2.0.0.2054,IC 405_2022-03-22_23-03-19_SII_100_-9.90_300.00s_0127.fits,1,/mnt/raid0/AstroImaging/Preselected/Flaming Star Nebula (IC405) started 4th February 2022/Lights/SII/IC 405_2022-03-22_23-03-19_SII_100_-9.90_300.00s_0127.fits,80.2411664404636,33.7773649972986,27.97354,290.09152,2.12465218972444,East,42.8,52.2484166666667,-0.123166666666667,05 20 58,+33 46 43,180.87,25.0,4.5,82.0,1024.1,7.4,143.0,7.92
True,16,2,9576,6388,True,32768,LIGHT,300.0,300.0,2022-03-22T23:08:22.017,2022-03-22T23:08:22.017,1,1,100,10,0.246657639741898,3.76,3.76,ZWO ASI6200MM Pro,-10.0,-10.0,40,NP101is,540.0,5.4,Starlight Xpress Fil,SII,IC 405,,,,,,,TOP-DOWN,2000.0,N.I.N.A. 2.0.0.2054,IC 405_2022-03-22_23-08-22_SII_100_-10.00_300.00s_0128.fits,1,/mnt/raid0/AstroImaging/Preselected/Flaming Star Nebula (IC405) started 4th February 2022/Lights/SII/IC 405_2022-03-22_23-08-22_SII_100_-10.00_300.00s_0128.fits,80.2410865755167,33.7773948937393,27.25122,290.94754,2.17600340676599,East,42.8,52.2484166666667,-0.123166666666667,05 20 58,+33 46 43,180.87,25.0,4.5,82.0,1024.1,7.4,143.0,7.92
True,16,2,9576,6388,True,32768,LIGHT,300.0,300.0,2022-03-22T23:13:24.545,2022-03-22T23:13:24.545,1,1,100,10,0.246657639741898,3.76,3.76,ZWO ASI6200MM Pro,-10.0,-10.0,40,NP101is,540.0,5.4,Starlight Xpress Fil,SII,IC 405,,,,,,,TOP-DOWN,2000.0,N.I.N.A. 2.0.0.2054,IC 405_2022-03-22_23-13-24_SII_100_-10.00_300.00s_0129.fits,1,/mnt/raid0/AstroImaging/Preselected/Flaming Star Nebula (IC405) started 4th February 2022/Lights/SII/IC 405_2022-03-22_23-13-24_SII_100_-10.00_300.00s_0129.fits,80.2411017978266,33.7773849929238,26.52969,291.80638,2.23018233714163,East,42.8,52.2484166666667,-0.123166666666667,05 20 58,+33 46 43,180.87,25.0,4.5,82.0,1024.1,7.4,143.0,7.92
True,16,2,9576,6388,True,32768,LIGHT,300.0,300.0,2022-03-22T23:18:42.652,2022-03-22T23:18:42.652,1,1,100,10,0.246657639741898,3.76,3.76,ZWO ASI6200MM Pro,-10.0,-10.0,40,NP101is,540.0,5.4,Starlight Xpress Fil,SII,IC 405,,,,,,,TOP-DOWN,2000.0,N.I.N.A. 2.0.0.2054,IC 405_2022-03-22_23-18-42_SII_100_-10.00_300.00s_0130.fits,1,/mnt/raid0/AstroImaging/Preselected/Flaming Star Nebula (IC405) started 4th February 2022/Lights/SII/IC 405_2022-03-22_23-18-42_SII_100_-10.00_300.00s_0130.fits,80.2412035736213,33.7790595633459,25.77564,292.71137,2.29013948095418,East,42.8,52.2484166666667,-0.123166666666667,05 20 58,+33 46 43,180.87,25.0,4.4,81.0,1024.1,7.4,122.0,1.44
True,16,2,9576,6388,True,32768,LIGHT,300.0,300.0,2022-03-22T23:23:45.127,2022-03-22T23:23:45.127,1,1,100,10,0.246657639741898,3.76,3.76,ZWO ASI6200MM Pro,-10.0,-9.8,40,NP101is,540.0,5.4,Starlight Xpress Fil,SII,IC 405,,,,,,,TOP-DOWN,2000.0,N.I.N.A. 2.0.0.2054,IC 405_2022-03-22_23-23-45_SII_100_-9.80_300.00s_0131.fits,1,/mnt/raid0/AstroImaging/Preselected/Flaming Star Nebula (IC405) started 4th February 2022/Lights/SII/IC 405_2022-03-22_23-23-45_SII_100_-9.80_300.00s_0131.fits,80.2411272355294,33.7790250288243,25.0643,293.56744,2.35009211405592,East,42.8,52.2484166666667,-0.123166666666667,05 20 58,+33 46 43,180.87,25.0,4.4,81.0,1024.1,7.4,122.0,1.44
True,16,2,9576,6388,True,32768,LIGHT,300.0,300.0,2022-03-22T23:28:47.751,2022-03-22T23:28:47.751,1,1,100,10,0.246657639741898,3.76,3.76,ZWO ASI6200MM Pro,-10.0,-10.0,40,NP101is,540.0,5.4,Starlight Xpress Fil,SII,IC 405,,,,,,,TOP-DOWN,2000.0,N.I.N.A. 2.0.0.2054,IC 405_2022-03-22_23-28-47_SII_100_-10.00_300.00s_0132.fits,1,/mnt/raid0/AstroImaging/Preselected/Flaming Star Nebula (IC405) started 4th February 2022/Lights/SII/IC 405_2022-03-22_23-28-47_SII_100_-10.00_300.00s_0132.fits,80.2410073542534,33.7790648406252,24.36236,294.41758,2.41275993503464,East,42.8,52.2484166666667,-0.123166666666667,05 20 58,+33 46 43,180.87,37.0,4.2,81.0,1024.1,7.3,132.0,5.4
True,16,2,9576,6388,True,32768,LIGHT,300.0,300.0,2022-03-22T23:33:50.280,2022-03-22T23:33:50.280,1,1,100,10,0.246657639741898,3.76,3.76,ZWO ASI6200MM Pro,-10.0,-10.0,40,NP101is,540.0,5.4,Starlight Xpress Fil,SII,IC 405,,,,,,,TOP-DOWN,2000.0,N.I.N.A. 2.0.0.2054,IC 405_2022-03-22_23-33-50_SII_100_-10.00_300.00s_0133.fits,1,/mnt/raid0/AstroImaging/Preselected/Flaming Star Nebula (IC405) started 4th February 2022/Lights/SII/IC 405_2022-03-22_23-33-50_SII_100_-10.00_300.00s_0133.fits,80.241142592183,33.7790351921412,23.65735,295.27722,2.47951449191372,East,42.8,52.2484166666667,-0.123166666666667,05 20 58,+33 46 43,180.87,37.0,4.2,81.0,1024.1,7.3,132.0,5.4
