IMAGETYP,DATE-OBS,DATE-LOC,DATE-AVG,EXPOSURE,EXPTIME,INSTRUME,CAMERAID,GAIN,OFFSET,EGAIN,XBINNING,YBINNING,SET-TEMP,CCD-TEMP,XPIXSZ,YPIXSZ,USBLIMIT,SITEELEV,SITELAT,SITELONG,TELESCOP,FOCALLEN,FOCRATIO,RA,DEC,CENTALT,CENTAZ,AIRMASS,PIERSIDE,OBJECT,OBJCTRA,OBJCTDEC,OBJCTROT,FOCNAME,FOCPOS,FOCUSPOS,FOCUSSZ,FOCTEMP,FOCUSTEM,ROTNAME,ROTATOR,ROTATANG,ROTSTPSZ,FWHEEL,FILTER,CLOUDCVR,DEWPOINT,HUMIDITY,PRESSURE,AMBTEMP,WINDDIR,WINDGUST,WINDSPD,EQUINOX,SWCREATE,FILENAME,NUMBER,SOURCE_PATH
LIGHT,2025-12-20T03:30:35.6171356,2025-12-20T03:30:35.6171356,2025-12-20T03:35:36.1657457,600.0,600.0,ZWO ASI6200MM Pro,ZWOptical_ZWO ASI6200MM Pro_,100,10,0.246657639741898,1,1,-10.0,-10.0,3.76,3.76,40,66.2,52.2483888888889,-0.12325,NP101is,540.0,5.4,94.7449364457836,22.8763284936584,42.74656,250.79861,1.47160759177048,East,IC 444,06 18 59,+22 52 35,87.63,FocusLynx Focuser 1,11081,11081,1.325,0.9,0.9,Manual Rotator,87.6268157958984,87.6268157958984,0.0,Ascom.SxUFW (v2) ,Ha,0.0,3.52418403124641,91.0,1008.05101011758,4.84000000000003,184.0,14.472,6.444,2000.0,N.I.N.A. 3.2.0.9001 (x64),IC 444_Date_2025-12-20_Time_03-30-35_Type_LIGHT_Filter_Ha_Exp_600.00s_G_100_Off_10_Ecc_0.40_HFR_1.70px_FWHM_4.31_Temp_0.90_0000.xisf,1,/mnt/raid0/AstroImaging/Source/LBN 548/LIGHT/Ha/IC 444_Date_2025-12-20_Time_03-30-35_Type_LIGHT_Filter_Ha_Exp_600.00s_G_100_Off_10_Ecc_0.40_HFR_1.70px_FWHM_4.31_Temp_0.90_0000.xisf
LIGHT,2025-12-20T03:40:36.8180385,2025-12-20T03:40:36.8180385,2025-12-20T03:45:37.3788764,600.0,600.0,ZWO ASI6200MM Pro,ZWOptical_ZWO ASI6200MM Pro_,100,10,0.246657639741898,1,1,-10.0,-10.0,3.76,3.76,40,66.2,52.2483888888889,-0.12325,NP101is,540.0,5.4,94.7449057808754,22.8763184476712,41.28474,253.21283,1.51370922323181,East,IC 444,06 18 59,+22 52 35,87.63,FocusLynx Focuser 1,11081,11081,1.325,0.8,0.8,Manual Rotator,87.6268157958984,87.6268157958984,0.0,Ascom.SxUFW (v2) ,Ha,0.0,3.52418403124641,91.0,1008.05101011758,4.84000000000003,184.0,14.472,6.444,2000.0,N.I.N.A. 3.2.0.9001 (x64),IC 444_Date_2025-12-20_Time_03-40-36_Type_LIGHT_Filter_Ha_Exp_600.00s_G_100_Off_10_Ecc_0.40_HFR_1.70px_FWHM_4.29_Temp_0.80_0001.xisf,1,/mnt/raid0/AstroImaging/Source/LBN 548/LIGHT/Ha/IC 444_Date_2025-12-20_Time_03-40-36_Type_LIGHT_Filter_Ha_Exp_600.00s_G_100_Off_10_Ecc_0.40_HFR_1.70px_FWHM_4.29_Temp_0.80_0001.xisf
LIGHT,2025-12-20T03:51:32.3073196,2025-12-20T03:51:32.3073196,2025-12-20T03:56:32.8403533,600.0,600.0,ZWO ASI6200MM Pro,ZWOptical_ZWO ASI6200MM Pro_,100,10,0.246657639741898,1,1,-10.0,-9.9,3.76,3.76,40,66.2,52.2483888888889,-0.12325,NP101is,540.0,5.4,94.7459715043576,22.8758612104158,39.66876,255.76228,1.56435464856833,East,IC 444,06 18 59,+22 52 35,87.63,FocusLynx Focuser 1,11081,11081,1.325,0.7,0.7,Manual Rotator,87.6268157958984,87.6268157958984,0.0,Ascom.SxUFW (v2) ,Ha,0.0,3.52418403124641,91.0,1008.05101011758,4.84000000000003,184.0,14.472,6.444,2000.0,N.I.N.A. 3.2.0.9001 (x64),IC 444_Date_2025-12-20_Time_03-51-32_Type_LIGHT_Filter_Ha_Exp_600.00s_G_100_Off_10_Ecc_0.40_HFR_1.69px_FWHM_4.25_Temp_0.70_0002.xisf,1,/mnt/raid0/AstroImaging/Source/LBN 548/LIGHT/Ha/IC 444_Date_2025-12-20_Time_03-51-32_Type_LIGHT_Filter_Ha_Exp_600.00s_G_100_Off_10_Ecc_0.40_HFR_1.69px_FWHM_4.25_Temp_0.70_0002.xisf
LIGHT,2025-12-20T04:01:33.5021331,2025-12-20T04:01:33.5021331,2025-12-20T04:06:34.0334269,600.0,600.0,ZWO ASI6200MM Pro,ZWOptical_ZWO ASI6200MM Pro_,100,10,0.246657639741898,1,1,-10.0,-10.0,3.76,3.76,40,66.2,52.2483888888889,-0.12325,NP101is,540.0,5.4,94.7461206138504,22.8759316261432,38.17428,258.02674,1.61547101617169,East,IC 444,06 18 59,+22 52 35,87.63,FocusLynx Focuser 1,11081,11081,1.325,0.7,0.7,Manual Rotator,87.6268157958984,87.6268157958984,0.0,Ascom.SxUFW (v2) ,Ha,0.0,3.52418403124641,91.0,1008.05101011758,4.84000000000003,184.0,14.472,6.444,2000.0,N.I.N.A. 3.2.0.9001 (x64),IC 444_Date_2025-12-20_Time_04-01-33_Type_LIGHT_Filter_Ha_Exp_600.00s_G_100_Off_10_Ecc_0.40_HFR_1.70px_FWHM_4.25_Temp_0.70_0003.xisf,1,/mnt/raid0/AstroImaging/Source/LBN 548/LIGHT/Ha/IC 444_Date_2025-12-20_Time_04-01-33_Type_LIGHT_Filter_Ha_Exp_600.00s_G_100_Off_10_Ecc_0.40_HFR_1.70px_FWHM_4.25_Temp_0.70_0003.xisf
LIGHT,2025-12-20T04:11:34.6696716,2025-12-20T04:11:34.6696716,2025-12-20T04:16:35.1979702,600.0,600.0,ZWO ASI6200MM Pro,ZWOptical_ZWO ASI6200MM Pro_,100,10,0.246657639741898,1,1,-10.0,-10.0,3.76,3.76,40,66.2,52.2483888888889,-0.12325,NP101is,540.0,5.4,94.746030064089,22.8758814251665,36.66317,260.23756,1.67184689603445,East,IC 444,06 18 59,+22 52 35,87.63,FocusLynx Focuser 1,11081,11081,1.325,0.7,0.7,Manual Rotator,87.6268157958984,87.6268157958984,0.0,Ascom.SxUFW (v2) ,Ha,0.0,3.52418403124641,91.0,1008.05101011758,4.84000000000003,184.0,14.472,6.444,2000.0,N.I.N.A. 3.2.0.9001 (x64),IC 444_Date_2025-12-20_Time_04-11-34_Type_LIGHT_Filter_Ha_Exp_600.00s_G_100_Off_10_Ecc_0.40_HFR_1.69px_FWHM_4.22_Temp_0.70_0004.xisf,1,/mnt/raid0/AstroImaging/Source/LBN 548/LIGHT/Ha/IC 444_Date_2025-12-20_Time_04-11-34_Type_LIGHT_Filter_Ha_Exp_600.00s_G_100_Off_10_Ecc_0.40_HFR_1.69px_FWHM_4.22_Temp_0.70_0004.xisf
LIGHT,2025-12-20T04:22:26.3367085,2025-12-20T04:22:26.3367085,2025-12-20T04:27:26.9074878,600.0,600.0,ZWO ASI6200MM Pro,ZWOptical_ZWO ASI6200MM Pro_,100,10,0.246657639741898,1,1,-10.0,-10.0,3.76,3.76,40,66.2,52.2483888888889,-0.12325,NP101is,540.0,5.4,94.7457775847257,22.8747907962583,35.01231,262.57409,1.73952369831768,East,IC 444,06 18 59,+22 52 35,87.63,FocusLynx Focuser 1,11081,11081,1.325,0.5,0.5,Manual Rotator,87.6268157958984,87.6268157958984,0.0,Ascom.SxUFW (v2) ,Ha,0.0,3.52418403124641,91.0,1008.05101011758,4.84000000000003,184.0,14.472,6.444,2000.0,N.I.N.A. 3.2.0.9001 (x64),IC 444_Date_2025-12-20_Time_04-22-26_Type_LIGHT_Filter_Ha_Exp_600.00s_G_100_Off_10_Ecc_0.39_HFR_1.71px_FWHM_4.31_Temp_0.50_0005.xisf,1,/mnt/raid0/AstroImaging/Source/LBN 548/LIGHT/Ha/IC 444_Date_2025-12-20_Time_04-22-26_Type_LIGHT_Filter_Ha_Exp_600.00s_G_100_Off_10_Ecc_0.39_HFR_1.71px_FWHM_4.31_Temp_0.50_0005.xisf
LIGHT,2025-12-20T04:32:27.6182012,2025-12-20T04:32:27.6182012,2025-12-20T04:37:28.1798833,600.0,600.0,ZWO ASI6200MM Pro,ZWOptical_ZWO ASI6200MM Pro_,100,10,0.246657639741898,1,1,-10.0,-10.0,3.76,3.76,40,66.2,52.2483888888889,-0.12325,NP101is,540.0,5.4,94.7457469515489,22.8747707487627,33.48807,264.67282,1.80842173242911,East,IC 444,06 18 59,+22 52 35,87.63,FocusLynx Focuser 1,11081,11081,1.325,0.5,0.5,Manual Rotator,87.6268157958984,87.6268157958984,0.0,Ascom.SxUFW (v2) ,Ha,0.0,3.52418403124641,91.0,1008.05101011758,4.84000000000003,184.0,14.472,6.444,2000.0,N.I.N.A. 3.2.0.9001 (x64),IC 444_Date_2025-12-20_Time_04-32-27_Type_LIGHT_Filter_Ha_Exp_600.00s_G_100_Off_10_Ecc_0.40_HFR_1.71px_FWHM_4.33_Temp_0.50_0006.xisf,1,/mnt/raid0/AstroImaging/Source/LBN 548/LIGHT/Ha/IC 444_Date_2025-12-20_Time_04-32-27_Type_LIGHT_Filter_Ha_Exp_600.00s_G_100_Off_10_Ecc_0.40_HFR_1.71px_FWHM_4.33_Temp_0.50_0006.xisf
LIGHT,2025-12-20T04:42:28.8639204,2025-12-20T04:42:28.8639204,2025-12-20T04:47:29.3904694,600.0,600.0,ZWO ASI6200MM Pro,ZWOptical_ZWO ASI6200MM Pro_,100,10,0.246657639741898,1,1,-10.0,-10.0,3.76,3.76,40,66.2,52.2483888888889,-0.12325,NP101is,540.0,5.4,94.7457762310523,22.8747808551963,31.95479,266.73482,1.88483139867349,East,IC 444,06 18 59,+22 52 35,87.63,FocusLynx Focuser 1,11081,11081,1.325,0.4,0.4,Manual Rotator,87.6268157958984,87.6268157958984,0.0,Ascom.SxUFW (v2) ,Ha,0.0,3.52418403124641,91.0,1008.05101011758,4.84000000000003,184.0,14.472,6.444,2000.0,N.I.N.A. 3.2.0.9001 (x64),IC 444_Date_2025-12-20_Time_04-42-28_Type_LIGHT_Filter_Ha_Exp_600.00s_G_100_Off_10_Ecc_0.40_HFR_1.71px_FWHM_4.29_Temp_0.40_0007.xisf,1,/mnt/raid0/AstroImaging/Source/LBN 548/LIGHT/Ha/IC 444_Date_2025-12-20_Time_04-42-28_Type_LIGHT_Filter_Ha_Exp_600.00s_G_100_Off_10_Ecc_0.40_HFR_1.71px_FWHM_4.29_Temp_0.40_0007.xisf
LIGHT,2025-12-20T04:53:20.1550947,2025-12-20T04:53:20.1550947,2025-12-20T04:58:20.6968315,600.0,600.0,ZWO ASI6200MM Pro,ZWOptical_ZWO ASI6200MM Pro_,100,10,0.246657639741898,1,1,-10.0,-9.9,3.76,3.76,40,66.2,52.2483888888889,-0.12325,NP101is,540.0,5.4,94.7468984009913,22.8755037775786,30.29608,268.92041,1.97673191972467,East,IC 444,06 18 59,+22 52 35,87.63,FocusLynx Focuser 1,11081,11081,1.325,0.4,0.4,Manual Rotator,87.6268157958984,87.6268157958984,0.0,Ascom.SxUFW (v2) ,Ha,0.0,3.52418403124641,91.0,1008.05101011758,4.84000000000003,184.0,14.472,6.444,2000.0,N.I.N.A. 3.2.0.9001 (x64),IC 444_Date_2025-12-20_Time_04-53-20_Type_LIGHT_Filter_Ha_Exp_600.00s_G_100_Off_10_Ecc_0.38_HFR_1.79px_FWHM_4.68_Temp_0.40_0008.xisf,1,/mnt/raid0/AstroImaging/Source/LBN 548/LIGHT/Ha/IC 444_Date_2025-12-20_Time_04-53-20_Type_LIGHT_Filter_Ha_Exp_600.00s_G_100_Off_10_Ecc_0.38_HFR_1.79px_FWHM_4.68_Temp_0.40_0008.xisf
LIGHT,2025-12-20T05:03:21.3819194,2025-12-20T05:03:21.3819194,2025-12-20T05:08:21.9611126,600.0,600.0,ZWO ASI6200MM Pro,ZWOptical_ZWO ASI6200MM Pro_,100,10,0.246657639741898,1,1,-10.0,-10.0,3.76,3.76,40,66.2,52.2483888888889,-0.12325,NP101is,540.0,5.4,94.7468225812834,22.8755436142525,28.7586388888889,270.90938,2.07186568704184,East,IC 444,06 18 59,+22 52 35,87.63,FocusLynx Focuser 1,11081,11081,1.325,0.3,0.3,Manual Rotator,87.6268157958984,87.6268157958984,0.0,Ascom.SxUFW (v2) ,Ha,0.0,3.52418403124641,91.0,1008.05101011758,4.84000000000003,184.0,14.472,6.444,2000.0,N.I.N.A. 3.2.0.9001 (x64),IC 444_Date_2025-12-20_Time_05-03-21_Type_LIGHT_Filter_Ha_Exp_600.00s_G_100_Off_10_Ecc_0.39_HFR_1.80px_FWHM_4.73_Temp_0.30_0009.xisf,1,/mnt/raid0/AstroImaging/Source/LBN 548/LIGHT/Ha/IC 444_Date_2025-12-20_Time_05-03-21_Type_LIGHT_Filter_Ha_Exp_600.00s_G_100_Off_10_Ecc_0.39_HFR_1.80px_FWHM_4.73_Temp_0.30_0009.xisf
LIGHT,2025-12-20T05:13:22.6512147,2025-12-20T05:13:22.6512147,2025-12-20T05:18:23.2187671,600.0,600.0,ZWO ASI6200MM Pro,ZWOptical_ZWO ASI6200MM Pro_,100,10,0.246657639741898,1,1,-10.0,-10.0,3.76,3.76,40,66.2,52.2483888888889,-0.12325,NP101is,540.0,5.4,94.7468067373112,22.8755936046115,27.22506,272.86762,2.1779160250881,East,IC 444,06 18 59,+22 52 35,87.63,FocusLynx Focuser 1,11081,11081,1.325,0.2,0.2,Manual Rotator,87.6268157958984,87.6268157958984,0.0,Ascom.SxUFW (v2) ,Ha,0.0,3.52418403124641,91.0,1008.05101011758,4.84000000000003,184.0,14.472,6.444,2000.0,N.I.N.A. 3.2.0.9001 (x64),IC 444_Date_2025-12-20_Time_05-13-22_Type_LIGHT_Filter_Ha_Exp_600.00s_G_100_Off_10_Ecc_0.41_HFR_1.77px_FWHM_4.60_Temp_0.20_0010.xisf,1,/mnt/raid0/AstroImaging/Source/LBN 548/LIGHT/Ha/IC 444_Date_2025-12-20_Time_05-13-22_Type_LIGHT_Filter_Ha_Exp_600.00s_G_100_Off_10_Ecc_0.41_HFR_1.77px_FWHM_4.60_Temp_0.20_0010.xisf
LIGHT,2025-12-20T05:23:55.1187273,2025-12-20T05:23:55.1187273,2025-12-20T05:28:55.6539404,600.0,600.0,ZWO ASI6200MM Pro,ZWOptical_ZWO ASI6200MM Pro_,100,10,0.246657639741898,1,1,-10.0,-10.0,3.76,3.76,40,66.2,52.2483888888889,-0.12325,NP101is,540.0,5.4,94.7459978132248,22.8749715522913,25.60814,274.90839,2.30394980810246,East,IC 444,06 18 59,+22 52 35,87.63,FocusLynx Focuser 1,11081,11081,1.325,0.0,0.0,Manual Rotator,87.6268157958984,87.6268157958984,0.0,Ascom.SxUFW (v2) ,Ha,0.0,3.52418403124641,91.0,1008.05101011758,4.84000000000003,184.0,14.472,6.444,2000.0,N.I.N.A. 3.2.0.9001 (x64),IC 444_Date_2025-12-20_Time_05-23-55_Type_LIGHT_Filter_Ha_Exp_600.00s_G_100_Off_10_Ecc_0.40_HFR_1.75px_FWHM_4.46_Temp_0.00_0011.xisf,1,/mnt/raid0/AstroImaging/Source/LBN 548/LIGHT/Ha/IC 444_Date_2025-12-20_Time_05-23-55_Type_LIGHT_Filter_Ha_Exp_600.00s_G_100_Off_10_Ecc_0.40_HFR_1.75px_FWHM_4.46_Temp_0.00_0011.xisf
LIGHT,2025-12-20T05:33:56.2943768,2025-12-20T05:33:56.2943768,2025-12-20T05:38:56.8379854,600.0,600.0,ZWO ASI6200MM Pro,ZWOptical_ZWO ASI6200MM Pro_,100,10,0.246657639741898,1,1,-10.0,-10.0,3.76,3.76,40,66.2,52.2483888888889,-0.12325,NP101is,540.0,5.4,94.7459671221526,22.8749715031648,24.08818,276.81294,2.43824897798075,East,IC 444,06 18 59,+22 52 35,87.63,FocusLynx Focuser 1,11081,11081,1.325,-0.1,-0.1,Manual Rotator,87.6268157958984,87.6268157958984,0.0,Ascom.SxUFW (v2) ,Ha,0.0,3.52418403124641,91.0,1008.05101011758,4.84000000000003,184.0,14.472,6.444,2000.0,N.I.N.A. 3.2.0.9001 (x64),IC 444_Date_2025-12-20_Time_05-33-56_Type_LIGHT_Filter_Ha_Exp_600.00s_G_100_Off_10_Ecc_0.41_HFR_1.79px_FWHM_4.63_Temp_-0.10_0012.xisf,1,/mnt/raid0/AstroImaging/Source/LBN 548/LIGHT/Ha/IC 444_Date_2025-12-20_Time_05-33-56_Type_LIGHT_Filter_Ha_Exp_600.00s_G_100_Off_10_Ecc_0.41_HFR_1.79px_FWHM_4.63_Temp_-0.10_0012.xisf
LIGHT,2025-12-20T05:43:57.4847167,2025-12-20T05:43:57.4847167,2025-12-20T05:48:58.0559871,600.0,600.0,ZWO ASI6200MM Pro,ZWOptical_ZWO ASI6200MM Pro_,100,10,0.246657639741898,1,1,-10.0,-10.0,3.76,3.76,40,66.2,52.2483888888889,-0.12325,NP101is,540.0,5.4,94.7459799194346,22.8754715726507,22.56507,278.71342,2.59129612282827,East,IC 444,06 18 59,+22 52 35,87.63,FocusLynx Focuser 1,11081,11081,1.325,-0.2,-0.2,Manual Rotator,87.6268157958984,87.6268157958984,0.0,Ascom.SxUFW (v2) ,Ha,0.0,3.52418403124641,91.0,1008.05101011758,4.84000000000003,184.0,14.472,6.444,2000.0,N.I.N.A. 3.2.0.9001 (x64),IC 444_Date_2025-12-20_Time_05-43-57_Type_LIGHT_Filter_Ha_Exp_600.00s_G_100_Off_10_Ecc_0.43_HFR_1.80px_FWHM_4.72_Temp_-0.20_0013.xisf,1,/mnt/raid0/AstroImaging/Source/LBN 548/LIGHT/Ha/IC 444_Date_2025-12-20_Time_05-43-57_Type_LIGHT_Filter_Ha_Exp_600.00s_G_100_Off_10_Ecc_0.43_HFR_1.80px_FWHM_4.72_Temp_-0.20_0013.xisf
LIGHT,2026-01-10T21:44:47.7970707,2026-01-10T21:44:47.7970707,2026-01-10T21:49:48.3871455,600.0,600.0,ZWO ASI6200MM Pro,ZWOptical_ZWO ASI6200MM Pro_,100,10,0.246657639741898,1,1,-10.0,-10.0,3.76,3.76,40,66.2,52.2483888888889,-0.12325,NP101is,540.0,5.4,94.7449417785014,22.8763981523125,58.1252,150.97686,1.17706106024436,West,IC 444,06 18 59,+22 52 35,87.63,FocusLynx Focuser 1,10939,10939,1.325,-4.4,-4.4,Manual Rotator,0.0,0.0,0.0,Ascom.SxUFW (v2) ,Ha,98.0,-1.64537063825744,96.0,1014.00406726395,-1.08999999999997,123.0,7.2,6.732,2000.0,N.I.N.A. 3.2.0.9001 (x64),IC 444_Date_2026-01-10_Time_21-44-47_Type_LIGHT_Filter_Ha_Exp_600.00s_G_100_Off_10_Ecc_0.44_HFR_1.64px_FWHM_3.93_Temp_-4.40_0080.xisf,1,/mnt/raid0/AstroImaging/Source/LBN 548/LIGHT/Ha/IC 444_Date_2026-01-10_Time_21-44-47_Type_LIGHT_Filter_Ha_Exp_600.00s_G_100_Off_10_Ecc_0.44_HFR_1.64px_FWHM_3.93_Temp_-4.40_0080.xisf
LIGHT,2026-01-10T21:54:49.1193022,2026-01-10T21:54:49.1193022,2026-01-10T21:59:49.6913384,600.0,600.0,ZWO ASI6200MM Pro,ZWOptical_ZWO ASI6200MM Pro_,100,10,0.246657639741898,1,1,-10.0,-10.0,3.76,3.76,40,66.2,52.2483888888889,-0.12325,NP101is,540.0,5.4,94.7448967273723,22.8764080923998,58.82265,155.20769,1.16832581647885,West,IC 444,06 18 59,+22 52 35,87.63,FocusLynx Focuser 1,10939,10939,1.325,-4.5,-4.5,Manual Rotator,0.0,0.0,0.0,Ascom.SxUFW (v2) ,Ha,98.0,-1.64537063825744,96.0,1014.00406726395,-1.08999999999997,123.0,7.2,6.732,2000.0,N.I.N.A. 3.2.0.9001 (x64),IC 444_Date_2026-01-10_Time_21-54-49_Type_LIGHT_Filter_Ha_Exp_600.00s_G_100_Off_10_Ecc_0.46_HFR_1.66px_FWHM_3.88_Temp_-4.50_0081.xisf,1,/mnt/raid0/AstroImaging/Source/LBN 548/LIGHT/Ha/IC 444_Date_2026-01-10_Time_21-54-49_Type_LIGHT_Filter_Ha_Exp_600.00s_G_100_Off_10_Ecc_0.46_HFR_1.66px_FWHM_3.88_Temp_-4.50_0081.xisf
LIGHT,2026-01-10T22:04:50.3833588,2026-01-10T22:04:50.3833588,2026-01-10T22:09:50.9277665,600.0,600.0,ZWO ASI6200MM Pro,ZWOptical_ZWO ASI6200MM Pro_,100,10,0.246657639741898,1,1,-10.0,-10.0,3.76,3.76,40,66.2,52.2483888888889,-0.12325,NP101is,540.0,5.4,94.7450017736693,22.876388419261,59.41329,159.56248,1.16116232934065,West,IC 444,06 18 59,+22 52 35,87.63,FocusLynx Focuser 1,10939,10939,1.325,-4.5,-4.5,Manual Rotator,0.0,0.0,0.0,Ascom.SxUFW (v2) ,Ha,98.0,-1.64537063825744,96.0,1014.00406726395,-1.08999999999997,123.0,7.2,6.732,2000.0,N.I.N.A. 3.2.0.9001 (x64),IC 444_Date_2026-01-10_Time_22-04-50_Type_LIGHT_Filter_Ha_Exp_600.00s_G_100_Off_10_Ecc_0.48_HFR_1.65px_FWHM_3.80_Temp_-4.50_0082.xisf,1,/mnt/raid0/AstroImaging/Source/LBN 548/LIGHT/Ha/IC 444_Date_2026-01-10_Time_22-04-50_Type_LIGHT_Filter_Ha_Exp_600.00s_G_100_Off_10_Ecc_0.48_HFR_1.65px_FWHM_3.80_Temp_-4.50_0082.xisf
LIGHT,2026-01-10T22:15:15.8769509,2026-01-10T22:15:15.8769509,2026-01-10T22:20:16.4108094,600.0,600.0,ZWO ASI6200MM Pro,ZWOptical_ZWO ASI6200MM Pro_,100,10,0.246657639741898,1,1,-10.0,-10.0,3.76,3.76,40,66.2,52.2483888888889,-0.12325,NP101is,540.0,5.4,94.7455728398838,22.8760399551467,59.9102,164.22778,1.15529762002578,West,IC 444,06 18 59,+22 52 35,87.63,FocusLynx Focuser 1,10939,10939,1.325,-4.6,-4.6,Manual Rotator,0.0,0.0,0.0,Ascom.SxUFW (v2) ,Ha,98.0,-1.64537063825744,96.0,1014.00406726395,-1.08999999999997,123.0,7.2,6.732,2000.0,N.I.N.A. 3.2.0.9001 (x64),IC 444_Date_2026-01-10_Time_22-15-15_Type_LIGHT_Filter_Ha_Exp_600.00s_G_100_Off_10_Ecc_0.48_HFR_1.67px_FWHM_3.87_Temp_-4.60_0083.xisf,1,/mnt/raid0/AstroImaging/Source/LBN 548/LIGHT/Ha/IC 444_Date_2026-01-10_Time_22-15-15_Type_LIGHT_Filter_Ha_Exp_600.00s_G_100_Off_10_Ecc_0.48_HFR_1.67px_FWHM_3.87_Temp_-4.60_0083.xisf
LIGHT,2026-01-10T22:25:17.0615230,2026-01-10T22:25:17.0615230,2026-01-10T22:30:17.5873590,600.0,600.0,ZWO ASI6200MM Pro,ZWOptical_ZWO ASI6200MM Pro_,100,10,0.246657639741898,1,1,-10.0,-10.0,3.76,3.76,40,66.2,52.2483888888889,-0.12325,NP101is,540.0,5.4,94.7455427882988,22.8760499342611,60.26907,168.81949,1.1511522896057,West,IC 444,06 18 59,+22 52 35,87.63,FocusLynx Focuser 1,10939,10939,1.325,-4.6,-4.6,Manual Rotator,0.0,0.0,0.0,Ascom.SxUFW (v2) ,Ha,98.0,-1.64537063825744,96.0,1014.00406726395,-1.08999999999997,123.0,7.2,6.732,2000.0,N.I.N.A. 3.2.0.9001 (x64),IC 444_Date_2026-01-10_Time_22-25-17_Type_LIGHT_Filter_Ha_Exp_600.00s_G_100_Off_10_Ecc_0.48_HFR_1.68px_FWHM_3.87_Temp_-4.60_0084.xisf,1,/mnt/raid0/AstroImaging/Source/LBN 548/LIGHT/Ha/IC 444_Date_2026-01-10_Time_22-25-17_Type_LIGHT_Filter_Ha_Exp_600.00s_G_100_Off_10_Ecc_0.48_HFR_1.68px_FWHM_3.87_Temp_-4.60_0084.xisf
LIGHT,2026-01-10T22:35:18.2258730,2026-01-10T22:35:18.2258730,2026-01-10T22:40:18.7557932,600.0,600.0,ZWO ASI6200MM Pro,ZWOptical_ZWO ASI6200MM Pro_,100,10,0.246657639741898,1,1,-10.0,-10.0,3.76,3.76,40,66.2,52.2483888888889,-0.12325,NP101is,540.0,5.4,94.7454677949347,22.8760397982674,60.5055,173.47404,1.14846197151639,West,IC 444,06 18 59,+22 52 35,87.63,FocusLynx Focuser 1,10939,10939,1.325,-4.8,-4.8,Manual Rotator,0.0,0.0,0.0,Ascom.SxUFW (v2) ,Ha,98.0,-1.64537063825744,96.0,1014.00406726395,-1.08999999999997,123.0,7.2,6.732,2000.0,N.I.N.A. 3.2.0.9001 (x64),IC 444_Date_2026-01-10_Time_22-35-18_Type_LIGHT_Filter_Ha_Exp_600.00s_G_100_Off_10_Ecc_0.48_HFR_1.68px_FWHM_3.93_Temp_-4.80_0085.xisf,1,/mnt/raid0/AstroImaging/Source/LBN 548/LIGHT/Ha/IC 444_Date_2026-01-10_Time_22-35-18_Type_LIGHT_Filter_Ha_Exp_600.00s_G_100_Off_10_Ecc_0.48_HFR_1.68px_FWHM_3.93_Temp_-4.80_0085.xisf
LIGHT,2026-01-10T22:45:49.3624577,2026-01-10T22:45:49.3624577,2026-01-10T22:50:49.9003390,600.0,600.0,ZWO ASI6200MM Pro,ZWOptical_ZWO ASI6200MM Pro_,100,10,0.246657639741898,1,1,-10.0,-9.9,3.76,3.76,40,66.2,52.2483888888889,-0.12325,NP101is,540.0,5.4,94.7448674429103,22.8761383113912,60.61983,178.41437,1.14717250214209,West,IC 444,06 18 59,+22 52 35,87.63,FocusLynx Focuser 1,10939,10939,1.325,-4.8,-4.8,Manual Rotator,0.0,0.0,0.0,Ascom.SxUFW (v2) ,Ha,98.0,-1.64537063825744,96.0,1014.00406726395,-1.08999999999997,123.0,7.2,6.732,2000.0,N.I.N.A. 3.2.0.9001 (x64),IC 444_Date_2026-01-10_Time_22-45-49_Type_LIGHT_Filter_Ha_Exp_600.00s_G_100_Off_10_Ecc_0.51_HFR_1.67px_FWHM_3.86_Temp_-4.80_0086.xisf,1,/mnt/raid0/AstroImaging/Source/LBN 548/LIGHT/Ha/IC 444_Date_2026-01-10_Time_22-45-49_Type_LIGHT_Filter_Ha_Exp_600.00s_G_100_Off_10_Ecc_0.51_HFR_1.67px_FWHM_3.86_Temp_-4.80_0086.xisf
LIGHT,2026-01-10T22:55:50.5487744,2026-01-10T22:55:50.5487744,2026-01-10T23:00:51.1172645,600.0,600.0,ZWO ASI6200MM Pro,ZWOptical_ZWO ASI6200MM Pro_,100,10,0.246657639741898,1,1,-10.0,-10.0,3.76,3.76,40,66.2,52.2483888888889,-0.12325,NP101is,540.0,5.4,94.7448373598694,22.8761582906775,60.599,183.13747,1.14740687789828,West,IC 444,06 18 59,+22 52 35,87.63,FocusLynx Focuser 1,10939,10939,1.325,-4.8,-4.8,Manual Rotator,0.0,0.0,0.0,Ascom.SxUFW (v2) ,Ha,98.0,-1.64537063825744,96.0,1014.00406726395,-1.08999999999997,123.0,7.2,6.732,2000.0,N.I.N.A. 3.2.0.9001 (x64),IC 444_Date_2026-01-10_Time_22-55-50_Type_LIGHT_Filter_Ha_Exp_600.00s_G_100_Off_10_Ecc_0.50_HFR_1.69px_FWHM_3.84_Temp_-4.80_0087.xisf,1,/mnt/raid0/AstroImaging/Source/LBN 548/LIGHT/Ha/IC 444_Date_2026-01-10_Time_22-55-50_Type_LIGHT_Filter_Ha_Exp_600.00s_G_100_Off_10_Ecc_0.50_HFR_1.69px_FWHM_3.84_Temp_-4.80_0087.xisf
LIGHT,2025-11-27T23:41:30.6729195,2025-11-27T23:41:30.6729195,2025-11-27T23:46:31.2151100,600.0,600.0,ZWO ASI6200MM Pro,ZWOptical_ZWO ASI6200MM Pro_,100,10,0.246657639741898,1,1,-10.0,-10.0,3.76,3.76,40,66.2,52.2483888888889,-0.12325,NP101is,540.0,5.4,349.704151294496,60.8798999022254,50.2756,312.98271,1.29925868719486,East,LBN 542,23 18 49,+60 52 48,87.16,FocusLynx Focuser 1,11261,11261,1.325,8.2,8.2,Manual Rotator,0.0,0.0,0.0,Ascom.SxUFW (v2) ,OIII,90.0,9.49087482338663,84.0,1003.09012916228,12.06,257.0,20.916,11.268,2000.0,N.I.N.A. 3.2.0.9001 (x64),LBN 542_Date_2025-11-27_Time_23-41-30_Type_LIGHT_Filter_OIII_Exp_600.00s_G_100_Off_10_Ecc_0.40_HFR_1.64px_FWHM_3.96_Temp_8.20_0133.xisf,1,/mnt/raid0/AstroImaging/Source/LBN 548/LIGHT/OIII/LBN 542_Date_2025-11-27_Time_23-41-30_Type_LIGHT_Filter_OIII_Exp_600.00s_G_100_Off_10_Ecc_0.40_HFR_1.64px_FWHM_3.96_Temp_8.20_0133.xisf
LIGHT,2025-11-27T23:51:31.8893706,2025-11-27T23:51:31.8893706,2025-11-27T23:56:32.4189645,600.0,600.0,ZWO ASI6200MM Pro,ZWOptical_ZWO ASI6200MM Pro_,100,10,0.246657639741898,1,1,-10.0,-10.0,3.76,3.76,40,66.2,52.2483888888889,-0.12325,NP101is,540.0,5.4,349.704062898528,60.8798898371289,49.1578,313.72389,1.3208552440776,East,LBN 542,23 18 49,+60 52 48,87.16,FocusLynx Focuser 1,11261,11261,1.325,8.0,8.0,Manual Rotator,0.0,0.0,0.0,Ascom.SxUFW (v2) ,OIII,90.0,9.49087482338663,84.0,1003.09012916228,12.06,257.0,20.916,11.268,2000.0,N.I.N.A. 3.2.0.9001 (x64),LBN 542_Date_2025-11-27_Time_23-51-31_Type_LIGHT_Filter_OIII_Exp_600.00s_G_100_Off_10_Ecc_0.39_HFR_1.67px_FWHM_4.14_Temp_8.00_0134.xisf,1,/mnt/raid0/AstroImaging/Source/LBN 548/LIGHT/OIII/LBN 542_Date_2025-11-27_Time_23-51-31_Type_LIGHT_Filter_OIII_Exp_600.00s_G_100_Off_10_Ecc_0.39_HFR_1.67px_FWHM_4.14_Temp_8.00_0134.xisf
LIGHT,2025-11-28T00:01:33.0572623,2025-11-28T00:01:33.0572623,2025-11-28T00:06:33.5915691,600.0,600.0,ZWO ASI6200MM Pro,ZWOptical_ZWO ASI6200MM Pro_,100,10,0.246657639741898,1,1,-10.0,-10.0,3.76,3.76,40,66.2,52.2483888888889,-0.12325,NP101is,540.0,5.4,349.704019311515,60.8798897511198,48.0556666666667,314.495361111111,1.34336976222712,East,LBN 542,23 18 49,+60 52 48,87.16,FocusLynx Focuser 1,11261,11261,1.325,8.0,8.0,Manual Rotator,0.0,0.0,0.0,Ascom.SxUFW (v2) ,OIII,90.0,9.49087482338663,84.0,1003.09012916228,12.06,257.0,20.916,11.268,2000.0,N.I.N.A. 3.2.0.9001 (x64),LBN 542_Date_2025-11-28_Time_00-01-33_Type_LIGHT_Filter_OIII_Exp_600.00s_G_100_Off_10_Ecc_0.39_HFR_1.67px_FWHM_4.05_Temp_8.00_0135.xisf,1,/mnt/raid0/AstroImaging/Source/LBN 548/LIGHT/OIII/LBN 542_Date_2025-11-28_Time_00-01-33_Type_LIGHT_Filter_OIII_Exp_600.00s_G_100_Off_10_Ecc_0.39_HFR_1.67px_FWHM_4.05_Temp_8.00_0135.xisf
LIGHT,2025-11-28T00:11:49.0054358,2025-11-28T00:11:49.0054358,2025-11-28T00:16:49.5830794,600.0,600.0,ZWO ASI6200MM Pro,ZWOptical_ZWO ASI6200MM Pro_,100,10,0.246657639741898,1,1,-10.0,-10.0,3.76,3.76,40,66.2,52.2483888888889,-0.12325,NP101is,540.0,5.4,349.705240455782,60.8776791417625,46.93593,315.31658,1.36756769152227,East,LBN 542,23 18 49,+60 52 48,87.16,FocusLynx Focuser 1,11261,11261,1.325,7.8,7.8,Manual Rotator,0.0,0.0,0.0,Ascom.SxUFW (v2) ,OIII,90.0,9.49087482338663,84.0,1003.09012916228,12.06,257.0,20.916,11.268,2000.0,N.I.N.A. 3.2.0.9001 (x64),LBN 542_Date_2025-11-28_Time_00-11-49_Type_LIGHT_Filter_OIII_Exp_600.00s_G_100_Off_10_Ecc_0.40_HFR_1.71px_FWHM_4.25_Temp_7.80_0136.xisf,1,/mnt/raid0/AstroImaging/Source/LBN 548/LIGHT/OIII/LBN 542_Date_2025-11-28_Time_00-11-49_Type_LIGHT_Filter_OIII_Exp_600.00s_G_100_Off_10_Ecc_0.40_HFR_1.71px_FWHM_4.25_Temp_7.80_0136.xisf
LIGHT,2025-11-28T00:21:50.3021496,2025-11-28T00:21:50.3021496,2025-11-28T00:26:50.8705953,600.0,600.0,ZWO ASI6200MM Pro,ZWOptical_ZWO ASI6200MM Pro_,100,10,0.246657639741898,1,1,-10.0,-10.0,3.76,3.76,40,66.2,52.2483888888889,-0.12325,NP101is,540.0,5.4,349.705271581788,60.8777090200894,45.8627,316.14728,1.39209754769272,East,LBN 542,23 18 49,+60 52 48,87.16,FocusLynx Focuser 1,11261,11261,1.325,7.7,7.7,Manual Rotator,0.0,0.0,0.0,Ascom.SxUFW (v2) ,OIII,90.0,9.49087482338663,84.0,1003.09012916228,12.06,257.0,20.916,11.268,2000.0,N.I.N.A. 3.2.0.9001 (x64),LBN 542_Date_2025-11-28_Time_00-21-50_Type_LIGHT_Filter_OIII_Exp_600.00s_G_100_Off_10_Ecc_0.42_HFR_1.72px_FWHM_4.24_Temp_7.70_0137.xisf,1,/mnt/raid0/AstroImaging/Source/LBN 548/LIGHT/OIII/LBN 542_Date_2025-11-28_Time_00-21-50_Type_LIGHT_Filter_OIII_Exp_600.00s_G_100_Off_10_Ecc_0.42_HFR_1.72px_FWHM_4.24_Temp_7.70_0137.xisf
LIGHT,2025-11-28T00:31:51.5622732,2025-11-28T00:31:51.5622732,2025-11-28T00:36:52.0946337,600.0,600.0,ZWO ASI6200MM Pro,ZWOptical_ZWO ASI6200MM Pro_,100,10,0.246657639741898,1,1,-10.0,-10.0,3.76,3.76,40,66.2,52.2483888888889,-0.12325,NP101is,540.0,5.4,349.705272765819,60.877698914251,44.8075,317.00272,1.41757857610018,East,LBN 542,23 18 49,+60 52 48,87.16,FocusLynx Focuser 1,11261,11261,1.325,7.5,7.5,Manual Rotator,0.0,0.0,0.0,Ascom.SxUFW (v2) ,OIII,90.0,9.49087482338663,84.0,1003.09012916228,12.06,257.0,20.916,11.268,2000.0,N.I.N.A. 3.2.0.9001 (x64),LBN 542_Date_2025-11-28_Time_00-31-51_Type_LIGHT_Filter_OIII_Exp_600.00s_G_100_Off_10_Ecc_0.43_HFR_1.65px_FWHM_3.92_Temp_7.50_0138.xisf,1,/mnt/raid0/AstroImaging/Source/LBN 548/LIGHT/OIII/LBN 542_Date_2025-11-28_Time_00-31-51_Type_LIGHT_Filter_OIII_Exp_600.00s_G_100_Off_10_Ecc_0.43_HFR_1.65px_FWHM_3.92_Temp_7.50_0138.xisf
LIGHT,2025-11-28T00:42:04.9066477,2025-11-28T00:42:04.9066477,2025-11-28T00:47:05.4687239,600.0,600.0,ZWO ASI6200MM Pro,ZWOptical_ZWO ASI6200MM Pro_,100,10,0.246657639741898,1,1,-10.0,-10.0,3.76,3.76,40,66.2,52.2483888888889,-0.12325,NP101is,540.0,5.4,349.703885941039,60.8779294491226,43.74534,317.90479,1.44468739997066,East,LBN 542,23 18 49,+60 52 48,87.16,FocusLynx Focuser 1,11261,11261,1.325,7.3,7.3,Manual Rotator,0.0,0.0,0.0,Ascom.SxUFW (v2) ,OIII,90.0,9.49087482338663,84.0,1003.09012916228,12.06,257.0,20.916,11.268,2000.0,N.I.N.A. 3.2.0.9001 (x64),LBN 542_Date_2025-11-28_Time_00-42-04_Type_LIGHT_Filter_OIII_Exp_600.00s_G_100_Off_10_Ecc_0.42_HFR_1.76px_FWHM_4.35_Temp_7.30_0139.xisf,1,/mnt/raid0/AstroImaging/Source/LBN 548/LIGHT/OIII/LBN 542_Date_2025-11-28_Time_00-42-04_Type_LIGHT_Filter_OIII_Exp_600.00s_G_100_Off_10_Ecc_0.42_HFR_1.76px_FWHM_4.35_Temp_7.30_0139.xisf
LIGHT,2025-11-28T00:52:06.1581775,2025-11-28T00:52:06.1581775,2025-11-28T00:57:06.7372500,600.0,600.0,ZWO ASI6200MM Pro,ZWOptical_ZWO ASI6200MM Pro_,100,10,0.246657639741898,1,1,-10.0,-10.0,3.76,3.76,40,66.2,52.2483888888889,-0.12325,NP101is,540.0,5.4,349.70397670704,60.8779193018148,42.72572,318.80956,1.47218473320884,East,LBN 542,23 18 49,+60 52 48,87.16,FocusLynx Focuser 1,11261,11261,1.325,7.1,7.1,Manual Rotator,0.0,0.0,0.0,Ascom.SxUFW (v2) ,OIII,90.0,9.49087482338663,84.0,1003.09012916228,12.06,257.0,20.916,11.268,2000.0,N.I.N.A. 3.2.0.9001 (x64),LBN 542_Date_2025-11-28_Time_00-52-06_Type_LIGHT_Filter_OIII_Exp_600.00s_G_100_Off_10_Ecc_0.42_HFR_1.70px_FWHM_4.11_Temp_7.10_0140.xisf,1,/mnt/raid0/AstroImaging/Source/LBN 548/LIGHT/OIII/LBN 542_Date_2025-11-28_Time_00-52-06_Type_LIGHT_Filter_OIII_Exp_600.00s_G_100_Off_10_Ecc_0.42_HFR_1.70px_FWHM_4.11_Temp_7.10_0140.xisf
LIGHT,2025-11-28T01:07:12.0940533,2025-11-28T01:07:12.0940533,2025-11-28T01:12:12.6721690,600.0,600.0,ZWO ASI6200MM Pro,ZWOptical_ZWO ASI6200MM Pro_,100,10,0.246657639741898,1,1,-10.0,-10.0,3.76,3.76,40,66.2,52.2483888888889,-0.12325,NP101is,540.0,5.4,349.703859102341,60.8779291985978,41.22214,320.21803,1.51558803239435,East,LBN 542,23 18 49,+60 52 48,87.16,FocusLynx Focuser 1,11232,11232,1.325,6.9,6.9,Manual Rotator,0.0,0.0,0.0,Ascom.SxUFW (v2) ,OIII,90.0,9.49087482338663,84.0,1003.09012916228,12.06,257.0,20.916,11.268,2000.0,N.I.N.A. 3.2.0.9001 (x64),LBN 542_Date_2025-11-28_Time_01-07-12_Type_LIGHT_Filter_OIII_Exp_600.00s_G_100_Off_10_Ecc_0.39_HFR_1.66px_FWHM_4.06_Temp_6.90_0141.xisf,1,/mnt/raid0/AstroImaging/Source/LBN 548/LIGHT/OIII/LBN 542_Date_2025-11-28_Time_01-07-12_Type_LIGHT_Filter_OIII_Exp_600.00s_G_100_Off_10_Ecc_0.39_HFR_1.66px_FWHM_4.06_Temp_6.90_0141.xisf
LIGHT,2025-11-28T01:17:26.5064505,2025-11-28T01:17:26.5064505,2025-11-28T01:22:27.0644318,600.0,600.0,ZWO ASI6200MM Pro,ZWOptical_ZWO ASI6200MM Pro_,100,10,0.246657639741898,1,1,-10.0,-10.0,3.76,3.76,40,66.2,52.2483888888889,-0.12325,NP101is,540.0,5.4,349.70366778966,60.8787091555855,40.2255,321.20474,1.54639019306739,East,LBN 542,23 18 49,+60 52 48,87.16,FocusLynx Focuser 1,11232,11232,1.325,6.8,6.8,Manual Rotator,0.0,0.0,0.0,Ascom.SxUFW (v2) ,OIII,90.0,9.49087482338663,84.0,1003.09012916228,12.06,257.0,20.916,11.268,2000.0,N.I.N.A. 3.2.0.9001 (x64),LBN 542_Date_2025-11-28_Time_01-17-26_Type_LIGHT_Filter_OIII_Exp_600.00s_G_100_Off_10_Ecc_0.38_HFR_1.68px_FWHM_4.16_Temp_6.80_0142.xisf,1,/mnt/raid0/AstroImaging/Source/LBN 548/LIGHT/OIII/LBN 542_Date_2025-11-28_Time_01-17-26_Type_LIGHT_Filter_OIII_Exp_600.00s_G_100_Off_10_Ecc_0.38_HFR_1.68px_FWHM_4.16_Temp_6.80_0142.xisf
LIGHT,2025-11-28T01:27:27.7591955,2025-11-28T01:27:27.7591955,2025-11-28T01:32:28.3069609,600.0,600.0,ZWO ASI6200MM Pro,ZWOptical_ZWO ASI6200MM Pro_,100,10,0.246657639741898,1,1,-10.0,-10.0,3.76,3.76,40,66.2,52.2483888888889,-0.12325,NP101is,540.0,5.4,349.703818298137,60.8787089807625,39.2731944444444,322.1874,1.57746439017525,East,LBN 542,23 18 49,+60 52 48,87.16,FocusLynx Focuser 1,11232,11232,1.325,6.6,6.6,Manual Rotator,0.0,0.0,0.0,Ascom.SxUFW (v2) ,OIII,90.0,9.49087482338663,84.0,1003.09012916228,12.06,257.0,20.916,11.268,2000.0,N.I.N.A. 3.2.0.9001 (x64),LBN 542_Date_2025-11-28_Time_01-27-27_Type_LIGHT_Filter_OIII_Exp_600.00s_G_100_Off_10_Ecc_0.38_HFR_1.66px_FWHM_4.11_Temp_6.60_0143.xisf,1,/mnt/raid0/AstroImaging/Source/LBN 548/LIGHT/OIII/LBN 542_Date_2025-11-28_Time_01-27-27_Type_LIGHT_Filter_OIII_Exp_600.00s_G_100_Off_10_Ecc_0.38_HFR_1.66px_FWHM_4.11_Temp_6.60_0143.xisf
LIGHT,2025-11-28T01:37:28.9662026,2025-11-28T01:37:28.9662026,2025-11-28T01:42:29.5272135,600.0,600.0,ZWO ASI6200MM Pro,ZWOptical_ZWO ASI6200MM Pro_,100,10,0.246657639741898,1,1,-10.0,-10.0,3.76,3.76,40,66.2,52.2483888888889,-0.12325,NP101is,540.0,5.4,349.703804514481,60.8786788842551,38.34261,323.1898,1.60949280756365,East,LBN 542,23 18 49,+60 52 48,87.16,FocusLynx Focuser 1,11232,11232,1.325,6.5,6.5,Manual Rotator,0.0,0.0,0.0,Ascom.SxUFW (v2) ,OIII,90.0,9.49087482338663,84.0,1003.09012916228,12.06,257.0,20.916,11.268,2000.0,N.I.N.A. 3.2.0.9001 (x64),LBN 542_Date_2025-11-28_Time_01-37-28_Type_LIGHT_Filter_OIII_Exp_600.00s_G_100_Off_10_Ecc_0.39_HFR_1.72px_FWHM_4.35_Temp_6.50_0144.xisf,1,/mnt/raid0/AstroImaging/Source/LBN 548/LIGHT/OIII/LBN 542_Date_2025-11-28_Time_01-37-28_Type_LIGHT_Filter_OIII_Exp_600.00s_G_100_Off_10_Ecc_0.39_HFR_1.72px_FWHM_4.35_Temp_6.50_0144.xisf
LIGHT,2025-11-28T01:47:44.1857084,2025-11-28T01:47:44.1857084,2025-11-28T01:52:44.7287975,600.0,600.0,ZWO ASI6200MM Pro,ZWOptical_ZWO ASI6200MM Pro_,100,10,0.246657639741898,1,1,-10.0,-10.0,3.76,3.76,40,66.2,52.2483888888889,-0.12325,NP101is,540.0,5.4,349.704282110382,60.8779685775066,37.41241,324.23458,1.64327048104612,East,LBN 542,23 18 49,+60 52 48,87.16,FocusLynx Focuser 1,11232,11232,1.325,6.4,6.4,Manual Rotator,0.0,0.0,0.0,Ascom.SxUFW (v2) ,OIII,90.0,9.49087482338663,84.0,1003.09012916228,12.06,257.0,20.916,11.268,2000.0,N.I.N.A. 3.2.0.9001 (x64),LBN 542_Date_2025-11-28_Time_01-47-44_Type_LIGHT_Filter_OIII_Exp_600.00s_G_100_Off_10_Ecc_0.38_HFR_1.67px_FWHM_4.15_Temp_6.40_0145.xisf,1,/mnt/raid0/AstroImaging/Source/LBN 548/LIGHT/OIII/LBN 542_Date_2025-11-28_Time_01-47-44_Type_LIGHT_Filter_OIII_Exp_600.00s_G_100_Off_10_Ecc_0.38_HFR_1.67px_FWHM_4.15_Temp_6.40_0145.xisf
LIGHT,2025-11-28T01:57:45.4038042,2025-11-28T01:57:45.4038042,2025-11-28T02:02:45.9662392,600.0,600.0,ZWO ASI6200MM Pro,ZWOptical_ZWO ASI6200MM Pro_,100,10,0.246657639741898,1,1,-10.0,-10.0,3.76,3.76,40,66.2,52.2483888888889,-0.12325,NP101is,540.0,5.4,349.704163878734,60.8779685291828,36.52333,325.27892,1.67732236977259,East,LBN 542,23 18 49,+60 52 48,87.16,FocusLynx Focuser 1,11232,11232,1.325,6.3,6.3,Manual Rotator,0.0,0.0,0.0,Ascom.SxUFW (v2) ,OIII,90.0,9.49087482338663,84.0,1003.09012916228,12.06,257.0,20.916,11.268,2000.0,N.I.N.A. 3.2.0.9001 (x64),LBN 542_Date_2025-11-28_Time_01-57-45_Type_LIGHT_Filter_OIII_Exp_600.00s_G_100_Off_10_Ecc_0.37_HFR_1.66px_FWHM_4.11_Temp_6.30_0146.xisf,1,/mnt/raid0/AstroImaging/Source/LBN 548/LIGHT/OIII/LBN 542_Date_2025-11-28_Time_01-57-45_Type_LIGHT_Filter_OIII_Exp_600.00s_G_100_Off_10_Ecc_0.37_HFR_1.66px_FWHM_4.11_Temp_6.30_0146.xisf
LIGHT,2025-11-28T02:07:46.6583377,2025-11-28T02:07:46.6583377,2025-11-28T02:12:47.2217446,600.0,600.0,ZWO ASI6200MM Pro,ZWOptical_ZWO ASI6200MM Pro_,100,10,0.246657639741898,1,1,-10.0,-10.0,3.76,3.76,40,66.2,52.2483888888889,-0.12325,NP101is,540.0,5.4,349.704135243673,60.8779784391876,35.66096,326.33709,1.71212227676433,East,LBN 542,23 18 49,+60 52 48,87.16,FocusLynx Focuser 1,11232,11232,1.325,6.2,6.2,Manual Rotator,0.0,0.0,0.0,Ascom.SxUFW (v2) ,OIII,90.0,9.49087482338663,84.0,1003.09012916228,12.06,257.0,20.916,11.268,2000.0,N.I.N.A. 3.2.0.9001 (x64),LBN 542_Date_2025-11-28_Time_02-07-46_Type_LIGHT_Filter_OIII_Exp_600.00s_G_100_Off_10_Ecc_0.39_HFR_1.65px_FWHM_4.07_Temp_6.20_0147.xisf,1,/mnt/raid0/AstroImaging/Source/LBN 548/LIGHT/OIII/LBN 542_Date_2025-11-28_Time_02-07-46_Type_LIGHT_Filter_OIII_Exp_600.00s_G_100_Off_10_Ecc_0.39_HFR_1.65px_FWHM_4.07_Temp_6.20_0147.xisf
LIGHT,2025-11-28T02:18:21.9799182,2025-11-28T02:18:21.9799182,2025-11-28T02:23:22.6016755,600.0,600.0,ZWO ASI6200MM Pro,ZWOptical_ZWO ASI6200MM Pro_,100,10,0.246657639741898,1,1,-10.0,-10.0,3.76,3.76,40,66.2,52.2483888888889,-0.12325,NP101is,540.0,5.4,349.705211418716,60.8779378269074,34.77389,327.47634,1.74987296336696,East,LBN 542,23 18 49,+60 52 48,87.16,FocusLynx Focuser 1,11232,11232,1.325,6.2,6.2,Manual Rotator,0.0,0.0,0.0,Ascom.SxUFW (v2) ,OIII,90.0,9.49087482338663,84.0,1003.09012916228,12.06,257.0,20.916,11.268,2000.0,N.I.N.A. 3.2.0.9001 (x64),LBN 542_Date_2025-11-28_Time_02-18-21_Type_LIGHT_Filter_OIII_Exp_600.00s_G_100_Off_10_Ecc_0.38_HFR_1.66px_FWHM_4.10_Temp_6.20_0148.xisf,1,/mnt/raid0/AstroImaging/Source/LBN 548/LIGHT/OIII/LBN 542_Date_2025-11-28_Time_02-18-21_Type_LIGHT_Filter_OIII_Exp_600.00s_G_100_Off_10_Ecc_0.38_HFR_1.66px_FWHM_4.10_Temp_6.20_0148.xisf
LIGHT,2025-11-28T02:28:23.4110647,2025-11-28T02:28:23.4110647,2025-11-28T02:33:23.9935363,600.0,600.0,ZWO ASI6200MM Pro,ZWOptical_ZWO ASI6200MM Pro_,100,10,0.246657639741898,1,1,-10.0,-9.9,3.76,3.76,40,66.2,52.2483888888889,-0.12325,NP101is,540.0,5.4,349.705227771323,60.8780477131656,33.96223,328.56862,1.78627812388468,East,LBN 542,23 18 49,+60 52 48,87.16,FocusLynx Focuser 1,11232,11232,1.325,6.0,6.0,Manual Rotator,0.0,0.0,0.0,Ascom.SxUFW (v2) ,OIII,90.0,9.49087482338663,84.0,1003.09012916228,12.06,257.0,20.916,11.268,2000.0,N.I.N.A. 3.2.0.9001 (x64),LBN 542_Date_2025-11-28_Time_02-28-23_Type_LIGHT_Filter_OIII_Exp_600.00s_G_100_Off_10_Ecc_0.38_HFR_1.68px_FWHM_4.22_Temp_6.00_0149.xisf,1,/mnt/raid0/AstroImaging/Source/LBN 548/LIGHT/OIII/LBN 542_Date_2025-11-28_Time_02-28-23_Type_LIGHT_Filter_OIII_Exp_600.00s_G_100_Off_10_Ecc_0.38_HFR_1.68px_FWHM_4.22_Temp_6.00_0149.xisf
LIGHT,2025-11-28T02:38:24.7058874,2025-11-28T02:38:24.7058874,2025-11-28T02:43:25.2438674,600.0,600.0,ZWO ASI6200MM Pro,ZWOptical_ZWO ASI6200MM Pro_,100,10,0.246657639741898,1,1,-10.0,-10.0,3.76,3.76,40,66.2,52.2483888888889,-0.12325,NP101is,540.0,5.4,349.705198841723,60.8779076288503,33.17339,329.67999,1.8234910720862,East,LBN 542,23 18 49,+60 52 48,87.16,FocusLynx Focuser 1,11232,11232,1.325,6.0,6.0,Manual Rotator,0.0,0.0,0.0,Ascom.SxUFW (v2) ,OIII,90.0,9.49087482338663,84.0,1003.09012916228,12.06,257.0,20.916,11.268,2000.0,N.I.N.A. 3.2.0.9001 (x64),LBN 542_Date_2025-11-28_Time_02-38-24_Type_LIGHT_Filter_OIII_Exp_600.00s_G_100_Off_10_Ecc_0.38_HFR_1.67px_FWHM_4.16_Temp_6.00_0150.xisf,1,/mnt/raid0/AstroImaging/Source/LBN 548/LIGHT/OIII/LBN 542_Date_2025-11-28_Time_02-38-24_Type_LIGHT_Filter_OIII_Exp_600.00s_G_100_Off_10_Ecc_0.38_HFR_1.67px_FWHM_4.16_Temp_6.00_0150.xisf
LIGHT,2025-11-28T02:48:48.8004229,2025-11-28T02:48:48.8004229,2025-11-28T02:53:49.3367813,600.0,600.0,ZWO ASI6200MM Pro,ZWOptical_ZWO ASI6200MM Pro_,100,10,0.246657639741898,1,1,-10.0,-10.0,3.76,3.76,40,66.2,52.2483888888889,-0.12325,NP101is,540.0,5.4,349.704004312712,60.8772181054737,32.37986,330.85251,1.86287802434878,East,LBN 542,23 18 49,+60 52 48,87.16,FocusLynx Focuser 1,11232,11232,1.325,6.1,6.1,Manual Rotator,0.0,0.0,0.0,Ascom.SxUFW (v2) ,OIII,90.0,9.49087482338663,84.0,1003.09012916228,12.06,257.0,20.916,11.268,2000.0,N.I.N.A. 3.2.0.9001 (x64),LBN 542_Date_2025-11-28_Time_02-48-48_Type_LIGHT_Filter_OIII_Exp_600.00s_G_100_Off_10_Ecc_0.38_HFR_1.66px_FWHM_4.19_Temp_6.10_0151.xisf,1,/mnt/raid0/AstroImaging/Source/LBN 548/LIGHT/OIII/LBN 542_Date_2025-11-28_Time_02-48-48_Type_LIGHT_Filter_OIII_Exp_600.00s_G_100_Off_10_Ecc_0.38_HFR_1.66px_FWHM_4.19_Temp_6.10_0151.xisf
LIGHT,2025-11-28T02:58:49.9779692,2025-11-28T02:58:49.9779692,2025-11-28T03:03:50.5079243,600.0,600.0,ZWO ASI6200MM Pro,ZWOptical_ZWO ASI6200MM Pro_,100,10,0.246657639741898,1,1,-10.0,-10.0,3.76,3.76,40,66.2,52.2483888888889,-0.12325,NP101is,540.0,5.4,349.704125216606,60.877347942872,31.64711,331.99211,1.90111164789622,East,LBN 542,23 18 49,+60 52 48,87.16,FocusLynx Focuser 1,11232,11232,1.325,6.1,6.1,Manual Rotator,0.0,0.0,0.0,Ascom.SxUFW (v2) ,OIII,90.0,9.49087482338663,84.0,1003.09012916228,12.06,257.0,20.916,11.268,2000.0,N.I.N.A. 3.2.0.9001 (x64),LBN 542_Date_2025-11-28_Time_02-58-49_Type_LIGHT_Filter_OIII_Exp_600.00s_G_100_Off_10_Ecc_0.37_HFR_1.69px_FWHM_4.34_Temp_6.10_0152.xisf,1,/mnt/raid0/AstroImaging/Source/LBN 548/LIGHT/OIII/LBN 542_Date_2025-11-28_Time_02-58-49_Type_LIGHT_Filter_OIII_Exp_600.00s_G_100_Off_10_Ecc_0.37_HFR_1.69px_FWHM_4.34_Temp_6.10_0152.xisf
LIGHT,2025-11-28T03:08:51.1754896,2025-11-28T03:08:51.1754896,2025-11-28T03:13:51.7209551,600.0,600.0,ZWO ASI6200MM Pro,ZWOptical_ZWO ASI6200MM Pro_,100,10,0.246657639741898,1,1,-10.0,-10.0,3.76,3.76,40,66.2,52.2483888888889,-0.12325,NP101is,540.0,5.4,349.704051480332,60.8771978804153,30.93704,333.15318,1.93998946067362,East,LBN 542,23 18 49,+60 52 48,87.16,FocusLynx Focuser 1,11232,11232,1.325,6.2,6.2,Manual Rotator,0.0,0.0,0.0,Ascom.SxUFW (v2) ,OIII,90.0,9.49087482338663,84.0,1003.09012916228,12.06,257.0,20.916,11.268,2000.0,N.I.N.A. 3.2.0.9001 (x64),LBN 542_Date_2025-11-28_Time_03-08-51_Type_LIGHT_Filter_OIII_Exp_600.00s_G_100_Off_10_Ecc_0.33_HFR_1.60px_FWHM_4.25_Temp_6.20_0153.xisf,1,/mnt/raid0/AstroImaging/Source/LBN 548/LIGHT/OIII/LBN 542_Date_2025-11-28_Time_03-08-51_Type_LIGHT_Filter_OIII_Exp_600.00s_G_100_Off_10_Ecc_0.33_HFR_1.60px_FWHM_4.25_Temp_6.20_0153.xisf
LIGHT,2025-11-28T03:19:05.1733597,2025-11-28T03:19:05.1733597,2025-11-28T03:24:05.7415506,600.0,600.0,ZWO ASI6200MM Pro,ZWOptical_ZWO ASI6200MM Pro_,100,10,0.246657639741898,1,1,-10.0,-10.0,3.76,3.76,40,66.2,52.2483888888889,-0.12325,NP101is,540.0,5.4,349.704430326706,60.8793975268394,30.24518,334.35092,1.97971979573183,East,LBN 542,23 18 49,+60 52 48,87.16,FocusLynx Focuser 1,11232,11232,1.325,6.2,6.2,Manual Rotator,0.0,0.0,0.0,Ascom.SxUFW (v2) ,OIII,90.0,9.49087482338663,84.0,1003.09012916228,12.06,257.0,20.916,11.268,2000.0,N.I.N.A. 3.2.0.9001 (x64),LBN 542_Date_2025-11-28_Time_03-19-05_Type_LIGHT_Filter_OIII_Exp_600.00s_G_100_Off_10_Ecc_NaN_HFR_0.00px_FWHM_NaN_Temp_6.20_0154.xisf,1,/mnt/raid0/AstroImaging/Source/LBN 548/LIGHT/OIII/LBN 542_Date_2025-11-28_Time_03-19-05_Type_LIGHT_Filter_OIII_Exp_600.00s_G_100_Off_10_Ecc_NaN_HFR_0.00px_FWHM_NaN_Temp_6.20_0154.xisf
LIGHT,2025-11-28T03:29:06.4129993,2025-11-28T03:29:06.4129993,2025-11-28T03:34:06.9652564,600.0,600.0,ZWO ASI6200MM Pro,ZWOptical_ZWO ASI6200MM Pro_,100,10,0.246657639741898,1,1,-10.0,-9.9,3.76,3.76,40,66.2,52.2483888888889,-0.12325,NP101is,540.0,5.4,349.704401632069,60.8793774400643,29.5959166666667,335.53345,2.01877683472928,East,LBN 542,23 18 49,+60 52 48,87.16,FocusLynx Focuser 1,11232,11232,1.325,6.4,6.4,Manual Rotator,0.0,0.0,0.0,Ascom.SxUFW (v2) ,OIII,90.0,9.49087482338663,84.0,1003.09012916228,12.06,257.0,20.916,11.268,2000.0,N.I.N.A. 3.2.0.9001 (x64),LBN 542_Date_2025-11-28_Time_03-29-06_Type_LIGHT_Filter_OIII_Exp_600.00s_G_100_Off_10_Ecc_NaN_HFR_0.00px_FWHM_NaN_Temp_6.40_0155.xisf,1,/mnt/raid0/AstroImaging/Source/LBN 548/LIGHT/OIII/LBN 542_Date_2025-11-28_Time_03-29-06_Type_LIGHT_Filter_OIII_Exp_600.00s_G_100_Off_10_Ecc_NaN_HFR_0.00px_FWHM_NaN_Temp_6.40_0155.xisf
LIGHT,2025-11-28T03:39:07.6312596,2025-11-28T03:39:07.6312596,2025-11-28T03:44:08.1624654,600.0,600.0,ZWO ASI6200MM Pro,ZWOptical_ZWO ASI6200MM Pro_,100,10,0.246657639741898,1,1,-10.0,-10.0,3.76,3.76,40,66.2,52.2483888888889,-0.12325,NP101is,540.0,5.4,349.704298369477,60.8793973868843,28.9739166666667,336.73286,2.0579103197134,East,LBN 542,23 18 49,+60 52 48,87.16,FocusLynx Focuser 1,11232,11232,1.325,6.5,6.5,Manual Rotator,0.0,0.0,0.0,Ascom.SxUFW (v2) ,OIII,90.0,9.49087482338663,84.0,1003.09012916228,12.06,257.0,20.916,11.268,2000.0,N.I.N.A. 3.2.0.9001 (x64),LBN 542_Date_2025-11-28_Time_03-39-07_Type_LIGHT_Filter_OIII_Exp_600.00s_G_100_Off_10_Ecc_NaN_HFR_0.00px_FWHM_NaN_Temp_6.50_0156.xisf,1,/mnt/raid0/AstroImaging/Source/LBN 548/LIGHT/OIII/LBN 542_Date_2025-11-28_Time_03-39-07_Type_LIGHT_Filter_OIII_Exp_600.00s_G_100_Off_10_Ecc_NaN_HFR_0.00px_FWHM_NaN_Temp_6.50_0156.xisf
LIGHT,2025-11-28T03:49:20.6851557,2025-11-28T03:49:20.6851557,2025-11-28T03:54:21.2309733,600.0,600.0,ZWO ASI6200MM Pro,ZWOptical_ZWO ASI6200MM Pro_,100,10,0.246657639741898,1,1,-10.0,-10.0,3.76,3.76,40,66.2,52.2483888888889,-0.12325,NP101is,540.0,5.4,349.70382098237,60.8789675223972,28.37059,337.96736,2.0975773595904,East,LBN 542,23 18 49,+60 52 48,87.16,FocusLynx Focuser 1,11232,11232,1.325,6.5,6.5,Manual Rotator,0.0,0.0,0.0,Ascom.SxUFW (v2) ,OIII,90.0,9.49087482338663,84.0,1003.09012916228,12.06,257.0,20.916,11.268,2000.0,N.I.N.A. 3.2.0.9001 (x64),LBN 542_Date_2025-11-28_Time_03-49-20_Type_LIGHT_Filter_OIII_Exp_600.00s_G_100_Off_10_Ecc_NaN_HFR_0.00px_FWHM_NaN_Temp_6.50_0157.xisf,1,/mnt/raid0/AstroImaging/Source/LBN 548/LIGHT/OIII/LBN 542_Date_2025-11-28_Time_03-49-20_Type_LIGHT_Filter_OIII_Exp_600.00s_G_100_Off_10_Ecc_NaN_HFR_0.00px_FWHM_NaN_Temp_6.50_0157.xisf
LIGHT,2025-11-28T18:30:41.4952878,2025-11-28T18:30:41.4952878,2025-11-28T18:35:42.0042468,600.0,600.0,ZWO ASI6200MM Pro,ZWOptical_ZWO ASI6200MM Pro_,100,10,0.246657639741898,1,1,-10.0,-10.0,3.76,3.76,40,66.2,52.2483888888889,-0.12325,NP101is,540.0,5.4,349.704138229707,60.8798594203651,81.15319,6.45198,1.01196843053715,West,LBN 542,23 18 49,+60 52 48,87.16,FocusLynx Focuser 1,11200,11200,1.325,6.0,6.0,Manual Rotator,0.0,0.0,0.0,Ascom.SxUFW (v2) ,OIII,37.0,6.64263430366242,86.0,1000.1136005891,8.81,258.0,4.824,1.62,2000.0,N.I.N.A. 3.2.0.9001 (x64),LBN 542_Date_2025-11-28_Time_18-30-41_Type_LIGHT_Filter_OIII_Exp_600.00s_G_100_Off_10_Ecc_0.38_HFR_1.64px_FWHM_3.95_Temp_6.00_0158.xisf,1,/mnt/raid0/AstroImaging/Source/LBN 548/LIGHT/OIII/LBN 542_Date_2025-11-28_Time_18-30-41_Type_LIGHT_Filter_OIII_Exp_600.00s_G_100_Off_10_Ecc_0.38_HFR_1.64px_FWHM_3.95_Temp_6.00_0158.xisf
LIGHT,2025-11-28T18:40:42.6498871,2025-11-28T18:40:42.6498871,2025-11-28T18:45:43.2232501,600.0,600.0,ZWO ASI6200MM Pro,ZWOptical_ZWO ASI6200MM Pro_,100,10,0.246657639741898,1,1,-10.0,-10.0,3.76,3.76,40,66.2,52.2483888888889,-0.12325,NP101is,540.0,5.4,349.704199161052,60.879859311042,81.22003,358.50238,1.01178602964041,West,LBN 542,23 18 49,+60 52 48,87.16,FocusLynx Focuser 1,11200,11200,1.325,5.9,5.9,Manual Rotator,0.0,0.0,0.0,Ascom.SxUFW (v2) ,OIII,37.0,6.64263430366242,86.0,1000.1136005891,8.81,258.0,4.824,1.62,2000.0,N.I.N.A. 3.2.0.9001 (x64),LBN 542_Date_2025-11-28_Time_18-40-42_Type_LIGHT_Filter_OIII_Exp_600.00s_G_100_Off_10_Ecc_0.39_HFR_1.65px_FWHM_4.00_Temp_5.90_0159.xisf,1,/mnt/raid0/AstroImaging/Source/LBN 548/LIGHT/OIII/LBN 542_Date_2025-11-28_Time_18-40-42_Type_LIGHT_Filter_OIII_Exp_600.00s_G_100_Off_10_Ecc_0.39_HFR_1.65px_FWHM_4.00_Temp_5.90_0159.xisf
LIGHT,2025-11-28T18:59:30.6400628,2025-11-28T18:59:30.6400628,2025-11-28T19:04:31.1704262,600.0,600.0,ZWO ASI6200MM Pro,ZWOptical_ZWO ASI6200MM Pro_,100,10,0.246657639741898,1,1,-10.0,-10.0,3.76,3.76,40,66.2,52.2483888888889,-0.12325,NP101is,540.0,5.4,349.703992400541,60.8798592579018,80.78065,344.16923,1.01301151840171,East,LBN 542,23 18 49,+60 52 48,87.16,FocusLynx Focuser 1,11177,11177,1.325,5.7,5.7,Manual Rotator,0.0,0.0,0.0,Ascom.SxUFW (v2) ,OIII,37.0,6.64263430366242,86.0,1000.1136005891,8.81,258.0,4.824,1.62,2000.0,N.I.N.A. 3.2.0.9001 (x64),LBN 542_Date_2025-11-28_Time_18-59-30_Type_LIGHT_Filter_OIII_Exp_600.00s_G_100_Off_10_Ecc_0.43_HFR_1.67px_FWHM_4.08_Temp_5.70_0160.xisf,1,/mnt/raid0/AstroImaging/Source/LBN 548/LIGHT/OIII/LBN 542_Date_2025-11-28_Time_18-59-30_Type_LIGHT_Filter_OIII_Exp_600.00s_G_100_Off_10_Ecc_0.43_HFR_1.67px_FWHM_4.08_Temp_5.70_0160.xisf
LIGHT,2025-11-28T19:09:45.3922633,2025-11-28T19:09:45.3922633,2025-11-28T19:14:45.9408454,600.0,600.0,ZWO ASI6200MM Pro,ZWOptical_ZWO ASI6200MM Pro_,100,10,0.246657639741898,1,1,-10.0,-10.0,3.76,3.76,40,66.2,52.2483888888889,-0.12325,NP101is,540.0,5.4,349.70403838839,60.8798391550454,80.25937,337.29179,1.01454670790696,East,LBN 542,23 18 49,+60 52 48,87.16,FocusLynx Focuser 1,11177,11177,1.325,5.6,5.6,Manual Rotator,0.0,0.0,0.0,Ascom.SxUFW (v2) ,OIII,37.0,6.64263430366242,86.0,1000.1136005891,8.81,258.0,4.824,1.62,2000.0,N.I.N.A. 3.2.0.9001 (x64),LBN 542_Date_2025-11-28_Time_19-09-45_Type_LIGHT_Filter_OIII_Exp_600.00s_G_100_Off_10_Ecc_0.39_HFR_1.66px_FWHM_4.00_Temp_5.60_0161.xisf,1,/mnt/raid0/AstroImaging/Source/LBN 548/LIGHT/OIII/LBN 542_Date_2025-11-28_Time_19-09-45_Type_LIGHT_Filter_OIII_Exp_600.00s_G_100_Off_10_Ecc_0.39_HFR_1.66px_FWHM_4.00_Temp_5.60_0161.xisf
LIGHT,2025-11-28T19:19:46.6199511,2025-11-28T19:19:46.6199511,2025-11-28T19:24:47.1955387,600.0,600.0,ZWO ASI6200MM Pro,ZWOptical_ZWO ASI6200MM Pro_,100,10,0.246657639741898,1,1,-10.0,-10.0,3.76,3.76,40,66.2,52.2483888888889,-0.12325,NP101is,540.0,5.4,349.704099358321,60.8798590458152,79.59191,331.46059,1.01664217128975,East,LBN 542,23 18 49,+60 52 48,87.16,FocusLynx Focuser 1,11177,11177,1.325,5.6,5.6,Manual Rotator,0.0,0.0,0.0,Ascom.SxUFW (v2) ,OIII,37.0,6.64263430366242,86.0,1000.1136005891,8.81,258.0,4.824,1.62,2000.0,N.I.N.A. 3.2.0.9001 (x64),LBN 542_Date_2025-11-28_Time_19-19-46_Type_LIGHT_Filter_OIII_Exp_600.00s_G_100_Off_10_Ecc_0.39_HFR_1.65px_FWHM_3.94_Temp_5.60_0162.xisf,1,/mnt/raid0/AstroImaging/Source/LBN 548/LIGHT/OIII/LBN 542_Date_2025-11-28_Time_19-19-46_Type_LIGHT_Filter_OIII_Exp_600.00s_G_100_Off_10_Ecc_0.39_HFR_1.65px_FWHM_3.94_Temp_5.60_0162.xisf
LIGHT,2025-11-28T19:29:47.8908742,2025-11-28T19:29:47.8908742,2025-11-28T19:34:48.4325241,600.0,600.0,ZWO ASI6200MM Pro,ZWOptical_ZWO ASI6200MM Pro_,100,10,0.246657639741898,1,1,-10.0,-10.0,3.76,3.76,40,66.2,52.2483888888889,-0.12325,NP101is,540.0,5.4,349.704130504611,60.8798989503047,78.79909,326.54022,1.01932245253368,East,LBN 542,23 18 49,+60 52 48,87.16,FocusLynx Focuser 1,11177,11177,1.325,5.6,5.6,Manual Rotator,0.0,0.0,0.0,Ascom.SxUFW (v2) ,OIII,37.0,6.64263430366242,86.0,1000.1136005891,8.81,258.0,4.824,1.62,2000.0,N.I.N.A. 3.2.0.9001 (x64),LBN 542_Date_2025-11-28_Time_19-29-47_Type_LIGHT_Filter_OIII_Exp_600.00s_G_100_Off_10_Ecc_0.40_HFR_1.65px_FWHM_3.96_Temp_5.60_0163.xisf,1,/mnt/raid0/AstroImaging/Source/LBN 548/LIGHT/OIII/LBN 542_Date_2025-11-28_Time_19-29-47_Type_LIGHT_Filter_OIII_Exp_600.00s_G_100_Off_10_Ecc_0.40_HFR_1.65px_FWHM_3.96_Temp_5.60_0163.xisf
LIGHT,2025-11-28T19:40:01.8352692,2025-11-28T19:40:01.8352692,2025-11-28T19:45:02.4132928,600.0,600.0,ZWO ASI6200MM Pro,ZWOptical_ZWO ASI6200MM Pro_,100,10,0.246657639741898,1,1,-10.0,-10.0,3.76,3.76,40,66.2,52.2483888888889,-0.12325,NP101is,540.0,5.4,349.705371065231,60.8799582840574,77.88489,322.37339,1.02267421032867,East,LBN 542,23 18 49,+60 52 48,87.16,FocusLynx Focuser 1,11177,11177,1.325,5.6,5.6,Manual Rotator,0.0,0.0,0.0,Ascom.SxUFW (v2) ,OIII,37.0,6.64263430366242,86.0,1000.1136005891,8.81,258.0,4.824,1.62,2000.0,N.I.N.A. 3.2.0.9001 (x64),LBN 542_Date_2025-11-28_Time_19-40-01_Type_LIGHT_Filter_OIII_Exp_600.00s_G_100_Off_10_Ecc_0.40_HFR_1.63px_FWHM_3.88_Temp_5.60_0164.xisf,1,/mnt/raid0/AstroImaging/Source/LBN 548/LIGHT/OIII/LBN 542_Date_2025-11-28_Time_19-40-01_Type_LIGHT_Filter_OIII_Exp_600.00s_G_100_Off_10_Ecc_0.40_HFR_1.63px_FWHM_3.88_Temp_5.60_0164.xisf
LIGHT,2025-11-28T19:50:03.1121981,2025-11-28T19:50:03.1121981,2025-11-28T19:55:03.6566412,600.0,600.0,ZWO ASI6200MM Pro,ZWOptical_ZWO ASI6200MM Pro_,100,10,0.246657639741898,1,1,-10.0,-9.8,3.76,3.76,40,66.2,52.2483888888889,-0.12325,NP101is,540.0,5.4,349.705417160054,60.8800081816307,76.9115555555556,319.0409,1.02655501483522,East,LBN 542,23 18 49,+60 52 48,87.16,FocusLynx Focuser 1,11177,11177,1.325,5.8,5.8,Manual Rotator,0.0,0.0,0.0,Ascom.SxUFW (v2) ,OIII,37.0,6.64263430366242,86.0,1000.1136005891,8.81,258.0,4.824,1.62,2000.0,N.I.N.A. 3.2.0.9001 (x64),LBN 542_Date_2025-11-28_Time_19-50-03_Type_LIGHT_Filter_OIII_Exp_600.00s_G_100_Off_10_Ecc_0.40_HFR_1.61px_FWHM_3.86_Temp_5.80_0165.xisf,1,/mnt/raid0/AstroImaging/Source/LBN 548/LIGHT/OIII/LBN 542_Date_2025-11-28_Time_19-50-03_Type_LIGHT_Filter_OIII_Exp_600.00s_G_100_Off_10_Ecc_0.40_HFR_1.61px_FWHM_3.86_Temp_5.80_0165.xisf
LIGHT,2025-11-28T20:00:04.3186374,2025-11-28T20:00:04.3186374,2025-11-28T20:05:04.8671555,600.0,600.0,ZWO ASI6200MM Pro,ZWOptical_ZWO ASI6200MM Pro_,100,10,0.246657639741898,1,1,-10.0,-9.9,3.76,3.76,40,66.2,52.2483888888889,-0.12325,NP101is,540.0,5.4,349.705448108133,60.8799480900552,75.8756944444444,316.32858,1.03104536096055,East,LBN 542,23 18 49,+60 52 48,87.16,FocusLynx Focuser 1,11177,11177,1.325,5.9,5.9,Manual Rotator,0.0,0.0,0.0,Ascom.SxUFW (v2) ,OIII,37.0,6.64263430366242,86.0,1000.1136005891,8.81,258.0,4.824,1.62,2000.0,N.I.N.A. 3.2.0.9001 (x64),LBN 542_Date_2025-11-28_Time_20-00-04_Type_LIGHT_Filter_OIII_Exp_600.00s_G_100_Off_10_Ecc_0.41_HFR_1.60px_FWHM_3.85_Temp_5.90_0166.xisf,1,/mnt/raid0/AstroImaging/Source/LBN 548/LIGHT/OIII/LBN 542_Date_2025-11-28_Time_20-00-04_Type_LIGHT_Filter_OIII_Exp_600.00s_G_100_Off_10_Ecc_0.41_HFR_1.60px_FWHM_3.85_Temp_5.90_0166.xisf
LIGHT,2025-11-28T20:10:17.2753210,2025-11-28T20:10:17.2753210,2025-11-28T20:15:17.8423051,600.0,600.0,ZWO ASI6200MM Pro,ZWOptical_ZWO ASI6200MM Pro_,100,10,0.246657639741898,1,1,-10.0,-10.0,3.76,3.76,40,66.2,52.2483888888889,-0.12325,NP101is,540.0,5.4,349.70471793842,60.8800383497387,74.76866,314.1009,1.03626354935658,East,LBN 542,23 18 49,+60 52 48,87.16,FocusLynx Focuser 1,11177,11177,1.325,6.0,6.0,Manual Rotator,0.0,0.0,0.0,Ascom.SxUFW (v2) ,OIII,37.0,6.64263430366242,86.0,1000.1136005891,8.81,258.0,4.824,1.62,2000.0,N.I.N.A. 3.2.0.9001 (x64),LBN 542_Date_2025-11-28_Time_20-10-17_Type_LIGHT_Filter_OIII_Exp_600.00s_G_100_Off_10_Ecc_0.38_HFR_1.59px_FWHM_3.82_Temp_6.00_0167.xisf,1,/mnt/raid0/AstroImaging/Source/LBN 548/LIGHT/OIII/LBN 542_Date_2025-11-28_Time_20-10-17_Type_LIGHT_Filter_OIII_Exp_600.00s_G_100_Off_10_Ecc_0.38_HFR_1.59px_FWHM_3.82_Temp_6.00_0167.xisf
LIGHT,2025-11-29T18:25:07.3188320,2025-11-29T18:25:07.3188320,2025-11-29T18:30:07.8836630,600.0,600.0,ZWO ASI6200MM Pro,ZWOptical_ZWO ASI6200MM Pro_,100,10,0.246657639741898,1,1,-10.0,-10.0,3.76,3.76,40,66.2,52.2483888888889,-0.12325,NP101is,540.0,5.4,349.704114308674,60.8798894022699,81.12341,7.67962,1.01205016207761,West,LBN 542,23 18 49,+60 52 48,87.16,FocusLynx Focuser 1,11127,11127,1.325,2.8,2.8,Manual Rotator,0.0,0.0,0.0,Ascom.SxUFW (v2) ,OIII,100.0,4.22237933633555,89.0,993.168367251674,5.86000000000001,241.0,8.064,4.824,2000.0,N.I.N.A. 3.2.0.9001 (x64),LBN 542_Date_2025-11-29_Time_18-25-07_Type_LIGHT_Filter_OIII_Exp_600.00s_G_100_Off_10_Ecc_0.41_HFR_1.64px_FWHM_3.85_Temp_2.80_0158.xisf,1,/mnt/raid0/AstroImaging/Source/LBN 548/LIGHT/OIII/LBN 542_Date_2025-11-29_Time_18-25-07_Type_LIGHT_Filter_OIII_Exp_600.00s_G_100_Off_10_Ecc_0.41_HFR_1.64px_FWHM_3.85_Temp_2.80_0158.xisf
LIGHT,2025-11-29T18:35:08.6033900,2025-11-29T18:35:08.6033900,2025-11-29T18:40:09.1624741,600.0,600.0,ZWO ASI6200MM Pro,ZWOptical_ZWO ASI6200MM Pro_,100,10,0.246657639741898,1,1,-10.0,-10.0,3.76,3.76,40,66.2,52.2483888888889,-0.12325,NP101is,540.0,5.4,349.704219979886,60.87988928937,81.2237,359.75888,1.01177605625332,West,LBN 542,23 18 49,+60 52 48,87.16,FocusLynx Focuser 1,11127,11127,1.325,2.7,2.7,Manual Rotator,0.0,0.0,0.0,Ascom.SxUFW (v2) ,OIII,100.0,4.22237933633555,89.0,993.168367251674,5.86000000000001,241.0,8.064,4.824,2000.0,N.I.N.A. 3.2.0.9001 (x64),LBN 542_Date_2025-11-29_Time_18-35-08_Type_LIGHT_Filter_OIII_Exp_600.00s_G_100_Off_10_Ecc_0.43_HFR_1.65px_FWHM_3.91_Temp_2.70_0159.xisf,1,/mnt/raid0/AstroImaging/Source/LBN 548/LIGHT/OIII/LBN 542_Date_2025-11-29_Time_18-35-08_Type_LIGHT_Filter_OIII_Exp_600.00s_G_100_Off_10_Ecc_0.43_HFR_1.65px_FWHM_3.91_Temp_2.70_0159.xisf
LIGHT,2025-11-29T18:55:35.0652767,2025-11-29T18:55:35.0652767,2025-11-29T19:00:35.6368739,600.0,600.0,ZWO ASI6200MM Pro,ZWOptical_ZWO ASI6200MM Pro_,100,10,0.246657639741898,1,1,-10.0,-10.0,3.76,3.76,40,66.2,52.2483888888889,-0.12325,NP101is,540.0,5.4,349.704087906149,60.8798592244505,80.77763,344.11766,1.01302015789048,East,LBN 542,23 18 49,+60 52 48,87.16,FocusLynx Focuser 1,11100,11100,1.325,2.4,2.4,Manual Rotator,0.0,0.0,0.0,Ascom.SxUFW (v2) ,OIII,100.0,4.22237933633555,89.0,993.168367251674,5.86000000000001,241.0,8.064,4.824,2000.0,N.I.N.A. 3.2.0.9001 (x64),LBN 542_Date_2025-11-29_Time_18-55-35_Type_LIGHT_Filter_OIII_Exp_600.00s_G_100_Off_10_Ecc_0.39_HFR_1.63px_FWHM_3.85_Temp_2.40_0160.xisf,1,/mnt/raid0/AstroImaging/Source/LBN 548/LIGHT/OIII/LBN 542_Date_2025-11-29_Time_18-55-35_Type_LIGHT_Filter_OIII_Exp_600.00s_G_100_Off_10_Ecc_0.39_HFR_1.63px_FWHM_3.85_Temp_2.40_0160.xisf
LIGHT,2025-11-29T19:05:52.4495029,2025-11-29T19:05:52.4495029,2025-11-29T19:10:52.9863167,600.0,600.0,ZWO ASI6200MM Pro,ZWOptical_ZWO ASI6200MM Pro_,100,10,0.246657639741898,1,1,-10.0,-10.0,3.76,3.76,40,66.2,52.2483888888889,-0.12325,NP101is,540.0,5.4,349.699804425386,60.8800111745811,80.25124,337.20786,1.01457135275175,East,LBN 542,23 18 49,+60 52 48,87.16,FocusLynx Focuser 1,11100,11100,1.325,2.2,2.2,Manual Rotator,0.0,0.0,0.0,Ascom.SxUFW (v2) ,OIII,100.0,4.22237933633555,89.0,993.168367251674,5.86000000000001,241.0,8.064,4.824,2000.0,N.I.N.A. 3.2.0.9001 (x64),LBN 542_Date_2025-11-29_Time_19-05-52_Type_LIGHT_Filter_OIII_Exp_600.00s_G_100_Off_10_Ecc_0.39_HFR_1.62px_FWHM_3.83_Temp_2.20_0161.xisf,1,/mnt/raid0/AstroImaging/Source/LBN 548/LIGHT/OIII/LBN 542_Date_2025-11-29_Time_19-05-52_Type_LIGHT_Filter_OIII_Exp_600.00s_G_100_Off_10_Ecc_0.39_HFR_1.62px_FWHM_3.83_Temp_2.20_0161.xisf
LIGHT,2025-11-29T19:15:53.6675327,2025-11-29T19:15:53.6675327,2025-11-29T19:20:54.2179199,600.0,600.0,ZWO ASI6200MM Pro,ZWOptical_ZWO ASI6200MM Pro_,100,10,0.246657639741898,1,1,-10.0,-10.0,3.76,3.76,40,66.2,52.2483888888889,-0.12325,NP101is,540.0,5.4,349.699730945596,60.8800211463632,79.5853055555555,331.41482,1.01666363809865,East,LBN 542,23 18 49,+60 52 48,87.16,FocusLynx Focuser 1,11100,11100,1.325,2.1,2.1,Manual Rotator,0.0,0.0,0.0,Ascom.SxUFW (v2) ,OIII,100.0,4.22237933633555,89.0,993.168367251674,5.86000000000001,241.0,8.064,4.824,2000.0,N.I.N.A. 3.2.0.9001 (x64),LBN 542_Date_2025-11-29_Time_19-15-53_Type_LIGHT_Filter_OIII_Exp_600.00s_G_100_Off_10_Ecc_0.39_HFR_1.62px_FWHM_3.81_Temp_2.10_0162.xisf,1,/mnt/raid0/AstroImaging/Source/LBN 548/LIGHT/OIII/LBN 542_Date_2025-11-29_Time_19-15-53_Type_LIGHT_Filter_OIII_Exp_600.00s_G_100_Off_10_Ecc_0.39_HFR_1.62px_FWHM_3.81_Temp_2.10_0162.xisf
LIGHT,2025-11-29T19:25:54.9554329,2025-11-29T19:25:54.9554329,2025-11-29T19:30:55.5291019,600.0,600.0,ZWO ASI6200MM Pro,ZWOptical_ZWO ASI6200MM Pro_,100,10,0.246657639741898,1,1,-10.0,-10.0,3.76,3.76,40,66.2,52.2483888888889,-0.12325,NP101is,540.0,5.4,349.699732122647,60.8800310826252,78.78941,326.48987,1.01935647093976,East,LBN 542,23 18 49,+60 52 48,87.16,FocusLynx Focuser 1,11100,11100,1.325,2.0,2.0,Manual Rotator,0.0,0.0,0.0,Ascom.SxUFW (v2) ,OIII,100.0,4.22237933633555,89.0,993.168367251674,5.86000000000001,241.0,8.064,4.824,2000.0,N.I.N.A. 3.2.0.9001 (x64),LBN 542_Date_2025-11-29_Time_19-25-54_Type_LIGHT_Filter_OIII_Exp_600.00s_G_100_Off_10_Ecc_0.43_HFR_1.65px_FWHM_4.01_Temp_2.00_0163.xisf,1,/mnt/raid0/AstroImaging/Source/LBN 548/LIGHT/OIII/LBN 542_Date_2025-11-29_Time_19-25-54_Type_LIGHT_Filter_OIII_Exp_600.00s_G_100_Off_10_Ecc_0.43_HFR_1.65px_FWHM_4.01_Temp_2.00_0163.xisf
LIGHT,2025-11-29T19:36:43.7744894,2025-11-29T19:36:43.7744894,2025-11-29T19:41:44.3514724,600.0,600.0,ZWO ASI6200MM Pro,ZWOptical_ZWO ASI6200MM Pro_,100,10,0.246657639741898,1,1,-10.0,-10.0,3.76,3.76,40,66.2,52.2483888888889,-0.12325,NP101is,540.0,5.4,349.703258092289,60.8806293315601,77.81961,322.12345,1.02292435584406,East,LBN 542,23 18 49,+60 52 48,87.16,FocusLynx Focuser 1,11100,11100,1.325,2.0,2.0,Manual Rotator,0.0,0.0,0.0,Ascom.SxUFW (v2) ,OIII,100.0,4.22237933633555,89.0,993.168367251674,5.86000000000001,241.0,8.064,4.824,2000.0,N.I.N.A. 3.2.0.9001 (x64),LBN 542_Date_2025-11-29_Time_19-36-43_Type_LIGHT_Filter_OIII_Exp_600.00s_G_100_Off_10_Ecc_0.39_HFR_1.64px_FWHM_3.92_Temp_2.00_0164.xisf,1,/mnt/raid0/AstroImaging/Source/LBN 548/LIGHT/OIII/LBN 542_Date_2025-11-29_Time_19-36-43_Type_LIGHT_Filter_OIII_Exp_600.00s_G_100_Off_10_Ecc_0.39_HFR_1.64px_FWHM_3.92_Temp_2.00_0164.xisf
LIGHT,2025-11-29T19:46:45.0567070,2025-11-29T19:46:45.0567070,2025-11-29T19:51:45.6226640,600.0,600.0,ZWO ASI6200MM Pro,ZWOptical_ZWO ASI6200MM Pro_,100,10,0.246657639741898,1,1,-10.0,-10.0,3.76,3.76,40,66.2,52.2483888888889,-0.12325,NP101is,540.0,5.4,349.703528029071,60.8806491409357,76.8401666666667,318.83329,1.02685247964031,East,LBN 542,23 18 49,+60 52 48,87.16,FocusLynx Focuser 1,11100,11100,1.325,1.9,1.9,Manual Rotator,0.0,0.0,0.0,Ascom.SxUFW (v2) ,OIII,100.0,4.22237933633555,89.0,993.168367251674,5.86000000000001,241.0,8.064,4.824,2000.0,N.I.N.A. 3.2.0.9001 (x64),LBN 542_Date_2025-11-29_Time_19-46-45_Type_LIGHT_Filter_OIII_Exp_600.00s_G_100_Off_10_Ecc_0.41_HFR_1.63px_FWHM_3.77_Temp_1.90_0165.xisf,1,/mnt/raid0/AstroImaging/Source/LBN 548/LIGHT/OIII/LBN 542_Date_2025-11-29_Time_19-46-45_Type_LIGHT_Filter_OIII_Exp_600.00s_G_100_Off_10_Ecc_0.41_HFR_1.63px_FWHM_3.77_Temp_1.90_0165.xisf
LIGHT,2025-11-29T19:56:46.3394315,2025-11-29T19:56:46.3394315,2025-11-29T20:01:46.8809432,600.0,600.0,ZWO ASI6200MM Pro,ZWOptical_ZWO ASI6200MM Pro_,100,10,0.246657639741898,1,1,-10.0,-10.0,3.76,3.76,40,66.2,52.2483888888889,-0.12325,NP101is,540.0,5.4,349.703364946392,60.8806491553842,75.8036111111111,316.16807,1.03137184910439,East,LBN 542,23 18 49,+60 52 48,87.16,FocusLynx Focuser 1,11100,11100,1.325,2.1,2.1,Manual Rotator,0.0,0.0,0.0,Ascom.SxUFW (v2) ,OIII,100.0,4.22237933633555,89.0,993.168367251674,5.86000000000001,241.0,8.064,4.824,2000.0,N.I.N.A. 3.2.0.9001 (x64),LBN 542_Date_2025-11-29_Time_19-56-46_Type_LIGHT_Filter_OIII_Exp_600.00s_G_100_Off_10_Ecc_0.41_HFR_1.61px_FWHM_3.74_Temp_2.10_0166.xisf,1,/mnt/raid0/AstroImaging/Source/LBN 548/LIGHT/OIII/LBN 542_Date_2025-11-29_Time_19-56-46_Type_LIGHT_Filter_OIII_Exp_600.00s_G_100_Off_10_Ecc_0.41_HFR_1.61px_FWHM_3.74_Temp_2.10_0166.xisf
LIGHT,2025-11-30T17:16:46.8278962,2025-11-30T17:16:46.8278962,2025-11-30T17:21:47.3736754,600.0,600.0,ZWO ASI6200MM Pro,ZWOptical_ZWO ASI6200MM Pro_,100,10,0.246657639741898,1,1,-10.0,-10.0,3.76,3.76,40,66.2,52.2483888888889,-0.12325,NP101is,540.0,5.4,349.704176603772,60.8798506607833,76.61656,41.80758,1.0277956471686,West,LBN 542,23 18 49,+60 52 48,87.16,FocusLynx Focuser 1,11106,11106,1.325,1.6,1.6,Manual Rotator,0.0,0.0,0.0,Ascom.SxUFW (v2) ,OIII,6.0,1.55893488036377,89.0,1005.0744815444,3.16000000000003,234.0,33.552,12.996,2000.0,N.I.N.A. 3.2.0.9001 (x64),LBN 542_Date_2025-11-30_Time_17-16-46_Type_LIGHT_Filter_OIII_Exp_600.00s_G_100_Off_10_Ecc_0.38_HFR_1.65px_FWHM_3.99_Temp_1.60_0167.xisf,1,/mnt/raid0/AstroImaging/Source/LBN 548/LIGHT/OIII/LBN 542_Date_2025-11-30_Time_17-16-46_Type_LIGHT_Filter_OIII_Exp_600.00s_G_100_Off_10_Ecc_0.38_HFR_1.65px_FWHM_3.99_Temp_1.60_0167.xisf
LIGHT,2025-11-30T17:26:48.0372457,2025-11-30T17:26:48.0372457,2025-11-30T17:31:48.5834484,600.0,600.0,ZWO ASI6200MM Pro,ZWOptical_ZWO ASI6200MM Pro_,100,10,0.246657639741898,1,1,-10.0,-10.0,3.76,3.76,40,66.2,52.2483888888889,-0.12325,NP101is,540.0,5.4,349.704117914437,60.879840620691,77.6095555555555,38.66666,1.02373910531251,West,LBN 542,23 18 49,+60 52 48,87.16,FocusLynx Focuser 1,11106,11106,1.325,1.4,1.4,Manual Rotator,0.0,0.0,0.0,Ascom.SxUFW (v2) ,OIII,6.0,1.55893488036377,89.0,1005.0744815444,3.16000000000003,234.0,33.552,12.996,2000.0,N.I.N.A. 3.2.0.9001 (x64),LBN 542_Date_2025-11-30_Time_17-26-48_Type_LIGHT_Filter_OIII_Exp_600.00s_G_100_Off_10_Ecc_0.39_HFR_1.65px_FWHM_3.94_Temp_1.40_0168.xisf,1,/mnt/raid0/AstroImaging/Source/LBN 548/LIGHT/OIII/LBN 542_Date_2025-11-30_Time_17-26-48_Type_LIGHT_Filter_OIII_Exp_600.00s_G_100_Off_10_Ecc_0.39_HFR_1.65px_FWHM_3.94_Temp_1.40_0168.xisf
LIGHT,2025-11-30T17:36:49.2717645,2025-11-30T17:36:49.2717645,2025-11-30T17:41:49.8423452,600.0,600.0,ZWO ASI6200MM Pro,ZWOptical_ZWO ASI6200MM Pro_,100,10,0.246657639741898,1,1,-10.0,-10.0,3.76,3.76,40,66.2,52.2483888888889,-0.12325,NP101is,540.0,5.4,349.704059324313,60.8798805786623,78.52932,34.82346,1.02028225455303,West,LBN 542,23 18 49,+60 52 48,87.16,FocusLynx Focuser 1,11106,11106,1.325,1.3,1.3,Manual Rotator,0.0,0.0,0.0,Ascom.SxUFW (v2) ,OIII,6.0,1.55893488036377,89.0,1005.0744815444,3.16000000000003,234.0,33.552,12.996,2000.0,N.I.N.A. 3.2.0.9001 (x64),LBN 542_Date_2025-11-30_Time_17-36-49_Type_LIGHT_Filter_OIII_Exp_600.00s_G_100_Off_10_Ecc_0.40_HFR_1.65px_FWHM_3.94_Temp_1.30_0169.xisf,1,/mnt/raid0/AstroImaging/Source/LBN 548/LIGHT/OIII/LBN 542_Date_2025-11-30_Time_17-36-49_Type_LIGHT_Filter_OIII_Exp_600.00s_G_100_Off_10_Ecc_0.40_HFR_1.65px_FWHM_3.94_Temp_1.30_0169.xisf
LIGHT,2025-11-30T17:47:04.4072607,2025-11-30T17:47:04.4072607,2025-11-30T17:52:05.0183387,600.0,600.0,ZWO ASI6200MM Pro,ZWOptical_ZWO ASI6200MM Pro_,100,10,0.246657639741898,1,1,-10.0,-9.8,3.76,3.76,40,66.2,52.2483888888889,-0.12325,NP101is,540.0,5.4,349.702861375603,60.877571155201,79.37811,30.0484,1.017344418888,West,LBN 542,23 18 49,+60 52 48,87.16,FocusLynx Focuser 1,11106,11106,1.325,1.3,1.3,Manual Rotator,0.0,0.0,0.0,Ascom.SxUFW (v2) ,OIII,6.0,1.55893488036377,89.0,1005.0744815444,3.16000000000003,234.0,33.552,12.996,2000.0,N.I.N.A. 3.2.0.9001 (x64),LBN 542_Date_2025-11-30_Time_17-47-04_Type_LIGHT_Filter_OIII_Exp_600.00s_G_100_Off_10_Ecc_0.41_HFR_1.64px_FWHM_3.88_Temp_1.30_0170.xisf,1,/mnt/raid0/AstroImaging/Source/LBN 548/LIGHT/OIII/LBN 542_Date_2025-11-30_Time_17-47-04_Type_LIGHT_Filter_OIII_Exp_600.00s_G_100_Off_10_Ecc_0.41_HFR_1.64px_FWHM_3.88_Temp_1.30_0170.xisf
LIGHT,2025-11-30T17:57:05.7891620,2025-11-30T17:57:05.7891620,2025-11-30T18:02:06.3392651,600.0,600.0,ZWO ASI6200MM Pro,ZWOptical_ZWO ASI6200MM Pro_,100,10,0.246657639741898,1,1,-10.0,-10.0,3.76,3.76,40,66.2,52.2483888888889,-0.12325,NP101is,540.0,5.4,349.702996757643,60.8775510232425,80.08415,24.48469,1.01508264942775,West,LBN 542,23 18 49,+60 52 48,87.16,FocusLynx Focuser 1,11106,11106,1.325,1.3,1.3,Manual Rotator,0.0,0.0,0.0,Ascom.SxUFW (v2) ,OIII,6.0,1.55893488036377,89.0,1005.0744815444,3.16000000000003,234.0,33.552,12.996,2000.0,N.I.N.A. 3.2.0.9001 (x64),LBN 542_Date_2025-11-30_Time_17-57-05_Type_LIGHT_Filter_OIII_Exp_600.00s_G_100_Off_10_Ecc_0.41_HFR_1.65px_FWHM_3.92_Temp_1.30_0171.xisf,1,/mnt/raid0/AstroImaging/Source/LBN 548/LIGHT/OIII/LBN 542_Date_2025-11-30_Time_17-57-05_Type_LIGHT_Filter_OIII_Exp_600.00s_G_100_Off_10_Ecc_0.41_HFR_1.65px_FWHM_3.92_Temp_1.30_0171.xisf
LIGHT,2025-11-30T18:07:07.0100281,2025-11-30T18:07:07.0100281,2025-11-30T18:12:07.5624058,600.0,600.0,ZWO ASI6200MM Pro,ZWOptical_ZWO ASI6200MM Pro_,100,10,0.246657639741898,1,1,-10.0,-10.0,3.76,3.76,40,66.2,52.2483888888889,-0.12325,NP101is,540.0,5.4,349.702923152654,60.8775509894667,80.64169,18.04335,1.01341211578031,West,LBN 542,23 18 49,+60 52 48,87.16,FocusLynx Focuser 1,11106,11106,1.325,1.3,1.3,Manual Rotator,0.0,0.0,0.0,Ascom.SxUFW (v2) ,OIII,6.0,1.55893488036377,89.0,1005.0744815444,3.16000000000003,234.0,33.552,12.996,2000.0,N.I.N.A. 3.2.0.9001 (x64),LBN 542_Date_2025-11-30_Time_18-07-07_Type_LIGHT_Filter_OIII_Exp_600.00s_G_100_Off_10_Ecc_0.40_HFR_1.66px_FWHM_3.97_Temp_1.30_0172.xisf,1,/mnt/raid0/AstroImaging/Source/LBN 548/LIGHT/OIII/LBN 542_Date_2025-11-30_Time_18-07-07_Type_LIGHT_Filter_OIII_Exp_600.00s_G_100_Off_10_Ecc_0.40_HFR_1.66px_FWHM_3.97_Temp_1.30_0172.xisf
LIGHT,2025-11-30T18:17:21.9372674,2025-11-30T18:17:21.9372674,2025-11-30T18:22:22.4791821,600.0,600.0,ZWO ASI6200MM Pro,ZWOptical_ZWO ASI6200MM Pro_,100,10,0.246657639741898,1,1,-10.0,-9.8,3.76,3.76,40,66.2,52.2483888888889,-0.12325,NP101is,540.0,5.4,349.705184352328,60.8803897510691,81.0293611111111,10.6155555555556,1.01231016134599,West,LBN 542,23 18 49,+60 52 48,87.16,FocusLynx Focuser 1,11106,11106,1.325,1.3,1.3,Manual Rotator,0.0,0.0,0.0,Ascom.SxUFW (v2) ,OIII,6.0,1.55893488036377,89.0,1005.0744815444,3.16000000000003,234.0,33.552,12.996,2000.0,N.I.N.A. 3.2.0.9001 (x64),LBN 542_Date_2025-11-30_Time_18-17-21_Type_LIGHT_Filter_OIII_Exp_600.00s_G_100_Off_10_Ecc_0.41_HFR_1.66px_FWHM_3.97_Temp_1.30_0173.xisf,1,/mnt/raid0/AstroImaging/Source/LBN 548/LIGHT/OIII/LBN 542_Date_2025-11-30_Time_18-17-21_Type_LIGHT_Filter_OIII_Exp_600.00s_G_100_Off_10_Ecc_0.41_HFR_1.66px_FWHM_3.97_Temp_1.30_0173.xisf
LIGHT,2025-11-30T18:27:23.1315455,2025-11-30T18:27:23.1315455,2025-11-30T18:32:23.7094579,600.0,600.0,ZWO ASI6200MM Pro,ZWOptical_ZWO ASI6200MM Pro_,100,10,0.246657639741898,1,1,-10.0,-10.0,3.76,3.76,40,66.2,52.2483888888889,-0.12325,NP101is,540.0,5.4,349.705215223027,60.8803696679024,81.21013,2.79623,1.01181295499335,West,LBN 542,23 18 49,+60 52 48,87.16,FocusLynx Focuser 1,11106,11106,1.325,1.3,1.3,Manual Rotator,0.0,0.0,0.0,Ascom.SxUFW (v2) ,OIII,6.0,1.55893488036377,89.0,1005.0744815444,3.16000000000003,234.0,33.552,12.996,2000.0,N.I.N.A. 3.2.0.9001 (x64),LBN 542_Date_2025-11-30_Time_18-27-23_Type_LIGHT_Filter_OIII_Exp_600.00s_G_100_Off_10_Ecc_0.41_HFR_1.66px_FWHM_3.98_Temp_1.30_0174.xisf,1,/mnt/raid0/AstroImaging/Source/LBN 548/LIGHT/OIII/LBN 542_Date_2025-11-30_Time_18-27-23_Type_LIGHT_Filter_OIII_Exp_600.00s_G_100_Off_10_Ecc_0.41_HFR_1.66px_FWHM_3.98_Temp_1.30_0174.xisf
LIGHT,2025-11-30T18:37:24.4386070,2025-11-30T18:37:24.4386070,2025-11-30T18:42:24.9601932,600.0,600.0,ZWO ASI6200MM Pro,ZWOptical_ZWO ASI6200MM Pro_,100,10,0.246657639741898,1,1,-10.0,-9.9,3.76,3.76,40,66.2,52.2483888888889,-0.12325,NP101is,540.0,5.4,349.705156546594,60.8803696265593,81.17862,354.85964,1.01189886424159,West,LBN 542,23 18 49,+60 52 48,87.16,FocusLynx Focuser 1,11106,11106,1.325,1.4,1.4,Manual Rotator,0.0,0.0,0.0,Ascom.SxUFW (v2) ,OIII,6.0,1.55893488036377,89.0,1005.0744815444,3.16000000000003,234.0,33.552,12.996,2000.0,N.I.N.A. 3.2.0.9001 (x64),LBN 542_Date_2025-11-30_Time_18-37-24_Type_LIGHT_Filter_OIII_Exp_600.00s_G_100_Off_10_Ecc_0.41_HFR_1.66px_FWHM_4.05_Temp_1.40_0175.xisf,1,/mnt/raid0/AstroImaging/Source/LBN 548/LIGHT/OIII/LBN 542_Date_2025-11-30_Time_18-37-24_Type_LIGHT_Filter_OIII_Exp_600.00s_G_100_Off_10_Ecc_0.41_HFR_1.66px_FWHM_4.05_Temp_1.40_0175.xisf
LIGHT,2025-11-30T18:53:24.0687316,2025-11-30T18:53:24.0687316,2025-11-30T18:58:24.6325860,600.0,600.0,ZWO ASI6200MM Pro,ZWOptical_ZWO ASI6200MM Pro_,100,10,0.246657639741898,1,1,-10.0,-10.0,3.76,3.76,40,66.2,52.2483888888889,-0.12325,NP101is,540.0,5.4,349.703694456441,60.8800702175045,80.70118,342.88596,1.01323984879607,East,LBN 542,23 18 49,+60 52 48,87.16,FocusLynx Focuser 1,11069,11069,1.325,1.5,1.5,Manual Rotator,0.0,0.0,0.0,Ascom.SxUFW (v2) ,OIII,6.0,1.55893488036377,89.0,1005.0744815444,3.16000000000003,234.0,33.552,12.996,2000.0,N.I.N.A. 3.2.0.9001 (x64),LBN 542_Date_2025-11-30_Time_18-53-24_Type_LIGHT_Filter_OIII_Exp_600.00s_G_100_Off_10_Ecc_0.42_HFR_1.66px_FWHM_4.14_Temp_1.50_0176.xisf,1,/mnt/raid0/AstroImaging/Source/LBN 548/LIGHT/OIII/LBN 542_Date_2025-11-30_Time_18-53-24_Type_LIGHT_Filter_OIII_Exp_600.00s_G_100_Off_10_Ecc_0.42_HFR_1.66px_FWHM_4.14_Temp_1.50_0176.xisf
LIGHT,2025-11-30T19:03:25.3155221,2025-11-30T19:03:25.3155221,2025-11-30T19:08:25.8874725,600.0,600.0,ZWO ASI6200MM Pro,ZWOptical_ZWO ASI6200MM Pro_,100,10,0.246657639741898,1,1,-10.0,-10.0,3.76,3.76,40,66.2,52.2483888888889,-0.12325,NP101is,540.0,5.4,349.703620849842,60.8800701827208,80.16334,336.31055,1.01483918828339,East,LBN 542,23 18 49,+60 52 48,87.16,FocusLynx Focuser 1,11069,11069,1.325,1.4,1.4,Manual Rotator,0.0,0.0,0.0,Ascom.SxUFW (v2) ,OIII,6.0,1.55893488036377,89.0,1005.0744815444,3.16000000000003,234.0,33.552,12.996,2000.0,N.I.N.A. 3.2.0.9001 (x64),LBN 542_Date_2025-11-30_Time_19-03-25_Type_LIGHT_Filter_OIII_Exp_600.00s_G_100_Off_10_Ecc_0.38_HFR_1.66px_FWHM_4.12_Temp_1.40_0177.xisf,1,/mnt/raid0/AstroImaging/Source/LBN 548/LIGHT/OIII/LBN 542_Date_2025-11-30_Time_19-03-25_Type_LIGHT_Filter_OIII_Exp_600.00s_G_100_Off_10_Ecc_0.38_HFR_1.66px_FWHM_4.12_Temp_1.40_0177.xisf
LIGHT,2025-11-30T19:13:26.5668970,2025-11-30T19:13:26.5668970,2025-11-30T19:18:27.1286377,600.0,600.0,ZWO ASI6200MM Pro,ZWOptical_ZWO ASI6200MM Pro_,100,10,0.246657639741898,1,1,-10.0,-9.9,3.76,3.76,40,66.2,52.2483888888889,-0.12325,NP101is,540.0,5.4,349.703651753314,60.8800700984094,79.4746388888889,330.62927,1.01702548813722,East,LBN 542,23 18 49,+60 52 48,87.16,FocusLynx Focuser 1,11069,11069,1.325,1.4,1.4,Manual Rotator,0.0,0.0,0.0,Ascom.SxUFW (v2) ,OIII,6.0,1.55893488036377,89.0,1005.0744815444,3.16000000000003,234.0,33.552,12.996,2000.0,N.I.N.A. 3.2.0.9001 (x64),LBN 542_Date_2025-11-30_Time_19-13-26_Type_LIGHT_Filter_OIII_Exp_600.00s_G_100_Off_10_Ecc_0.38_HFR_1.66px_FWHM_4.08_Temp_1.40_0178.xisf,1,/mnt/raid0/AstroImaging/Source/LBN 548/LIGHT/OIII/LBN 542_Date_2025-11-30_Time_19-13-26_Type_LIGHT_Filter_OIII_Exp_600.00s_G_100_Off_10_Ecc_0.38_HFR_1.66px_FWHM_4.08_Temp_1.40_0178.xisf
LIGHT,2025-11-30T19:23:39.7776532,2025-11-30T19:23:39.7776532,2025-11-30T19:28:40.3378606,600.0,600.0,ZWO ASI6200MM Pro,ZWOptical_ZWO ASI6200MM Pro_,100,10,0.246657639741898,1,1,-10.0,-10.0,3.76,3.76,40,66.2,52.2483888888889,-0.12325,NP101is,540.0,5.4,349.702636863174,60.8797205193322,78.64757,325.75731,1.01985853560193,East,LBN 542,23 18 49,+60 52 48,87.16,FocusLynx Focuser 1,11069,11069,1.325,1.5,1.5,Manual Rotator,0.0,0.0,0.0,Ascom.SxUFW (v2) ,OIII,6.0,1.55893488036377,89.0,1005.0744815444,3.16000000000003,234.0,33.552,12.996,2000.0,N.I.N.A. 3.2.0.9001 (x64),LBN 542_Date_2025-11-30_Time_19-23-39_Type_LIGHT_Filter_OIII_Exp_600.00s_G_100_Off_10_Ecc_0.38_HFR_1.66px_FWHM_4.09_Temp_1.50_0179.xisf,1,/mnt/raid0/AstroImaging/Source/LBN 548/LIGHT/OIII/LBN 542_Date_2025-11-30_Time_19-23-39_Type_LIGHT_Filter_OIII_Exp_600.00s_G_100_Off_10_Ecc_0.38_HFR_1.66px_FWHM_4.09_Temp_1.50_0179.xisf
LIGHT,2025-11-30T19:33:41.0129505,2025-11-30T19:33:41.0129505,2025-11-30T19:38:41.5416217,600.0,600.0,ZWO ASI6200MM Pro,ZWOptical_ZWO ASI6200MM Pro_,100,10,0.246657639741898,1,1,-10.0,-10.0,3.76,3.76,40,66.2,52.2483888888889,-0.12325,NP101is,540.0,5.4,349.702697646635,60.8797304201613,77.7358611111111,321.80039,1.02324739494287,East,LBN 542,23 18 49,+60 52 48,87.16,FocusLynx Focuser 1,11069,11069,1.325,1.5,1.5,Manual Rotator,0.0,0.0,0.0,Ascom.SxUFW (v2) ,OIII,6.0,1.55893488036377,89.0,1005.0744815444,3.16000000000003,234.0,33.552,12.996,2000.0,N.I.N.A. 3.2.0.9001 (x64),LBN 542_Date_2025-11-30_Time_19-33-41_Type_LIGHT_Filter_OIII_Exp_600.00s_G_100_Off_10_Ecc_0.38_HFR_1.66px_FWHM_4.10_Temp_1.50_0180.xisf,1,/mnt/raid0/AstroImaging/Source/LBN 548/LIGHT/OIII/LBN 542_Date_2025-11-30_Time_19-33-41_Type_LIGHT_Filter_OIII_Exp_600.00s_G_100_Off_10_Ecc_0.38_HFR_1.66px_FWHM_4.10_Temp_1.50_0180.xisf
LIGHT,2025-11-30T19:43:42.1616879,2025-11-30T19:43:42.1616879,2025-11-30T19:48:42.6852177,600.0,600.0,ZWO ASI6200MM Pro,ZWOptical_ZWO ASI6200MM Pro_,100,10,0.246657639741898,1,1,-10.0,-10.0,3.76,3.76,40,66.2,52.2483888888889,-0.12325,NP101is,540.0,5.4,349.702624033044,60.8797303850427,76.75297,318.57527,1.02721820837626,East,LBN 542,23 18 49,+60 52 48,87.16,FocusLynx Focuser 1,11069,11069,1.325,1.5,1.5,Manual Rotator,0.0,0.0,0.0,Ascom.SxUFW (v2) ,OIII,6.0,1.55893488036377,89.0,1005.0744815444,3.16000000000003,234.0,33.552,12.996,2000.0,N.I.N.A. 3.2.0.9001 (x64),LBN 542_Date_2025-11-30_Time_19-43-42_Type_LIGHT_Filter_OIII_Exp_600.00s_G_100_Off_10_Ecc_0.38_HFR_1.68px_FWHM_4.15_Temp_1.50_0181.xisf,1,/mnt/raid0/AstroImaging/Source/LBN 548/LIGHT/OIII/LBN 542_Date_2025-11-30_Time_19-43-42_Type_LIGHT_Filter_OIII_Exp_600.00s_G_100_Off_10_Ecc_0.38_HFR_1.68px_FWHM_4.15_Temp_1.50_0181.xisf
LIGHT,2025-11-30T19:54:23.7999980,2025-11-30T19:54:23.7999980,2025-11-30T19:59:24.3760671,600.0,600.0,ZWO ASI6200MM Pro,ZWOptical_ZWO ASI6200MM Pro_,100,10,0.246657639741898,1,1,-10.0,-10.0,3.76,3.76,40,66.2,52.2483888888889,-0.12325,NP101is,540.0,5.4,349.704132372556,60.8793696094421,75.63711,315.79408,1.0321330172605,East,LBN 542,23 18 49,+60 52 48,87.16,FocusLynx Focuser 1,11069,11069,1.325,1.6,1.6,Manual Rotator,0.0,0.0,0.0,Ascom.SxUFW (v2) ,OIII,6.0,1.55893488036377,89.0,1005.0744815444,3.16000000000003,234.0,33.552,12.996,2000.0,N.I.N.A. 3.2.0.9001 (x64),LBN 542_Date_2025-11-30_Time_19-54-23_Type_LIGHT_Filter_OIII_Exp_600.00s_G_100_Off_10_Ecc_0.38_HFR_1.69px_FWHM_4.25_Temp_1.60_0182.xisf,1,/mnt/raid0/AstroImaging/Source/LBN 548/LIGHT/OIII/LBN 542_Date_2025-11-30_Time_19-54-23_Type_LIGHT_Filter_OIII_Exp_600.00s_G_100_Off_10_Ecc_0.38_HFR_1.69px_FWHM_4.25_Temp_1.60_0182.xisf
LIGHT,2025-11-30T20:04:25.0938511,2025-11-30T20:04:25.0938511,2025-11-30T20:09:25.6357505,600.0,600.0,ZWO ASI6200MM Pro,ZWOptical_ZWO ASI6200MM Pro_,100,10,0.246657639741898,1,1,-10.0,-10.0,3.76,3.76,40,66.2,52.2483888888889,-0.12325,NP101is,540.0,5.4,349.704193151272,60.879379509943,74.5440555555556,313.71344,1.03737602353859,East,LBN 542,23 18 49,+60 52 48,87.16,FocusLynx Focuser 1,11069,11069,1.325,1.6,1.6,Manual Rotator,0.0,0.0,0.0,Ascom.SxUFW (v2) ,OIII,6.0,1.55893488036377,89.0,1005.0744815444,3.16000000000003,234.0,33.552,12.996,2000.0,N.I.N.A. 3.2.0.9001 (x64),LBN 542_Date_2025-11-30_Time_20-04-25_Type_LIGHT_Filter_OIII_Exp_600.00s_G_100_Off_10_Ecc_0.38_HFR_1.69px_FWHM_4.30_Temp_1.60_0183.xisf,1,/mnt/raid0/AstroImaging/Source/LBN 548/LIGHT/OIII/LBN 542_Date_2025-11-30_Time_20-04-25_Type_LIGHT_Filter_OIII_Exp_600.00s_G_100_Off_10_Ecc_0.38_HFR_1.69px_FWHM_4.30_Temp_1.60_0183.xisf
LIGHT,2025-11-30T20:14:26.2713572,2025-11-30T20:14:26.2713572,2025-11-30T20:19:26.8499873,600.0,600.0,ZWO ASI6200MM Pro,ZWOptical_ZWO ASI6200MM Pro_,100,10,0.246657639741898,1,1,-10.0,-10.0,3.76,3.76,40,66.2,52.2483888888889,-0.12325,NP101is,540.0,5.4,349.704119517106,60.879369474565,73.41725,312.05485,1.04323598075391,East,LBN 542,23 18 49,+60 52 48,87.16,FocusLynx Focuser 1,11069,11069,1.325,1.4,1.4,Manual Rotator,0.0,0.0,0.0,Ascom.SxUFW (v2) ,OIII,6.0,1.55893488036377,89.0,1005.0744815444,3.16000000000003,234.0,33.552,12.996,2000.0,N.I.N.A. 3.2.0.9001 (x64),LBN 542_Date_2025-11-30_Time_20-14-26_Type_LIGHT_Filter_OIII_Exp_600.00s_G_100_Off_10_Ecc_0.38_HFR_1.70px_FWHM_4.28_Temp_1.40_0184.xisf,1,/mnt/raid0/AstroImaging/Source/LBN 548/LIGHT/OIII/LBN 542_Date_2025-11-30_Time_20-14-26_Type_LIGHT_Filter_OIII_Exp_600.00s_G_100_Off_10_Ecc_0.38_HFR_1.70px_FWHM_4.28_Temp_1.40_0184.xisf
LIGHT,2025-11-30T20:25:12.4081801,2025-11-30T20:25:12.4081801,2025-11-30T20:30:12.9892244,600.0,600.0,ZWO ASI6200MM Pro,ZWOptical_ZWO ASI6200MM Pro_,100,10,0.246657639741898,1,1,-10.0,-10.0,3.76,3.76,40,66.2,52.2483888888889,-0.12325,NP101is,540.0,5.4,349.701077188577,60.880530796708,72.1738888888889,310.66432,1.05025301553184,East,LBN 542,23 18 49,+60 52 48,87.16,FocusLynx Focuser 1,11069,11069,1.325,1.4,1.4,Manual Rotator,0.0,0.0,0.0,Ascom.SxUFW (v2) ,OIII,6.0,1.55893488036377,89.0,1005.0744815444,3.16000000000003,234.0,33.552,12.996,2000.0,N.I.N.A. 3.2.0.9001 (x64),LBN 542_Date_2025-11-30_Time_20-25-12_Type_LIGHT_Filter_OIII_Exp_600.00s_G_100_Off_10_Ecc_0.38_HFR_1.73px_FWHM_4.41_Temp_1.40_0185.xisf,1,/mnt/raid0/AstroImaging/Source/LBN 548/LIGHT/OIII/LBN 542_Date_2025-11-30_Time_20-25-12_Type_LIGHT_Filter_OIII_Exp_600.00s_G_100_Off_10_Ecc_0.38_HFR_1.73px_FWHM_4.41_Temp_1.40_0185.xisf
LIGHT,2025-11-30T20:35:13.7067171,2025-11-30T20:35:13.7067171,2025-11-30T20:40:14.2467802,600.0,600.0,ZWO ASI6200MM Pro,ZWOptical_ZWO ASI6200MM Pro_,100,10,0.246657639741898,1,1,-10.0,-9.9,3.76,3.76,40,66.2,52.2483888888889,-0.12325,NP101is,540.0,5.4,349.70103345342,60.8805407461713,70.99818,309.67087,1.05743602056204,East,LBN 542,23 18 49,+60 52 48,87.16,FocusLynx Focuser 1,11069,11069,1.325,1.3,1.3,Manual Rotator,0.0,0.0,0.0,Ascom.SxUFW (v2) ,OIII,6.0,1.55893488036377,89.0,1005.0744815444,3.16000000000003,234.0,33.552,12.996,2000.0,N.I.N.A. 3.2.0.9001 (x64),LBN 542_Date_2025-11-30_Time_20-35-13_Type_LIGHT_Filter_OIII_Exp_600.00s_G_100_Off_10_Ecc_0.38_HFR_1.73px_FWHM_4.49_Temp_1.30_0186.xisf,1,/mnt/raid0/AstroImaging/Source/LBN 548/LIGHT/OIII/LBN 542_Date_2025-11-30_Time_20-35-13_Type_LIGHT_Filter_OIII_Exp_600.00s_G_100_Off_10_Ecc_0.38_HFR_1.73px_FWHM_4.49_Temp_1.30_0186.xisf
LIGHT,2025-11-30T20:45:14.9042064,2025-11-30T20:45:14.9042064,2025-11-30T20:50:15.4633917,600.0,600.0,ZWO ASI6200MM Pro,ZWOptical_ZWO ASI6200MM Pro_,100,10,0.246657639741898,1,1,-10.0,-10.0,3.76,3.76,40,66.2,52.2483888888889,-0.12325,NP101is,540.0,5.4,349.701064348402,60.880540660526,69.80715,308.92142,1.06527333768653,East,LBN 542,23 18 49,+60 52 48,87.16,FocusLynx Focuser 1,11069,11069,1.325,1.3,1.3,Manual Rotator,0.0,0.0,0.0,Ascom.SxUFW (v2) ,OIII,6.0,1.55893488036377,89.0,1005.0744815444,3.16000000000003,234.0,33.552,12.996,2000.0,N.I.N.A. 3.2.0.9001 (x64),LBN 542_Date_2025-11-30_Time_20-45-14_Type_LIGHT_Filter_OIII_Exp_600.00s_G_100_Off_10_Ecc_0.35_HFR_1.77px_FWHM_4.67_Temp_1.30_0187.xisf,1,/mnt/raid0/AstroImaging/Source/LBN 548/LIGHT/OIII/LBN 542_Date_2025-11-30_Time_20-45-14_Type_LIGHT_Filter_OIII_Exp_600.00s_G_100_Off_10_Ecc_0.35_HFR_1.77px_FWHM_4.67_Temp_1.30_0187.xisf
LIGHT,2025-12-10T17:32:22.8893278,2025-12-10T17:32:22.8893278,2025-12-10T17:37:23.3970664,600.0,600.0,ZWO ASI6200MM Pro,ZWOptical_ZWO ASI6200MM Pro_,100,10,0.246657639741898,1,1,-10.0,-10.0,3.76,3.76,40,66.2,52.2483888888889,-0.12325,NP101is,540.0,5.4,349.704118081843,60.8798450693486,80.83173,14.92844,1.01286583908635,West,LBN 542,23 18 49,+60 52 48,87.16,FocusLynx Focuser 1,11168,11168,1.325,7.0,7.0,Manual Rotator,0.0,0.0,0.0,Ascom.SxUFW (v2) ,OIII,13.0,7.47023533841102,82.0,1009.04318630864,10.35,225.0,22.536,12.888,2000.0,N.I.N.A. 3.2.0.9001 (x64),LBN 542_Date_2025-12-10_Time_17-32-22_Type_LIGHT_Filter_OIII_Exp_600.00s_G_100_Off_10_Ecc_0.37_HFR_1.69px_FWHM_4.20_Temp_7.00_0188.xisf,1,/mnt/raid0/AstroImaging/Source/LBN 548/LIGHT/OIII/LBN 542_Date_2025-12-10_Time_17-32-22_Type_LIGHT_Filter_OIII_Exp_600.00s_G_100_Off_10_Ecc_0.37_HFR_1.69px_FWHM_4.20_Temp_7.00_0188.xisf
LIGHT,2025-12-10T17:42:24.0697141,2025-12-10T17:42:24.0697141,2025-12-10T17:47:24.5953300,600.0,600.0,ZWO ASI6200MM Pro,ZWOptical_ZWO ASI6200MM Pro_,100,10,0.246657639741898,1,1,-10.0,-10.0,3.76,3.76,40,66.2,52.2483888888889,-0.12325,NP101is,540.0,5.4,349.704014830144,60.879845152175,81.13163,7.35399,1.01202757358441,West,LBN 542,23 18 49,+60 52 48,87.16,FocusLynx Focuser 1,11168,11168,1.325,7.0,7.0,Manual Rotator,0.0,0.0,0.0,Ascom.SxUFW (v2) ,OIII,13.0,7.47023533841102,82.0,1009.04318630864,10.35,225.0,22.536,12.888,2000.0,N.I.N.A. 3.2.0.9001 (x64),LBN 542_Date_2025-12-10_Time_17-42-24_Type_LIGHT_Filter_OIII_Exp_600.00s_G_100_Off_10_Ecc_0.37_HFR_1.65px_FWHM_4.04_Temp_7.00_0189.xisf,1,/mnt/raid0/AstroImaging/Source/LBN 548/LIGHT/OIII/LBN 542_Date_2025-12-10_Time_17-42-24_Type_LIGHT_Filter_OIII_Exp_600.00s_G_100_Off_10_Ecc_0.37_HFR_1.65px_FWHM_4.04_Temp_7.00_0189.xisf
LIGHT,2025-12-10T17:52:25.3287307,2025-12-10T17:52:25.3287307,2025-12-10T17:57:25.8716724,600.0,600.0,ZWO ASI6200MM Pro,ZWOptical_ZWO ASI6200MM Pro_,100,10,0.246657639741898,1,1,-10.0,-9.9,3.76,3.76,40,66.2,52.2483888888889,-0.12325,NP101is,540.0,5.4,349.704045918824,60.8798351700395,81.2231,359.45119,1.01177768648278,West,LBN 542,23 18 49,+60 52 48,87.16,FocusLynx Focuser 1,11168,11168,1.325,7.1,7.1,Manual Rotator,0.0,0.0,0.0,Ascom.SxUFW (v2) ,OIII,13.0,7.47023533841102,82.0,1009.04318630864,10.35,225.0,22.536,12.888,2000.0,N.I.N.A. 3.2.0.9001 (x64),LBN 542_Date_2025-12-10_Time_17-52-25_Type_LIGHT_Filter_OIII_Exp_600.00s_G_100_Off_10_Ecc_0.45_HFR_1.64px_FWHM_4.12_Temp_7.10_0190.xisf,1,/mnt/raid0/AstroImaging/Source/LBN 548/LIGHT/OIII/LBN 542_Date_2025-12-10_Time_17-52-25_Type_LIGHT_Filter_OIII_Exp_600.00s_G_100_Off_10_Ecc_0.45_HFR_1.64px_FWHM_4.12_Temp_7.10_0190.xisf
LIGHT,2025-12-10T18:24:26.4667921,2025-12-10T18:24:26.4667921,2025-12-10T18:29:26.9736680,600.0,600.0,ZWO ASI6200MM Pro,ZWOptical_ZWO ASI6200MM Pro_,100,10,0.246657639741898,1,1,-10.0,-10.0,3.76,3.76,40,66.2,52.2483888888889,-0.12325,NP101is,540.0,5.4,350.780165546242,60.8793175229748,80.39635,338.81536,1.01413472055859,East,LBN 542,23 18 49,+60 52 48,87.16,FocusLynx Focuser 1,11168,11168,1.325,7.2,7.2,Manual Rotator,0.0,0.0,0.0,Ascom.SxUFW (v2) ,OIII,,,,,,,,,2000.0,N.I.N.A. 3.2.0.9001 (x64),LBN 542_Date_2025-12-10_Time_18-24-26_Type_LIGHT_Filter_OIII_Exp_600.00s_G_100_Off_10_Ecc_0.36_HFR_1.63px_FWHM_4.20_Temp_7.20_0188.xisf,1,/mnt/raid0/AstroImaging/Source/LBN 548/LIGHT/OIII/LBN 542_Date_2025-12-10_Time_18-24-26_Type_LIGHT_Filter_OIII_Exp_600.00s_G_100_Off_10_Ecc_0.36_HFR_1.63px_FWHM_4.20_Temp_7.20_0188.xisf
LIGHT,2025-12-11T00:35:20.9357374,2025-12-11T00:35:20.9357374,2025-12-11T00:40:21.4531400,600.0,600.0,ZWO ASI6200MM Pro,ZWOptical_ZWO ASI6200MM Pro_,100,10,0.246657639741898,1,1,-10.0,-10.0,3.76,3.76,40,66.2,52.2483888888889,-0.12325,NP101is,540.0,5.4,350.780166950146,60.8793484836309,39.77676,321.66498,1.5608258273237,East,LBN 542,23 18 49,+60 52 48,87.16,FocusLynx Focuser 1,11168,11168,1.325,6.7,6.7,Manual Rotator,0.0,0.0,0.0,Ascom.SxUFW (v2) ,OIII,,,,,,,,,2000.0,N.I.N.A. 3.2.0.9001 (x64),LBN 542_Date_2025-12-11_Time_00-35-20_Type_LIGHT_Filter_OIII_Exp_600.00s_G_100_Off_10_Ecc_0.44_HFR_1.58px_FWHM_4.48_Temp_6.70_0189.xisf,1,/mnt/raid0/AstroImaging/Source/LBN 548/LIGHT/OIII/LBN 542_Date_2025-12-11_Time_00-35-20_Type_LIGHT_Filter_OIII_Exp_600.00s_G_100_Off_10_Ecc_0.44_HFR_1.58px_FWHM_4.48_Temp_6.70_0189.xisf
LIGHT,2025-12-11T00:45:22.0708164,2025-12-11T00:45:22.0708164,2025-12-11T00:50:22.5662088,600.0,600.0,ZWO ASI6200MM Pro,ZWOptical_ZWO ASI6200MM Pro_,100,10,0.246657639741898,1,1,-10.0,-10.0,3.76,3.76,40,66.2,52.2483888888889,-0.12325,NP101is,540.0,5.4,350.780168158537,60.8793285142504,38.83386,322.65773,1.59237324576027,East,LBN 542,23 18 49,+60 52 48,87.16,FocusLynx Focuser 1,11168,11168,1.325,6.7,6.7,Manual Rotator,0.0,0.0,0.0,Ascom.SxUFW (v2) ,OIII,,,,,,,,,2000.0,N.I.N.A. 3.2.0.9001 (x64),LBN 542_Date_2025-12-11_Time_00-45-22_Type_LIGHT_Filter_OIII_Exp_600.00s_G_100_Off_10_Ecc_NaN_HFR_0.00px_FWHM_NaN_Temp_6.70_0190.xisf,1,/mnt/raid0/AstroImaging/Source/LBN 548/LIGHT/OIII/LBN 542_Date_2025-12-11_Time_00-45-22_Type_LIGHT_Filter_OIII_Exp_600.00s_G_100_Off_10_Ecc_NaN_HFR_0.00px_FWHM_NaN_Temp_6.70_0190.xisf
LIGHT,2025-12-11T00:55:34.8543912,2025-12-11T00:55:34.8543912,2025-12-11T01:00:35.3589943,600.0,600.0,ZWO ASI6200MM Pro,ZWOptical_ZWO ASI6200MM Pro_,100,10,0.246657639741898,1,1,-10.0,-9.9,3.76,3.76,40,66.2,52.2483888888889,-0.12325,NP101is,540.0,5.4,350.77866331929,60.8802991648432,37.89464,323.69177,1.62553187910297,East,LBN 542,23 18 49,+60 52 48,87.16,FocusLynx Focuser 1,11168,11168,1.325,6.6,6.6,Manual Rotator,0.0,0.0,0.0,Ascom.SxUFW (v2) ,OIII,,,,,,,,,2000.0,N.I.N.A. 3.2.0.9001 (x64),LBN 542_Date_2025-12-11_Time_00-55-34_Type_LIGHT_Filter_OIII_Exp_600.00s_G_100_Off_10_Ecc_0.41_HFR_1.63px_FWHM_4.39_Temp_6.60_0191.xisf,1,/mnt/raid0/AstroImaging/Source/LBN 548/LIGHT/OIII/LBN 542_Date_2025-12-11_Time_00-55-34_Type_LIGHT_Filter_OIII_Exp_600.00s_G_100_Off_10_Ecc_0.41_HFR_1.63px_FWHM_4.39_Temp_6.60_0191.xisf
LIGHT,2025-12-11T01:05:35.9821010,2025-12-11T01:05:35.9821010,2025-12-11T01:10:36.5110196,600.0,600.0,ZWO ASI6200MM Pro,ZWOptical_ZWO ASI6200MM Pro_,100,10,0.246657639741898,1,1,-10.0,-10.0,3.76,3.76,40,66.2,52.2483888888889,-0.12325,NP101is,540.0,5.4,350.77879895111,60.8803091356756,36.99568,324.72367,1.65900860032803,East,LBN 542,23 18 49,+60 52 48,87.16,FocusLynx Focuser 1,11168,11168,1.325,6.4,6.4,Manual Rotator,0.0,0.0,0.0,Ascom.SxUFW (v2) ,OIII,,,,,,,,,2000.0,N.I.N.A. 3.2.0.9001 (x64),LBN 542_Date_2025-12-11_Time_01-05-35_Type_LIGHT_Filter_OIII_Exp_600.00s_G_100_Off_10_Ecc_0.40_HFR_1.69px_FWHM_4.37_Temp_6.40_0192.xisf,1,/mnt/raid0/AstroImaging/Source/LBN 548/LIGHT/OIII/LBN 542_Date_2025-12-11_Time_01-05-35_Type_LIGHT_Filter_OIII_Exp_600.00s_G_100_Off_10_Ecc_0.40_HFR_1.69px_FWHM_4.37_Temp_6.40_0192.xisf
LIGHT,2025-12-11T01:15:37.1501846,2025-12-11T01:15:37.1501846,2025-12-11T01:20:37.6513192,600.0,600.0,ZWO ASI6200MM Pro,ZWOptical_ZWO ASI6200MM Pro_,100,10,0.246657639741898,1,1,-10.0,-10.0,3.76,3.76,40,66.2,52.2483888888889,-0.12325,NP101is,540.0,5.4,350.778695690225,60.8803092120039,36.11804,325.77577,1.6934525676704,East,LBN 542,23 18 49,+60 52 48,87.16,FocusLynx Focuser 1,11168,11168,1.325,6.2,6.2,Manual Rotator,0.0,0.0,0.0,Ascom.SxUFW (v2) ,OIII,,,,,,,,,2000.0,N.I.N.A. 3.2.0.9001 (x64),LBN 542_Date_2025-12-11_Time_01-15-37_Type_LIGHT_Filter_OIII_Exp_600.00s_G_100_Off_10_Ecc_0.40_HFR_1.70px_FWHM_4.46_Temp_6.20_0193.xisf,1,/mnt/raid0/AstroImaging/Source/LBN 548/LIGHT/OIII/LBN 542_Date_2025-12-11_Time_01-15-37_Type_LIGHT_Filter_OIII_Exp_600.00s_G_100_Off_10_Ecc_0.40_HFR_1.70px_FWHM_4.46_Temp_6.20_0193.xisf
LIGHT,2025-12-11T01:30:20.7590360,2025-12-11T01:30:20.7590360,2025-12-11T01:35:21.2779608,600.0,600.0,ZWO ASI6200MM Pro,ZWOptical_ZWO ASI6200MM Pro_,100,10,0.246657639741898,1,1,-10.0,-10.0,3.76,3.76,40,66.2,52.2483888888889,-0.12325,NP101is,540.0,5.4,350.779622309748,60.8798488705775,34.87554,327.34772,1.74544192762446,East,LBN 542,23 18 49,+60 52 48,87.16,FocusLynx Focuser 1,11202,11202,1.325,5.9,5.9,Manual Rotator,0.0,0.0,0.0,Ascom.SxUFW (v2) ,OIII,,,,,,,,,2000.0,N.I.N.A. 3.2.0.9001 (x64),LBN 542_Date_2025-12-11_Time_01-30-20_Type_LIGHT_Filter_OIII_Exp_600.00s_G_100_Off_10_Ecc_0.35_HFR_1.65px_FWHM_4.23_Temp_5.90_0194.xisf,1,/mnt/raid0/AstroImaging/Source/LBN 548/LIGHT/OIII/LBN 542_Date_2025-12-11_Time_01-30-20_Type_LIGHT_Filter_OIII_Exp_600.00s_G_100_Off_10_Ecc_0.35_HFR_1.65px_FWHM_4.23_Temp_5.90_0194.xisf
LIGHT,2025-12-11T01:40:21.9184075,2025-12-11T01:40:21.9184075,2025-12-11T01:45:22.4235530,600.0,600.0,ZWO ASI6200MM Pro,ZWOptical_ZWO ASI6200MM Pro_,100,10,0.246657639741898,1,1,-10.0,-10.0,3.76,3.76,40,66.2,52.2483888888889,-0.12325,NP101is,540.0,5.4,350.779668342093,60.8798488818158,34.06003,328.43898,1.78179283347122,East,LBN 542,23 18 49,+60 52 48,87.16,FocusLynx Focuser 1,11202,11202,1.325,5.8,5.8,Manual Rotator,0.0,0.0,0.0,Ascom.SxUFW (v2) ,OIII,,,,,,,,,2000.0,N.I.N.A. 3.2.0.9001 (x64),LBN 542_Date_2025-12-11_Time_01-40-21_Type_LIGHT_Filter_OIII_Exp_600.00s_G_100_Off_10_Ecc_0.37_HFR_1.67px_FWHM_4.27_Temp_5.80_0195.xisf,1,/mnt/raid0/AstroImaging/Source/LBN 548/LIGHT/OIII/LBN 542_Date_2025-12-11_Time_01-40-21_Type_LIGHT_Filter_OIII_Exp_600.00s_G_100_Off_10_Ecc_0.37_HFR_1.67px_FWHM_4.27_Temp_5.80_0195.xisf
LIGHT,2025-12-11T01:50:23.0614333,2025-12-11T01:50:23.0614333,2025-12-11T01:55:23.5964000,600.0,600.0,ZWO ASI6200MM Pro,ZWOptical_ZWO ASI6200MM Pro_,100,10,0.246657639741898,1,1,-10.0,-10.0,3.76,3.76,40,66.2,52.2483888888889,-0.12325,NP101is,540.0,5.4,350.779803864226,60.8797988561999,33.26707,329.55013,1.8189731491484,East,LBN 542,23 18 49,+60 52 48,87.16,FocusLynx Focuser 1,11202,11202,1.325,5.7,5.7,Manual Rotator,0.0,0.0,0.0,Ascom.SxUFW (v2) ,OIII,,,,,,,,,2000.0,N.I.N.A. 3.2.0.9001 (x64),LBN 542_Date_2025-12-11_Time_01-50-23_Type_LIGHT_Filter_OIII_Exp_600.00s_G_100_Off_10_Ecc_0.37_HFR_1.65px_FWHM_4.18_Temp_5.70_0196.xisf,1,/mnt/raid0/AstroImaging/Source/LBN 548/LIGHT/OIII/LBN 542_Date_2025-12-11_Time_01-50-23_Type_LIGHT_Filter_OIII_Exp_600.00s_G_100_Off_10_Ecc_0.37_HFR_1.65px_FWHM_4.18_Temp_5.70_0196.xisf
LIGHT,2025-12-11T02:00:35.8402603,2025-12-11T02:00:35.8402603,2025-12-11T02:05:36.3870671,600.0,600.0,ZWO ASI6200MM Pro,ZWOptical_ZWO ASI6200MM Pro_,100,10,0.246657639741898,1,1,-10.0,-10.0,3.76,3.76,40,66.2,52.2483888888889,-0.12325,NP101is,540.0,5.4,350.781088087546,60.8792583478579,32.4893055555556,330.69214,1.85732409084341,East,LBN 542,23 18 49,+60 52 48,87.16,FocusLynx Focuser 1,11202,11202,1.325,5.6,5.6,Manual Rotator,0.0,0.0,0.0,Ascom.SxUFW (v2) ,OIII,,,,,,,,,2000.0,N.I.N.A. 3.2.0.9001 (x64),LBN 542_Date_2025-12-11_Time_02-00-35_Type_LIGHT_Filter_OIII_Exp_600.00s_G_100_Off_10_Ecc_0.38_HFR_1.65px_FWHM_4.22_Temp_5.60_0197.xisf,1,/mnt/raid0/AstroImaging/Source/LBN 548/LIGHT/OIII/LBN 542_Date_2025-12-11_Time_02-00-35_Type_LIGHT_Filter_OIII_Exp_600.00s_G_100_Off_10_Ecc_0.38_HFR_1.65px_FWHM_4.22_Temp_5.60_0197.xisf
LIGHT,2025-12-11T02:10:37.0744542,2025-12-11T02:10:37.0744542,2025-12-11T02:15:37.5978201,600.0,600.0,ZWO ASI6200MM Pro,ZWOptical_ZWO ASI6200MM Pro_,100,10,0.246657639741898,1,1,-10.0,-10.0,3.76,3.76,40,66.2,52.2483888888889,-0.12325,NP101is,540.0,5.4,350.78101470382,60.8792684117818,31.74952,331.83473,1.89565579762682,East,LBN 542,23 18 49,+60 52 48,87.16,FocusLynx Focuser 1,11202,11202,1.325,5.5,5.5,Manual Rotator,0.0,0.0,0.0,Ascom.SxUFW (v2) ,OIII,,,,,,,,,2000.0,N.I.N.A. 3.2.0.9001 (x64),LBN 542_Date_2025-12-11_Time_02-10-37_Type_LIGHT_Filter_OIII_Exp_600.00s_G_100_Off_10_Ecc_0.37_HFR_1.65px_FWHM_4.19_Temp_5.50_0198.xisf,1,/mnt/raid0/AstroImaging/Source/LBN 548/LIGHT/OIII/LBN 542_Date_2025-12-11_Time_02-10-37_Type_LIGHT_Filter_OIII_Exp_600.00s_G_100_Off_10_Ecc_0.37_HFR_1.65px_FWHM_4.19_Temp_5.50_0198.xisf
LIGHT,2025-12-11T02:20:38.2541885,2025-12-11T02:20:38.2541885,2025-12-11T02:25:38.7526706,600.0,600.0,ZWO ASI6200MM Pro,ZWOptical_ZWO ASI6200MM Pro_,100,10,0.246657639741898,1,1,-10.0,-10.0,3.76,3.76,40,66.2,52.2483888888889,-0.12325,NP101is,540.0,5.4,350.781135404381,60.8792783907018,31.03828,332.98969,1.93433176005692,East,LBN 542,23 18 49,+60 52 48,87.16,FocusLynx Focuser 1,11202,11202,1.325,5.4,5.4,Manual Rotator,0.0,0.0,0.0,Ascom.SxUFW (v2) ,OIII,,,,,,,,,2000.0,N.I.N.A. 3.2.0.9001 (x64),LBN 542_Date_2025-12-11_Time_02-20-38_Type_LIGHT_Filter_OIII_Exp_600.00s_G_100_Off_10_Ecc_0.39_HFR_1.65px_FWHM_4.20_Temp_5.40_0199.xisf,1,/mnt/raid0/AstroImaging/Source/LBN 548/LIGHT/OIII/LBN 542_Date_2025-12-11_Time_02-20-38_Type_LIGHT_Filter_OIII_Exp_600.00s_G_100_Off_10_Ecc_0.39_HFR_1.65px_FWHM_4.20_Temp_5.40_0199.xisf
LIGHT,2025-12-11T02:30:50.8834491,2025-12-11T02:30:50.8834491,2025-12-11T02:35:51.4086434,600.0,600.0,ZWO ASI6200MM Pro,ZWOptical_ZWO ASI6200MM Pro_,100,10,0.246657639741898,1,1,-10.0,-10.0,3.76,3.76,40,66.2,52.2483888888889,-0.12325,NP101is,540.0,5.4,350.779778789604,60.8796690027502,30.34017,334.18541,1.9741522914892,East,LBN 542,23 18 49,+60 52 48,87.16,FocusLynx Focuser 1,11202,11202,1.325,5.4,5.4,Manual Rotator,0.0,0.0,0.0,Ascom.SxUFW (v2) ,OIII,,,,,,,,,2000.0,N.I.N.A. 3.2.0.9001 (x64),LBN 542_Date_2025-12-11_Time_02-30-50_Type_LIGHT_Filter_OIII_Exp_600.00s_G_100_Off_10_Ecc_0.37_HFR_1.59px_FWHM_4.40_Temp_5.40_0200.xisf,1,/mnt/raid0/AstroImaging/Source/LBN 548/LIGHT/OIII/LBN 542_Date_2025-12-11_Time_02-30-50_Type_LIGHT_Filter_OIII_Exp_600.00s_G_100_Off_10_Ecc_0.37_HFR_1.59px_FWHM_4.40_Temp_5.40_0200.xisf
LIGHT,2025-12-11T02:40:52.0551280,2025-12-11T02:40:52.0551280,2025-12-11T02:45:52.5924175,600.0,600.0,ZWO ASI6200MM Pro,ZWOptical_ZWO ASI6200MM Pro_,100,10,0.246657639741898,1,1,-10.0,-10.0,3.76,3.76,40,66.2,52.2483888888889,-0.12325,NP101is,540.0,5.4,350.779750171776,60.8796690479744,29.68676,335.36665,2.01320453385976,East,LBN 542,23 18 49,+60 52 48,87.16,FocusLynx Focuser 1,11202,11202,1.325,5.4,5.4,Manual Rotator,0.0,0.0,0.0,Ascom.SxUFW (v2) ,OIII,,,,,,,,,2000.0,N.I.N.A. 3.2.0.9001 (x64),LBN 542_Date_2025-12-11_Time_02-40-52_Type_LIGHT_Filter_OIII_Exp_600.00s_G_100_Off_10_Ecc_0.30_HFR_1.57px_FWHM_4.48_Temp_5.40_0201.xisf,1,/mnt/raid0/AstroImaging/Source/LBN 548/LIGHT/OIII/LBN 542_Date_2025-12-11_Time_02-40-52_Type_LIGHT_Filter_OIII_Exp_600.00s_G_100_Off_10_Ecc_0.30_HFR_1.57px_FWHM_4.48_Temp_5.40_0201.xisf
LIGHT,2025-12-11T02:50:53.2454126,2025-12-11T02:50:53.2454126,2025-12-11T02:55:53.7601613,600.0,600.0,ZWO ASI6200MM Pro,ZWOptical_ZWO ASI6200MM Pro_,100,10,0.246657639741898,1,1,-10.0,-9.9,3.76,3.76,40,66.2,52.2483888888889,-0.12325,NP101is,540.0,5.4,350.779766329352,60.8796590743017,29.05992,336.56557,2.05239531381973,East,LBN 542,23 18 49,+60 52 48,87.16,FocusLynx Focuser 1,11202,11202,1.325,5.4,5.4,Manual Rotator,0.0,0.0,0.0,Ascom.SxUFW (v2) ,OIII,,,,,,,,,2000.0,N.I.N.A. 3.2.0.9001 (x64),LBN 542_Date_2025-12-11_Time_02-50-53_Type_LIGHT_Filter_OIII_Exp_600.00s_G_100_Off_10_Ecc_0.49_HFR_1.64px_FWHM_4.46_Temp_5.40_0202.xisf,1,/mnt/raid0/AstroImaging/Source/LBN 548/LIGHT/OIII/LBN 542_Date_2025-12-11_Time_02-50-53_Type_LIGHT_Filter_OIII_Exp_600.00s_G_100_Off_10_Ecc_0.49_HFR_1.64px_FWHM_4.46_Temp_5.40_0202.xisf
LIGHT,2025-12-11T03:01:06.0921743,2025-12-11T03:01:06.0921743,2025-12-11T03:06:06.6111543,600.0,600.0,ZWO ASI6200MM Pro,ZWOptical_ZWO ASI6200MM Pro_,100,10,0.246657639741898,1,1,-10.0,-10.0,3.76,3.76,40,66.2,52.2483888888889,-0.12325,NP101is,540.0,5.4,350.781156971347,60.8801484772583,28.45406,337.7966,2.09198523166466,East,LBN 542,23 18 49,+60 52 48,87.16,FocusLynx Focuser 1,11202,11202,1.325,5.4,5.4,Manual Rotator,0.0,0.0,0.0,Ascom.SxUFW (v2) ,OIII,,,,,,,,,2000.0,N.I.N.A. 3.2.0.9001 (x64),LBN 542_Date_2025-12-11_Time_03-01-06_Type_LIGHT_Filter_OIII_Exp_600.00s_G_100_Off_10_Ecc_NaN_HFR_0.00px_FWHM_NaN_Temp_5.40_0203.xisf,1,/mnt/raid0/AstroImaging/Source/LBN 548/LIGHT/OIII/LBN 542_Date_2025-12-11_Time_03-01-06_Type_LIGHT_Filter_OIII_Exp_600.00s_G_100_Off_10_Ecc_NaN_HFR_0.00px_FWHM_NaN_Temp_5.40_0203.xisf
LIGHT,2025-12-11T03:11:07.2441434,2025-12-11T03:11:07.2441434,2025-12-11T03:16:07.7637400,600.0,600.0,ZWO ASI6200MM Pro,ZWOptical_ZWO ASI6200MM Pro_,100,10,0.246657639741898,1,1,-10.0,-10.0,3.76,3.76,40,66.2,52.2483888888889,-0.12325,NP101is,540.0,5.4,350.781217894438,60.8801284846241,27.88998,339.01542,2.13045193231323,East,LBN 542,23 18 49,+60 52 48,87.16,FocusLynx Focuser 1,11202,11202,1.325,5.2,5.2,Manual Rotator,0.0,0.0,0.0,Ascom.SxUFW (v2) ,OIII,,,,,,,,,2000.0,N.I.N.A. 3.2.0.9001 (x64),LBN 542_Date_2025-12-11_Time_03-11-07_Type_LIGHT_Filter_OIII_Exp_600.00s_G_100_Off_10_Ecc_NaN_HFR_0.00px_FWHM_NaN_Temp_5.20_0204.xisf,1,/mnt/raid0/AstroImaging/Source/LBN 548/LIGHT/OIII/LBN 542_Date_2025-12-11_Time_03-11-07_Type_LIGHT_Filter_OIII_Exp_600.00s_G_100_Off_10_Ecc_NaN_HFR_0.00px_FWHM_NaN_Temp_5.20_0204.xisf
LIGHT,2025-12-11T03:21:08.4020900,2025-12-11T03:21:08.4020900,2025-12-11T03:26:08.9372443,600.0,600.0,ZWO ASI6200MM Pro,ZWOptical_ZWO ASI6200MM Pro_,100,10,0.246657639741898,1,1,-10.0,-10.0,3.76,3.76,40,66.2,52.2483888888889,-0.12325,NP101is,540.0,5.4,350.781189316709,60.8801485298807,27.3548333333333,340.2494,2.16846509082237,East,LBN 542,23 18 49,+60 52 48,87.16,FocusLynx Focuser 1,11202,11202,1.325,5.1,5.1,Manual Rotator,0.0,0.0,0.0,Ascom.SxUFW (v2) ,OIII,,,,,,,,,2000.0,N.I.N.A. 3.2.0.9001 (x64),LBN 542_Date_2025-12-11_Time_03-21-08_Type_LIGHT_Filter_OIII_Exp_600.00s_G_100_Off_10_Ecc_NaN_HFR_0.00px_FWHM_NaN_Temp_5.10_0205.xisf,1,/mnt/raid0/AstroImaging/Source/LBN 548/LIGHT/OIII/LBN 542_Date_2025-12-11_Time_03-21-08_Type_LIGHT_Filter_OIII_Exp_600.00s_G_100_Off_10_Ecc_NaN_HFR_0.00px_FWHM_NaN_Temp_5.10_0205.xisf
LIGHT,2025-12-11T03:31:21.0112215,2025-12-11T03:31:21.0112215,2025-12-11T03:36:21.5239683,600.0,600.0,ZWO ASI6200MM Pro,ZWOptical_ZWO ASI6200MM Pro_,100,10,0.246657639741898,1,1,-10.0,-10.0,3.76,3.76,40,66.2,52.2483888888889,-0.12325,NP101is,540.0,5.4,350.780727593796,60.880058770618,26.84255,341.51624,2.20632151107374,East,LBN 542,23 18 49,+60 52 48,87.16,FocusLynx Focuser 1,11202,11202,1.325,5.0,5.0,Manual Rotator,0.0,0.0,0.0,Ascom.SxUFW (v2) ,OIII,,,,,,,,,2000.0,N.I.N.A. 3.2.0.9001 (x64),LBN 542_Date_2025-12-11_Time_03-31-21_Type_LIGHT_Filter_OIII_Exp_600.00s_G_100_Off_10_Ecc_NaN_HFR_0.00px_FWHM_NaN_Temp_5.00_0206.xisf,1,/mnt/raid0/AstroImaging/Source/LBN 548/LIGHT/OIII/LBN 542_Date_2025-12-11_Time_03-31-21_Type_LIGHT_Filter_OIII_Exp_600.00s_G_100_Off_10_Ecc_NaN_HFR_0.00px_FWHM_NaN_Temp_5.00_0206.xisf
LIGHT,2025-12-11T03:41:22.1479070,2025-12-11T03:41:22.1479070,2025-12-11T03:46:22.6643469,600.0,600.0,ZWO ASI6200MM Pro,ZWOptical_ZWO ASI6200MM Pro_,100,10,0.246657639741898,1,1,-10.0,-10.0,3.76,3.76,40,66.2,52.2483888888889,-0.12325,NP101is,540.0,5.4,350.780639240975,60.8800488437722,26.37128,342.77127,2.24248592769101,East,LBN 542,23 18 49,+60 52 48,87.16,FocusLynx Focuser 1,11202,11202,1.325,4.8,4.8,Manual Rotator,0.0,0.0,0.0,Ascom.SxUFW (v2) ,OIII,,,,,,,,,2000.0,N.I.N.A. 3.2.0.9001 (x64),LBN 542_Date_2025-12-11_Time_03-41-22_Type_LIGHT_Filter_OIII_Exp_600.00s_G_100_Off_10_Ecc_NaN_HFR_0.00px_FWHM_NaN_Temp_4.80_0207.xisf,1,/mnt/raid0/AstroImaging/Source/LBN 548/LIGHT/OIII/LBN 542_Date_2025-12-11_Time_03-41-22_Type_LIGHT_Filter_OIII_Exp_600.00s_G_100_Off_10_Ecc_NaN_HFR_0.00px_FWHM_NaN_Temp_4.80_0207.xisf
LIGHT,2025-12-12T20:16:29.6553411,2025-12-12T20:16:29.6553411,2025-12-12T20:21:30.2041753,600.0,600.0,ZWO ASI6200MM Pro,ZWOptical_ZWO ASI6200MM Pro_,100,10,0.246657639741898,1,1,-10.0,-10.0,3.76,3.76,40,66.2,52.2483888888889,-0.12325,NP101is,540.0,5.4,349.704055204425,60.879892249832,67.59569,308.05961,1.08138949226018,East,LBN 542,23 18 49,+60 52 48,87.16,FocusLynx Focuser 1,11134,11134,1.325,3.9,3.9,Manual Rotator,0.0,0.0,0.0,Ascom.SxUFW (v2) ,OIII,100.0,5.17576112570913,91.0,1013.01189107289,6.51000000000005,306.0,6.444,3.204,2000.0,N.I.N.A. 3.2.0.9001 (x64),LBN 542_Date_2025-12-12_Time_20-16-29_Type_LIGHT_Filter_OIII_Exp_600.00s_G_100_Off_10_Ecc_0.42_HFR_1.60px_FWHM_3.81_Temp_3.90_0208.xisf,1,/mnt/raid0/AstroImaging/Source/LBN 548/LIGHT/OIII/LBN 542_Date_2025-12-12_Time_20-16-29_Type_LIGHT_Filter_OIII_Exp_600.00s_G_100_Off_10_Ecc_0.42_HFR_1.60px_FWHM_3.81_Temp_3.90_0208.xisf
LIGHT,2025-12-12T20:26:30.8621276,2025-12-12T20:26:30.8621276,2025-12-12T20:31:31.4119618,600.0,600.0,ZWO ASI6200MM Pro,ZWOptical_ZWO ASI6200MM Pro_,100,10,0.246657639741898,1,1,-10.0,-9.8,3.76,3.76,40,66.2,52.2483888888889,-0.12325,NP101is,540.0,5.4,349.704101048274,60.8798422974907,66.38297,307.81988,1.0911322629365,East,LBN 542,23 18 49,+60 52 48,87.16,FocusLynx Focuser 1,11134,11134,1.325,4.0,4.0,Manual Rotator,0.0,0.0,0.0,Ascom.SxUFW (v2) ,OIII,100.0,5.17576112570913,91.0,1013.01189107289,6.51000000000005,306.0,6.444,3.204,2000.0,N.I.N.A. 3.2.0.9001 (x64),LBN 542_Date_2025-12-12_Time_20-26-30_Type_LIGHT_Filter_OIII_Exp_600.00s_G_100_Off_10_Ecc_0.42_HFR_1.60px_FWHM_3.77_Temp_4.00_0209.xisf,1,/mnt/raid0/AstroImaging/Source/LBN 548/LIGHT/OIII/LBN 542_Date_2025-12-12_Time_20-26-30_Type_LIGHT_Filter_OIII_Exp_600.00s_G_100_Off_10_Ecc_0.42_HFR_1.60px_FWHM_3.77_Temp_4.00_0209.xisf
LIGHT,2025-12-12T20:36:32.0674570,2025-12-12T20:36:32.0674570,2025-12-12T20:41:32.6166706,600.0,600.0,ZWO ASI6200MM Pro,ZWOptical_ZWO ASI6200MM Pro_,100,10,0.246657639741898,1,1,-10.0,-9.9,3.76,3.76,40,66.2,52.2483888888889,-0.12325,NP101is,540.0,5.4,349.70416194486,60.8798523351456,65.16842,307.71339,1.10156542146902,East,LBN 542,23 18 49,+60 52 48,87.16,FocusLynx Focuser 1,11134,11134,1.325,4.1,4.1,Manual Rotator,0.0,0.0,0.0,Ascom.SxUFW (v2) ,OIII,100.0,5.17576112570913,91.0,1013.01189107289,6.51000000000005,306.0,6.444,3.204,2000.0,N.I.N.A. 3.2.0.9001 (x64),LBN 542_Date_2025-12-12_Time_20-36-32_Type_LIGHT_Filter_OIII_Exp_600.00s_G_100_Off_10_Ecc_0.41_HFR_1.60px_FWHM_3.80_Temp_4.10_0210.xisf,1,/mnt/raid0/AstroImaging/Source/LBN 548/LIGHT/OIII/LBN 542_Date_2025-12-12_Time_20-36-32_Type_LIGHT_Filter_OIII_Exp_600.00s_G_100_Off_10_Ecc_0.41_HFR_1.60px_FWHM_3.80_Temp_4.10_0210.xisf
LIGHT,2025-12-12T20:46:45.6397180,2025-12-12T20:46:45.6397180,2025-12-12T20:51:46.1659246,600.0,600.0,ZWO ASI6200MM Pro,ZWOptical_ZWO ASI6200MM Pro_,100,10,0.246657639741898,1,1,-10.0,-10.0,3.76,3.76,40,66.2,52.2483888888889,-0.12325,NP101is,540.0,5.4,349.703105145161,60.8808428797843,63.9253888888889,307.72596,1.11297368663402,East,LBN 542,23 18 49,+60 52 48,87.16,FocusLynx Focuser 1,11134,11134,1.325,4.1,4.1,Manual Rotator,0.0,0.0,0.0,Ascom.SxUFW (v2) ,OIII,100.0,5.17576112570913,91.0,1013.01189107289,6.51000000000005,306.0,6.444,3.204,2000.0,N.I.N.A. 3.2.0.9001 (x64),LBN 542_Date_2025-12-12_Time_20-46-45_Type_LIGHT_Filter_OIII_Exp_600.00s_G_100_Off_10_Ecc_0.42_HFR_1.62px_FWHM_3.76_Temp_4.10_0211.xisf,1,/mnt/raid0/AstroImaging/Source/LBN 548/LIGHT/OIII/LBN 542_Date_2025-12-12_Time_20-46-45_Type_LIGHT_Filter_OIII_Exp_600.00s_G_100_Off_10_Ecc_0.42_HFR_1.62px_FWHM_3.76_Temp_4.10_0211.xisf
LIGHT,2025-12-12T20:56:46.8238655,2025-12-12T20:56:46.8238655,2025-12-12T21:01:47.3729313,600.0,600.0,ZWO ASI6200MM Pro,ZWOptical_ZWO ASI6200MM Pro_,100,10,0.246657639741898,1,1,-10.0,-10.0,3.76,3.76,40,66.2,52.2483888888889,-0.12325,NP101is,540.0,5.4,349.703255580081,60.8808328744764,62.71077,307.83786,1.12486731072878,East,LBN 542,23 18 49,+60 52 48,87.16,FocusLynx Focuser 1,11134,11134,1.325,3.9,3.9,Manual Rotator,0.0,0.0,0.0,Ascom.SxUFW (v2) ,OIII,100.0,5.17576112570913,91.0,1013.01189107289,6.51000000000005,306.0,6.444,3.204,2000.0,N.I.N.A. 3.2.0.9001 (x64),LBN 542_Date_2025-12-12_Time_20-56-46_Type_LIGHT_Filter_OIII_Exp_600.00s_G_100_Off_10_Ecc_0.40_HFR_1.63px_FWHM_3.86_Temp_3.90_0212.xisf,1,/mnt/raid0/AstroImaging/Source/LBN 548/LIGHT/OIII/LBN 542_Date_2025-12-12_Time_20-56-46_Type_LIGHT_Filter_OIII_Exp_600.00s_G_100_Off_10_Ecc_0.40_HFR_1.63px_FWHM_3.86_Temp_3.90_0212.xisf
LIGHT,2025-12-12T21:06:48.0743169,2025-12-12T21:06:48.0743169,2025-12-12T21:11:48.6193290,600.0,600.0,ZWO ASI6200MM Pro,ZWOptical_ZWO ASI6200MM Pro_,100,10,0.246657639741898,1,1,-10.0,-10.0,3.76,3.76,40,66.2,52.2483888888889,-0.12325,NP101is,540.0,5.4,349.703032803737,60.8808430510255,61.5000833333333,308.03814,1.13749106400116,East,LBN 542,23 18 49,+60 52 48,87.16,FocusLynx Focuser 1,11134,11134,1.325,3.6,3.6,Manual Rotator,0.0,0.0,0.0,Ascom.SxUFW (v2) ,OIII,100.0,5.17576112570913,91.0,1013.01189107289,6.51000000000005,306.0,6.444,3.204,2000.0,N.I.N.A. 3.2.0.9001 (x64),LBN 542_Date_2025-12-12_Time_21-06-48_Type_LIGHT_Filter_OIII_Exp_600.00s_G_100_Off_10_Ecc_0.41_HFR_1.63px_FWHM_3.83_Temp_3.60_0213.xisf,1,/mnt/raid0/AstroImaging/Source/LBN 548/LIGHT/OIII/LBN 542_Date_2025-12-12_Time_21-06-48_Type_LIGHT_Filter_OIII_Exp_600.00s_G_100_Off_10_Ecc_0.41_HFR_1.63px_FWHM_3.83_Temp_3.60_0213.xisf
LIGHT,2025-12-12T21:17:01.4085231,2025-12-12T21:17:01.4085231,2025-12-12T21:22:01.9484614,600.0,600.0,ZWO ASI6200MM Pro,ZWOptical_ZWO ASI6200MM Pro_,100,10,0.246657639741898,1,1,-10.0,-10.0,3.76,3.76,40,66.2,52.2483888888889,-0.12325,NP101is,540.0,5.4,349.70434639393,60.8801525064806,60.26638,308.32264,1.15118308398271,East,LBN 542,23 18 49,+60 52 48,87.16,FocusLynx Focuser 1,11134,11134,1.325,3.5,3.5,Manual Rotator,0.0,0.0,0.0,Ascom.SxUFW (v2) ,OIII,100.0,5.17576112570913,91.0,1013.01189107289,6.51000000000005,306.0,6.444,3.204,2000.0,N.I.N.A. 3.2.0.9001 (x64),LBN 542_Date_2025-12-12_Time_21-17-01_Type_LIGHT_Filter_OIII_Exp_600.00s_G_100_Off_10_Ecc_0.41_HFR_1.65px_FWHM_3.96_Temp_3.50_0214.xisf,1,/mnt/raid0/AstroImaging/Source/LBN 548/LIGHT/OIII/LBN 542_Date_2025-12-12_Time_21-17-01_Type_LIGHT_Filter_OIII_Exp_600.00s_G_100_Off_10_Ecc_0.41_HFR_1.65px_FWHM_3.96_Temp_3.50_0214.xisf
LIGHT,2025-12-12T21:27:02.6201889,2025-12-12T21:27:02.6201889,2025-12-12T21:32:03.1602570,600.0,600.0,ZWO ASI6200MM Pro,ZWOptical_ZWO ASI6200MM Pro_,100,10,0.246657639741898,1,1,-10.0,-9.9,3.76,3.76,40,66.2,52.2483888888889,-0.12325,NP101is,540.0,5.4,349.704422175992,60.8801425376591,59.06441,308.67305,1.16536807711156,East,LBN 542,23 18 49,+60 52 48,87.16,FocusLynx Focuser 1,11134,11134,1.325,3.4,3.4,Manual Rotator,0.0,0.0,0.0,Ascom.SxUFW (v2) ,OIII,100.0,5.17576112570913,91.0,1013.01189107289,6.51000000000005,306.0,6.444,3.204,2000.0,N.I.N.A. 3.2.0.9001 (x64),LBN 542_Date_2025-12-12_Time_21-27-02_Type_LIGHT_Filter_OIII_Exp_600.00s_G_100_Off_10_Ecc_0.43_HFR_1.62px_FWHM_3.77_Temp_3.40_0215.xisf,1,/mnt/raid0/AstroImaging/Source/LBN 548/LIGHT/OIII/LBN 542_Date_2025-12-12_Time_21-27-02_Type_LIGHT_Filter_OIII_Exp_600.00s_G_100_Off_10_Ecc_0.43_HFR_1.62px_FWHM_3.77_Temp_3.40_0215.xisf
LIGHT,2025-12-12T21:37:03.8133017,2025-12-12T21:37:03.8133017,2025-12-12T21:42:04.3701692,600.0,600.0,ZWO ASI6200MM Pro,ZWOptical_ZWO ASI6200MM Pro_,100,10,0.246657639741898,1,1,-10.0,-10.0,3.76,3.76,40,66.2,52.2483888888889,-0.12325,NP101is,540.0,5.4,349.704378562716,60.8801526266894,57.86499,309.08768,1.18039847915181,East,LBN 542,23 18 49,+60 52 48,87.16,FocusLynx Focuser 1,11134,11134,1.325,3.2,3.2,Manual Rotator,0.0,0.0,0.0,Ascom.SxUFW (v2) ,OIII,100.0,5.17576112570913,91.0,1013.01189107289,6.51000000000005,306.0,6.444,3.204,2000.0,N.I.N.A. 3.2.0.9001 (x64),LBN 542_Date_2025-12-12_Time_21-37-03_Type_LIGHT_Filter_OIII_Exp_600.00s_G_100_Off_10_Ecc_0.45_HFR_1.63px_FWHM_3.76_Temp_3.20_0216.xisf,1,/mnt/raid0/AstroImaging/Source/LBN 548/LIGHT/OIII/LBN 542_Date_2025-12-12_Time_21-37-03_Type_LIGHT_Filter_OIII_Exp_600.00s_G_100_Off_10_Ecc_0.45_HFR_1.63px_FWHM_3.76_Temp_3.20_0216.xisf
LIGHT,2025-12-12T21:47:16.7685120,2025-12-12T21:47:16.7685120,2025-12-12T21:52:17.3016304,600.0,600.0,ZWO ASI6200MM Pro,ZWOptical_ZWO ASI6200MM Pro_,100,10,0.246657639741898,1,1,-10.0,-10.0,3.76,3.76,40,66.2,52.2483888888889,-0.12325,NP101is,540.0,5.4,349.705962149478,60.880071923441,56.6543055555556,309.5669,1.19650540393721,East,LBN 542,23 18 49,+60 52 48,87.16,FocusLynx Focuser 1,11134,11134,1.325,3.0,3.0,Manual Rotator,0.0,0.0,0.0,Ascom.SxUFW (v2) ,OIII,100.0,5.17576112570913,91.0,1013.01189107289,6.51000000000005,306.0,6.444,3.204,2000.0,N.I.N.A. 3.2.0.9001 (x64),LBN 542_Date_2025-12-12_Time_21-47-16_Type_LIGHT_Filter_OIII_Exp_600.00s_G_100_Off_10_Ecc_0.46_HFR_1.63px_FWHM_3.81_Temp_3.00_0217.xisf,1,/mnt/raid0/AstroImaging/Source/LBN 548/LIGHT/OIII/LBN 542_Date_2025-12-12_Time_21-47-16_Type_LIGHT_Filter_OIII_Exp_600.00s_G_100_Off_10_Ecc_0.46_HFR_1.63px_FWHM_3.81_Temp_3.00_0217.xisf
LIGHT,2025-12-12T21:57:17.9642857,2025-12-12T21:57:17.9642857,2025-12-12T22:02:18.4989412,600.0,600.0,ZWO ASI6200MM Pro,ZWOptical_ZWO ASI6200MM Pro_,100,10,0.246657639741898,1,1,-10.0,-10.0,3.76,3.76,40,66.2,52.2483888888889,-0.12325,NP101is,540.0,5.4,349.705888197912,60.8798520371194,55.47279,310.08997,1.21318130698983,East,LBN 542,23 18 49,+60 52 48,87.16,FocusLynx Focuser 1,11134,11134,1.325,2.9,2.9,Manual Rotator,0.0,0.0,0.0,Ascom.SxUFW (v2) ,OIII,100.0,5.17576112570913,91.0,1013.01189107289,6.51000000000005,306.0,6.444,3.204,2000.0,N.I.N.A. 3.2.0.9001 (x64),LBN 542_Date_2025-12-12_Time_21-57-17_Type_LIGHT_Filter_OIII_Exp_600.00s_G_100_Off_10_Ecc_0.47_HFR_1.63px_FWHM_3.77_Temp_2.90_0218.xisf,1,/mnt/raid0/AstroImaging/Source/LBN 548/LIGHT/OIII/LBN 542_Date_2025-12-12_Time_21-57-17_Type_LIGHT_Filter_OIII_Exp_600.00s_G_100_Off_10_Ecc_0.47_HFR_1.63px_FWHM_3.77_Temp_2.90_0218.xisf
LIGHT,2025-12-12T22:07:19.1327104,2025-12-12T22:07:19.1327104,2025-12-12T22:12:19.7041666,600.0,600.0,ZWO ASI6200MM Pro,ZWOptical_ZWO ASI6200MM Pro_,100,10,0.246657639741898,1,1,-10.0,-10.0,3.76,3.76,40,66.2,52.2483888888889,-0.12325,NP101is,540.0,5.4,349.705964022979,60.8798620676093,54.29897,310.66132,1.23073891460439,East,LBN 542,23 18 49,+60 52 48,87.16,FocusLynx Focuser 1,11134,11134,1.325,2.8,2.8,Manual Rotator,0.0,0.0,0.0,Ascom.SxUFW (v2) ,OIII,100.0,5.17576112570913,91.0,1013.01189107289,6.51000000000005,306.0,6.444,3.204,2000.0,N.I.N.A. 3.2.0.9001 (x64),LBN 542_Date_2025-12-12_Time_22-07-19_Type_LIGHT_Filter_OIII_Exp_600.00s_G_100_Off_10_Ecc_0.48_HFR_1.64px_FWHM_3.70_Temp_2.80_0219.xisf,1,/mnt/raid0/AstroImaging/Source/LBN 548/LIGHT/OIII/LBN 542_Date_2025-12-12_Time_22-07-19_Type_LIGHT_Filter_OIII_Exp_600.00s_G_100_Off_10_Ecc_0.48_HFR_1.64px_FWHM_3.70_Temp_2.80_0219.xisf
LIGHT,2025-12-12T22:17:48.7111760,2025-12-12T22:17:48.7111760,2025-12-12T22:22:49.2650932,600.0,600.0,ZWO ASI6200MM Pro,ZWOptical_ZWO ASI6200MM Pro_,100,10,0.246657639741898,1,1,-10.0,-10.0,3.76,3.76,40,66.2,52.2483888888889,-0.12325,NP101is,540.0,5.4,349.703996144284,60.8806730679484,53.08565,311.30484,1.24998701007307,East,LBN 542,23 18 49,+60 52 48,87.16,FocusLynx Focuser 1,11134,11134,1.325,2.7,2.7,Manual Rotator,0.0,0.0,0.0,Ascom.SxUFW (v2) ,OIII,100.0,5.17576112570913,91.0,1013.01189107289,6.51000000000005,306.0,6.444,3.204,2000.0,N.I.N.A. 3.2.0.9001 (x64),LBN 542_Date_2025-12-12_Time_22-17-48_Type_LIGHT_Filter_OIII_Exp_600.00s_G_100_Off_10_Ecc_0.47_HFR_1.65px_FWHM_3.83_Temp_2.70_0220.xisf,1,/mnt/raid0/AstroImaging/Source/LBN 548/LIGHT/OIII/LBN 542_Date_2025-12-12_Time_22-17-48_Type_LIGHT_Filter_OIII_Exp_600.00s_G_100_Off_10_Ecc_0.47_HFR_1.65px_FWHM_3.83_Temp_2.70_0220.xisf
LIGHT,2025-12-12T22:27:49.9232101,2025-12-12T22:27:49.9232101,2025-12-12T22:32:50.4774542,600.0,600.0,ZWO ASI6200MM Pro,ZWOptical_ZWO ASI6200MM Pro_,100,10,0.246657639741898,1,1,-10.0,-10.0,3.76,3.76,40,66.2,52.2483888888889,-0.12325,NP101is,540.0,5.4,349.70395248501,60.8806631577237,51.93604,311.95996,1.26931908127681,East,LBN 542,23 18 49,+60 52 48,87.16,FocusLynx Focuser 1,11134,11134,1.325,2.6,2.6,Manual Rotator,0.0,0.0,0.0,Ascom.SxUFW (v2) ,OIII,100.0,5.17576112570913,91.0,1013.01189107289,6.51000000000005,306.0,6.444,3.204,2000.0,N.I.N.A. 3.2.0.9001 (x64),LBN 542_Date_2025-12-12_Time_22-27-49_Type_LIGHT_Filter_OIII_Exp_600.00s_G_100_Off_10_Ecc_0.47_HFR_1.67px_FWHM_3.90_Temp_2.60_0221.xisf,1,/mnt/raid0/AstroImaging/Source/LBN 548/LIGHT/OIII/LBN 542_Date_2025-12-12_Time_22-27-49_Type_LIGHT_Filter_OIII_Exp_600.00s_G_100_Off_10_Ecc_0.47_HFR_1.67px_FWHM_3.90_Temp_2.60_0221.xisf
LIGHT,2025-12-12T22:37:51.1346407,2025-12-12T22:37:51.1346407,2025-12-12T22:42:51.7094754,600.0,600.0,ZWO ASI6200MM Pro,ZWOptical_ZWO ASI6200MM Pro_,100,10,0.246657639741898,1,1,-10.0,-10.0,3.76,3.76,40,66.2,52.2483888888889,-0.12325,NP101is,540.0,5.4,349.703983493107,60.8806632103121,50.8009444444444,312.65031,1.2895176609666,East,LBN 542,23 18 49,+60 52 48,87.16,FocusLynx Focuser 1,11134,11134,1.325,2.6,2.6,Manual Rotator,0.0,0.0,0.0,Ascom.SxUFW (v2) ,OIII,100.0,5.17576112570913,91.0,1013.01189107289,6.51000000000005,306.0,6.444,3.204,2000.0,N.I.N.A. 3.2.0.9001 (x64),LBN 542_Date_2025-12-12_Time_22-37-51_Type_LIGHT_Filter_OIII_Exp_600.00s_G_100_Off_10_Ecc_0.48_HFR_1.67px_FWHM_3.87_Temp_2.60_0222.xisf,1,/mnt/raid0/AstroImaging/Source/LBN 548/LIGHT/OIII/LBN 542_Date_2025-12-12_Time_22-37-51_Type_LIGHT_Filter_OIII_Exp_600.00s_G_100_Off_10_Ecc_0.48_HFR_1.67px_FWHM_3.87_Temp_2.60_0222.xisf
LIGHT,2025-12-12T22:48:05.0515347,2025-12-12T22:48:05.0515347,2025-12-12T22:53:05.5925538,600.0,600.0,ZWO ASI6200MM Pro,ZWOptical_ZWO ASI6200MM Pro_,100,10,0.246657639741898,1,1,-10.0,-10.0,3.76,3.76,40,66.2,52.2483888888889,-0.12325,NP101is,540.0,5.4,349.706641666186,60.8804019883548,49.65409,313.39112,1.31111736766505,East,LBN 542,23 18 49,+60 52 48,87.16,FocusLynx Focuser 1,11134,11134,1.325,2.5,2.5,Manual Rotator,0.0,0.0,0.0,Ascom.SxUFW (v2) ,OIII,100.0,5.17576112570913,91.0,1013.01189107289,6.51000000000005,306.0,6.444,3.204,2000.0,N.I.N.A. 3.2.0.9001 (x64),LBN 542_Date_2025-12-12_Time_22-48-05_Type_LIGHT_Filter_OIII_Exp_600.00s_G_100_Off_10_Ecc_0.48_HFR_1.67px_FWHM_3.94_Temp_2.50_0223.xisf,1,/mnt/raid0/AstroImaging/Source/LBN 548/LIGHT/OIII/LBN 542_Date_2025-12-12_Time_22-48-05_Type_LIGHT_Filter_OIII_Exp_600.00s_G_100_Off_10_Ecc_0.48_HFR_1.67px_FWHM_3.94_Temp_2.50_0223.xisf
LIGHT,2025-11-30T21:00:31.6522559,2025-11-30T21:00:31.6522559,2025-11-30T21:05:32.2266728,600.0,600.0,ZWO ASI6200MM Pro,ZWOptical_ZWO ASI6200MM Pro_,100,10,0.246657639741898,1,1,-10.0,-10.0,3.76,3.76,40,66.2,52.2483888888889,-0.12325,NP101is,540.0,5.4,349.702692274414,60.8800198002823,67.97393,308.16492,1.0784844699289,East,LBN 542,23 18 49,+60 52 48,87.16,FocusLynx Focuser 1,11099,11099,1.325,1.4,1.4,Manual Rotator,0.0,0.0,0.0,Ascom.SxUFW (v2) ,SII,6.0,1.55893488036377,89.0,1005.0744815444,3.16000000000003,234.0,33.552,12.996,2000.0,N.I.N.A. 3.2.0.9001 (x64),LBN 542_Date_2025-11-30_Time_21-00-31_Type_LIGHT_Filter_SII_Exp_600.00s_G_100_Off_10_Ecc_0.39_HFR_1.82px_FWHM_4.80_Temp_1.40_0239.xisf,1,/mnt/raid0/AstroImaging/Source/LBN 548/LIGHT/SII/LBN 542_Date_2025-11-30_Time_21-00-31_Type_LIGHT_Filter_SII_Exp_600.00s_G_100_Off_10_Ecc_0.39_HFR_1.82px_FWHM_4.80_Temp_1.40_0239.xisf
LIGHT,2025-11-30T21:10:32.9487364,2025-11-30T21:10:32.9487364,2025-11-30T21:15:33.5061904,600.0,600.0,ZWO ASI6200MM Pro,ZWOptical_ZWO ASI6200MM Pro_,100,10,0.246657639741898,1,1,-10.0,-10.0,3.76,3.76,40,66.2,52.2483888888889,-0.12325,NP101is,540.0,5.4,349.702693323786,60.8800297281949,66.7644722222222,307.87997,1.08799596001863,East,LBN 542,23 18 49,+60 52 48,87.16,FocusLynx Focuser 1,11099,11099,1.325,1.4,1.4,Manual Rotator,0.0,0.0,0.0,Ascom.SxUFW (v2) ,SII,6.0,1.55893488036377,89.0,1005.0744815444,3.16000000000003,234.0,33.552,12.996,2000.0,N.I.N.A. 3.2.0.9001 (x64),LBN 542_Date_2025-11-30_Time_21-10-32_Type_LIGHT_Filter_SII_Exp_600.00s_G_100_Off_10_Ecc_0.39_HFR_1.77px_FWHM_4.60_Temp_1.40_0240.xisf,1,/mnt/raid0/AstroImaging/Source/LBN 548/LIGHT/SII/LBN 542_Date_2025-11-30_Time_21-10-32_Type_LIGHT_Filter_SII_Exp_600.00s_G_100_Off_10_Ecc_0.39_HFR_1.77px_FWHM_4.60_Temp_1.40_0240.xisf
LIGHT,2025-11-30T21:20:34.2010141,2025-11-30T21:20:34.2010141,2025-11-30T21:25:34.7473401,600.0,600.0,ZWO ASI6200MM Pro,ZWOptical_ZWO ASI6200MM Pro_,100,10,0.246657639741898,1,1,-10.0,-10.0,3.76,3.76,40,66.2,52.2483888888889,-0.12325,NP101is,540.0,5.4,349.702768946554,60.8799996218536,65.54822,307.73346,1.09822851898157,East,LBN 542,23 18 49,+60 52 48,87.16,FocusLynx Focuser 1,11099,11099,1.325,1.5,1.5,Manual Rotator,0.0,0.0,0.0,Ascom.SxUFW (v2) ,SII,6.0,1.55893488036377,89.0,1005.0744815444,3.16000000000003,234.0,33.552,12.996,2000.0,N.I.N.A. 3.2.0.9001 (x64),LBN 542_Date_2025-11-30_Time_21-20-34_Type_LIGHT_Filter_SII_Exp_600.00s_G_100_Off_10_Ecc_0.40_HFR_1.77px_FWHM_4.66_Temp_1.50_0241.xisf,1,/mnt/raid0/AstroImaging/Source/LBN 548/LIGHT/SII/LBN 542_Date_2025-11-30_Time_21-20-34_Type_LIGHT_Filter_SII_Exp_600.00s_G_100_Off_10_Ecc_0.40_HFR_1.77px_FWHM_4.66_Temp_1.50_0241.xisf
LIGHT,2025-12-12T23:02:52.4737340,2025-12-12T23:02:52.4737340,2025-12-12T23:07:53.0322318,600.0,600.0,ZWO ASI6200MM Pro,ZWOptical_ZWO ASI6200MM Pro_,100,10,0.246657639741898,1,1,-10.0,-10.0,3.76,3.76,40,66.2,52.2483888888889,-0.12325,NP101is,540.0,5.4,349.70668815062,60.8804020656615,48.02203,314.52073,1.34407679211726,East,LBN 542,23 18 49,+60 52 48,87.16,FocusLynx Focuser 1,11129,11129,1.325,2.5,2.5,Manual Rotator,0.0,0.0,0.0,Ascom.SxUFW (v2) ,SII,100.0,5.17576112570913,91.0,1013.01189107289,6.51000000000005,306.0,6.444,3.204,2000.0,N.I.N.A. 3.2.0.9001 (x64),LBN 542_Date_2025-12-12_Time_23-02-52_Type_LIGHT_Filter_SII_Exp_600.00s_G_100_Off_10_Ecc_0.42_HFR_1.71px_FWHM_4.21_Temp_2.50_0242.xisf,1,/mnt/raid0/AstroImaging/Source/LBN 548/LIGHT/SII/LBN 542_Date_2025-12-12_Time_23-02-52_Type_LIGHT_Filter_SII_Exp_600.00s_G_100_Off_10_Ecc_0.42_HFR_1.71px_FWHM_4.21_Temp_2.50_0242.xisf
LIGHT,2025-12-12T23:12:53.7128863,2025-12-12T23:12:53.7128863,2025-12-12T23:17:54.2394886,600.0,600.0,ZWO ASI6200MM Pro,ZWOptical_ZWO ASI6200MM Pro_,100,10,0.246657639741898,1,1,-10.0,-10.0,3.76,3.76,40,66.2,52.2483888888889,-0.12325,NP101is,540.0,5.4,349.706644509959,60.8804021549512,46.93264,315.32412,1.36764084326734,East,LBN 542,23 18 49,+60 52 48,87.16,FocusLynx Focuser 1,11129,11129,1.325,2.4,2.4,Manual Rotator,0.0,0.0,0.0,Ascom.SxUFW (v2) ,SII,100.0,5.17576112570913,91.0,1013.01189107289,6.51000000000005,306.0,6.444,3.204,2000.0,N.I.N.A. 3.2.0.9001 (x64),LBN 542_Date_2025-12-12_Time_23-12-53_Type_LIGHT_Filter_SII_Exp_600.00s_G_100_Off_10_Ecc_0.41_HFR_1.72px_FWHM_4.26_Temp_2.40_0243.xisf,1,/mnt/raid0/AstroImaging/Source/LBN 548/LIGHT/SII/LBN 542_Date_2025-12-12_Time_23-12-53_Type_LIGHT_Filter_SII_Exp_600.00s_G_100_Off_10_Ecc_0.41_HFR_1.72px_FWHM_4.26_Temp_2.40_0243.xisf
LIGHT,2025-12-12T23:24:01.0607256,2025-12-12T23:24:01.0607256,2025-12-12T23:29:01.6235494,600.0,600.0,ZWO ASI6200MM Pro,ZWOptical_ZWO ASI6200MM Pro_,100,10,0.246657639741898,1,1,-10.0,-10.0,3.76,3.76,40,66.2,52.2483888888889,-0.12325,NP101is,540.0,5.4,349.704241915974,60.8803334108381,45.73818,316.25111,1.39503237020822,East,LBN 542,23 18 49,+60 52 48,87.16,FocusLynx Focuser 1,11129,11129,1.325,2.3,2.3,Manual Rotator,0.0,0.0,0.0,Ascom.SxUFW (v2) ,SII,100.0,5.17576112570913,91.0,1013.01189107289,6.51000000000005,306.0,6.444,3.204,2000.0,N.I.N.A. 3.2.0.9001 (x64),LBN 542_Date_2025-12-12_Time_23-24-01_Type_LIGHT_Filter_SII_Exp_600.00s_G_100_Off_10_Ecc_0.44_HFR_1.75px_FWHM_4.39_Temp_2.30_0244.xisf,1,/mnt/raid0/AstroImaging/Source/LBN 548/LIGHT/SII/LBN 542_Date_2025-12-12_Time_23-24-01_Type_LIGHT_Filter_SII_Exp_600.00s_G_100_Off_10_Ecc_0.44_HFR_1.75px_FWHM_4.39_Temp_2.30_0244.xisf
LIGHT,2025-12-12T23:34:02.3039725,2025-12-12T23:34:02.3039725,2025-12-12T23:39:02.8345470,600.0,600.0,ZWO ASI6200MM Pro,ZWOptical_ZWO ASI6200MM Pro_,100,10,0.246657639741898,1,1,-10.0,-10.0,3.76,3.76,40,66.2,52.2483888888889,-0.12325,NP101is,540.0,5.4,349.704213301573,60.8803834902587,44.68826,317.10708,1.42054705579485,East,LBN 542,23 18 49,+60 52 48,87.16,FocusLynx Focuser 1,11129,11129,1.325,2.1,2.1,Manual Rotator,0.0,0.0,0.0,Ascom.SxUFW (v2) ,SII,100.0,5.17576112570913,91.0,1013.01189107289,6.51000000000005,306.0,6.444,3.204,2000.0,N.I.N.A. 3.2.0.9001 (x64),LBN 542_Date_2025-12-12_Time_23-34-02_Type_LIGHT_Filter_SII_Exp_600.00s_G_100_Off_10_Ecc_0.41_HFR_1.74px_FWHM_4.33_Temp_2.10_0245.xisf,1,/mnt/raid0/AstroImaging/Source/LBN 548/LIGHT/SII/LBN 542_Date_2025-12-12_Time_23-34-02_Type_LIGHT_Filter_SII_Exp_600.00s_G_100_Off_10_Ecc_0.41_HFR_1.74px_FWHM_4.33_Temp_2.10_0245.xisf
LIGHT,2025-12-12T23:44:03.4988533,2025-12-12T23:44:03.4988533,2025-12-12T23:49:04.0444208,600.0,600.0,ZWO ASI6200MM Pro,ZWOptical_ZWO ASI6200MM Pro_,100,10,0.246657639741898,1,1,-10.0,-9.9,3.76,3.76,40,66.2,52.2483888888889,-0.12325,NP101is,540.0,5.4,349.704154648244,60.8803435887293,43.64823,317.99383,1.44724248168759,East,LBN 542,23 18 49,+60 52 48,87.16,FocusLynx Focuser 1,11129,11129,1.325,2.0,2.0,Manual Rotator,0.0,0.0,0.0,Ascom.SxUFW (v2) ,SII,100.0,5.17576112570913,91.0,1013.01189107289,6.51000000000005,306.0,6.444,3.204,2000.0,N.I.N.A. 3.2.0.9001 (x64),LBN 542_Date_2025-12-12_Time_23-44-03_Type_LIGHT_Filter_SII_Exp_600.00s_G_100_Off_10_Ecc_0.40_HFR_1.75px_FWHM_4.38_Temp_2.00_0246.xisf,1,/mnt/raid0/AstroImaging/Source/LBN 548/LIGHT/SII/LBN 542_Date_2025-12-12_Time_23-44-03_Type_LIGHT_Filter_SII_Exp_600.00s_G_100_Off_10_Ecc_0.40_HFR_1.75px_FWHM_4.38_Temp_2.00_0246.xisf
LIGHT,2025-12-12T23:54:17.1263962,2025-12-12T23:54:17.1263962,2025-12-12T23:59:17.6943648,600.0,600.0,ZWO ASI6200MM Pro,ZWOptical_ZWO ASI6200MM Pro_,100,10,0.246657639741898,1,1,-10.0,-10.0,3.76,3.76,40,66.2,52.2483888888889,-0.12325,NP101is,540.0,5.4,349.705573215201,60.8798829826017,42.60735,318.92102,1.47547514330701,East,LBN 542,23 18 49,+60 52 48,87.16,FocusLynx Focuser 1,11129,11129,1.325,2.0,2.0,Manual Rotator,0.0,0.0,0.0,Ascom.SxUFW (v2) ,SII,100.0,5.17576112570913,91.0,1013.01189107289,6.51000000000005,306.0,6.444,3.204,2000.0,N.I.N.A. 3.2.0.9001 (x64),LBN 542_Date_2025-12-12_Time_23-54-17_Type_LIGHT_Filter_SII_Exp_600.00s_G_100_Off_10_Ecc_0.40_HFR_1.74px_FWHM_4.33_Temp_2.00_0247.xisf,1,/mnt/raid0/AstroImaging/Source/LBN 548/LIGHT/SII/LBN 542_Date_2025-12-12_Time_23-54-17_Type_LIGHT_Filter_SII_Exp_600.00s_G_100_Off_10_Ecc_0.40_HFR_1.74px_FWHM_4.33_Temp_2.00_0247.xisf
LIGHT,2025-12-13T00:04:18.3823120,2025-12-13T00:04:18.3823120,2025-12-13T00:09:18.9112339,600.0,600.0,ZWO ASI6200MM Pro,ZWOptical_ZWO ASI6200MM Pro_,100,10,0.246657639741898,1,1,-10.0,-9.9,3.76,3.76,40,66.2,52.2483888888889,-0.12325,NP101is,540.0,5.4,349.705663897485,60.879863006723,41.60829,319.85141,1.50410050057558,East,LBN 542,23 18 49,+60 52 48,87.16,FocusLynx Focuser 1,11129,11129,1.325,2.0,2.0,Manual Rotator,0.0,0.0,0.0,Ascom.SxUFW (v2) ,SII,100.0,5.17576112570913,91.0,1013.01189107289,6.51000000000005,306.0,6.444,3.204,2000.0,N.I.N.A. 3.2.0.9001 (x64),LBN 542_Date_2025-12-13_Time_00-04-18_Type_LIGHT_Filter_SII_Exp_600.00s_G_100_Off_10_Ecc_0.42_HFR_1.79px_FWHM_4.53_Temp_2.00_0248.xisf,1,/mnt/raid0/AstroImaging/Source/LBN 548/LIGHT/SII/LBN 542_Date_2025-12-13_Time_00-04-18_Type_LIGHT_Filter_SII_Exp_600.00s_G_100_Off_10_Ecc_0.42_HFR_1.79px_FWHM_4.53_Temp_2.00_0248.xisf
LIGHT,2025-12-13T00:14:19.5566697,2025-12-13T00:14:19.5566697,2025-12-13T00:19:20.1213032,600.0,600.0,ZWO ASI6200MM Pro,ZWOptical_ZWO ASI6200MM Pro_,100,10,0.246657639741898,1,1,-10.0,-10.0,3.76,3.76,40,66.2,52.2483888888889,-0.12325,NP101is,540.0,5.4,349.705590369885,60.8798531108595,40.62868,320.80349,1.5337246273362,East,LBN 542,23 18 49,+60 52 48,87.16,FocusLynx Focuser 1,11129,11129,1.325,1.9,1.9,Manual Rotator,0.0,0.0,0.0,Ascom.SxUFW (v2) ,SII,100.0,5.17576112570913,91.0,1013.01189107289,6.51000000000005,306.0,6.444,3.204,2000.0,N.I.N.A. 3.2.0.9001 (x64),LBN 542_Date_2025-12-13_Time_00-14-19_Type_LIGHT_Filter_SII_Exp_600.00s_G_100_Off_10_Ecc_0.40_HFR_1.76px_FWHM_4.38_Temp_1.90_0249.xisf,1,/mnt/raid0/AstroImaging/Source/LBN 548/LIGHT/SII/LBN 542_Date_2025-12-13_Time_00-14-19_Type_LIGHT_Filter_SII_Exp_600.00s_G_100_Off_10_Ecc_0.40_HFR_1.76px_FWHM_4.38_Temp_1.90_0249.xisf
LIGHT,2025-12-13T00:24:33.4850430,2025-12-13T00:24:33.4850430,2025-12-13T00:29:34.0368382,600.0,600.0,ZWO ASI6200MM Pro,ZWOptical_ZWO ASI6200MM Pro_,100,10,0.246657639741898,1,1,-10.0,-9.9,3.76,3.76,40,66.2,52.2483888888889,-0.12325,NP101is,540.0,5.4,349.708457623656,60.879621785236,39.64456,321.80161,1.5651483090598,East,LBN 542,23 18 49,+60 52 48,87.16,FocusLynx Focuser 1,11129,11129,1.325,2.0,2.0,Manual Rotator,0.0,0.0,0.0,Ascom.SxUFW (v2) ,SII,100.0,5.17576112570913,91.0,1013.01189107289,6.51000000000005,306.0,6.444,3.204,2000.0,N.I.N.A. 3.2.0.9001 (x64),LBN 542_Date_2025-12-13_Time_00-24-33_Type_LIGHT_Filter_SII_Exp_600.00s_G_100_Off_10_Ecc_0.40_HFR_1.77px_FWHM_4.44_Temp_2.00_0250.xisf,1,/mnt/raid0/AstroImaging/Source/LBN 548/LIGHT/SII/LBN 542_Date_2025-12-13_Time_00-24-33_Type_LIGHT_Filter_SII_Exp_600.00s_G_100_Off_10_Ecc_0.40_HFR_1.77px_FWHM_4.44_Temp_2.00_0250.xisf
LIGHT,2025-12-13T00:34:34.7160171,2025-12-13T00:34:34.7160171,2025-12-13T00:39:35.2882059,600.0,600.0,ZWO ASI6200MM Pro,ZWOptical_ZWO ASI6200MM Pro_,100,10,0.246657639741898,1,1,-10.0,-10.0,3.76,3.76,40,66.2,52.2483888888889,-0.12325,NP101is,540.0,5.4,349.708443835585,60.87962185961,38.70624,322.79541,1.59677445131217,East,LBN 542,23 18 49,+60 52 48,87.16,FocusLynx Focuser 1,11129,11129,1.325,2.0,2.0,Manual Rotator,0.0,0.0,0.0,Ascom.SxUFW (v2) ,SII,100.0,5.17576112570913,91.0,1013.01189107289,6.51000000000005,306.0,6.444,3.204,2000.0,N.I.N.A. 3.2.0.9001 (x64),LBN 542_Date_2025-12-13_Time_00-34-34_Type_LIGHT_Filter_SII_Exp_600.00s_G_100_Off_10_Ecc_0.42_HFR_1.82px_FWHM_4.66_Temp_2.00_0251.xisf,1,/mnt/raid0/AstroImaging/Source/LBN 548/LIGHT/SII/LBN 542_Date_2025-12-13_Time_00-34-34_Type_LIGHT_Filter_SII_Exp_600.00s_G_100_Off_10_Ecc_0.42_HFR_1.82px_FWHM_4.66_Temp_2.00_0251.xisf
LIGHT,2025-12-13T00:44:36.0035653,2025-12-13T00:44:36.0035653,2025-12-13T00:49:36.5470827,600.0,600.0,ZWO ASI6200MM Pro,ZWOptical_ZWO ASI6200MM Pro_,100,10,0.246657639741898,1,1,-10.0,-9.9,3.76,3.76,40,66.2,52.2483888888889,-0.12325,NP101is,540.0,5.4,349.708489765725,60.8796219046391,37.7899444444444,323.80783,1.62934079428194,East,LBN 542,23 18 49,+60 52 48,87.16,FocusLynx Focuser 1,11129,11129,1.325,2.0,2.0,Manual Rotator,0.0,0.0,0.0,Ascom.SxUFW (v2) ,SII,100.0,5.17576112570913,91.0,1013.01189107289,6.51000000000005,306.0,6.444,3.204,2000.0,N.I.N.A. 3.2.0.9001 (x64),LBN 542_Date_2025-12-13_Time_00-44-36_Type_LIGHT_Filter_SII_Exp_600.00s_G_100_Off_10_Ecc_0.40_HFR_1.81px_FWHM_4.61_Temp_2.00_0252.xisf,1,/mnt/raid0/AstroImaging/Source/LBN 548/LIGHT/SII/LBN 542_Date_2025-12-13_Time_00-44-36_Type_LIGHT_Filter_SII_Exp_600.00s_G_100_Off_10_Ecc_0.40_HFR_1.81px_FWHM_4.61_Temp_2.00_0252.xisf
LIGHT,2025-12-13T01:00:22.9135518,2025-12-13T01:00:22.9135518,2025-12-13T01:05:23.4626223,600.0,600.0,ZWO ASI6200MM Pro,ZWOptical_ZWO ASI6200MM Pro_,100,10,0.246657639741898,1,1,-10.0,-10.0,3.76,3.76,40,66.2,52.2483888888889,-0.12325,NP101is,540.0,5.4,349.704016485281,60.8815141222546,36.38646,325.45073,1.68272596467556,East,LBN 542,23 18 49,+60 52 48,87.16,FocusLynx Focuser 1,11131,11131,1.325,1.8,1.8,Manual Rotator,0.0,0.0,0.0,Ascom.SxUFW (v2) ,SII,100.0,5.17576112570913,91.0,1013.01189107289,6.51000000000005,306.0,6.444,3.204,2000.0,N.I.N.A. 3.2.0.9001 (x64),LBN 542_Date_2025-12-13_Time_01-00-22_Type_LIGHT_Filter_SII_Exp_600.00s_G_100_Off_10_Ecc_0.42_HFR_1.77px_FWHM_4.47_Temp_1.80_0253.xisf,1,/mnt/raid0/AstroImaging/Source/LBN 548/LIGHT/SII/LBN 542_Date_2025-12-13_Time_01-00-22_Type_LIGHT_Filter_SII_Exp_600.00s_G_100_Off_10_Ecc_0.42_HFR_1.77px_FWHM_4.47_Temp_1.80_0253.xisf
LIGHT,2025-12-13T01:10:24.1195731,2025-12-13T01:10:24.1195731,2025-12-13T01:15:24.6866856,600.0,600.0,ZWO ASI6200MM Pro,ZWOptical_ZWO ASI6200MM Pro_,100,10,0.246657639741898,1,1,-10.0,-10.0,3.76,3.76,40,66.2,52.2483888888889,-0.12325,NP101is,540.0,5.4,349.703928004371,60.8814942341031,35.52778,326.51177,1.71766008971271,East,LBN 542,23 18 49,+60 52 48,87.16,FocusLynx Focuser 1,11131,11131,1.325,1.7,1.7,Manual Rotator,0.0,0.0,0.0,Ascom.SxUFW (v2) ,SII,100.0,5.17576112570913,91.0,1013.01189107289,6.51000000000005,306.0,6.444,3.204,2000.0,N.I.N.A. 3.2.0.9001 (x64),LBN 542_Date_2025-12-13_Time_01-10-24_Type_LIGHT_Filter_SII_Exp_600.00s_G_100_Off_10_Ecc_0.42_HFR_1.78px_FWHM_4.53_Temp_1.70_0254.xisf,1,/mnt/raid0/AstroImaging/Source/LBN 548/LIGHT/SII/LBN 542_Date_2025-12-13_Time_01-10-24_Type_LIGHT_Filter_SII_Exp_600.00s_G_100_Off_10_Ecc_0.42_HFR_1.78px_FWHM_4.53_Temp_1.70_0254.xisf
LIGHT,2025-12-13T01:20:25.3710508,2025-12-13T01:20:25.3710508,2025-12-13T01:25:25.9283965,600.0,600.0,ZWO ASI6200MM Pro,ZWOptical_ZWO ASI6200MM Pro_,100,10,0.246657639741898,1,1,-10.0,-10.0,3.76,3.76,40,66.2,52.2483888888889,-0.12325,NP101is,540.0,5.4,349.703958986686,60.8814842871357,34.69074,327.59321,1.75351835491623,East,LBN 542,23 18 49,+60 52 48,87.16,FocusLynx Focuser 1,11131,11131,1.325,1.6,1.6,Manual Rotator,0.0,0.0,0.0,Ascom.SxUFW (v2) ,SII,100.0,5.17576112570913,91.0,1013.01189107289,6.51000000000005,306.0,6.444,3.204,2000.0,N.I.N.A. 3.2.0.9001 (x64),LBN 542_Date_2025-12-13_Time_01-20-25_Type_LIGHT_Filter_SII_Exp_600.00s_G_100_Off_10_Ecc_0.47_HFR_1.83px_FWHM_4.73_Temp_1.60_0255.xisf,1,/mnt/raid0/AstroImaging/Source/LBN 548/LIGHT/SII/LBN 542_Date_2025-12-13_Time_01-20-25_Type_LIGHT_Filter_SII_Exp_600.00s_G_100_Off_10_Ecc_0.47_HFR_1.83px_FWHM_4.73_Temp_1.60_0255.xisf
LIGHT,2025-12-13T01:30:38.6486727,2025-12-13T01:30:38.6486727,2025-12-13T01:35:39.2017388,600.0,600.0,ZWO ASI6200MM Pro,ZWOptical_ZWO ASI6200MM Pro_,100,10,0.246657639741898,1,1,-10.0,-9.9,3.76,3.76,40,66.2,52.2483888888889,-0.12325,NP101is,540.0,5.4,349.704541364246,60.8809740926908,33.86319,328.71166,1.79084856541979,East,LBN 542,23 18 49,+60 52 48,87.16,FocusLynx Focuser 1,11131,11131,1.325,1.5,1.5,Manual Rotator,0.0,0.0,0.0,Ascom.SxUFW (v2) ,SII,100.0,5.17576112570913,91.0,1013.01189107289,6.51000000000005,306.0,6.444,3.204,2000.0,N.I.N.A. 3.2.0.9001 (x64),LBN 542_Date_2025-12-13_Time_01-30-38_Type_LIGHT_Filter_SII_Exp_600.00s_G_100_Off_10_Ecc_0.41_HFR_1.79px_FWHM_4.56_Temp_1.50_0256.xisf,1,/mnt/raid0/AstroImaging/Source/LBN 548/LIGHT/SII/LBN 542_Date_2025-12-13_Time_01-30-38_Type_LIGHT_Filter_SII_Exp_600.00s_G_100_Off_10_Ecc_0.41_HFR_1.79px_FWHM_4.56_Temp_1.50_0256.xisf
LIGHT,2025-12-13T01:40:39.8753761,2025-12-13T01:40:39.8753761,2025-12-13T01:45:40.4129503,600.0,600.0,ZWO ASI6200MM Pro,ZWOptical_ZWO ASI6200MM Pro_,100,10,0.246657639741898,1,1,-10.0,-10.0,3.76,3.76,40,66.2,52.2483888888889,-0.12325,NP101is,540.0,5.4,349.704587336024,60.8809941369531,33.07779,329.82513,1.82812971469324,East,LBN 542,23 18 49,+60 52 48,87.16,FocusLynx Focuser 1,11131,11131,1.325,1.5,1.5,Manual Rotator,0.0,0.0,0.0,Ascom.SxUFW (v2) ,SII,100.0,5.17576112570913,91.0,1013.01189107289,6.51000000000005,306.0,6.444,3.204,2000.0,N.I.N.A. 3.2.0.9001 (x64),LBN 542_Date_2025-12-13_Time_01-40-39_Type_LIGHT_Filter_SII_Exp_600.00s_G_100_Off_10_Ecc_0.41_HFR_1.81px_FWHM_4.65_Temp_1.50_0257.xisf,1,/mnt/raid0/AstroImaging/Source/LBN 548/LIGHT/SII/LBN 542_Date_2025-12-13_Time_01-40-39_Type_LIGHT_Filter_SII_Exp_600.00s_G_100_Off_10_Ecc_0.41_HFR_1.81px_FWHM_4.65_Temp_1.50_0257.xisf
LIGHT,2025-12-13T01:50:41.0820819,2025-12-13T01:50:41.0820819,2025-12-13T01:55:41.6113417,600.0,600.0,ZWO ASI6200MM Pro,ZWOptical_ZWO ASI6200MM Pro_,100,10,0.246657639741898,1,1,-10.0,-10.0,3.76,3.76,40,66.2,52.2483888888889,-0.12325,NP101is,540.0,5.4,349.704543704352,60.8810042254126,32.31983,330.95213,1.86594126041076,East,LBN 542,23 18 49,+60 52 48,87.16,FocusLynx Focuser 1,11131,11131,1.325,1.4,1.4,Manual Rotator,0.0,0.0,0.0,Ascom.SxUFW (v2) ,SII,100.0,5.17576112570913,91.0,1013.01189107289,6.51000000000005,306.0,6.444,3.204,2000.0,N.I.N.A. 3.2.0.9001 (x64),LBN 542_Date_2025-12-13_Time_01-50-41_Type_LIGHT_Filter_SII_Exp_600.00s_G_100_Off_10_Ecc_0.42_HFR_1.87px_FWHM_4.90_Temp_1.40_0258.xisf,1,/mnt/raid0/AstroImaging/Source/LBN 548/LIGHT/SII/LBN 542_Date_2025-12-13_Time_01-50-41_Type_LIGHT_Filter_SII_Exp_600.00s_G_100_Off_10_Ecc_0.42_HFR_1.87px_FWHM_4.90_Temp_1.40_0258.xisf
LIGHT,2025-12-13T02:00:54.9377935,2025-12-13T02:00:54.9377935,2025-12-13T02:05:55.4989020,600.0,600.0,ZWO ASI6200MM Pro,ZWOptical_ZWO ASI6200MM Pro_,100,10,0.246657639741898,1,1,-10.0,-10.0,3.76,3.76,40,66.2,52.2483888888889,-0.12325,NP101is,540.0,5.4,349.701411000773,60.8816958006358,31.5714444444444,332.12257,1.90516672047626,East,LBN 542,23 18 49,+60 52 48,87.16,FocusLynx Focuser 1,11131,11131,1.325,1.3,1.3,Manual Rotator,0.0,0.0,0.0,Ascom.SxUFW (v2) ,SII,100.0,5.17576112570913,91.0,1013.01189107289,6.51000000000005,306.0,6.444,3.204,2000.0,N.I.N.A. 3.2.0.9001 (x64),LBN 542_Date_2025-12-13_Time_02-00-54_Type_LIGHT_Filter_SII_Exp_600.00s_G_100_Off_10_Ecc_0.43_HFR_1.80px_FWHM_4.63_Temp_1.30_0259.xisf,1,/mnt/raid0/AstroImaging/Source/LBN 548/LIGHT/SII/LBN 542_Date_2025-12-13_Time_02-00-54_Type_LIGHT_Filter_SII_Exp_600.00s_G_100_Off_10_Ecc_0.43_HFR_1.80px_FWHM_4.63_Temp_1.30_0259.xisf
LIGHT,2025-12-13T02:10:56.1845102,2025-12-13T02:10:56.1845102,2025-12-13T02:15:56.7396300,600.0,600.0,ZWO ASI6200MM Pro,ZWOptical_ZWO ASI6200MM Pro_,100,10,0.246657639741898,1,1,-10.0,-10.0,3.76,3.76,40,66.2,52.2483888888889,-0.12325,NP101is,540.0,5.4,349.701397231691,60.8817058746643,30.86595,333.28332,1.94398559826595,East,LBN 542,23 18 49,+60 52 48,87.16,FocusLynx Focuser 1,11131,11131,1.325,1.3,1.3,Manual Rotator,0.0,0.0,0.0,Ascom.SxUFW (v2) ,SII,100.0,5.17576112570913,91.0,1013.01189107289,6.51000000000005,306.0,6.444,3.204,2000.0,N.I.N.A. 3.2.0.9001 (x64),LBN 542_Date_2025-12-13_Time_02-10-56_Type_LIGHT_Filter_SII_Exp_600.00s_G_100_Off_10_Ecc_0.40_HFR_1.73px_FWHM_4.54_Temp_1.30_0260.xisf,1,/mnt/raid0/AstroImaging/Source/LBN 548/LIGHT/SII/LBN 542_Date_2025-12-13_Time_02-10-56_Type_LIGHT_Filter_SII_Exp_600.00s_G_100_Off_10_Ecc_0.40_HFR_1.73px_FWHM_4.54_Temp_1.30_0260.xisf
LIGHT,2025-12-13T02:20:57.4048206,2025-12-13T02:20:57.4048206,2025-12-13T02:25:57.9330930,600.0,600.0,ZWO ASI6200MM Pro,ZWOptical_ZWO ASI6200MM Pro_,100,10,0.246657639741898,1,1,-10.0,-10.0,3.76,3.76,40,66.2,52.2483888888889,-0.12325,NP101is,540.0,5.4,349.70138352007,60.8817459471053,30.1905833333333,334.45394,1.98293640836928,East,LBN 542,23 18 49,+60 52 48,87.16,FocusLynx Focuser 1,11131,11131,1.325,1.4,1.4,Manual Rotator,0.0,0.0,0.0,Ascom.SxUFW (v2) ,SII,100.0,5.17576112570913,91.0,1013.01189107289,6.51000000000005,306.0,6.444,3.204,2000.0,N.I.N.A. 3.2.0.9001 (x64),LBN 542_Date_2025-12-13_Time_02-20-57_Type_LIGHT_Filter_SII_Exp_600.00s_G_100_Off_10_Ecc_0.42_HFR_1.79px_FWHM_4.82_Temp_1.40_0261.xisf,1,/mnt/raid0/AstroImaging/Source/LBN 548/LIGHT/SII/LBN 542_Date_2025-12-13_Time_02-20-57_Type_LIGHT_Filter_SII_Exp_600.00s_G_100_Off_10_Ecc_0.42_HFR_1.79px_FWHM_4.82_Temp_1.40_0261.xisf
LIGHT,2025-12-13T02:31:11.7789137,2025-12-13T02:31:11.7789137,2025-12-13T02:36:12.3335873,600.0,600.0,ZWO ASI6200MM Pro,ZWOptical_ZWO ASI6200MM Pro_,100,10,0.246657639741898,1,1,-10.0,-9.9,3.76,3.76,40,66.2,52.2483888888889,-0.12325,NP101is,540.0,5.4,349.704908653097,60.8819842773383,29.53021,335.66444,2.02282958191408,East,LBN 542,23 18 49,+60 52 48,87.16,FocusLynx Focuser 1,11131,11131,1.325,1.4,1.4,Manual Rotator,0.0,0.0,0.0,Ascom.SxUFW (v2) ,SII,100.0,5.17576112570913,91.0,1013.01189107289,6.51000000000005,306.0,6.444,3.204,2000.0,N.I.N.A. 3.2.0.9001 (x64),LBN 542_Date_2025-12-13_Time_02-31-11_Type_LIGHT_Filter_SII_Exp_600.00s_G_100_Off_10_Ecc_0.43_HFR_1.79px_FWHM_4.90_Temp_1.40_0262.xisf,1,/mnt/raid0/AstroImaging/Source/LBN 548/LIGHT/SII/LBN 542_Date_2025-12-13_Time_02-31-11_Type_LIGHT_Filter_SII_Exp_600.00s_G_100_Off_10_Ecc_0.43_HFR_1.79px_FWHM_4.90_Temp_1.40_0262.xisf
LIGHT,2025-12-13T02:41:12.9991236,2025-12-13T02:41:12.9991236,2025-12-13T02:46:13.5443077,600.0,600.0,ZWO ASI6200MM Pro,ZWOptical_ZWO ASI6200MM Pro_,100,10,0.246657639741898,1,1,-10.0,-10.0,3.76,3.76,40,66.2,52.2483888888889,-0.12325,NP101is,540.0,5.4,349.704850399376,60.8821443663889,28.9128055555556,336.86246,2.06184986244466,East,LBN 542,23 18 49,+60 52 48,87.16,FocusLynx Focuser 1,11131,11131,1.325,1.4,1.4,Manual Rotator,0.0,0.0,0.0,Ascom.SxUFW (v2) ,SII,100.0,5.17576112570913,91.0,1013.01189107289,6.51000000000005,306.0,6.444,3.204,2000.0,N.I.N.A. 3.2.0.9001 (x64),LBN 542_Date_2025-12-13_Time_02-41-12_Type_LIGHT_Filter_SII_Exp_600.00s_G_100_Off_10_Ecc_0.56_HFR_1.91px_FWHM_5.28_Temp_1.40_0263.xisf,1,/mnt/raid0/AstroImaging/Source/LBN 548/LIGHT/SII/LBN 542_Date_2025-12-13_Time_02-41-12_Type_LIGHT_Filter_SII_Exp_600.00s_G_100_Off_10_Ecc_0.56_HFR_1.91px_FWHM_5.28_Temp_1.40_0263.xisf
LIGHT,2025-12-14T17:41:38.6578000,2025-12-14T17:41:38.6578000,2025-12-14T17:46:39.2196271,600.0,600.0,ZWO ASI6200MM Pro,ZWOptical_ZWO ASI6200MM Pro_,100,10,0.246657639741898,1,1,-10.0,-10.0,3.76,3.76,40,66.2,52.2483888888889,-0.12325,NP101is,540.0,5.4,25.4523713051604,89.7029385553479,52.35745,0.23426,1.26210473388825,West,LBN 542,23 18 49,+60 52 48,87.16,FocusLynx Focuser 1,11238,11238,1.325,6.2,6.2,Manual Rotator,0.0,0.0,0.0,Ascom.SxUFW (v2) ,SII,100.0,6.50968342688417,83.0,1005.0744815444,9.19,187.0,30.564,20.916,2000.0,N.I.N.A. 3.2.0.9001 (x64),LBN 542_Date_2025-12-14_Time_17-41-38_Type_LIGHT_Filter_SII_Exp_600.00s_G_100_Off_10_Ecc_0.68_HFR_2.46px_FWHM_4.54_Temp_6.20_0269.xisf,1,/mnt/raid0/AstroImaging/Source/LBN 548/LIGHT/SII/LBN 542_Date_2025-12-14_Time_17-41-38_Type_LIGHT_Filter_SII_Exp_600.00s_G_100_Off_10_Ecc_0.68_HFR_2.46px_FWHM_4.54_Temp_6.20_0269.xisf
LIGHT,2025-12-14T17:51:39.9218412,2025-12-14T17:51:39.9218412,2025-12-14T17:56:40.4835826,600.0,600.0,ZWO ASI6200MM Pro,ZWOptical_ZWO ASI6200MM Pro_,100,10,0.246657639741898,1,1,-10.0,-10.0,3.76,3.76,40,66.2,52.2483888888889,-0.12325,NP101is,540.0,5.4,25.4519031145407,89.7029477773635,52.36365,0.22712,1.26199971102228,West,LBN 542,23 18 49,+60 52 48,87.16,FocusLynx Focuser 1,11238,11238,1.325,6.1,6.1,Manual Rotator,0.0,0.0,0.0,Ascom.SxUFW (v2) ,SII,100.0,6.50968342688417,83.0,1005.0744815444,9.19,187.0,30.564,20.916,2000.0,N.I.N.A. 3.2.0.9001 (x64),LBN 542_Date_2025-12-14_Time_17-51-39_Type_LIGHT_Filter_SII_Exp_600.00s_G_100_Off_10_Ecc_0.67_HFR_2.49px_FWHM_4.54_Temp_6.10_0270.xisf,1,/mnt/raid0/AstroImaging/Source/LBN 548/LIGHT/SII/LBN 542_Date_2025-12-14_Time_17-51-39_Type_LIGHT_Filter_SII_Exp_600.00s_G_100_Off_10_Ecc_0.67_HFR_2.49px_FWHM_4.54_Temp_6.10_0270.xisf
LIGHT,2025-12-14T18:01:41.2378793,2025-12-14T18:01:41.2378793,2025-12-14T18:06:41.7804237,600.0,600.0,ZWO ASI6200MM Pro,ZWOptical_ZWO ASI6200MM Pro_,100,10,0.246657639741898,1,1,-10.0,-10.0,3.76,3.76,40,66.2,52.2483888888889,-0.12325,NP101is,540.0,5.4,25.4519519474525,89.7029473039737,52.36966,0.21954,1.2618979373182,West,LBN 542,23 18 49,+60 52 48,87.16,FocusLynx Focuser 1,11238,11238,1.325,6.0,6.0,Manual Rotator,0.0,0.0,0.0,Ascom.SxUFW (v2) ,SII,100.0,6.50968342688417,83.0,1005.0744815444,9.19,187.0,30.564,20.916,2000.0,N.I.N.A. 3.2.0.9001 (x64),LBN 542_Date_2025-12-14_Time_18-01-41_Type_LIGHT_Filter_SII_Exp_600.00s_G_100_Off_10_Ecc_0.68_HFR_2.50px_FWHM_4.68_Temp_6.00_0271.xisf,1,/mnt/raid0/AstroImaging/Source/LBN 548/LIGHT/SII/LBN 542_Date_2025-12-14_Time_18-01-41_Type_LIGHT_Filter_SII_Exp_600.00s_G_100_Off_10_Ecc_0.68_HFR_2.50px_FWHM_4.68_Temp_6.00_0271.xisf
LIGHT,2025-12-14T18:11:55.0290318,2025-12-14T18:11:55.0290318,2025-12-14T18:16:55.5795468,600.0,600.0,ZWO ASI6200MM Pro,ZWOptical_ZWO ASI6200MM Pro_,100,10,0.246657639741898,1,1,-10.0,-10.0,3.76,3.76,40,66.2,52.2483888888889,-0.12325,NP101is,540.0,5.4,25.4670755836151,89.7030208837251,52.37545,0.21146,1.26179991769941,West,LBN 542,23 18 49,+60 52 48,87.16,FocusLynx Focuser 1,11238,11238,1.325,6.0,6.0,Manual Rotator,0.0,0.0,0.0,Ascom.SxUFW (v2) ,SII,100.0,6.50968342688417,83.0,1005.0744815444,9.19,187.0,30.564,20.916,2000.0,N.I.N.A. 3.2.0.9001 (x64),LBN 542_Date_2025-12-14_Time_18-11-55_Type_LIGHT_Filter_SII_Exp_600.00s_G_100_Off_10_Ecc_0.67_HFR_2.55px_FWHM_4.69_Temp_6.00_0272.xisf,1,/mnt/raid0/AstroImaging/Source/LBN 548/LIGHT/SII/LBN 542_Date_2025-12-14_Time_18-11-55_Type_LIGHT_Filter_SII_Exp_600.00s_G_100_Off_10_Ecc_0.67_HFR_2.55px_FWHM_4.69_Temp_6.00_0272.xisf
LIGHT,2025-12-14T18:21:56.2620452,2025-12-14T18:21:56.2620452,2025-12-14T18:26:56.8179795,600.0,600.0,ZWO ASI6200MM Pro,ZWOptical_ZWO ASI6200MM Pro_,100,10,0.246657639741898,1,1,-10.0,-10.0,3.76,3.76,40,66.2,52.2483888888889,-0.12325,NP101is,540.0,5.4,25.4673419129164,89.7030101010371,52.38101,0.20311,1.2617058181799,West,LBN 542,23 18 49,+60 52 48,87.16,FocusLynx Focuser 1,11238,11238,1.325,6.0,6.0,Manual Rotator,0.0,0.0,0.0,Ascom.SxUFW (v2) ,SII,100.0,6.50968342688417,83.0,1005.0744815444,9.19,187.0,30.564,20.916,2000.0,N.I.N.A. 3.2.0.9001 (x64),LBN 542_Date_2025-12-14_Time_18-21-56_Type_LIGHT_Filter_SII_Exp_600.00s_G_100_Off_10_Ecc_0.66_HFR_2.54px_FWHM_4.67_Temp_6.00_0273.xisf,1,/mnt/raid0/AstroImaging/Source/LBN 548/LIGHT/SII/LBN 542_Date_2025-12-14_Time_18-21-56_Type_LIGHT_Filter_SII_Exp_600.00s_G_100_Off_10_Ecc_0.66_HFR_2.54px_FWHM_4.67_Temp_6.00_0273.xisf
LIGHT,2025-12-14T18:31:57.5089104,2025-12-14T18:31:57.5089104,2025-12-14T18:36:58.0798107,600.0,600.0,ZWO ASI6200MM Pro,ZWOptical_ZWO ASI6200MM Pro_,100,10,0.246657639741898,1,1,-10.0,-10.0,3.76,3.76,40,66.2,52.2483888888889,-0.12325,NP101is,540.0,5.4,25.4685396616416,89.7029904708877,52.38638,0.19428,1.26161495883966,West,LBN 542,23 18 49,+60 52 48,87.16,FocusLynx Focuser 1,11238,11238,1.325,6.0,6.0,Manual Rotator,0.0,0.0,0.0,Ascom.SxUFW (v2) ,SII,100.0,6.50968342688417,83.0,1005.0744815444,9.19,187.0,30.564,20.916,2000.0,N.I.N.A. 3.2.0.9001 (x64),LBN 542_Date_2025-12-14_Time_18-31-57_Type_LIGHT_Filter_SII_Exp_600.00s_G_100_Off_10_Ecc_0.65_HFR_2.53px_FWHM_4.55_Temp_6.00_0274.xisf,1,/mnt/raid0/AstroImaging/Source/LBN 548/LIGHT/SII/LBN 542_Date_2025-12-14_Time_18-31-57_Type_LIGHT_Filter_SII_Exp_600.00s_G_100_Off_10_Ecc_0.65_HFR_2.53px_FWHM_4.55_Temp_6.00_0274.xisf
LIGHT,2025-12-14T18:42:10.6720951,2025-12-14T18:42:10.6720951,2025-12-14T18:47:11.2163603,600.0,600.0,ZWO ASI6200MM Pro,ZWOptical_ZWO ASI6200MM Pro_,100,10,0.246657639741898,1,1,-10.0,-10.0,3.76,3.76,40,66.2,52.2483888888889,-0.12325,NP101is,540.0,5.4,25.4771688040962,89.7025020293425,52.392,0.18529,1.26151989537335,West,LBN 542,23 18 49,+60 52 48,87.16,FocusLynx Focuser 1,11238,11238,1.325,6.0,6.0,Manual Rotator,0.0,0.0,0.0,Ascom.SxUFW (v2) ,SII,100.0,6.50968342688417,83.0,1005.0744815444,9.19,187.0,30.564,20.916,2000.0,N.I.N.A. 3.2.0.9001 (x64),LBN 542_Date_2025-12-14_Time_18-42-10_Type_LIGHT_Filter_SII_Exp_600.00s_G_100_Off_10_Ecc_0.66_HFR_2.54px_FWHM_4.63_Temp_6.00_0275.xisf,1,/mnt/raid0/AstroImaging/Source/LBN 548/LIGHT/SII/LBN 542_Date_2025-12-14_Time_18-42-10_Type_LIGHT_Filter_SII_Exp_600.00s_G_100_Off_10_Ecc_0.66_HFR_2.54px_FWHM_4.63_Temp_6.00_0275.xisf
LIGHT,2025-12-14T18:52:11.9027942,2025-12-14T18:52:11.9027942,2025-12-14T18:57:12.4280397,600.0,600.0,ZWO ASI6200MM Pro,ZWOptical_ZWO ASI6200MM Pro_,100,10,0.246657639741898,1,1,-10.0,-10.0,3.76,3.76,40,66.2,52.2483888888889,-0.12325,NP101is,540.0,5.4,25.4761638832569,89.7025209017946,52.39684,0.1757,1.26143804693093,West,LBN 542,23 18 49,+60 52 48,87.16,FocusLynx Focuser 1,11238,11238,1.325,6.1,6.1,Manual Rotator,0.0,0.0,0.0,Ascom.SxUFW (v2) ,SII,100.0,6.50968342688417,83.0,1005.0744815444,9.19,187.0,30.564,20.916,2000.0,N.I.N.A. 3.2.0.9001 (x64),LBN 542_Date_2025-12-14_Time_18-52-11_Type_LIGHT_Filter_SII_Exp_600.00s_G_100_Off_10_Ecc_0.65_HFR_2.52px_FWHM_4.54_Temp_6.10_0276.xisf,1,/mnt/raid0/AstroImaging/Source/LBN 548/LIGHT/SII/LBN 542_Date_2025-12-14_Time_18-52-11_Type_LIGHT_Filter_SII_Exp_600.00s_G_100_Off_10_Ecc_0.65_HFR_2.52px_FWHM_4.54_Temp_6.10_0276.xisf
LIGHT,2025-12-14T19:02:13.0851789,2025-12-14T19:02:13.0851789,2025-12-14T19:07:13.6186730,600.0,600.0,ZWO ASI6200MM Pro,ZWOptical_ZWO ASI6200MM Pro_,100,10,0.246657639741898,1,1,-10.0,-10.0,3.76,3.76,40,66.2,52.2483888888889,-0.12325,NP101is,540.0,5.4,25.4768239623135,89.702510931546,52.40141,0.16581,1.26136078238499,West,LBN 542,23 18 49,+60 52 48,87.16,FocusLynx Focuser 1,11238,11238,1.325,6.2,6.2,Manual Rotator,0.0,0.0,0.0,Ascom.SxUFW (v2) ,SII,100.0,6.50968342688417,83.0,1005.0744815444,9.19,187.0,30.564,20.916,2000.0,N.I.N.A. 3.2.0.9001 (x64),LBN 542_Date_2025-12-14_Time_19-02-13_Type_LIGHT_Filter_SII_Exp_600.00s_G_100_Off_10_Ecc_0.66_HFR_2.53px_FWHM_4.62_Temp_6.20_0277.xisf,1,/mnt/raid0/AstroImaging/Source/LBN 548/LIGHT/SII/LBN 542_Date_2025-12-14_Time_19-02-13_Type_LIGHT_Filter_SII_Exp_600.00s_G_100_Off_10_Ecc_0.66_HFR_2.53px_FWHM_4.62_Temp_6.20_0277.xisf
LIGHT,2025-12-14T19:18:59.8166314,2025-12-14T19:18:59.8166314,2025-12-14T19:24:00.3581840,600.0,600.0,ZWO ASI6200MM Pro,ZWOptical_ZWO ASI6200MM Pro_,100,10,0.246657639741898,1,1,-10.0,-10.0,3.76,3.76,40,66.2,52.2483888888889,-0.12325,NP101is,540.0,5.4,349.70414864871,60.8798393072233,73.46221,312.11561,1.04299316796073,East,LBN 542,23 18 49,+60 52 48,87.16,FocusLynx Focuser 1,11238,11238,1.325,6.3,6.3,Manual Rotator,0.0,0.0,0.0,Ascom.SxUFW (v2) ,SII,100.0,6.50968342688417,83.0,1005.0744815444,9.19,187.0,30.564,20.916,2000.0,N.I.N.A. 3.2.0.9001 (x64),LBN 542_Date_2025-12-14_Time_19-18-59_Type_LIGHT_Filter_SII_Exp_600.00s_G_100_Off_10_Ecc_0.41_HFR_1.70px_FWHM_4.14_Temp_6.30_0278.xisf,1,/mnt/raid0/AstroImaging/Source/LBN 548/LIGHT/SII/LBN 542_Date_2025-12-14_Time_19-18-59_Type_LIGHT_Filter_SII_Exp_600.00s_G_100_Off_10_Ecc_0.41_HFR_1.70px_FWHM_4.14_Temp_6.30_0278.xisf
LIGHT,2025-12-14T19:29:01.0408331,2025-12-14T19:29:01.0408331,2025-12-14T19:34:01.5668596,600.0,600.0,ZWO ASI6200MM Pro,ZWOptical_ZWO ASI6200MM Pro_,100,10,0.246657639741898,1,1,-10.0,-10.0,3.76,3.76,40,66.2,52.2483888888889,-0.12325,NP101is,540.0,5.4,349.704209357221,60.8798393248932,72.30823,310.79445,1.04946647818843,East,LBN 542,23 18 49,+60 52 48,87.16,FocusLynx Focuser 1,11238,11238,1.325,6.4,6.4,Manual Rotator,0.0,0.0,0.0,Ascom.SxUFW (v2) ,SII,100.0,6.50968342688417,83.0,1005.0744815444,9.19,187.0,30.564,20.916,2000.0,N.I.N.A. 3.2.0.9001 (x64),LBN 542_Date_2025-12-14_Time_19-29-01_Type_LIGHT_Filter_SII_Exp_600.00s_G_100_Off_10_Ecc_0.41_HFR_1.70px_FWHM_4.14_Temp_6.40_0279.xisf,1,/mnt/raid0/AstroImaging/Source/LBN 548/LIGHT/SII/LBN 542_Date_2025-12-14_Time_19-29-01_Type_LIGHT_Filter_SII_Exp_600.00s_G_100_Off_10_Ecc_0.41_HFR_1.70px_FWHM_4.14_Temp_6.40_0279.xisf
LIGHT,2025-12-14T19:44:00.8649651,2025-12-14T19:44:00.8649651,2025-12-14T19:49:01.3904855,600.0,600.0,ZWO ASI6200MM Pro,ZWOptical_ZWO ASI6200MM Pro_,100,10,0.246657639741898,1,1,-10.0,-10.0,3.76,3.76,40,66.2,52.2483888888889,-0.12325,NP101is,540.0,5.4,349.704046623743,60.8798494754096,70.54816,309.35866,1.06032994730185,East,LBN 542,23 18 49,+60 52 48,87.16,FocusLynx Focuser 1,11212,11212,1.325,6.5,6.5,Manual Rotator,0.0,0.0,0.0,Ascom.SxUFW (v2) ,SII,100.0,6.50968342688417,83.0,1005.0744815444,9.19,187.0,30.564,20.916,2000.0,N.I.N.A. 3.2.0.9001 (x64),LBN 542_Date_2025-12-14_Time_19-44-00_Type_LIGHT_Filter_SII_Exp_600.00s_G_100_Off_10_Ecc_0.40_HFR_1.70px_FWHM_4.16_Temp_6.50_0280.xisf,1,/mnt/raid0/AstroImaging/Source/LBN 548/LIGHT/SII/LBN 542_Date_2025-12-14_Time_19-44-00_Type_LIGHT_Filter_SII_Exp_600.00s_G_100_Off_10_Ecc_0.40_HFR_1.70px_FWHM_4.16_Temp_6.50_0280.xisf
LIGHT,2025-12-14T19:54:14.5808640,2025-12-14T19:54:14.5808640,2025-12-14T19:59:15.1322813,600.0,600.0,ZWO ASI6200MM Pro,ZWOptical_ZWO ASI6200MM Pro_,100,10,0.246657639741898,1,1,-10.0,-10.0,3.76,3.76,40,66.2,52.2483888888889,-0.12325,NP101is,540.0,5.4,349.705867634404,60.8791486578448,69.32638,308.67731,1.06860114812396,East,LBN 542,23 18 49,+60 52 48,87.16,FocusLynx Focuser 1,11212,11212,1.325,6.6,6.6,Manual Rotator,0.0,0.0,0.0,Ascom.SxUFW (v2) ,SII,100.0,6.50968342688417,83.0,1005.0744815444,9.19,187.0,30.564,20.916,2000.0,N.I.N.A. 3.2.0.9001 (x64),LBN 542_Date_2025-12-14_Time_19-54-14_Type_LIGHT_Filter_SII_Exp_600.00s_G_100_Off_10_Ecc_0.40_HFR_1.70px_FWHM_4.13_Temp_6.60_0281.xisf,1,/mnt/raid0/AstroImaging/Source/LBN 548/LIGHT/SII/LBN 542_Date_2025-12-14_Time_19-54-14_Type_LIGHT_Filter_SII_Exp_600.00s_G_100_Off_10_Ecc_0.40_HFR_1.70px_FWHM_4.13_Temp_6.60_0281.xisf
LIGHT,2025-12-14T20:04:15.8135282,2025-12-14T20:04:15.8135282,2025-12-14T20:09:16.3432224,600.0,600.0,ZWO ASI6200MM Pro,ZWOptical_ZWO ASI6200MM Pro_,100,10,0.246657639741898,1,1,-10.0,-10.0,3.76,3.76,40,66.2,52.2483888888889,-0.12325,NP101is,540.0,5.4,349.705793990725,60.8791587407327,68.12191,308.20863,1.0773649070873,East,LBN 542,23 18 49,+60 52 48,87.16,FocusLynx Focuser 1,11212,11212,1.325,6.8,6.8,Manual Rotator,0.0,0.0,0.0,Ascom.SxUFW (v2) ,SII,100.0,6.50968342688417,83.0,1005.0744815444,9.19,187.0,30.564,20.916,2000.0,N.I.N.A. 3.2.0.9001 (x64),LBN 542_Date_2025-12-14_Time_20-04-15_Type_LIGHT_Filter_SII_Exp_600.00s_G_100_Off_10_Ecc_0.41_HFR_1.70px_FWHM_4.20_Temp_6.80_0282.xisf,1,/mnt/raid0/AstroImaging/Source/LBN 548/LIGHT/SII/LBN 542_Date_2025-12-14_Time_20-04-15_Type_LIGHT_Filter_SII_Exp_600.00s_G_100_Off_10_Ecc_0.41_HFR_1.70px_FWHM_4.20_Temp_6.80_0282.xisf
LIGHT,2025-12-14T20:14:17.0077611,2025-12-14T20:14:17.0077611,2025-12-14T20:19:17.5294788,600.0,600.0,ZWO ASI6200MM Pro,ZWOptical_ZWO ASI6200MM Pro_,100,10,0.246657639741898,1,1,-10.0,-9.9,3.76,3.76,40,66.2,52.2483888888889,-0.12325,NP101is,540.0,5.4,349.705809883039,60.8791487802081,66.91332,307.90525,1.08679019687944,East,LBN 542,23 18 49,+60 52 48,87.16,FocusLynx Focuser 1,11212,11212,1.325,6.8,6.8,Manual Rotator,0.0,0.0,0.0,Ascom.SxUFW (v2) ,SII,100.0,6.50968342688417,83.0,1005.0744815444,9.19,187.0,30.564,20.916,2000.0,N.I.N.A. 3.2.0.9001 (x64),LBN 542_Date_2025-12-14_Time_20-14-17_Type_LIGHT_Filter_SII_Exp_600.00s_G_100_Off_10_Ecc_0.40_HFR_1.70px_FWHM_4.16_Temp_6.80_0283.xisf,1,/mnt/raid0/AstroImaging/Source/LBN 548/LIGHT/SII/LBN 542_Date_2025-12-14_Time_20-14-17_Type_LIGHT_Filter_SII_Exp_600.00s_G_100_Off_10_Ecc_0.40_HFR_1.70px_FWHM_4.16_Temp_6.80_0283.xisf
LIGHT,2025-12-14T20:24:31.9847222,2025-12-14T20:24:31.9847222,2025-12-14T20:29:32.5084123,600.0,600.0,ZWO ASI6200MM Pro,ZWOptical_ZWO ASI6200MM Pro_,100,10,0.246657639741898,1,1,-10.0,-10.0,3.76,3.76,40,66.2,52.2483888888889,-0.12325,NP101is,540.0,5.4,349.704526475944,60.878939469464,65.66964,307.74018,1.09717612235088,East,LBN 542,23 18 49,+60 52 48,87.16,FocusLynx Focuser 1,11212,11212,1.325,6.8,6.8,Manual Rotator,0.0,0.0,0.0,Ascom.SxUFW (v2) ,SII,100.0,6.50968342688417,83.0,1005.0744815444,9.19,187.0,30.564,20.916,2000.0,N.I.N.A. 3.2.0.9001 (x64),LBN 542_Date_2025-12-14_Time_20-24-31_Type_LIGHT_Filter_SII_Exp_600.00s_G_100_Off_10_Ecc_0.41_HFR_1.71px_FWHM_4.21_Temp_6.80_0284.xisf,1,/mnt/raid0/AstroImaging/Source/LBN 548/LIGHT/SII/LBN 542_Date_2025-12-14_Time_20-24-31_Type_LIGHT_Filter_SII_Exp_600.00s_G_100_Off_10_Ecc_0.41_HFR_1.71px_FWHM_4.21_Temp_6.80_0284.xisf
LIGHT,2025-12-14T20:34:33.1601561,2025-12-14T20:34:33.1601561,2025-12-14T20:39:33.6853788,600.0,600.0,ZWO ASI6200MM Pro,ZWOptical_ZWO ASI6200MM Pro_,100,10,0.246657639741898,1,1,-10.0,-10.0,3.76,3.76,40,66.2,52.2483888888889,-0.12325,NP101is,540.0,5.4,349.7045872016,60.8789494858755,64.45174,307.70354,1.10805067147127,East,LBN 542,23 18 49,+60 52 48,87.16,FocusLynx Focuser 1,11212,11212,1.325,6.9,6.9,Manual Rotator,0.0,0.0,0.0,Ascom.SxUFW (v2) ,SII,100.0,6.50968342688417,83.0,1005.0744815444,9.19,187.0,30.564,20.916,2000.0,N.I.N.A. 3.2.0.9001 (x64),LBN 542_Date_2025-12-14_Time_20-34-33_Type_LIGHT_Filter_SII_Exp_600.00s_G_100_Off_10_Ecc_0.41_HFR_1.69px_FWHM_4.18_Temp_6.90_0285.xisf,1,/mnt/raid0/AstroImaging/Source/LBN 548/LIGHT/SII/LBN 542_Date_2025-12-14_Time_20-34-33_Type_LIGHT_Filter_SII_Exp_600.00s_G_100_Off_10_Ecc_0.41_HFR_1.69px_FWHM_4.18_Temp_6.90_0285.xisf
LIGHT,2025-12-14T20:44:34.3337667,2025-12-14T20:44:34.3337667,2025-12-14T20:49:34.8337976,600.0,600.0,ZWO ASI6200MM Pro,ZWOptical_ZWO ASI6200MM Pro_,100,10,0.246657639741898,1,1,-10.0,-10.0,3.76,3.76,40,66.2,52.2483888888889,-0.12325,NP101is,540.0,5.4,349.704573252053,60.8789495391952,63.23875,307.77338,1.11960449989512,East,LBN 542,23 18 49,+60 52 48,87.16,FocusLynx Focuser 1,11212,11212,1.325,6.9,6.9,Manual Rotator,0.0,0.0,0.0,Ascom.SxUFW (v2) ,SII,100.0,6.50968342688417,83.0,1005.0744815444,9.19,187.0,30.564,20.916,2000.0,N.I.N.A. 3.2.0.9001 (x64),LBN 542_Date_2025-12-14_Time_20-44-34_Type_LIGHT_Filter_SII_Exp_600.00s_G_100_Off_10_Ecc_0.40_HFR_1.71px_FWHM_4.26_Temp_6.90_0286.xisf,1,/mnt/raid0/AstroImaging/Source/LBN 548/LIGHT/SII/LBN 542_Date_2025-12-14_Time_20-44-34_Type_LIGHT_Filter_SII_Exp_600.00s_G_100_Off_10_Ecc_0.40_HFR_1.71px_FWHM_4.26_Temp_6.90_0286.xisf
LIGHT,2025-12-14T20:54:49.4939543,2025-12-14T20:54:49.4939543,2025-12-14T20:59:50.0028494,600.0,600.0,ZWO ASI6200MM Pro,ZWOptical_ZWO ASI6200MM Pro_,100,10,0.246657639741898,1,1,-10.0,-10.0,3.76,3.76,40,66.2,52.2483888888889,-0.12325,NP101is,540.0,5.4,349.705251306475,60.8814491423697,61.99618,307.94729,1.13222316298454,East,LBN 542,23 18 49,+60 52 48,87.16,FocusLynx Focuser 1,11212,11212,1.325,6.8,6.8,Manual Rotator,0.0,0.0,0.0,Ascom.SxUFW (v2) ,SII,100.0,6.50968342688417,83.0,1005.0744815444,9.19,187.0,30.564,20.916,2000.0,N.I.N.A. 3.2.0.9001 (x64),LBN 542_Date_2025-12-14_Time_20-54-49_Type_LIGHT_Filter_SII_Exp_600.00s_G_100_Off_10_Ecc_0.40_HFR_1.72px_FWHM_4.28_Temp_6.80_0287.xisf,1,/mnt/raid0/AstroImaging/Source/LBN 548/LIGHT/SII/LBN 542_Date_2025-12-14_Time_20-54-49_Type_LIGHT_Filter_SII_Exp_600.00s_G_100_Off_10_Ecc_0.40_HFR_1.72px_FWHM_4.28_Temp_6.80_0287.xisf
LIGHT,2025-12-14T21:04:50.6370199,2025-12-14T21:04:50.6370199,2025-12-14T21:09:51.1569152,600.0,600.0,ZWO ASI6200MM Pro,ZWOptical_ZWO ASI6200MM Pro_,100,10,0.246657639741898,1,1,-10.0,-10.0,3.76,3.76,40,66.2,52.2483888888889,-0.12325,NP101is,540.0,5.4,349.705416516321,60.8814491072213,60.7876111111111,308.19486,1.14529364132442,East,LBN 542,23 18 49,+60 52 48,87.16,FocusLynx Focuser 1,11212,11212,1.325,6.7,6.7,Manual Rotator,0.0,0.0,0.0,Ascom.SxUFW (v2) ,SII,100.0,6.50968342688417,83.0,1005.0744815444,9.19,187.0,30.564,20.916,2000.0,N.I.N.A. 3.2.0.9001 (x64),LBN 542_Date_2025-12-14_Time_21-04-50_Type_LIGHT_Filter_SII_Exp_600.00s_G_100_Off_10_Ecc_0.40_HFR_1.71px_FWHM_4.22_Temp_6.70_0288.xisf,1,/mnt/raid0/AstroImaging/Source/LBN 548/LIGHT/SII/LBN 542_Date_2025-12-14_Time_21-04-50_Type_LIGHT_Filter_SII_Exp_600.00s_G_100_Off_10_Ecc_0.40_HFR_1.71px_FWHM_4.22_Temp_6.70_0288.xisf
LIGHT,2025-12-14T21:14:51.8048423,2025-12-14T21:14:51.8048423,2025-12-14T21:19:52.3322779,600.0,600.0,ZWO ASI6200MM Pro,ZWOptical_ZWO ASI6200MM Pro_,100,10,0.246657639741898,1,1,-10.0,-10.0,3.76,3.76,40,66.2,52.2483888888889,-0.12325,NP101is,540.0,5.4,349.705432406967,60.881439146017,59.58211,308.51635,1.1591534327389,East,LBN 542,23 18 49,+60 52 48,87.16,FocusLynx Focuser 1,11212,11212,1.325,6.8,6.8,Manual Rotator,0.0,0.0,0.0,Ascom.SxUFW (v2) ,SII,100.0,6.50968342688417,83.0,1005.0744815444,9.19,187.0,30.564,20.916,2000.0,N.I.N.A. 3.2.0.9001 (x64),LBN 542_Date_2025-12-14_Time_21-14-51_Type_LIGHT_Filter_SII_Exp_600.00s_G_100_Off_10_Ecc_0.40_HFR_1.73px_FWHM_4.35_Temp_6.80_0289.xisf,1,/mnt/raid0/AstroImaging/Source/LBN 548/LIGHT/SII/LBN 542_Date_2025-12-14_Time_21-14-51_Type_LIGHT_Filter_SII_Exp_600.00s_G_100_Off_10_Ecc_0.40_HFR_1.73px_FWHM_4.35_Temp_6.80_0289.xisf
LIGHT,2025-12-14T21:25:05.8529764,2025-12-14T21:25:05.8529764,2025-12-14T21:30:06.3715754,600.0,600.0,ZWO ASI6200MM Pro,ZWOptical_ZWO ASI6200MM Pro_,100,10,0.246657639741898,1,1,-10.0,-10.0,3.76,3.76,40,66.2,52.2483888888889,-0.12325,NP101is,540.0,5.4,349.703939934743,60.8812099384088,58.3540833333333,308.91295,1.17416089982935,East,LBN 542,23 18 49,+60 52 48,87.16,FocusLynx Focuser 1,11212,11212,1.325,6.8,6.8,Manual Rotator,0.0,0.0,0.0,Ascom.SxUFW (v2) ,SII,100.0,6.50968342688417,83.0,1005.0744815444,9.19,187.0,30.564,20.916,2000.0,N.I.N.A. 3.2.0.9001 (x64),LBN 542_Date_2025-12-14_Time_21-25-05_Type_LIGHT_Filter_SII_Exp_600.00s_G_100_Off_10_Ecc_0.40_HFR_1.72px_FWHM_4.30_Temp_6.80_0290.xisf,1,/mnt/raid0/AstroImaging/Source/LBN 548/LIGHT/SII/LBN 542_Date_2025-12-14_Time_21-25-05_Type_LIGHT_Filter_SII_Exp_600.00s_G_100_Off_10_Ecc_0.40_HFR_1.72px_FWHM_4.30_Temp_6.80_0290.xisf
LIGHT,2025-12-14T21:35:07.0535139,2025-12-14T21:35:07.0535139,2025-12-14T21:40:07.5679076,600.0,600.0,ZWO ASI6200MM Pro,ZWOptical_ZWO ASI6200MM Pro_,100,10,0.246657639741898,1,1,-10.0,-9.9,3.76,3.76,40,66.2,52.2483888888889,-0.12325,NP101is,540.0,5.4,349.704030493945,60.8812099396951,57.16289,309.36045,1.18962143659876,East,LBN 542,23 18 49,+60 52 48,87.16,FocusLynx Focuser 1,11212,11212,1.325,7.0,7.0,Manual Rotator,0.0,0.0,0.0,Ascom.SxUFW (v2) ,SII,100.0,6.50968342688417,83.0,1005.0744815444,9.19,187.0,30.564,20.916,2000.0,N.I.N.A. 3.2.0.9001 (x64),LBN 542_Date_2025-12-14_Time_21-35-07_Type_LIGHT_Filter_SII_Exp_600.00s_G_100_Off_10_Ecc_0.42_HFR_1.71px_FWHM_4.30_Temp_7.00_0291.xisf,1,/mnt/raid0/AstroImaging/Source/LBN 548/LIGHT/SII/LBN 542_Date_2025-12-14_Time_21-35-07_Type_LIGHT_Filter_SII_Exp_600.00s_G_100_Off_10_Ecc_0.42_HFR_1.71px_FWHM_4.30_Temp_7.00_0291.xisf
LIGHT,2025-12-14T21:45:08.2059008,2025-12-14T21:45:08.2059008,2025-12-14T21:50:08.7452272,600.0,600.0,ZWO ASI6200MM Pro,ZWOptical_ZWO ASI6200MM Pro_,100,10,0.246657639741898,1,1,-10.0,-10.0,3.76,3.76,40,66.2,52.2483888888889,-0.12325,NP101is,540.0,5.4,349.703956824883,60.8812100218463,55.97694,309.86255,1.20594667584189,East,LBN 542,23 18 49,+60 52 48,87.16,FocusLynx Focuser 1,11212,11212,1.325,7.1,7.1,Manual Rotator,0.0,0.0,0.0,Ascom.SxUFW (v2) ,SII,100.0,6.50968342688417,83.0,1005.0744815444,9.19,187.0,30.564,20.916,2000.0,N.I.N.A. 3.2.0.9001 (x64),LBN 542_Date_2025-12-14_Time_21-45-08_Type_LIGHT_Filter_SII_Exp_600.00s_G_100_Off_10_Ecc_0.41_HFR_1.69px_FWHM_4.32_Temp_7.10_0292.xisf,1,/mnt/raid0/AstroImaging/Source/LBN 548/LIGHT/SII/LBN 542_Date_2025-12-14_Time_21-45-08_Type_LIGHT_Filter_SII_Exp_600.00s_G_100_Off_10_Ecc_0.41_HFR_1.69px_FWHM_4.32_Temp_7.10_0292.xisf
LIGHT,2025-12-14T21:55:33.1556990,2025-12-14T21:55:33.1556990,2025-12-14T22:00:33.6929822,600.0,600.0,ZWO ASI6200MM Pro,ZWOptical_ZWO ASI6200MM Pro_,100,10,0.246657639741898,1,1,-10.0,-10.0,3.76,3.76,40,66.2,52.2483888888889,-0.12325,NP101is,540.0,5.4,349.703898057242,60.8811800994622,54.7589,310.43375,1.22373820090427,East,LBN 542,23 18 49,+60 52 48,87.16,FocusLynx Focuser 1,11212,11212,1.325,7.2,7.2,Manual Rotator,0.0,0.0,0.0,Ascom.SxUFW (v2) ,SII,100.0,6.50968342688417,83.0,1005.0744815444,9.19,187.0,30.564,20.916,2000.0,N.I.N.A. 3.2.0.9001 (x64),LBN 542_Date_2025-12-14_Time_21-55-33_Type_LIGHT_Filter_SII_Exp_600.00s_G_100_Off_10_Ecc_0.41_HFR_1.74px_FWHM_4.42_Temp_7.20_0293.xisf,1,/mnt/raid0/AstroImaging/Source/LBN 548/LIGHT/SII/LBN 542_Date_2025-12-14_Time_21-55-33_Type_LIGHT_Filter_SII_Exp_600.00s_G_100_Off_10_Ecc_0.41_HFR_1.74px_FWHM_4.42_Temp_7.20_0293.xisf
LIGHT,2025-12-14T22:05:34.3966268,2025-12-14T22:05:34.3966268,2025-12-14T22:10:34.9209498,600.0,600.0,ZWO ASI6200MM Pro,ZWOptical_ZWO ASI6200MM Pro_,100,10,0.246657639741898,1,1,-10.0,-10.0,3.76,3.76,40,66.2,52.2483888888889,-0.12325,NP101is,540.0,5.4,349.703809396052,60.8811501901359,53.59069,311.03204,1.24183495543083,East,LBN 542,23 18 49,+60 52 48,87.16,FocusLynx Focuser 1,11212,11212,1.325,7.4,7.4,Manual Rotator,0.0,0.0,0.0,Ascom.SxUFW (v2) ,SII,100.0,6.50968342688417,83.0,1005.0744815444,9.19,187.0,30.564,20.916,2000.0,N.I.N.A. 3.2.0.9001 (x64),LBN 542_Date_2025-12-14_Time_22-05-34_Type_LIGHT_Filter_SII_Exp_600.00s_G_100_Off_10_Ecc_0.41_HFR_1.74px_FWHM_4.46_Temp_7.40_0294.xisf,1,/mnt/raid0/AstroImaging/Source/LBN 548/LIGHT/SII/LBN 542_Date_2025-12-14_Time_22-05-34_Type_LIGHT_Filter_SII_Exp_600.00s_G_100_Off_10_Ecc_0.41_HFR_1.74px_FWHM_4.46_Temp_7.40_0294.xisf
LIGHT,2025-12-14T22:15:35.5890524,2025-12-14T22:15:35.5890524,2025-12-14T22:20:36.1082600,600.0,600.0,ZWO ASI6200MM Pro,ZWOptical_ZWO ASI6200MM Pro_,100,10,0.246657639741898,1,1,-10.0,-10.0,3.76,3.76,40,66.2,52.2483888888889,-0.12325,NP101is,540.0,5.4,349.703765667881,60.8811902553635,52.4354444444444,311.67045,1.26078591398665,East,LBN 542,23 18 49,+60 52 48,87.16,FocusLynx Focuser 1,11212,11212,1.325,7.5,7.5,Manual Rotator,0.0,0.0,0.0,Ascom.SxUFW (v2) ,SII,100.0,6.50968342688417,83.0,1005.0744815444,9.19,187.0,30.564,20.916,2000.0,N.I.N.A. 3.2.0.9001 (x64),LBN 542_Date_2025-12-14_Time_22-15-35_Type_LIGHT_Filter_SII_Exp_600.00s_G_100_Off_10_Ecc_0.41_HFR_1.72px_FWHM_4.45_Temp_7.50_0295.xisf,1,/mnt/raid0/AstroImaging/Source/LBN 548/LIGHT/SII/LBN 542_Date_2025-12-14_Time_22-15-35_Type_LIGHT_Filter_SII_Exp_600.00s_G_100_Off_10_Ecc_0.41_HFR_1.72px_FWHM_4.45_Temp_7.50_0295.xisf
LIGHT,2025-12-14T22:25:48.1046793,2025-12-14T22:25:48.1046793,2025-12-14T22:30:48.6141066,600.0,600.0,ZWO ASI6200MM Pro,ZWOptical_ZWO ASI6200MM Pro_,100,10,0.246657639741898,1,1,-10.0,-10.0,3.76,3.76,40,66.2,52.2483888888889,-0.12325,NP101is,540.0,5.4,349.703796440397,60.8811502881239,51.2717,312.35953,1.28100247352664,East,LBN 542,23 18 49,+60 52 48,87.16,FocusLynx Focuser 1,11212,11212,1.325,7.6,7.6,Manual Rotator,0.0,0.0,0.0,Ascom.SxUFW (v2) ,SII,100.0,6.50968342688417,83.0,1005.0744815444,9.19,187.0,30.564,20.916,2000.0,N.I.N.A. 3.2.0.9001 (x64),LBN 542_Date_2025-12-14_Time_22-25-48_Type_LIGHT_Filter_SII_Exp_600.00s_G_100_Off_10_Ecc_0.42_HFR_1.76px_FWHM_4.49_Temp_7.60_0296.xisf,1,/mnt/raid0/AstroImaging/Source/LBN 548/LIGHT/SII/LBN 542_Date_2025-12-14_Time_22-25-48_Type_LIGHT_Filter_SII_Exp_600.00s_G_100_Off_10_Ecc_0.42_HFR_1.76px_FWHM_4.49_Temp_7.60_0296.xisf
LIGHT,2025-12-14T22:35:49.2758347,2025-12-14T22:35:49.2758347,2025-12-14T22:40:49.7862342,600.0,600.0,ZWO ASI6200MM Pro,ZWOptical_ZWO ASI6200MM Pro_,100,10,0.246657639741898,1,1,-10.0,-10.0,3.76,3.76,40,66.2,52.2483888888889,-0.12325,NP101is,540.0,5.4,349.703872044082,60.8811402963894,50.14443,313.06999,1.30173091403949,East,LBN 542,23 18 49,+60 52 48,87.16,FocusLynx Focuser 1,11212,11212,1.325,7.7,7.7,Manual Rotator,0.0,0.0,0.0,Ascom.SxUFW (v2) ,SII,100.0,6.50968342688417,83.0,1005.0744815444,9.19,187.0,30.564,20.916,2000.0,N.I.N.A. 3.2.0.9001 (x64),LBN 542_Date_2025-12-14_Time_22-35-49_Type_LIGHT_Filter_SII_Exp_600.00s_G_100_Off_10_Ecc_0.42_HFR_1.78px_FWHM_4.66_Temp_7.70_0297.xisf,1,/mnt/raid0/AstroImaging/Source/LBN 548/LIGHT/SII/LBN 542_Date_2025-12-14_Time_22-35-49_Type_LIGHT_Filter_SII_Exp_600.00s_G_100_Off_10_Ecc_0.42_HFR_1.78px_FWHM_4.66_Temp_7.70_0297.xisf
LIGHT,2025-12-14T22:45:50.4344235,2025-12-14T22:45:50.4344235,2025-12-14T22:50:50.9677967,600.0,600.0,ZWO ASI6200MM Pro,ZWOptical_ZWO ASI6200MM Pro_,100,10,0.246657639741898,1,1,-10.0,-9.9,3.76,3.76,40,66.2,52.2483888888889,-0.12325,NP101is,540.0,5.4,349.70388797174,60.8811503331723,49.02722,313.81562,1.32345794942555,East,LBN 542,23 18 49,+60 52 48,87.16,FocusLynx Focuser 1,11212,11212,1.325,7.6,7.6,Manual Rotator,0.0,0.0,0.0,Ascom.SxUFW (v2) ,SII,100.0,6.50968342688417,83.0,1005.0744815444,9.19,187.0,30.564,20.916,2000.0,N.I.N.A. 3.2.0.9001 (x64),LBN 542_Date_2025-12-14_Time_22-45-50_Type_LIGHT_Filter_SII_Exp_600.00s_G_100_Off_10_Ecc_0.43_HFR_1.77px_FWHM_4.61_Temp_7.60_0298.xisf,1,/mnt/raid0/AstroImaging/Source/LBN 548/LIGHT/SII/LBN 542_Date_2025-12-14_Time_22-45-50_Type_LIGHT_Filter_SII_Exp_600.00s_G_100_Off_10_Ecc_0.43_HFR_1.77px_FWHM_4.61_Temp_7.60_0298.xisf
LIGHT,2025-12-14T22:56:21.6509528,2025-12-14T22:56:21.6509528,2025-12-14T23:01:22.1923306,600.0,600.0,ZWO ASI6200MM Pro,ZWOptical_ZWO ASI6200MM Pro_,100,10,0.246657639741898,1,1,-10.0,-10.0,3.76,3.76,40,66.2,52.2483888888889,-0.12325,NP101is,540.0,5.4,349.705472736222,60.8817095747699,47.8726666666667,314.63033,1.34723094578109,East,LBN 542,23 18 49,+60 52 48,87.16,FocusLynx Focuser 1,11212,11212,1.325,7.4,7.4,Manual Rotator,0.0,0.0,0.0,Ascom.SxUFW (v2) ,SII,100.0,6.50968342688417,83.0,1005.0744815444,9.19,187.0,30.564,20.916,2000.0,N.I.N.A. 3.2.0.9001 (x64),LBN 542_Date_2025-12-14_Time_22-56-21_Type_LIGHT_Filter_SII_Exp_600.00s_G_100_Off_10_Ecc_0.42_HFR_1.76px_FWHM_4.54_Temp_7.40_0299.xisf,1,/mnt/raid0/AstroImaging/Source/LBN 548/LIGHT/SII/LBN 542_Date_2025-12-14_Time_22-56-21_Type_LIGHT_Filter_SII_Exp_600.00s_G_100_Off_10_Ecc_0.42_HFR_1.76px_FWHM_4.54_Temp_7.40_0299.xisf
LIGHT,2025-12-14T23:06:22.9246703,2025-12-14T23:06:22.9246703,2025-12-14T23:11:23.4337770,600.0,600.0,ZWO ASI6200MM Pro,ZWOptical_ZWO ASI6200MM Pro_,100,10,0.246657639741898,1,1,-10.0,-10.0,3.76,3.76,40,66.2,52.2483888888889,-0.12325,NP101is,540.0,5.4,349.705428983739,60.8817396397568,46.78626,315.43707,1.37090802904987,East,LBN 542,23 18 49,+60 52 48,87.16,FocusLynx Focuser 1,11212,11212,1.325,7.2,7.2,Manual Rotator,0.0,0.0,0.0,Ascom.SxUFW (v2) ,SII,100.0,6.50968342688417,83.0,1005.0744815444,9.19,187.0,30.564,20.916,2000.0,N.I.N.A. 3.2.0.9001 (x64),LBN 542_Date_2025-12-14_Time_23-06-22_Type_LIGHT_Filter_SII_Exp_600.00s_G_100_Off_10_Ecc_0.43_HFR_1.75px_FWHM_4.48_Temp_7.20_0300.xisf,1,/mnt/raid0/AstroImaging/Source/LBN 548/LIGHT/SII/LBN 542_Date_2025-12-14_Time_23-06-22_Type_LIGHT_Filter_SII_Exp_600.00s_G_100_Off_10_Ecc_0.43_HFR_1.75px_FWHM_4.48_Temp_7.20_0300.xisf
LIGHT,2025-12-14T23:21:49.5776058,2025-12-14T23:21:49.5776058,2025-12-14T23:26:50.1213302,600.0,600.0,ZWO ASI6200MM Pro,ZWOptical_ZWO ASI6200MM Pro_,100,10,0.246657639741898,1,1,-10.0,-10.0,3.76,3.76,40,66.2,52.2483888888889,-0.12325,NP101is,540.0,5.4,349.705490143358,60.881709679716,45.14204,316.73429,1.40934822094418,East,LBN 542,23 18 49,+60 52 48,87.16,FocusLynx Focuser 1,11236,11236,1.325,7.2,7.2,Manual Rotator,0.0,0.0,0.0,Ascom.SxUFW (v2) ,SII,100.0,6.50968342688417,83.0,1005.0744815444,9.19,187.0,30.564,20.916,2000.0,N.I.N.A. 3.2.0.9001 (x64),LBN 542_Date_2025-12-14_Time_23-21-49_Type_LIGHT_Filter_SII_Exp_600.00s_G_100_Off_10_Ecc_0.40_HFR_1.76px_FWHM_4.44_Temp_7.20_0301.xisf,1,/mnt/raid0/AstroImaging/Source/LBN 548/LIGHT/SII/LBN 542_Date_2025-12-14_Time_23-21-49_Type_LIGHT_Filter_SII_Exp_600.00s_G_100_Off_10_Ecc_0.40_HFR_1.76px_FWHM_4.44_Temp_7.20_0301.xisf
LIGHT,2025-12-14T23:32:03.9117317,2025-12-14T23:32:03.9117317,2025-12-14T23:37:04.4085170,600.0,600.0,ZWO ASI6200MM Pro,ZWOptical_ZWO ASI6200MM Pro_,100,10,0.246657639741898,1,1,-10.0,-10.0,3.76,3.76,40,66.2,52.2483888888889,-0.12325,NP101is,540.0,5.4,349.706316591164,60.8837792263565,44.07703,317.62872,1.43605855173256,East,LBN 542,23 18 49,+60 52 48,87.16,FocusLynx Focuser 1,11236,11236,1.325,7.2,7.2,Manual Rotator,0.0,0.0,0.0,Ascom.SxUFW (v2) ,SII,100.0,6.50968342688417,83.0,1005.0744815444,9.19,187.0,30.564,20.916,2000.0,N.I.N.A. 3.2.0.9001 (x64),LBN 542_Date_2025-12-14_Time_23-32-03_Type_LIGHT_Filter_SII_Exp_600.00s_G_100_Off_10_Ecc_0.40_HFR_1.75px_FWHM_4.41_Temp_7.20_0302.xisf,1,/mnt/raid0/AstroImaging/Source/LBN 548/LIGHT/SII/LBN 542_Date_2025-12-14_Time_23-32-03_Type_LIGHT_Filter_SII_Exp_600.00s_G_100_Off_10_Ecc_0.40_HFR_1.75px_FWHM_4.41_Temp_7.20_0302.xisf
LIGHT,2025-12-14T23:42:05.0510145,2025-12-14T23:42:05.0510145,2025-12-14T23:47:05.5945112,600.0,600.0,ZWO ASI6200MM Pro,ZWOptical_ZWO ASI6200MM Pro_,100,10,0.246657639741898,1,1,-10.0,-9.9,3.76,3.76,40,66.2,52.2483888888889,-0.12325,NP101is,540.0,5.4,349.706332516713,60.8837892624349,43.04791,318.52929,1.46333367037681,East,LBN 542,23 18 49,+60 52 48,87.16,FocusLynx Focuser 1,11236,11236,1.325,7.2,7.2,Manual Rotator,0.0,0.0,0.0,Ascom.SxUFW (v2) ,SII,100.0,6.50968342688417,83.0,1005.0744815444,9.19,187.0,30.564,20.916,2000.0,N.I.N.A. 3.2.0.9001 (x64),LBN 542_Date_2025-12-14_Time_23-42-05_Type_LIGHT_Filter_SII_Exp_600.00s_G_100_Off_10_Ecc_0.40_HFR_1.78px_FWHM_4.53_Temp_7.20_0303.xisf,1,/mnt/raid0/AstroImaging/Source/LBN 548/LIGHT/SII/LBN 542_Date_2025-12-14_Time_23-42-05_Type_LIGHT_Filter_SII_Exp_600.00s_G_100_Off_10_Ecc_0.40_HFR_1.78px_FWHM_4.53_Temp_7.20_0303.xisf
LIGHT,2025-12-14T23:52:06.2645906,2025-12-14T23:52:06.2645906,2025-12-14T23:57:06.8103201,600.0,600.0,ZWO ASI6200MM Pro,ZWOptical_ZWO ASI6200MM Pro_,100,10,0.246657639741898,1,1,-10.0,-9.9,3.76,3.76,40,66.2,52.2483888888889,-0.12325,NP101is,540.0,5.4,349.706334028024,60.8840492942487,42.0409722222222,319.44979,1.49151280196667,East,LBN 542,23 18 49,+60 52 48,87.16,FocusLynx Focuser 1,11236,11236,1.325,7.5,7.5,Manual Rotator,0.0,0.0,0.0,Ascom.SxUFW (v2) ,SII,100.0,6.50968342688417,83.0,1005.0744815444,9.19,187.0,30.564,20.916,2000.0,N.I.N.A. 3.2.0.9001 (x64),LBN 542_Date_2025-12-14_Time_23-52-06_Type_LIGHT_Filter_SII_Exp_600.00s_G_100_Off_10_Ecc_0.41_HFR_1.85px_FWHM_4.80_Temp_7.50_0304.xisf,1,/mnt/raid0/AstroImaging/Source/LBN 548/LIGHT/SII/LBN 542_Date_2025-12-14_Time_23-52-06_Type_LIGHT_Filter_SII_Exp_600.00s_G_100_Off_10_Ecc_0.41_HFR_1.85px_FWHM_4.80_Temp_7.50_0304.xisf
LIGHT,2025-12-15T00:02:20.0222181,2025-12-15T00:02:20.0222181,2025-12-15T00:07:20.5589066,600.0,600.0,ZWO ASI6200MM Pro,ZWOptical_ZWO ASI6200MM Pro_,100,10,0.246657639741898,1,1,-10.0,-9.9,3.76,3.76,40,66.2,52.2483888888889,-0.12325,NP101is,540.0,5.4,349.704511172176,60.8829002881433,41.02926,320.41387,1.5214176866312,East,LBN 542,23 18 49,+60 52 48,87.16,FocusLynx Focuser 1,11236,11236,1.325,7.8,7.8,Manual Rotator,0.0,0.0,0.0,Ascom.SxUFW (v2) ,SII,100.0,6.50968342688417,83.0,1005.0744815444,9.19,187.0,30.564,20.916,2000.0,N.I.N.A. 3.2.0.9001 (x64),LBN 542_Date_2025-12-15_Time_00-02-20_Type_LIGHT_Filter_SII_Exp_600.00s_G_100_Off_10_Ecc_0.42_HFR_1.86px_FWHM_4.83_Temp_7.80_0305.xisf,1,/mnt/raid0/AstroImaging/Source/LBN 548/LIGHT/SII/LBN 542_Date_2025-12-15_Time_00-02-20_Type_LIGHT_Filter_SII_Exp_600.00s_G_100_Off_10_Ecc_0.42_HFR_1.86px_FWHM_4.83_Temp_7.80_0305.xisf
LIGHT,2025-12-15T00:12:21.2544940,2025-12-15T00:12:21.2544940,2025-12-15T00:17:21.7858786,600.0,600.0,ZWO ASI6200MM Pro,ZWOptical_ZWO ASI6200MM Pro_,100,10,0.246657639741898,1,1,-10.0,-10.0,3.76,3.76,40,66.2,52.2483888888889,-0.12325,NP101is,540.0,5.4,349.704452379474,60.882880361798,40.06192,321.37779,1.551610530503,East,LBN 542,23 18 49,+60 52 48,87.16,FocusLynx Focuser 1,11236,11236,1.325,7.6,7.6,Manual Rotator,0.0,0.0,0.0,Ascom.SxUFW (v2) ,SII,100.0,6.50968342688417,83.0,1005.0744815444,9.19,187.0,30.564,20.916,2000.0,N.I.N.A. 3.2.0.9001 (x64),LBN 542_Date_2025-12-15_Time_00-12-21_Type_LIGHT_Filter_SII_Exp_600.00s_G_100_Off_10_Ecc_0.41_HFR_1.77px_FWHM_4.52_Temp_7.60_0306.xisf,1,/mnt/raid0/AstroImaging/Source/LBN 548/LIGHT/SII/LBN 542_Date_2025-12-15_Time_00-12-21_Type_LIGHT_Filter_SII_Exp_600.00s_G_100_Off_10_Ecc_0.41_HFR_1.77px_FWHM_4.52_Temp_7.60_0306.xisf
LIGHT,2025-12-15T00:27:06.6734009,2025-12-15T00:27:06.6734009,2025-12-15T00:32:07.1914510,600.0,600.0,ZWO ASI6200MM Pro,ZWOptical_ZWO ASI6200MM Pro_,100,10,0.246657639741898,1,1,-10.0,-10.0,3.76,3.76,40,66.2,52.2483888888889,-0.12325,NP101is,540.0,5.4,349.704528521628,60.8829103874158,38.67068,322.83892,1.59800653391225,East,LBN 542,23 18 49,+60 52 48,87.16,FocusLynx Focuser 1,11236,11236,1.325,8.0,8.0,Manual Rotator,0.0,0.0,0.0,Ascom.SxUFW (v2) ,SII,100.0,6.50968342688417,83.0,1005.0744815444,9.19,187.0,30.564,20.916,2000.0,N.I.N.A. 3.2.0.9001 (x64),LBN 542_Date_2025-12-15_Time_00-27-06_Type_LIGHT_Filter_SII_Exp_600.00s_G_100_Off_10_Ecc_0.41_HFR_1.82px_FWHM_4.76_Temp_8.00_0307.xisf,1,/mnt/raid0/AstroImaging/Source/LBN 548/LIGHT/SII/LBN 542_Date_2025-12-15_Time_00-27-06_Type_LIGHT_Filter_SII_Exp_600.00s_G_100_Off_10_Ecc_0.41_HFR_1.82px_FWHM_4.76_Temp_8.00_0307.xisf
LIGHT,2025-12-15T00:37:20.5938230,2025-12-15T00:37:20.5938230,2025-12-15T00:42:21.1073744,600.0,600.0,ZWO ASI6200MM Pro,ZWOptical_ZWO ASI6200MM Pro_,100,10,0.246657639741898,1,1,-10.0,-10.0,3.76,3.76,40,66.2,52.2483888888889,-0.12325,NP101is,540.0,5.4,349.706276129442,60.8828195748279,37.73519,323.87482,1.63134206558957,East,LBN 542,23 18 49,+60 52 48,87.16,FocusLynx Focuser 1,11236,11236,1.325,8.3,8.3,Manual Rotator,0.0,0.0,0.0,Ascom.SxUFW (v2) ,SII,100.0,6.50968342688417,83.0,1005.0744815444,9.19,187.0,30.564,20.916,2000.0,N.I.N.A. 3.2.0.9001 (x64),LBN 542_Date_2025-12-15_Time_00-37-20_Type_LIGHT_Filter_SII_Exp_600.00s_G_100_Off_10_Ecc_0.42_HFR_1.78px_FWHM_4.71_Temp_8.30_0308.xisf,1,/mnt/raid0/AstroImaging/Source/LBN 548/LIGHT/SII/LBN 542_Date_2025-12-15_Time_00-37-20_Type_LIGHT_Filter_SII_Exp_600.00s_G_100_Off_10_Ecc_0.42_HFR_1.78px_FWHM_4.71_Temp_8.30_0308.xisf
LIGHT,2025-12-15T01:27:39.4811373,2025-12-15T01:27:39.4811373,2025-12-15T01:32:39.9960155,600.0,600.0,ZWO ASI6200MM Pro,ZWOptical_ZWO ASI6200MM Pro_,100,10,0.246657639741898,1,1,-10.0,-10.0,3.76,3.76,40,66.2,52.2483888888889,-0.12325,NP101is,540.0,5.4,349.702591476488,60.8819516458248,33.47885,329.25079,1.80885896011329,East,LBN 542,23 18 49,+60 52 48,87.16,FocusLynx Focuser 1,11236,11236,1.325,9.0,9.0,Manual Rotator,0.0,0.0,0.0,Ascom.SxUFW (v2) ,SII,100.0,6.50968342688417,83.0,1005.0744815444,9.19,187.0,30.564,20.916,2000.0,N.I.N.A. 3.2.0.9001 (x64),LBN 542_Date_2025-12-15_Time_01-27-39_Type_LIGHT_Filter_SII_Exp_600.00s_G_100_Off_10_Ecc_0.52_HFR_1.83px_FWHM_5.21_Temp_9.00_0313.xisf,1,/mnt/raid0/AstroImaging/Source/LBN 548/LIGHT/SII/LBN 542_Date_2025-12-15_Time_01-27-39_Type_LIGHT_Filter_SII_Exp_600.00s_G_100_Off_10_Ecc_0.52_HFR_1.83px_FWHM_5.21_Temp_9.00_0313.xisf
LIGHT,2025-12-15T01:37:52.7779783,2025-12-15T01:37:52.7779783,2025-12-15T01:42:53.3085309,600.0,600.0,ZWO ASI6200MM Pro,ZWOptical_ZWO ASI6200MM Pro_,100,10,0.246657639741898,1,1,-10.0,-10.0,3.76,3.76,40,66.2,52.2483888888889,-0.12325,NP101is,540.0,5.4,349.703563703876,60.882331193642,32.68893,330.39796,1.84729558191641,East,LBN 542,23 18 49,+60 52 48,87.16,FocusLynx Focuser 1,11236,11236,1.325,9.0,9.0,Manual Rotator,0.0,0.0,0.0,Ascom.SxUFW (v2) ,SII,100.0,6.50968342688417,83.0,1005.0744815444,9.19,187.0,30.564,20.916,2000.0,N.I.N.A. 3.2.0.9001 (x64),LBN 542_Date_2025-12-15_Time_01-37-52_Type_LIGHT_Filter_SII_Exp_600.00s_G_100_Off_10_Ecc_0.51_HFR_1.93px_FWHM_5.35_Temp_9.00_0314.xisf,1,/mnt/raid0/AstroImaging/Source/LBN 548/LIGHT/SII/LBN 542_Date_2025-12-15_Time_01-37-52_Type_LIGHT_Filter_SII_Exp_600.00s_G_100_Off_10_Ecc_0.51_HFR_1.93px_FWHM_5.35_Temp_9.00_0314.xisf
LIGHT,2025-12-15T01:47:53.9761589,2025-12-15T01:47:53.9761589,2025-12-15T01:52:54.5131194,600.0,600.0,ZWO ASI6200MM Pro,ZWOptical_ZWO ASI6200MM Pro_,100,10,0.246657639741898,1,1,-10.0,-10.0,3.76,3.76,40,66.2,52.2483888888889,-0.12325,NP101is,540.0,5.4,349.703519877123,60.8823312578044,31.94486,331.53202,1.88535164593378,East,LBN 542,23 18 49,+60 52 48,87.16,FocusLynx Focuser 1,11236,11236,1.325,8.8,8.8,Manual Rotator,0.0,0.0,0.0,Ascom.SxUFW (v2) ,SII,100.0,6.50968342688417,83.0,1005.0744815444,9.19,187.0,30.564,20.916,2000.0,N.I.N.A. 3.2.0.9001 (x64),LBN 542_Date_2025-12-15_Time_01-47-53_Type_LIGHT_Filter_SII_Exp_600.00s_G_100_Off_10_Ecc_0.47_HFR_1.90px_FWHM_5.37_Temp_8.80_0315.xisf,1,/mnt/raid0/AstroImaging/Source/LBN 548/LIGHT/SII/LBN 542_Date_2025-12-15_Time_01-47-53_Type_LIGHT_Filter_SII_Exp_600.00s_G_100_Off_10_Ecc_0.47_HFR_1.90px_FWHM_5.37_Temp_8.80_0315.xisf
LIGHT,2025-12-15T02:02:22.7182918,2025-12-15T02:02:22.7182918,2025-12-15T02:07:25.5366563,600.0,600.0,ZWO ASI6200MM Pro,ZWOptical_ZWO ASI6200MM Pro_,100,10,0.246657639741898,1,1,-10.0,-10.0,3.76,3.76,40,66.2,52.2483888888889,-0.12325,NP101is,540.0,5.4,349.70344658605,60.8823113565088,30.91558,333.19968,1.94119374113495,East,LBN 542,23 18 49,+60 52 48,87.16,FocusLynx Focuser 1,11295,11295,1.325,8.4,8.4,Manual Rotator,0.0,0.0,0.0,Ascom.SxUFW (v2) ,SII,100.0,6.50968342688417,83.0,1005.0744815444,9.19,187.0,30.564,20.916,2000.0,N.I.N.A. 3.2.0.9001 (x64),LBN 542_Date_2025-12-15_Time_02-02-22_Type_LIGHT_Filter_SII_Exp_600.00s_G_100_Off_10_Ecc_0.39_HFR_1.68px_FWHM_4.27_Temp_8.40_0316.xisf,1,/mnt/raid0/AstroImaging/Source/LBN 548/LIGHT/SII/LBN 542_Date_2025-12-15_Time_02-02-22_Type_LIGHT_Filter_SII_Exp_600.00s_G_100_Off_10_Ecc_0.39_HFR_1.68px_FWHM_4.27_Temp_8.40_0316.xisf
LIGHT,2025-12-15T02:12:42.5944816,2025-12-15T02:12:42.5944816,2025-12-15T02:17:43.1372181,600.0,600.0,ZWO ASI6200MM Pro,ZWOptical_ZWO ASI6200MM Pro_,100,10,0.246657639741898,1,1,-10.0,-10.0,3.76,3.76,40,66.2,52.2483888888889,-0.12325,NP101is,540.0,5.4,349.704290291216,60.8855008427355,30.22373,334.4019,1.98098208966436,East,LBN 542,23 18 49,+60 52 48,87.16,FocusLynx Focuser 1,11295,11295,1.325,8.4,8.4,Manual Rotator,0.0,0.0,0.0,Ascom.SxUFW (v2) ,SII,100.0,6.50968342688417,83.0,1005.0744815444,9.19,187.0,30.564,20.916,2000.0,N.I.N.A. 3.2.0.9001 (x64),LBN 542_Date_2025-12-15_Time_02-12-42_Type_LIGHT_Filter_SII_Exp_600.00s_G_100_Off_10_Ecc_0.33_HFR_1.66px_FWHM_4.34_Temp_8.40_0317.xisf,1,/mnt/raid0/AstroImaging/Source/LBN 548/LIGHT/SII/LBN 542_Date_2025-12-15_Time_02-12-42_Type_LIGHT_Filter_SII_Exp_600.00s_G_100_Off_10_Ecc_0.33_HFR_1.66px_FWHM_4.34_Temp_8.40_0317.xisf
LIGHT,2025-12-15T02:22:43.8127285,2025-12-15T02:22:43.8127285,2025-12-15T02:27:44.3381946,600.0,600.0,ZWO ASI6200MM Pro,ZWOptical_ZWO ASI6200MM Pro_,100,10,0.246657639741898,1,1,-10.0,-10.0,3.76,3.76,40,66.2,52.2483888888889,-0.12325,NP101is,540.0,5.4,349.704350975086,60.8855008550366,29.57375,335.58853,2.02014195906524,East,LBN 542,23 18 49,+60 52 48,87.16,FocusLynx Focuser 1,11295,11295,1.325,8.2,8.2,Manual Rotator,0.0,0.0,0.0,Ascom.SxUFW (v2) ,SII,100.0,6.50968342688417,83.0,1005.0744815444,9.19,187.0,30.564,20.916,2000.0,N.I.N.A. 3.2.0.9001 (x64),LBN 542_Date_2025-12-15_Time_02-22-43_Type_LIGHT_Filter_SII_Exp_600.00s_G_100_Off_10_Ecc_0.40_HFR_1.75px_FWHM_4.75_Temp_8.20_0318.xisf,1,/mnt/raid0/AstroImaging/Source/LBN 548/LIGHT/SII/LBN 542_Date_2025-12-15_Time_02-22-43_Type_LIGHT_Filter_SII_Exp_600.00s_G_100_Off_10_Ecc_0.40_HFR_1.75px_FWHM_4.75_Temp_8.20_0318.xisf
LIGHT,2025-12-15T02:32:45.0233722,2025-12-15T02:32:45.0233722,2025-12-15T02:37:45.5582405,600.0,600.0,ZWO ASI6200MM Pro,ZWOptical_ZWO ASI6200MM Pro_,100,10,0.246657639741898,1,1,-10.0,-10.0,3.76,3.76,40,66.2,52.2483888888889,-0.12325,NP101is,540.0,5.4,349.704351936599,60.8855008965527,28.95454,336.78577,2.05915756702674,East,LBN 542,23 18 49,+60 52 48,87.16,FocusLynx Focuser 1,11295,11295,1.325,7.9,7.9,Manual Rotator,0.0,0.0,0.0,Ascom.SxUFW (v2) ,SII,100.0,6.50968342688417,83.0,1005.0744815444,9.19,187.0,30.564,20.916,2000.0,N.I.N.A. 3.2.0.9001 (x64),LBN 542_Date_2025-12-15_Time_02-32-45_Type_LIGHT_Filter_SII_Exp_600.00s_G_100_Off_10_Ecc_0.47_HFR_1.72px_FWHM_4.66_Temp_7.90_0319.xisf,1,/mnt/raid0/AstroImaging/Source/LBN 548/LIGHT/SII/LBN 542_Date_2025-12-15_Time_02-32-45_Type_LIGHT_Filter_SII_Exp_600.00s_G_100_Off_10_Ecc_0.47_HFR_1.72px_FWHM_4.66_Temp_7.90_0319.xisf
LIGHT,2025-12-16T22:35:58.6648802,2025-12-16T22:35:58.6648802,2025-12-16T22:40:59.1768522,600.0,600.0,ZWO ASI6200MM Pro,ZWOptical_ZWO ASI6200MM Pro_,100,10,0.246657639741898,1,1,0.0,0.4,3.76,3.76,40,66.2,52.2483888888889,-0.12325,NP101is,540.0,5.4,349.704203142828,60.8799075212253,49.24925,313.66224,1.31904260907635,East,LBN 542,23 18 49,+60 52 48,87.16,FocusLynx Focuser 1,11158,11158,1.325,2.2,2.2,Manual Rotator,0.0,0.0,0.0,Ascom.SxUFW (v2) ,SII,51.0,2.25955795527678,93.0,1006.06665773546,3.26000000000005,331.0,7.2,7.452,2000.0,N.I.N.A. 3.2.0.9001 (x64),LBN 542_Date_2025-12-16_Time_22-35-58_Type_LIGHT_Filter_SII_Exp_600.00s_G_100_Off_10_Ecc_0.38_HFR_1.89px_FWHM_4.94_Temp_2.20_0327.xisf,1,/mnt/raid0/AstroImaging/Source/LBN 548/LIGHT/SII/LBN 542_Date_2025-12-16_Time_22-35-58_Type_LIGHT_Filter_SII_Exp_600.00s_G_100_Off_10_Ecc_0.38_HFR_1.89px_FWHM_4.94_Temp_2.20_0327.xisf
LIGHT,2025-12-16T22:45:59.8534722,2025-12-16T22:45:59.8534722,2025-12-16T22:51:00.4209217,600.0,600.0,ZWO ASI6200MM Pro,ZWOptical_ZWO ASI6200MM Pro_,100,10,0.246657639741898,1,1,-10.0,-10.0,3.76,3.76,40,66.2,52.2483888888889,-0.12325,NP101is,540.0,5.4,349.704084542546,60.8799075862773,48.14498,314.43172,1.34149826171284,East,LBN 542,23 18 49,+60 52 48,87.16,FocusLynx Focuser 1,11158,11158,1.325,2.0,2.0,Manual Rotator,0.0,0.0,0.0,Ascom.SxUFW (v2) ,SII,51.0,2.25955795527678,93.0,1006.06665773546,3.26000000000005,331.0,7.2,7.452,2000.0,N.I.N.A. 3.2.0.9001 (x64),LBN 542_Date_2025-12-16_Time_22-45-59_Type_LIGHT_Filter_SII_Exp_600.00s_G_100_Off_10_Ecc_0.37_HFR_2.28px_FWHM_6.45_Temp_2.00_0328.xisf,1,/mnt/raid0/AstroImaging/Source/LBN 548/LIGHT/SII/LBN 542_Date_2025-12-16_Time_22-45-59_Type_LIGHT_Filter_SII_Exp_600.00s_G_100_Off_10_Ecc_0.37_HFR_2.28px_FWHM_6.45_Temp_2.00_0328.xisf
LIGHT,2025-12-16T22:56:01.1416391,2025-12-16T22:56:01.1416391,2025-12-16T23:01:01.7001575,600.0,600.0,ZWO ASI6200MM Pro,ZWOptical_ZWO ASI6200MM Pro_,100,10,0.246657639741898,1,1,-10.0,-10.1,3.76,3.76,40,66.2,52.2483888888889,-0.12325,NP101is,540.0,5.4,349.704130173209,60.8799075699063,47.05337,315.23229,1.36496450233396,East,LBN 542,23 18 49,+60 52 48,87.16,FocusLynx Focuser 1,11158,11158,1.325,1.6,1.6,Manual Rotator,0.0,0.0,0.0,Ascom.SxUFW (v2) ,SII,51.0,2.25955795527678,93.0,1006.06665773546,3.26000000000005,331.0,7.2,7.452,2000.0,N.I.N.A. 3.2.0.9001 (x64),LBN 542_Date_2025-12-16_Time_22-56-01_Type_LIGHT_Filter_SII_Exp_600.00s_G_100_Off_10_Ecc_0.40_HFR_1.83px_FWHM_4.69_Temp_1.60_0329.xisf,1,/mnt/raid0/AstroImaging/Source/LBN 548/LIGHT/SII/LBN 542_Date_2025-12-16_Time_22-56-01_Type_LIGHT_Filter_SII_Exp_600.00s_G_100_Off_10_Ecc_0.40_HFR_1.83px_FWHM_4.69_Temp_1.60_0329.xisf
LIGHT,2025-12-16T23:06:59.1053315,2025-12-16T23:06:59.1053315,2025-12-16T23:11:59.6435180,600.0,600.0,ZWO ASI6200MM Pro,ZWOptical_ZWO ASI6200MM Pro_,100,10,0.246657639741898,1,1,-10.0,-10.0,3.76,3.76,40,66.2,52.2483888888889,-0.12325,NP101is,540.0,5.4,349.703338171915,60.8791280041212,45.8789,316.13738,1.3917171151729,East,LBN 542,23 18 49,+60 52 48,87.16,FocusLynx Focuser 1,11158,11158,1.325,1.2,1.2,Manual Rotator,0.0,0.0,0.0,Ascom.SxUFW (v2) ,SII,51.0,2.25955795527678,93.0,1006.06665773546,3.26000000000005,331.0,7.2,7.452,2000.0,N.I.N.A. 3.2.0.9001 (x64),LBN 542_Date_2025-12-16_Time_23-06-59_Type_LIGHT_Filter_SII_Exp_600.00s_G_100_Off_10_Ecc_0.42_HFR_1.85px_FWHM_4.75_Temp_1.20_0330.xisf,1,/mnt/raid0/AstroImaging/Source/LBN 548/LIGHT/SII/LBN 542_Date_2025-12-16_Time_23-06-59_Type_LIGHT_Filter_SII_Exp_600.00s_G_100_Off_10_Ecc_0.42_HFR_1.85px_FWHM_4.75_Temp_1.20_0330.xisf
LIGHT,2025-12-16T23:22:25.1187925,2025-12-16T23:22:25.1187925,2025-12-16T23:27:25.6618623,600.0,600.0,ZWO ASI6200MM Pro,ZWOptical_ZWO ASI6200MM Pro_,100,10,0.246657639741898,1,1,-10.0,-10.0,3.76,3.76,40,66.2,52.2483888888889,-0.12325,NP101is,540.0,5.4,349.703414113311,60.8791279756659,44.2588,317.46646,1.43139350673497,East,LBN 542,23 18 49,+60 52 48,87.16,FocusLynx Focuser 1,11135,11135,1.325,0.8,0.8,Manual Rotator,0.0,0.0,0.0,Ascom.SxUFW (v2) ,SII,51.0,2.25955795527678,93.0,1006.06665773546,3.26000000000005,331.0,7.2,7.452,2000.0,N.I.N.A. 3.2.0.9001 (x64),LBN 542_Date_2025-12-16_Time_23-22-25_Type_LIGHT_Filter_SII_Exp_600.00s_G_100_Off_10_Ecc_0.40_HFR_1.77px_FWHM_4.48_Temp_0.80_0331.xisf,1,/mnt/raid0/AstroImaging/Source/LBN 548/LIGHT/SII/LBN 542_Date_2025-12-16_Time_23-22-25_Type_LIGHT_Filter_SII_Exp_600.00s_G_100_Off_10_Ecc_0.40_HFR_1.77px_FWHM_4.48_Temp_0.80_0331.xisf
LIGHT,2025-12-16T23:32:26.3352701,2025-12-16T23:32:26.3352701,2025-12-16T23:37:26.9067325,600.0,600.0,ZWO ASI6200MM Pro,ZWOptical_ZWO ASI6200MM Pro_,100,10,0.246657639741898,1,1,-10.0,-10.0,3.76,3.76,40,66.2,52.2483888888889,-0.12325,NP101is,540.0,5.4,349.703235835532,60.8791480688478,43.22684,318.36262,1.45848364119054,East,LBN 542,23 18 49,+60 52 48,87.16,FocusLynx Focuser 1,11135,11135,1.325,0.5,0.5,Manual Rotator,0.0,0.0,0.0,Ascom.SxUFW (v2) ,SII,51.0,2.25955795527678,93.0,1006.06665773546,3.26000000000005,331.0,7.2,7.452,2000.0,N.I.N.A. 3.2.0.9001 (x64),LBN 542_Date_2025-12-16_Time_23-32-26_Type_LIGHT_Filter_SII_Exp_600.00s_G_100_Off_10_Ecc_0.39_HFR_1.81px_FWHM_4.65_Temp_0.50_0332.xisf,1,/mnt/raid0/AstroImaging/Source/LBN 548/LIGHT/SII/LBN 542_Date_2025-12-16_Time_23-32-26_Type_LIGHT_Filter_SII_Exp_600.00s_G_100_Off_10_Ecc_0.39_HFR_1.81px_FWHM_4.65_Temp_0.50_0332.xisf
LIGHT,2025-12-16T23:43:50.8489076,2025-12-16T23:43:50.8489076,2025-12-16T23:48:51.3948924,600.0,600.0,ZWO ASI6200MM Pro,ZWOptical_ZWO ASI6200MM Pro_,100,10,0.246657639741898,1,1,-10.0,-10.0,3.76,3.76,40,66.2,52.2483888888889,-0.12325,NP101is,540.0,5.4,349.703669298722,60.8789278706231,42.07611,319.40928,1.49050348922119,East,LBN 542,23 18 49,+60 52 48,87.16,FocusLynx Focuser 1,11135,11135,1.325,0.2,0.2,Manual Rotator,0.0,0.0,0.0,Ascom.SxUFW (v2) ,SII,51.0,2.25955795527678,93.0,1006.06665773546,3.26000000000005,331.0,7.2,7.452,2000.0,N.I.N.A. 3.2.0.9001 (x64),LBN 542_Date_2025-12-16_Time_23-43-50_Type_LIGHT_Filter_SII_Exp_600.00s_G_100_Off_10_Ecc_0.42_HFR_1.77px_FWHM_4.42_Temp_0.20_0333.xisf,1,/mnt/raid0/AstroImaging/Source/LBN 548/LIGHT/SII/LBN 542_Date_2025-12-16_Time_23-43-50_Type_LIGHT_Filter_SII_Exp_600.00s_G_100_Off_10_Ecc_0.42_HFR_1.77px_FWHM_4.42_Temp_0.20_0333.xisf
LIGHT,2025-12-16T23:53:52.0918192,2025-12-16T23:53:52.0918192,2025-12-16T23:58:52.6406188,600.0,600.0,ZWO ASI6200MM Pro,ZWOptical_ZWO ASI6200MM Pro_,100,10,0.246657639741898,1,1,-10.0,-10.0,3.76,3.76,40,66.2,52.2483888888889,-0.12325,NP101is,540.0,5.4,349.703714862855,60.8788978549543,41.08674,320.35175,1.5196739287438,East,LBN 542,23 18 49,+60 52 48,87.16,FocusLynx Focuser 1,11135,11135,1.325,0.0,0.0,Manual Rotator,0.0,0.0,0.0,Ascom.SxUFW (v2) ,SII,51.0,2.25955795527678,93.0,1006.06665773546,3.26000000000005,331.0,7.2,7.452,2000.0,N.I.N.A. 3.2.0.9001 (x64),LBN 542_Date_2025-12-16_Time_23-53-52_Type_LIGHT_Filter_SII_Exp_600.00s_G_100_Off_10_Ecc_0.42_HFR_1.81px_FWHM_4.54_Temp_0.00_0334.xisf,1,/mnt/raid0/AstroImaging/Source/LBN 548/LIGHT/SII/LBN 542_Date_2025-12-16_Time_23-53-52_Type_LIGHT_Filter_SII_Exp_600.00s_G_100_Off_10_Ecc_0.42_HFR_1.81px_FWHM_4.54_Temp_0.00_0334.xisf
LIGHT,2025-12-17T00:03:53.3866431,2025-12-17T00:03:53.3866431,2025-12-17T00:08:53.9447905,600.0,600.0,ZWO ASI6200MM Pro,ZWOptical_ZWO ASI6200MM Pro_,100,10,0.246657639741898,1,1,-10.0,-10.0,3.76,3.76,40,66.2,52.2483888888889,-0.12325,NP101is,540.0,5.4,349.703775421823,60.8788978303964,40.11441,321.31839,1.54993021788823,East,LBN 542,23 18 49,+60 52 48,87.16,FocusLynx Focuser 1,11135,11135,1.325,-0.1,-0.1,Manual Rotator,0.0,0.0,0.0,Ascom.SxUFW (v2) ,SII,51.0,2.25955795527678,93.0,1006.06665773546,3.26000000000005,331.0,7.2,7.452,2000.0,N.I.N.A. 3.2.0.9001 (x64),LBN 542_Date_2025-12-17_Time_00-03-53_Type_LIGHT_Filter_SII_Exp_600.00s_G_100_Off_10_Ecc_0.43_HFR_1.78px_FWHM_4.36_Temp_-0.10_0335.xisf,1,/mnt/raid0/AstroImaging/Source/LBN 548/LIGHT/SII/LBN 542_Date_2025-12-17_Time_00-03-53_Type_LIGHT_Filter_SII_Exp_600.00s_G_100_Off_10_Ecc_0.43_HFR_1.78px_FWHM_4.36_Temp_-0.10_0335.xisf
LIGHT,2025-12-17T00:15:14.8657918,2025-12-17T00:15:14.8657918,2025-12-17T00:20:15.4315226,600.0,600.0,ZWO ASI6200MM Pro,ZWOptical_ZWO ASI6200MM Pro_,100,10,0.246657639741898,1,1,-10.0,-10.0,3.76,3.76,40,66.2,52.2483888888889,-0.12325,NP101is,540.0,5.4,349.705375278714,60.8795670137554,39.03861,322.43858,1.58537868179699,East,LBN 542,23 18 49,+60 52 48,87.16,FocusLynx Focuser 1,11135,11135,1.325,-0.2,-0.2,Manual Rotator,0.0,0.0,0.0,Ascom.SxUFW (v2) ,SII,51.0,2.25955795527678,93.0,1006.06665773546,3.26000000000005,331.0,7.2,7.452,2000.0,N.I.N.A. 3.2.0.9001 (x64),LBN 542_Date_2025-12-17_Time_00-15-14_Type_LIGHT_Filter_SII_Exp_600.00s_G_100_Off_10_Ecc_0.43_HFR_1.81px_FWHM_4.52_Temp_-0.20_0336.xisf,1,/mnt/raid0/AstroImaging/Source/LBN 548/LIGHT/SII/LBN 542_Date_2025-12-17_Time_00-15-14_Type_LIGHT_Filter_SII_Exp_600.00s_G_100_Off_10_Ecc_0.43_HFR_1.81px_FWHM_4.52_Temp_-0.20_0336.xisf
LIGHT,2025-12-17T00:25:16.1722588,2025-12-17T00:25:16.1722588,2025-12-17T00:30:16.7215083,600.0,600.0,ZWO ASI6200MM Pro,ZWOptical_ZWO ASI6200MM Pro_,100,10,0.246657639741898,1,1,-10.0,-10.0,3.76,3.76,40,66.2,52.2483888888889,-0.12325,NP101is,540.0,5.4,349.705390939566,60.8795170134164,38.11402,323.44494,1.6176252992143,East,LBN 542,23 18 49,+60 52 48,87.16,FocusLynx Focuser 1,11135,11135,1.325,-0.3,-0.3,Manual Rotator,0.0,0.0,0.0,Ascom.SxUFW (v2) ,SII,51.0,2.25955795527678,93.0,1006.06665773546,3.26000000000005,331.0,7.2,7.452,2000.0,N.I.N.A. 3.2.0.9001 (x64),LBN 542_Date_2025-12-17_Time_00-25-16_Type_LIGHT_Filter_SII_Exp_600.00s_G_100_Off_10_Ecc_0.43_HFR_1.82px_FWHM_4.53_Temp_-0.30_0337.xisf,1,/mnt/raid0/AstroImaging/Source/LBN 548/LIGHT/SII/LBN 542_Date_2025-12-17_Time_00-25-16_Type_LIGHT_Filter_SII_Exp_600.00s_G_100_Off_10_Ecc_0.43_HFR_1.82px_FWHM_4.53_Temp_-0.30_0337.xisf
LIGHT,2025-12-17T00:35:17.4070116,2025-12-17T00:35:17.4070116,2025-12-17T00:40:17.9407336,600.0,600.0,ZWO ASI6200MM Pro,ZWOptical_ZWO ASI6200MM Pro_,100,10,0.246657639741898,1,1,-10.0,-10.0,3.76,3.76,40,66.2,52.2483888888889,-0.12325,NP101is,540.0,5.4,349.705332034627,60.8795070480735,37.2104444444444,324.47115,1.65084967029602,East,LBN 542,23 18 49,+60 52 48,87.16,FocusLynx Focuser 1,11135,11135,1.325,-0.4,-0.4,Manual Rotator,0.0,0.0,0.0,Ascom.SxUFW (v2) ,SII,51.0,2.25955795527678,93.0,1006.06665773546,3.26000000000005,331.0,7.2,7.452,2000.0,N.I.N.A. 3.2.0.9001 (x64),LBN 542_Date_2025-12-17_Time_00-35-17_Type_LIGHT_Filter_SII_Exp_600.00s_G_100_Off_10_Ecc_0.44_HFR_1.80px_FWHM_4.42_Temp_-0.40_0338.xisf,1,/mnt/raid0/AstroImaging/Source/LBN 548/LIGHT/SII/LBN 542_Date_2025-12-17_Time_00-35-17_Type_LIGHT_Filter_SII_Exp_600.00s_G_100_Off_10_Ecc_0.44_HFR_1.80px_FWHM_4.42_Temp_-0.40_0338.xisf
LIGHT,2025-12-17T00:45:31.5098688,2025-12-17T00:45:31.5098688,2025-12-17T00:50:32.0538550,600.0,600.0,ZWO ASI6200MM Pro,ZWOptical_ZWO ASI6200MM Pro_,100,10,0.246657639741898,1,1,-10.0,-10.0,3.76,3.76,40,66.2,52.2483888888889,-0.12325,NP101is,540.0,5.4,349.704469295304,60.8806274295104,36.30885,325.54337,1.68580969419273,East,LBN 542,23 18 49,+60 52 48,87.16,FocusLynx Focuser 1,11135,11135,1.325,-0.4,-0.4,Manual Rotator,0.0,0.0,0.0,Ascom.SxUFW (v2) ,SII,51.0,2.25955795527678,93.0,1006.06665773546,3.26000000000005,331.0,7.2,7.452,2000.0,N.I.N.A. 3.2.0.9001 (x64),LBN 542_Date_2025-12-17_Time_00-45-31_Type_LIGHT_Filter_SII_Exp_600.00s_G_100_Off_10_Ecc_0.45_HFR_1.76px_FWHM_4.31_Temp_-0.40_0339.xisf,1,/mnt/raid0/AstroImaging/Source/LBN 548/LIGHT/SII/LBN 542_Date_2025-12-17_Time_00-45-31_Type_LIGHT_Filter_SII_Exp_600.00s_G_100_Off_10_Ecc_0.45_HFR_1.76px_FWHM_4.31_Temp_-0.40_0339.xisf
LIGHT,2025-12-17T00:55:32.7691266,2025-12-17T00:55:32.7691266,2025-12-17T01:00:33.3189018,600.0,600.0,ZWO ASI6200MM Pro,ZWOptical_ZWO ASI6200MM Pro_,100,10,0.246657639741898,1,1,-10.0,-10.0,3.76,3.76,40,66.2,52.2483888888889,-0.12325,NP101is,540.0,5.4,349.704574619844,60.8806173826107,35.45169,326.60675,1.72084423311807,East,LBN 542,23 18 49,+60 52 48,87.16,FocusLynx Focuser 1,11135,11135,1.325,-0.4,-0.4,Manual Rotator,0.0,0.0,0.0,Ascom.SxUFW (v2) ,SII,51.0,2.25955795527678,93.0,1006.06665773546,3.26000000000005,331.0,7.2,7.452,2000.0,N.I.N.A. 3.2.0.9001 (x64),LBN 542_Date_2025-12-17_Time_00-55-32_Type_LIGHT_Filter_SII_Exp_600.00s_G_100_Off_10_Ecc_0.45_HFR_1.77px_FWHM_4.28_Temp_-0.40_0340.xisf,1,/mnt/raid0/AstroImaging/Source/LBN 548/LIGHT/SII/LBN 542_Date_2025-12-17_Time_00-55-32_Type_LIGHT_Filter_SII_Exp_600.00s_G_100_Off_10_Ecc_0.45_HFR_1.77px_FWHM_4.28_Temp_-0.40_0340.xisf
LIGHT,2025-12-17T01:05:34.0108167,2025-12-17T01:05:34.0108167,2025-12-17T01:10:34.5524127,600.0,600.0,ZWO ASI6200MM Pro,ZWOptical_ZWO ASI6200MM Pro_,100,10,0.246657639741898,1,1,-10.0,-10.0,3.76,3.76,40,66.2,52.2483888888889,-0.12325,NP101is,540.0,5.4,349.704530643147,60.8806074095267,34.61969,327.6859,1.75664819941838,East,LBN 542,23 18 49,+60 52 48,87.16,FocusLynx Focuser 1,11135,11135,1.325,-0.5,-0.5,Manual Rotator,0.0,0.0,0.0,Ascom.SxUFW (v2) ,SII,51.0,2.25955795527678,93.0,1006.06665773546,3.26000000000005,331.0,7.2,7.452,2000.0,N.I.N.A. 3.2.0.9001 (x64),LBN 542_Date_2025-12-17_Time_01-05-34_Type_LIGHT_Filter_SII_Exp_600.00s_G_100_Off_10_Ecc_0.45_HFR_1.76px_FWHM_4.36_Temp_-0.50_0341.xisf,1,/mnt/raid0/AstroImaging/Source/LBN 548/LIGHT/SII/LBN 542_Date_2025-12-17_Time_01-05-34_Type_LIGHT_Filter_SII_Exp_600.00s_G_100_Off_10_Ecc_0.45_HFR_1.76px_FWHM_4.36_Temp_-0.50_0341.xisf
LIGHT,2025-12-17T01:16:16.1747207,2025-12-17T01:16:16.1747207,2025-12-17T01:21:16.7036708,600.0,600.0,ZWO ASI6200MM Pro,ZWOptical_ZWO ASI6200MM Pro_,100,10,0.246657639741898,1,1,-10.0,-10.0,3.76,3.76,40,66.2,52.2483888888889,-0.12325,NP101is,540.0,5.4,349.707771669953,60.88076580225,33.75835,328.85714,1.79571794205795,East,LBN 542,23 18 49,+60 52 48,87.16,FocusLynx Focuser 1,11135,11135,1.325,-0.5,-0.5,Manual Rotator,0.0,0.0,0.0,Ascom.SxUFW (v2) ,SII,51.0,2.25955795527678,93.0,1006.06665773546,3.26000000000005,331.0,7.2,7.452,2000.0,N.I.N.A. 3.2.0.9001 (x64),LBN 542_Date_2025-12-17_Time_01-16-16_Type_LIGHT_Filter_SII_Exp_600.00s_G_100_Off_10_Ecc_0.45_HFR_1.81px_FWHM_4.46_Temp_-0.50_0342.xisf,1,/mnt/raid0/AstroImaging/Source/LBN 548/LIGHT/SII/LBN 542_Date_2025-12-17_Time_01-16-16_Type_LIGHT_Filter_SII_Exp_600.00s_G_100_Off_10_Ecc_0.45_HFR_1.81px_FWHM_4.46_Temp_-0.50_0342.xisf
LIGHT,2025-12-17T01:26:17.3383202,2025-12-17T01:26:17.3383202,2025-12-17T01:31:17.8898773,600.0,600.0,ZWO ASI6200MM Pro,ZWOptical_ZWO ASI6200MM Pro_,100,10,0.246657639741898,1,1,-10.0,-10.0,3.76,3.76,40,66.2,52.2483888888889,-0.12325,NP101is,540.0,5.4,349.707802365725,60.8807657914813,32.97597,329.97322,1.83310167100536,East,LBN 542,23 18 49,+60 52 48,87.16,FocusLynx Focuser 1,11135,11135,1.325,-0.6,-0.6,Manual Rotator,0.0,0.0,0.0,Ascom.SxUFW (v2) ,SII,51.0,2.25955795527678,93.0,1006.06665773546,3.26000000000005,331.0,7.2,7.452,2000.0,N.I.N.A. 3.2.0.9001 (x64),LBN 542_Date_2025-12-17_Time_01-26-17_Type_LIGHT_Filter_SII_Exp_600.00s_G_100_Off_10_Ecc_0.45_HFR_1.78px_FWHM_4.42_Temp_-0.60_0343.xisf,1,/mnt/raid0/AstroImaging/Source/LBN 548/LIGHT/SII/LBN 542_Date_2025-12-17_Time_01-26-17_Type_LIGHT_Filter_SII_Exp_600.00s_G_100_Off_10_Ecc_0.45_HFR_1.78px_FWHM_4.42_Temp_-0.60_0343.xisf
LIGHT,2025-12-17T01:36:18.5858948,2025-12-17T01:36:18.5858948,2025-12-17T01:41:19.1502983,600.0,600.0,ZWO ASI6200MM Pro,ZWOptical_ZWO ASI6200MM Pro_,100,10,0.246657639741898,1,1,-10.0,-10.0,3.76,3.76,40,66.2,52.2483888888889,-0.12325,NP101is,540.0,5.4,349.707698626849,60.8807358485112,32.22149,331.10217,1.87098555139934,East,LBN 542,23 18 49,+60 52 48,87.16,FocusLynx Focuser 1,11135,11135,1.325,-0.7,-0.7,Manual Rotator,0.0,0.0,0.0,Ascom.SxUFW (v2) ,SII,51.0,2.25955795527678,93.0,1006.06665773546,3.26000000000005,331.0,7.2,7.452,2000.0,N.I.N.A. 3.2.0.9001 (x64),LBN 542_Date_2025-12-17_Time_01-36-18_Type_LIGHT_Filter_SII_Exp_600.00s_G_100_Off_10_Ecc_0.46_HFR_1.84px_FWHM_4.57_Temp_-0.70_0344.xisf,1,/mnt/raid0/AstroImaging/Source/LBN 548/LIGHT/SII/LBN 542_Date_2025-12-17_Time_01-36-18_Type_LIGHT_Filter_SII_Exp_600.00s_G_100_Off_10_Ecc_0.46_HFR_1.84px_FWHM_4.57_Temp_-0.70_0344.xisf
LIGHT,2025-12-17T01:46:33.4549611,2025-12-17T01:46:33.4549611,2025-12-17T01:51:34.0128044,600.0,600.0,ZWO ASI6200MM Pro,ZWOptical_ZWO ASI6200MM Pro_,100,10,0.246657639741898,1,1,-10.0,-9.9,3.76,3.76,40,66.2,52.2483888888889,-0.12325,NP101is,540.0,5.4,349.703488231041,60.8802579597372,31.47296,332.27873,1.91047554339298,East,LBN 542,23 18 49,+60 52 48,87.16,FocusLynx Focuser 1,11135,11135,1.325,-0.7,-0.7,Manual Rotator,0.0,0.0,0.0,Ascom.SxUFW (v2) ,SII,51.0,2.25955795527678,93.0,1006.06665773546,3.26000000000005,331.0,7.2,7.452,2000.0,N.I.N.A. 3.2.0.9001 (x64),LBN 542_Date_2025-12-17_Time_01-46-33_Type_LIGHT_Filter_SII_Exp_600.00s_G_100_Off_10_Ecc_0.44_HFR_1.83px_FWHM_4.54_Temp_-0.70_0345.xisf,1,/mnt/raid0/AstroImaging/Source/LBN 548/LIGHT/SII/LBN 542_Date_2025-12-17_Time_01-46-33_Type_LIGHT_Filter_SII_Exp_600.00s_G_100_Off_10_Ecc_0.44_HFR_1.83px_FWHM_4.54_Temp_-0.70_0345.xisf
LIGHT,2025-12-17T01:56:34.7184536,2025-12-17T01:56:34.7184536,2025-12-17T02:01:35.2791686,600.0,600.0,ZWO ASI6200MM Pro,ZWOptical_ZWO ASI6200MM Pro_,100,10,0.246657639741898,1,1,-10.0,-10.0,3.76,3.76,40,66.2,52.2483888888889,-0.12325,NP101is,540.0,5.4,349.703459265599,60.8802879768288,30.77433,333.43592,1.94916441628785,East,LBN 542,23 18 49,+60 52 48,87.16,FocusLynx Focuser 1,11135,11135,1.325,-0.7,-0.7,Manual Rotator,0.0,0.0,0.0,Ascom.SxUFW (v2) ,SII,51.0,2.25955795527678,93.0,1006.06665773546,3.26000000000005,331.0,7.2,7.452,2000.0,N.I.N.A. 3.2.0.9001 (x64),LBN 542_Date_2025-12-17_Time_01-56-34_Type_LIGHT_Filter_SII_Exp_600.00s_G_100_Off_10_Ecc_0.44_HFR_1.77px_FWHM_4.35_Temp_-0.70_0346.xisf,1,/mnt/raid0/AstroImaging/Source/LBN 548/LIGHT/SII/LBN 542_Date_2025-12-17_Time_01-56-34_Type_LIGHT_Filter_SII_Exp_600.00s_G_100_Off_10_Ecc_0.44_HFR_1.77px_FWHM_4.35_Temp_-0.70_0346.xisf
LIGHT,2025-12-17T02:06:35.9920741,2025-12-17T02:06:35.9920741,2025-12-17T02:11:36.5447682,600.0,600.0,ZWO ASI6200MM Pro,ZWOptical_ZWO ASI6200MM Pro_,100,10,0.246657639741898,1,1,-10.0,-10.0,3.76,3.76,40,66.2,52.2483888888889,-0.12325,NP101is,540.0,5.4,349.703475031093,60.8802879730323,30.10031,334.61284,1.98828176800936,East,LBN 542,23 18 49,+60 52 48,87.16,FocusLynx Focuser 1,11135,11135,1.325,-0.8,-0.8,Manual Rotator,0.0,0.0,0.0,Ascom.SxUFW (v2) ,SII,51.0,2.25955795527678,93.0,1006.06665773546,3.26000000000005,331.0,7.2,7.452,2000.0,N.I.N.A. 3.2.0.9001 (x64),LBN 542_Date_2025-12-17_Time_02-06-35_Type_LIGHT_Filter_SII_Exp_600.00s_G_100_Off_10_Ecc_0.42_HFR_1.74px_FWHM_4.27_Temp_-0.80_0347.xisf,1,/mnt/raid0/AstroImaging/Source/LBN 548/LIGHT/SII/LBN 542_Date_2025-12-17_Time_02-06-35_Type_LIGHT_Filter_SII_Exp_600.00s_G_100_Off_10_Ecc_0.42_HFR_1.74px_FWHM_4.27_Temp_-0.80_0347.xisf
LIGHT,2025-12-17T02:16:50.4233290,2025-12-17T02:16:50.4233290,2025-12-17T02:21:50.9984780,600.0,600.0,ZWO ASI6200MM Pro,ZWOptical_ZWO ASI6200MM Pro_,100,10,0.246657639741898,1,1,-10.0,-10.0,3.76,3.76,40,66.2,52.2483888888889,-0.12325,NP101is,540.0,5.4,349.701279735668,60.8795990959104,29.4412777777778,335.82766,2.02834495305466,East,LBN 542,23 18 49,+60 52 48,87.16,FocusLynx Focuser 1,11135,11135,1.325,-1.1,-1.1,Manual Rotator,0.0,0.0,0.0,Ascom.SxUFW (v2) ,SII,51.0,2.25955795527678,93.0,1006.06665773546,3.26000000000005,331.0,7.2,7.452,2000.0,N.I.N.A. 3.2.0.9001 (x64),LBN 542_Date_2025-12-17_Time_02-16-50_Type_LIGHT_Filter_SII_Exp_600.00s_G_100_Off_10_Ecc_0.41_HFR_1.73px_FWHM_4.36_Temp_-1.10_0348.xisf,1,/mnt/raid0/AstroImaging/Source/LBN 548/LIGHT/SII/LBN 542_Date_2025-12-17_Time_02-16-50_Type_LIGHT_Filter_SII_Exp_600.00s_G_100_Off_10_Ecc_0.41_HFR_1.73px_FWHM_4.36_Temp_-1.10_0348.xisf
LIGHT,2025-12-17T02:26:51.7022480,2025-12-17T02:26:51.7022480,2025-12-17T02:31:52.2571428,600.0,600.0,ZWO ASI6200MM Pro,ZWOptical_ZWO ASI6200MM Pro_,100,10,0.246657639741898,1,1,-10.0,-9.8,3.76,3.76,40,66.2,52.2483888888889,-0.12325,NP101is,540.0,5.4,349.701340269037,60.8795890701752,28.8265,337.03053,2.06744318673226,East,LBN 542,23 18 49,+60 52 48,87.16,FocusLynx Focuser 1,11135,11135,1.325,-1.1,-1.1,Manual Rotator,0.0,0.0,0.0,Ascom.SxUFW (v2) ,SII,51.0,2.25955795527678,93.0,1006.06665773546,3.26000000000005,331.0,7.2,7.452,2000.0,N.I.N.A. 3.2.0.9001 (x64),LBN 542_Date_2025-12-17_Time_02-26-51_Type_LIGHT_Filter_SII_Exp_600.00s_G_100_Off_10_Ecc_0.56_HFR_1.76px_FWHM_4.67_Temp_-1.10_0349.xisf,1,/mnt/raid0/AstroImaging/Source/LBN 548/LIGHT/SII/LBN 542_Date_2025-12-17_Time_02-26-51_Type_LIGHT_Filter_SII_Exp_600.00s_G_100_Off_10_Ecc_0.56_HFR_1.76px_FWHM_4.67_Temp_-1.10_0349.xisf
LIGHT,2025-12-19T17:42:47.0361870,2025-12-19T17:42:47.0361870,2025-12-19T17:47:47.6097390,600.0,600.0,ZWO ASI6200MM Pro,ZWOptical_ZWO ASI6200MM Pro_,100,10,0.246657639741898,1,1,-10.0,-10.0,3.76,3.76,40,66.2,52.2483888888889,-0.12325,NP101is,540.0,5.4,349.730853051933,60.8792013599084,80.5072222222222,340.16102,1.01380573882976,East,LBN 542,23 18 55,+60 52 45,87.5043005992134,FocusLynx Focuser 1,11129,11129,1.325,4.3,4.3,Manual Rotator,87.6268157958984,87.6268157958984,0.0,Ascom.SxUFW (v2) ,SII,,,,,,,,,2000.0,N.I.N.A. 3.2.0.9001 (x64),LBN 542_Date_2025-12-19_Time_17-42-47_Type_LIGHT_Filter_SII_Exp_600.00s_G_100_Off_10_Ecc_0.40_HFR_1.71px_FWHM_4.16_Temp_4.30_0000.xisf,1,/mnt/raid0/AstroImaging/Source/LBN 548/LIGHT/SII/LBN 542_Date_2025-12-19_Time_17-42-47_Type_LIGHT_Filter_SII_Exp_600.00s_G_100_Off_10_Ecc_0.40_HFR_1.71px_FWHM_4.16_Temp_4.30_0000.xisf
LIGHT,2025-12-19T17:52:48.2872245,2025-12-19T17:52:48.2872245,2025-12-19T17:57:48.8194816,600.0,600.0,ZWO ASI6200MM Pro,ZWOptical_ZWO ASI6200MM Pro_,100,10,0.246657639741898,1,1,-10.0,-10.0,3.76,3.76,40,66.2,52.2483888888889,-0.12325,NP101is,540.0,5.4,349.730928569484,60.8792113140555,79.90576,333.9334,1.01563862282889,East,LBN 542,23 18 55,+60 52 45,87.5043005992134,FocusLynx Focuser 1,11129,11129,1.325,4.2,4.2,Manual Rotator,87.6268157958984,87.6268157958984,0.0,Ascom.SxUFW (v2) ,SII,,,,,,,,,2000.0,N.I.N.A. 3.2.0.9001 (x64),LBN 542_Date_2025-12-19_Time_17-52-48_Type_LIGHT_Filter_SII_Exp_600.00s_G_100_Off_10_Ecc_0.40_HFR_1.71px_FWHM_4.21_Temp_4.20_0001.xisf,1,/mnt/raid0/AstroImaging/Source/LBN 548/LIGHT/SII/LBN 542_Date_2025-12-19_Time_17-52-48_Type_LIGHT_Filter_SII_Exp_600.00s_G_100_Off_10_Ecc_0.40_HFR_1.71px_FWHM_4.21_Temp_4.20_0001.xisf
LIGHT,2025-12-19T18:02:49.4707278,2025-12-19T18:02:49.4707278,2025-12-19T18:07:50.0469966,600.0,600.0,ZWO ASI6200MM Pro,ZWOptical_ZWO ASI6200MM Pro_,100,10,0.246657639741898,1,1,-10.0,-10.0,3.76,3.76,40,66.2,52.2483888888889,-0.12325,NP101is,540.0,5.4,349.730780095432,60.879201380708,79.16553,328.61608,1.01805767213042,East,LBN 542,23 18 55,+60 52 45,87.5043005992134,FocusLynx Focuser 1,11129,11129,1.325,4.2,4.2,Manual Rotator,87.6268157958984,87.6268157958984,0.0,Ascom.SxUFW (v2) ,SII,,,,,,,,,2000.0,N.I.N.A. 3.2.0.9001 (x64),LBN 542_Date_2025-12-19_Time_18-02-49_Type_LIGHT_Filter_SII_Exp_600.00s_G_100_Off_10_Ecc_0.40_HFR_1.70px_FWHM_4.11_Temp_4.20_0002.xisf,1,/mnt/raid0/AstroImaging/Source/LBN 548/LIGHT/SII/LBN 542_Date_2025-12-19_Time_18-02-49_Type_LIGHT_Filter_SII_Exp_600.00s_G_100_Off_10_Ecc_0.40_HFR_1.70px_FWHM_4.11_Temp_4.20_0002.xisf
LIGHT,2025-12-19T18:14:08.5957249,2025-12-19T18:14:08.5957249,2025-12-19T18:19:09.1538385,600.0,600.0,ZWO ASI6200MM Pro,ZWOptical_ZWO ASI6200MM Pro_,100,10,0.246657639741898,1,1,-10.0,-9.9,3.76,3.76,40,66.2,52.2483888888889,-0.12325,NP101is,540.0,5.4,349.728140368889,60.8801126434855,78.19235,323.64173,1.02151549834545,East,LBN 542,23 18 55,+60 52 45,87.5043005992134,FocusLynx Focuser 1,11129,11129,1.325,4.2,4.2,Manual Rotator,87.6268157958984,87.6268157958984,0.0,Ascom.SxUFW (v2) ,SII,,,,,,,,,2000.0,N.I.N.A. 3.2.0.9001 (x64),LBN 542_Date_2025-12-19_Time_18-14-08_Type_LIGHT_Filter_SII_Exp_600.00s_G_100_Off_10_Ecc_0.40_HFR_1.69px_FWHM_4.09_Temp_4.20_0003.xisf,1,/mnt/raid0/AstroImaging/Source/LBN 548/LIGHT/SII/LBN 542_Date_2025-12-19_Time_18-14-08_Type_LIGHT_Filter_SII_Exp_600.00s_G_100_Off_10_Ecc_0.40_HFR_1.69px_FWHM_4.09_Temp_4.20_0003.xisf
LIGHT,2025-12-19T18:24:09.8736631,2025-12-19T18:24:09.8736631,2025-12-19T18:29:10.4324473,600.0,600.0,ZWO ASI6200MM Pro,ZWOptical_ZWO ASI6200MM Pro_,100,10,0.246657639741898,1,1,-10.0,-10.0,3.76,3.76,40,66.2,52.2483888888889,-0.12325,NP101is,540.0,5.4,349.728021776544,60.880112695006,77.24202,320.07325,1.02520096315609,East,LBN 542,23 18 55,+60 52 45,87.5043005992134,FocusLynx Focuser 1,11129,11129,1.325,4.1,4.1,Manual Rotator,87.6268157958984,87.6268157958984,0.0,Ascom.SxUFW (v2) ,SII,,,,,,,,,2000.0,N.I.N.A. 3.2.0.9001 (x64),LBN 542_Date_2025-12-19_Time_18-24-09_Type_LIGHT_Filter_SII_Exp_600.00s_G_100_Off_10_Ecc_0.40_HFR_1.71px_FWHM_4.19_Temp_4.10_0004.xisf,1,/mnt/raid0/AstroImaging/Source/LBN 548/LIGHT/SII/LBN 542_Date_2025-12-19_Time_18-24-09_Type_LIGHT_Filter_SII_Exp_600.00s_G_100_Off_10_Ecc_0.40_HFR_1.71px_FWHM_4.19_Temp_4.10_0004.xisf
LIGHT,2025-12-19T18:34:11.1448690,2025-12-19T18:34:11.1448690,2025-12-19T18:39:11.7158781,600.0,600.0,ZWO ASI6200MM Pro,ZWOptical_ZWO ASI6200MM Pro_,100,10,0.246657639741898,1,1,-10.0,-10.0,3.76,3.76,40,66.2,52.2483888888889,-0.12325,NP101is,540.0,5.4,349.728112204043,60.880112642538,76.22436,317.16417,1.0294920082145,East,LBN 542,23 18 55,+60 52 45,87.5043005992134,FocusLynx Focuser 1,11129,11129,1.325,3.9,3.9,Manual Rotator,87.6268157958984,87.6268157958984,0.0,Ascom.SxUFW (v2) ,SII,,,,,,,,,2000.0,N.I.N.A. 3.2.0.9001 (x64),LBN 542_Date_2025-12-19_Time_18-34-11_Type_LIGHT_Filter_SII_Exp_600.00s_G_100_Off_10_Ecc_0.40_HFR_1.74px_FWHM_4.32_Temp_3.90_0005.xisf,1,/mnt/raid0/AstroImaging/Source/LBN 548/LIGHT/SII/LBN 542_Date_2025-12-19_Time_18-34-11_Type_LIGHT_Filter_SII_Exp_600.00s_G_100_Off_10_Ecc_0.40_HFR_1.74px_FWHM_4.32_Temp_3.90_0005.xisf
LIGHT,2025-12-19T18:45:46.8481075,2025-12-19T18:45:46.8481075,2025-12-19T18:50:47.4161535,600.0,600.0,ZWO ASI6200MM Pro,ZWOptical_ZWO ASI6200MM Pro_,100,10,0.246657639741898,1,1,-10.0,-10.0,3.76,3.76,40,66.2,52.2483888888889,-0.12325,NP101is,540.0,5.4,349.730334926062,60.8787715902689,74.98807,314.4925,1.03519442998377,East,LBN 542,23 18 55,+60 52 45,87.5043005992134,FocusLynx Focuser 1,11129,11129,1.325,3.9,3.9,Manual Rotator,87.6268157958984,87.6268157958984,0.0,Ascom.SxUFW (v2) ,SII,,,,,,,,,2000.0,N.I.N.A. 3.2.0.9001 (x64),LBN 542_Date_2025-12-19_Time_18-45-46_Type_LIGHT_Filter_SII_Exp_600.00s_G_100_Off_10_Ecc_0.39_HFR_1.74px_FWHM_4.30_Temp_3.90_0006.xisf,1,/mnt/raid0/AstroImaging/Source/LBN 548/LIGHT/SII/LBN 542_Date_2025-12-19_Time_18-45-46_Type_LIGHT_Filter_SII_Exp_600.00s_G_100_Off_10_Ecc_0.39_HFR_1.74px_FWHM_4.30_Temp_3.90_0006.xisf
LIGHT,2025-12-19T18:55:48.0794339,2025-12-19T18:55:48.0794339,2025-12-19T19:00:48.6229737,600.0,600.0,ZWO ASI6200MM Pro,ZWOptical_ZWO ASI6200MM Pro_,100,10,0.246657639741898,1,1,-10.0,-10.0,3.76,3.76,40,66.2,52.2483888888889,-0.12325,NP101is,540.0,5.4,349.730380649497,60.8788115583334,73.87235,312.67195,1.04081286300498,East,LBN 542,23 18 55,+60 52 45,87.5043005992134,FocusLynx Focuser 1,11129,11129,1.325,3.8,3.8,Manual Rotator,87.6268157958984,87.6268157958984,0.0,Ascom.SxUFW (v2) ,SII,,,,,,,,,2000.0,N.I.N.A. 3.2.0.9001 (x64),LBN 542_Date_2025-12-19_Time_18-55-48_Type_LIGHT_Filter_SII_Exp_600.00s_G_100_Off_10_Ecc_0.39_HFR_1.73px_FWHM_4.26_Temp_3.80_0007.xisf,1,/mnt/raid0/AstroImaging/Source/LBN 548/LIGHT/SII/LBN 542_Date_2025-12-19_Time_18-55-48_Type_LIGHT_Filter_SII_Exp_600.00s_G_100_Off_10_Ecc_0.39_HFR_1.73px_FWHM_4.26_Temp_3.80_0007.xisf
LIGHT,2025-12-19T19:05:49.2848477,2025-12-19T19:05:49.2848477,2025-12-19T19:10:49.8000538,600.0,600.0,ZWO ASI6200MM Pro,ZWOptical_ZWO ASI6200MM Pro_,100,10,0.246657639741898,1,1,-10.0,-10.0,3.76,3.76,40,66.2,52.2483888888889,-0.12325,NP101is,540.0,5.4,349.730202232079,60.8787616422997,72.73082,311.23422,1.04703738280987,East,LBN 542,23 18 55,+60 52 45,87.5043005992134,FocusLynx Focuser 1,11129,11129,1.325,3.8,3.8,Manual Rotator,87.6268157958984,87.6268157958984,0.0,Ascom.SxUFW (v2) ,SII,,,,,,,,,2000.0,N.I.N.A. 3.2.0.9001 (x64),LBN 542_Date_2025-12-19_Time_19-05-49_Type_LIGHT_Filter_SII_Exp_600.00s_G_100_Off_10_Ecc_0.40_HFR_1.70px_FWHM_4.12_Temp_3.80_0008.xisf,1,/mnt/raid0/AstroImaging/Source/LBN 548/LIGHT/SII/LBN 542_Date_2025-12-19_Time_19-05-49_Type_LIGHT_Filter_SII_Exp_600.00s_G_100_Off_10_Ecc_0.40_HFR_1.70px_FWHM_4.12_Temp_3.80_0008.xisf
LIGHT,2025-12-19T19:17:16.7847369,2025-12-19T19:17:16.7847369,2025-12-19T19:22:17.2860553,600.0,600.0,ZWO ASI6200MM Pro,ZWOptical_ZWO ASI6200MM Pro_,100,10,0.246657639741898,1,1,-10.0,-9.9,3.76,3.76,40,66.2,52.2483888888889,-0.12325,NP101is,540.0,5.4,349.729550555186,60.8807918634509,71.39206,309.97421,1.05496923958987,East,LBN 542,23 18 55,+60 52 45,87.5043005992134,FocusLynx Focuser 1,11129,11129,1.325,3.6,3.6,Manual Rotator,87.6268157958984,87.6268157958984,0.0,Ascom.SxUFW (v2) ,SII,,,,,,,,,2000.0,N.I.N.A. 3.2.0.9001 (x64),LBN 542_Date_2025-12-19_Time_19-17-16_Type_LIGHT_Filter_SII_Exp_600.00s_G_100_Off_10_Ecc_0.41_HFR_1.69px_FWHM_4.03_Temp_3.60_0009.xisf,1,/mnt/raid0/AstroImaging/Source/LBN 548/LIGHT/SII/LBN 542_Date_2025-12-19_Time_19-17-16_Type_LIGHT_Filter_SII_Exp_600.00s_G_100_Off_10_Ecc_0.41_HFR_1.69px_FWHM_4.03_Temp_3.60_0009.xisf
LIGHT,2025-12-19T19:27:17.9067474,2025-12-19T19:27:17.9067474,2025-12-19T19:32:18.4144706,600.0,600.0,ZWO ASI6200MM Pro,ZWOptical_ZWO ASI6200MM Pro_,100,10,0.246657639741898,1,1,-10.0,-10.0,3.76,3.76,40,66.2,52.2483888888889,-0.12325,NP101is,540.0,5.4,349.729446851752,60.8807719089987,70.20853,309.1496,1.06256793870729,East,LBN 542,23 18 55,+60 52 45,87.5043005992134,FocusLynx Focuser 1,11129,11129,1.325,3.4,3.4,Manual Rotator,87.6268157958984,87.6268157958984,0.0,Ascom.SxUFW (v2) ,SII,,,,,,,,,2000.0,N.I.N.A. 3.2.0.9001 (x64),LBN 542_Date_2025-12-19_Time_19-27-17_Type_LIGHT_Filter_SII_Exp_600.00s_G_100_Off_10_Ecc_0.41_HFR_1.69px_FWHM_4.02_Temp_3.40_0010.xisf,1,/mnt/raid0/AstroImaging/Source/LBN 548/LIGHT/SII/LBN 542_Date_2025-12-19_Time_19-27-17_Type_LIGHT_Filter_SII_Exp_600.00s_G_100_Off_10_Ecc_0.41_HFR_1.69px_FWHM_4.02_Temp_3.40_0010.xisf
LIGHT,2025-12-19T19:37:19.0383160,2025-12-19T19:37:19.0383160,2025-12-19T19:42:19.5717184,600.0,600.0,ZWO ASI6200MM Pro,ZWOptical_ZWO ASI6200MM Pro_,100,10,0.246657639741898,1,1,-10.0,-10.0,3.76,3.76,40,66.2,52.2483888888889,-0.12325,NP101is,540.0,5.4,349.729552274465,60.880801848156,69.01059,308.54131,1.07083938912709,East,LBN 542,23 18 55,+60 52 45,87.5043005992134,FocusLynx Focuser 1,11129,11129,1.325,3.2,3.2,Manual Rotator,87.6268157958984,87.6268157958984,0.0,Ascom.SxUFW (v2) ,SII,,,,,,,,,2000.0,N.I.N.A. 3.2.0.9001 (x64),LBN 542_Date_2025-12-19_Time_19-37-19_Type_LIGHT_Filter_SII_Exp_600.00s_G_100_Off_10_Ecc_0.40_HFR_1.72px_FWHM_4.17_Temp_3.20_0011.xisf,1,/mnt/raid0/AstroImaging/Source/LBN 548/LIGHT/SII/LBN 542_Date_2025-12-19_Time_19-37-19_Type_LIGHT_Filter_SII_Exp_600.00s_G_100_Off_10_Ecc_0.40_HFR_1.72px_FWHM_4.17_Temp_3.20_0011.xisf
LIGHT,2025-12-19T19:48:37.6363416,2025-12-19T19:48:37.6363416,2025-12-19T19:53:38.1342651,600.0,600.0,ZWO ASI6200MM Pro,ZWOptical_ZWO ASI6200MM Pro_,100,10,0.246657639741898,1,1,-10.0,-10.0,3.76,3.76,40,66.2,52.2483888888889,-0.12325,NP101is,540.0,5.4,349.731479321172,60.880860878236,67.64908,308.07611,1.08097563693744,East,LBN 542,23 18 55,+60 52 45,87.5043005992134,FocusLynx Focuser 1,11129,11129,1.325,3.2,3.2,Manual Rotator,87.6268157958984,87.6268157958984,0.0,Ascom.SxUFW (v2) ,SII,,,,,,,,,2000.0,N.I.N.A. 3.2.0.9001 (x64),LBN 542_Date_2025-12-19_Time_19-48-37_Type_LIGHT_Filter_SII_Exp_600.00s_G_100_Off_10_Ecc_0.41_HFR_1.72px_FWHM_4.14_Temp_3.20_0012.xisf,1,/mnt/raid0/AstroImaging/Source/LBN 548/LIGHT/SII/LBN 542_Date_2025-12-19_Time_19-48-37_Type_LIGHT_Filter_SII_Exp_600.00s_G_100_Off_10_Ecc_0.41_HFR_1.72px_FWHM_4.14_Temp_3.20_0012.xisf
LIGHT,2025-12-19T19:58:38.7638009,2025-12-19T19:58:38.7638009,2025-12-19T20:03:39.2977632,600.0,600.0,ZWO ASI6200MM Pro,ZWOptical_ZWO ASI6200MM Pro_,100,10,0.246657639741898,1,1,-10.0,-10.0,3.76,3.76,40,66.2,52.2483888888889,-0.12325,NP101is,540.0,5.4,349.73149510227,60.8808608635869,66.43597,307.82995,1.09069258385352,East,LBN 542,23 18 55,+60 52 45,87.5043005992134,FocusLynx Focuser 1,11129,11129,1.325,3.1,3.1,Manual Rotator,87.6268157958984,87.6268157958984,0.0,Ascom.SxUFW (v2) ,SII,,,,,,,,,2000.0,N.I.N.A. 3.2.0.9001 (x64),LBN 542_Date_2025-12-19_Time_19-58-38_Type_LIGHT_Filter_SII_Exp_600.00s_G_100_Off_10_Ecc_0.40_HFR_1.74px_FWHM_4.26_Temp_3.10_0013.xisf,1,/mnt/raid0/AstroImaging/Source/LBN 548/LIGHT/SII/LBN 542_Date_2025-12-19_Time_19-58-38_Type_LIGHT_Filter_SII_Exp_600.00s_G_100_Off_10_Ecc_0.40_HFR_1.74px_FWHM_4.26_Temp_3.10_0013.xisf
LIGHT,2025-12-19T20:08:39.9606411,2025-12-19T20:08:39.9606411,2025-12-19T20:13:40.5006609,600.0,600.0,ZWO ASI6200MM Pro,ZWOptical_ZWO ASI6200MM Pro_,100,10,0.246657639741898,1,1,-10.0,-10.0,3.76,3.76,40,66.2,52.2483888888889,-0.12325,NP101is,540.0,5.4,349.731510862805,60.880850849501,65.21982,307.71781,1.1011098107006,East,LBN 542,23 18 55,+60 52 45,87.5043005992134,FocusLynx Focuser 1,11129,11129,1.325,3.1,3.1,Manual Rotator,87.6268157958984,87.6268157958984,0.0,Ascom.SxUFW (v2) ,SII,,,,,,,,,2000.0,N.I.N.A. 3.2.0.9001 (x64),LBN 542_Date_2025-12-19_Time_20-08-39_Type_LIGHT_Filter_SII_Exp_600.00s_G_100_Off_10_Ecc_0.40_HFR_1.73px_FWHM_4.18_Temp_3.10_0014.xisf,1,/mnt/raid0/AstroImaging/Source/LBN 548/LIGHT/SII/LBN 542_Date_2025-12-19_Time_20-08-39_Type_LIGHT_Filter_SII_Exp_600.00s_G_100_Off_10_Ecc_0.40_HFR_1.73px_FWHM_4.18_Temp_3.10_0014.xisf
LIGHT,2025-12-19T20:19:54.5091749,2025-12-19T20:19:54.5091749,2025-12-19T20:24:55.0647631,600.0,600.0,ZWO ASI6200MM Pro,ZWOptical_ZWO ASI6200MM Pro_,100,10,0.246657639741898,1,1,-10.0,-10.0,3.76,3.76,40,66.2,52.2483888888889,-0.12325,NP101is,540.0,5.4,349.730452842716,60.8813513453942,63.85745,307.73082,1.11361916127791,East,LBN 542,23 18 55,+60 52 45,87.5043005992134,FocusLynx Focuser 1,11129,11129,1.325,3.0,3.0,Manual Rotator,87.6268157958984,87.6268157958984,0.0,Ascom.SxUFW (v2) ,SII,,,,,,,,,2000.0,N.I.N.A. 3.2.0.9001 (x64),LBN 542_Date_2025-12-19_Time_20-19-54_Type_LIGHT_Filter_SII_Exp_600.00s_G_100_Off_10_Ecc_0.41_HFR_1.74px_FWHM_4.22_Temp_3.00_0015.xisf,1,/mnt/raid0/AstroImaging/Source/LBN 548/LIGHT/SII/LBN 542_Date_2025-12-19_Time_20-19-54_Type_LIGHT_Filter_SII_Exp_600.00s_G_100_Off_10_Ecc_0.41_HFR_1.74px_FWHM_4.22_Temp_3.00_0015.xisf
LIGHT,2025-12-19T20:29:55.7351159,2025-12-19T20:29:55.7351159,2025-12-19T20:34:56.2611569,600.0,600.0,ZWO ASI6200MM Pro,ZWOptical_ZWO ASI6200MM Pro_,100,10,0.246657639741898,1,1,-10.0,-10.0,3.76,3.76,40,66.2,52.2483888888889,-0.12325,NP101is,540.0,5.4,349.730229724481,60.8813414504408,62.6423055555556,307.84798,1.12556037594369,East,LBN 542,23 18 55,+60 52 45,87.5043005992134,FocusLynx Focuser 1,11129,11129,1.325,3.0,3.0,Manual Rotator,87.6268157958984,87.6268157958984,0.0,Ascom.SxUFW (v2) ,SII,,,,,,,,,2000.0,N.I.N.A. 3.2.0.9001 (x64),LBN 542_Date_2025-12-19_Time_20-29-55_Type_LIGHT_Filter_SII_Exp_600.00s_G_100_Off_10_Ecc_0.42_HFR_1.71px_FWHM_4.08_Temp_3.00_0016.xisf,1,/mnt/raid0/AstroImaging/Source/LBN 548/LIGHT/SII/LBN 542_Date_2025-12-19_Time_20-29-55_Type_LIGHT_Filter_SII_Exp_600.00s_G_100_Off_10_Ecc_0.42_HFR_1.71px_FWHM_4.08_Temp_3.00_0016.xisf
LIGHT,2025-12-19T20:39:56.9439149,2025-12-19T20:39:56.9439149,2025-12-19T20:44:57.4679241,600.0,600.0,ZWO ASI6200MM Pro,ZWOptical_ZWO ASI6200MM Pro_,100,10,0.246657639741898,1,1,-10.0,-10.0,3.76,3.76,40,66.2,52.2483888888889,-0.12325,NP101is,540.0,5.4,349.730245509152,60.8813414361398,61.42668,308.05401,1.13828192141607,East,LBN 542,23 18 55,+60 52 45,87.5043005992134,FocusLynx Focuser 1,11129,11129,1.325,3.0,3.0,Manual Rotator,87.6268157958984,87.6268157958984,0.0,Ascom.SxUFW (v2) ,SII,,,,,,,,,2000.0,N.I.N.A. 3.2.0.9001 (x64),LBN 542_Date_2025-12-19_Time_20-39-56_Type_LIGHT_Filter_SII_Exp_600.00s_G_100_Off_10_Ecc_0.41_HFR_1.72px_FWHM_4.09_Temp_3.00_0017.xisf,1,/mnt/raid0/AstroImaging/Source/LBN 548/LIGHT/SII/LBN 542_Date_2025-12-19_Time_20-39-56_Type_LIGHT_Filter_SII_Exp_600.00s_G_100_Off_10_Ecc_0.41_HFR_1.72px_FWHM_4.09_Temp_3.00_0017.xisf
LIGHT,2025-12-19T20:58:28.6448500,2025-12-19T20:58:28.6448500,2025-12-19T21:03:29.1439610,600.0,600.0,ZWO ASI6200MM Pro,ZWOptical_ZWO ASI6200MM Pro_,100,10,0.246657639741898,1,1,-10.0,-10.0,3.76,3.76,40,66.2,52.2483888888889,-0.12325,NP101is,540.0,5.4,349.730498222763,60.8800713582298,59.199,308.63033,1.16373689199365,East,LBN 542,23 18 55,+60 52 45,87.5043005992134,FocusLynx Focuser 1,11129,11129,1.325,3.0,3.0,Manual Rotator,87.6268157958984,87.6268157958984,0.0,Ascom.SxUFW (v2) ,SII,,,,,,,,,2000.0,N.I.N.A. 3.2.0.9001 (x64),LBN 542_Date_2025-12-19_Time_20-58-28_Type_LIGHT_Filter_SII_Exp_600.00s_G_100_Off_10_Ecc_0.41_HFR_1.73px_FWHM_4.17_Temp_3.00_0018.xisf,1,/mnt/raid0/AstroImaging/Source/LBN 548/LIGHT/SII/LBN 542_Date_2025-12-19_Time_20-58-28_Type_LIGHT_Filter_SII_Exp_600.00s_G_100_Off_10_Ecc_0.41_HFR_1.73px_FWHM_4.17_Temp_3.00_0018.xisf
LIGHT,2025-12-19T21:08:29.8230233,2025-12-19T21:08:29.8230233,2025-12-19T21:13:30.3232713,600.0,600.0,ZWO ASI6200MM Pro,ZWOptical_ZWO ASI6200MM Pro_,100,10,0.246657639741898,1,1,-10.0,-10.0,3.76,3.76,40,66.2,52.2483888888889,-0.12325,NP101is,540.0,5.4,349.730573831431,60.880121312064,58.00052,309.03766,1.1786548075356,East,LBN 542,23 18 55,+60 52 45,87.5043005992134,FocusLynx Focuser 1,11129,11129,1.325,2.9,2.9,Manual Rotator,87.6268157958984,87.6268157958984,0.0,Ascom.SxUFW (v2) ,SII,,,,,,,,,2000.0,N.I.N.A. 3.2.0.9001 (x64),LBN 542_Date_2025-12-19_Time_21-08-29_Type_LIGHT_Filter_SII_Exp_600.00s_G_100_Off_10_Ecc_0.41_HFR_1.72px_FWHM_4.13_Temp_2.90_0019.xisf,1,/mnt/raid0/AstroImaging/Source/LBN 548/LIGHT/SII/LBN 542_Date_2025-12-19_Time_21-08-29_Type_LIGHT_Filter_SII_Exp_600.00s_G_100_Off_10_Ecc_0.41_HFR_1.72px_FWHM_4.13_Temp_2.90_0019.xisf
LIGHT,2025-12-19T21:18:30.9299029,2025-12-19T21:18:30.9299029,2025-12-19T21:23:31.4368012,600.0,600.0,ZWO ASI6200MM Pro,ZWOptical_ZWO ASI6200MM Pro_,100,10,0.246657639741898,1,1,-10.0,-10.0,3.76,3.76,40,66.2,52.2483888888889,-0.12325,NP101is,540.0,5.4,349.730589489175,60.8800613009989,56.80985,309.50209,1.19438162018142,East,LBN 542,23 18 55,+60 52 45,87.5043005992134,FocusLynx Focuser 1,11129,11129,1.325,2.8,2.8,Manual Rotator,87.6268157958984,87.6268157958984,0.0,Ascom.SxUFW (v2) ,SII,,,,,,,,,2000.0,N.I.N.A. 3.2.0.9001 (x64),LBN 542_Date_2025-12-19_Time_21-18-30_Type_LIGHT_Filter_SII_Exp_600.00s_G_100_Off_10_Ecc_0.42_HFR_1.75px_FWHM_4.27_Temp_2.80_0020.xisf,1,/mnt/raid0/AstroImaging/Source/LBN 548/LIGHT/SII/LBN 542_Date_2025-12-19_Time_21-18-30_Type_LIGHT_Filter_SII_Exp_600.00s_G_100_Off_10_Ecc_0.42_HFR_1.75px_FWHM_4.27_Temp_2.80_0020.xisf
LIGHT,2025-12-19T21:29:54.1250020,2025-12-19T21:29:54.1250020,2025-12-19T21:34:54.6760560,600.0,600.0,ZWO ASI6200MM Pro,ZWOptical_ZWO ASI6200MM Pro_,100,10,0.246657639741898,1,1,-10.0,-10.0,3.76,3.76,40,66.2,52.2483888888889,-0.12325,NP101is,540.0,5.4,349.731963339002,60.8797406251635,55.46998,310.09106,1.21322213698391,East,LBN 542,23 18 55,+60 52 45,87.5043005992134,FocusLynx Focuser 1,11129,11129,1.325,2.8,2.8,Manual Rotator,87.6268157958984,87.6268157958984,0.0,Ascom.SxUFW (v2) ,SII,,,,,,,,,2000.0,N.I.N.A. 3.2.0.9001 (x64),LBN 542_Date_2025-12-19_Time_21-29-54_Type_LIGHT_Filter_SII_Exp_600.00s_G_100_Off_10_Ecc_0.42_HFR_1.74px_FWHM_4.21_Temp_2.80_0021.xisf,1,/mnt/raid0/AstroImaging/Source/LBN 548/LIGHT/SII/LBN 542_Date_2025-12-19_Time_21-29-54_Type_LIGHT_Filter_SII_Exp_600.00s_G_100_Off_10_Ecc_0.42_HFR_1.74px_FWHM_4.21_Temp_2.80_0021.xisf
LIGHT,2025-12-19T21:39:55.3392455,2025-12-19T21:39:55.3392455,2025-12-19T21:44:55.8701488,600.0,600.0,ZWO ASI6200MM Pro,ZWOptical_ZWO ASI6200MM Pro_,100,10,0.246657639741898,1,1,-10.0,-10.0,3.76,3.76,40,66.2,52.2483888888889,-0.12325,NP101is,540.0,5.4,349.732068681728,60.8797305672855,54.2987777777778,310.66104,1.23074187375823,East,LBN 542,23 18 55,+60 52 45,87.5043005992134,FocusLynx Focuser 1,11129,11129,1.325,2.7,2.7,Manual Rotator,87.6268157958984,87.6268157958984,0.0,Ascom.SxUFW (v2) ,SII,,,,,,,,,2000.0,N.I.N.A. 3.2.0.9001 (x64),LBN 542_Date_2025-12-19_Time_21-39-55_Type_LIGHT_Filter_SII_Exp_600.00s_G_100_Off_10_Ecc_0.41_HFR_1.73px_FWHM_4.21_Temp_2.70_0022.xisf,1,/mnt/raid0/AstroImaging/Source/LBN 548/LIGHT/SII/LBN 542_Date_2025-12-19_Time_21-39-55_Type_LIGHT_Filter_SII_Exp_600.00s_G_100_Off_10_Ecc_0.41_HFR_1.73px_FWHM_4.21_Temp_2.70_0022.xisf
LIGHT,2025-12-19T21:49:56.5103211,2025-12-19T21:49:56.5103211,2025-12-19T21:54:57.0881349,600.0,600.0,ZWO ASI6200MM Pro,ZWOptical_ZWO ASI6200MM Pro_,100,10,0.246657639741898,1,1,-10.0,-10.0,3.76,3.76,40,66.2,52.2483888888889,-0.12325,NP101is,540.0,5.4,349.732099395567,60.87973054619,53.13935,311.27367,1.24911053620443,East,LBN 542,23 18 55,+60 52 45,87.5043005992134,FocusLynx Focuser 1,11129,11129,1.325,2.7,2.7,Manual Rotator,87.6268157958984,87.6268157958984,0.0,Ascom.SxUFW (v2) ,SII,,,,,,,,,2000.0,N.I.N.A. 3.2.0.9001 (x64),LBN 542_Date_2025-12-19_Time_21-49-56_Type_LIGHT_Filter_SII_Exp_600.00s_G_100_Off_10_Ecc_0.43_HFR_1.73px_FWHM_4.12_Temp_2.70_0023.xisf,1,/mnt/raid0/AstroImaging/Source/LBN 548/LIGHT/SII/LBN 542_Date_2025-12-19_Time_21-49-56_Type_LIGHT_Filter_SII_Exp_600.00s_G_100_Off_10_Ecc_0.43_HFR_1.73px_FWHM_4.12_Temp_2.70_0023.xisf
LIGHT,2025-12-19T22:01:16.7613926,2025-12-19T22:01:16.7613926,2025-12-19T22:06:17.3007785,600.0,600.0,ZWO ASI6200MM Pro,ZWOptical_ZWO ASI6200MM Pro_,100,10,0.246657639741898,1,1,-10.0,-10.0,3.76,3.76,40,66.2,52.2483888888889,-0.12325,NP101is,540.0,5.4,349.732671507592,60.8815401699511,51.83809,312.01935,1.27101759822021,East,LBN 542,23 18 55,+60 52 45,87.5043005992134,FocusLynx Focuser 1,11129,11129,1.325,2.6,2.6,Manual Rotator,87.6268157958984,87.6268157958984,0.0,Ascom.SxUFW (v2) ,SII,,,,,,,,,2000.0,N.I.N.A. 3.2.0.9001 (x64),LBN 542_Date_2025-12-19_Time_22-01-16_Type_LIGHT_Filter_SII_Exp_600.00s_G_100_Off_10_Ecc_0.43_HFR_1.73px_FWHM_4.12_Temp_2.60_0024.xisf,1,/mnt/raid0/AstroImaging/Source/LBN 548/LIGHT/SII/LBN 542_Date_2025-12-19_Time_22-01-16_Type_LIGHT_Filter_SII_Exp_600.00s_G_100_Off_10_Ecc_0.43_HFR_1.73px_FWHM_4.12_Temp_2.60_0024.xisf
LIGHT,2025-12-19T22:11:17.9589970,2025-12-19T22:11:17.9589970,2025-12-19T22:16:18.5355609,600.0,600.0,ZWO ASI6200MM Pro,ZWOptical_ZWO ASI6200MM Pro_,100,10,0.246657639741898,1,1,-10.0,-10.0,3.76,3.76,40,66.2,52.2483888888889,-0.12325,NP101is,540.0,5.4,349.732627572171,60.8815401862114,50.7036388888889,312.71296,1.29130274433917,East,LBN 542,23 18 55,+60 52 45,87.5043005992134,FocusLynx Focuser 1,11129,11129,1.325,2.6,2.6,Manual Rotator,87.6268157958984,87.6268157958984,0.0,Ascom.SxUFW (v2) ,SII,,,,,,,,,2000.0,N.I.N.A. 3.2.0.9001 (x64),LBN 542_Date_2025-12-19_Time_22-11-17_Type_LIGHT_Filter_SII_Exp_600.00s_G_100_Off_10_Ecc_0.42_HFR_1.73px_FWHM_4.15_Temp_2.60_0025.xisf,1,/mnt/raid0/AstroImaging/Source/LBN 548/LIGHT/SII/LBN 542_Date_2025-12-19_Time_22-11-17_Type_LIGHT_Filter_SII_Exp_600.00s_G_100_Off_10_Ecc_0.42_HFR_1.73px_FWHM_4.15_Temp_2.60_0025.xisf
LIGHT,2025-12-19T22:21:19.2439951,2025-12-19T22:21:19.2439951,2025-12-19T22:26:19.7846533,600.0,600.0,ZWO ASI6200MM Pro,ZWOptical_ZWO ASI6200MM Pro_,100,10,0.246657639741898,1,1,-10.0,-10.0,3.76,3.76,40,66.2,52.2483888888889,-0.12325,NP101is,540.0,5.4,349.73262838819,60.8815201812013,49.57845,313.44339,1.31258592757286,East,LBN 542,23 18 55,+60 52 45,87.5043005992134,FocusLynx Focuser 1,11129,11129,1.325,2.5,2.5,Manual Rotator,87.6268157958984,87.6268157958984,0.0,Ascom.SxUFW (v2) ,SII,,,,,,,,,2000.0,N.I.N.A. 3.2.0.9001 (x64),LBN 542_Date_2025-12-19_Time_22-21-19_Type_LIGHT_Filter_SII_Exp_600.00s_G_100_Off_10_Ecc_0.41_HFR_1.76px_FWHM_4.29_Temp_2.50_0026.xisf,1,/mnt/raid0/AstroImaging/Source/LBN 548/LIGHT/SII/LBN 542_Date_2025-12-19_Time_22-21-19_Type_LIGHT_Filter_SII_Exp_600.00s_G_100_Off_10_Ecc_0.41_HFR_1.76px_FWHM_4.29_Temp_2.50_0026.xisf
LIGHT,2025-12-19T22:37:16.5163700,2025-12-19T22:37:16.5163700,2025-12-19T22:42:17.0932865,600.0,600.0,ZWO ASI6200MM Pro,ZWOptical_ZWO ASI6200MM Pro_,100,10,0.246657639741898,1,1,-10.0,-10.0,3.76,3.76,40,66.2,52.2483888888889,-0.12325,NP101is,540.0,5.4,349.727328091374,60.8807928466144,47.81925,314.66768,1.34836477278118,East,LBN 542,23 18 55,+60 52 45,87.5043005992134,FocusLynx Focuser 1,11110,11110,1.325,2.5,2.5,Manual Rotator,87.6268157958984,87.6268157958984,0.0,Ascom.SxUFW (v2) ,SII,0.0,3.98901202043179,91.0,1009.04318630864,5.31,179.0,11.268,8.064,2000.0,N.I.N.A. 3.2.0.9001 (x64),LBN 542_Date_2025-12-19_Time_22-37-16_Type_LIGHT_Filter_SII_Exp_600.00s_G_100_Off_10_Ecc_0.40_HFR_1.74px_FWHM_4.33_Temp_2.50_0027.xisf,1,/mnt/raid0/AstroImaging/Source/LBN 548/LIGHT/SII/LBN 542_Date_2025-12-19_Time_22-37-16_Type_LIGHT_Filter_SII_Exp_600.00s_G_100_Off_10_Ecc_0.40_HFR_1.74px_FWHM_4.33_Temp_2.50_0027.xisf
LIGHT,2025-12-19T22:47:17.7934560,2025-12-19T22:47:17.7934560,2025-12-19T22:52:18.3402063,600.0,600.0,ZWO ASI6200MM Pro,ZWOptical_ZWO ASI6200MM Pro_,100,10,0.246657639741898,1,1,-10.0,-9.8,3.76,3.76,40,66.2,52.2483888888889,-0.12325,NP101is,540.0,5.4,349.727194602361,60.8808029074062,46.73114,315.47774,1.3721446590567,East,LBN 542,23 18 55,+60 52 45,87.5043005992134,FocusLynx Focuser 1,11110,11110,1.325,2.5,2.5,Manual Rotator,87.6268157958984,87.6268157958984,0.0,Ascom.SxUFW (v2) ,SII,0.0,3.90000318645123,91.0,1009.04318630864,5.22000000000003,179.0,11.268,8.064,2000.0,N.I.N.A. 3.2.0.9001 (x64),LBN 542_Date_2025-12-19_Time_22-47-17_Type_LIGHT_Filter_SII_Exp_600.00s_G_100_Off_10_Ecc_0.41_HFR_1.74px_FWHM_4.31_Temp_2.50_0028.xisf,1,/mnt/raid0/AstroImaging/Source/LBN 548/LIGHT/SII/LBN 542_Date_2025-12-19_Time_22-47-17_Type_LIGHT_Filter_SII_Exp_600.00s_G_100_Off_10_Ecc_0.41_HFR_1.74px_FWHM_4.31_Temp_2.50_0028.xisf
LIGHT,2025-12-19T22:57:19.0070787,2025-12-19T22:57:19.0070787,2025-12-19T23:02:19.5669894,600.0,600.0,ZWO ASI6200MM Pro,ZWOptical_ZWO ASI6200MM Pro_,100,10,0.246657639741898,1,1,-10.0,-10.0,3.76,3.76,40,66.2,52.2483888888889,-0.12325,NP101is,540.0,5.4,349.727270107015,60.8808028646773,45.66438,316.31076,1.39678071116863,East,LBN 542,23 18 55,+60 52 45,87.5043005992134,FocusLynx Focuser 1,11110,11110,1.325,2.5,2.5,Manual Rotator,87.6268157958984,87.6268157958984,0.0,Ascom.SxUFW (v2) ,SII,0.0,3.90000318645123,91.0,1009.04318630864,5.22000000000003,179.0,11.268,8.064,2000.0,N.I.N.A. 3.2.0.9001 (x64),LBN 542_Date_2025-12-19_Time_22-57-19_Type_LIGHT_Filter_SII_Exp_600.00s_G_100_Off_10_Ecc_0.41_HFR_1.72px_FWHM_4.22_Temp_2.50_0029.xisf,1,/mnt/raid0/AstroImaging/Source/LBN 548/LIGHT/SII/LBN 542_Date_2025-12-19_Time_22-57-19_Type_LIGHT_Filter_SII_Exp_600.00s_G_100_Off_10_Ecc_0.41_HFR_1.72px_FWHM_4.22_Temp_2.50_0029.xisf
LIGHT,2025-12-19T23:08:52.5822412,2025-12-19T23:08:52.5822412,2025-12-19T23:13:53.1271034,600.0,600.0,ZWO ASI6200MM Pro,ZWOptical_ZWO ASI6200MM Pro_,100,10,0.246657639741898,1,1,-10.0,-10.0,3.76,3.76,40,66.2,52.2483888888889,-0.12325,NP101is,540.0,5.4,349.73200577816,60.8817004578488,44.45008,317.30882,1.42653232885945,East,LBN 542,23 18 55,+60 52 45,87.5043005992134,FocusLynx Focuser 1,11110,11110,1.325,2.2,2.2,Manual Rotator,87.6268157958984,87.6268157958984,0.0,Ascom.SxUFW (v2) ,SII,0.0,3.52418403124641,91.0,1009.04318630864,4.84000000000003,184.0,14.472,6.444,2000.0,N.I.N.A. 3.2.0.9001 (x64),LBN 542_Date_2025-12-19_Time_23-08-52_Type_LIGHT_Filter_SII_Exp_600.00s_G_100_Off_10_Ecc_0.40_HFR_1.73px_FWHM_4.29_Temp_2.20_0030.xisf,1,/mnt/raid0/AstroImaging/Source/LBN 548/LIGHT/SII/LBN 542_Date_2025-12-19_Time_23-08-52_Type_LIGHT_Filter_SII_Exp_600.00s_G_100_Off_10_Ecc_0.40_HFR_1.73px_FWHM_4.29_Temp_2.20_0030.xisf
LIGHT,2025-12-19T23:18:53.7851678,2025-12-19T23:18:53.7851678,2025-12-19T23:23:54.3495076,600.0,600.0,ZWO ASI6200MM Pro,ZWOptical_ZWO ASI6200MM Pro_,100,10,0.246657639741898,1,1,-10.0,-10.0,3.76,3.76,40,66.2,52.2483888888889,-0.12325,NP101is,540.0,5.4,349.731976797849,60.8817104668385,43.41647,318.19911,1.45339382265179,East,LBN 542,23 18 55,+60 52 45,87.5043005992134,FocusLynx Focuser 1,11110,11110,1.325,2.0,2.0,Manual Rotator,87.6268157958984,87.6268157958984,0.0,Ascom.SxUFW (v2) ,SII,0.0,3.52418403124641,91.0,1009.04318630864,4.84000000000003,184.0,14.472,6.444,2000.0,N.I.N.A. 3.2.0.9001 (x64),LBN 542_Date_2025-12-19_Time_23-18-53_Type_LIGHT_Filter_SII_Exp_600.00s_G_100_Off_10_Ecc_0.40_HFR_1.74px_FWHM_4.34_Temp_2.00_0031.xisf,1,/mnt/raid0/AstroImaging/Source/LBN 548/LIGHT/SII/LBN 542_Date_2025-12-19_Time_23-18-53_Type_LIGHT_Filter_SII_Exp_600.00s_G_100_Off_10_Ecc_0.40_HFR_1.74px_FWHM_4.34_Temp_2.00_0031.xisf
LIGHT,2025-12-19T23:28:55.0186357,2025-12-19T23:28:55.0186357,2025-12-19T23:33:55.5924559,600.0,600.0,ZWO ASI6200MM Pro,ZWOptical_ZWO ASI6200MM Pro_,100,10,0.246657639741898,1,1,-10.0,-10.0,3.76,3.76,40,66.2,52.2483888888889,-0.12325,NP101is,540.0,5.4,349.731977655705,60.8817104615427,42.40217,319.11185,1.48122852734237,East,LBN 542,23 18 55,+60 52 45,87.5043005992134,FocusLynx Focuser 1,11110,11110,1.325,1.9,1.9,Manual Rotator,87.6268157958984,87.6268157958984,0.0,Ascom.SxUFW (v2) ,SII,0.0,3.52418403124641,91.0,1008.05101011758,4.84000000000003,184.0,14.472,6.444,2000.0,N.I.N.A. 3.2.0.9001 (x64),LBN 542_Date_2025-12-19_Time_23-28-55_Type_LIGHT_Filter_SII_Exp_600.00s_G_100_Off_10_Ecc_0.40_HFR_1.75px_FWHM_4.34_Temp_1.90_0032.xisf,1,/mnt/raid0/AstroImaging/Source/LBN 548/LIGHT/SII/LBN 542_Date_2025-12-19_Time_23-28-55_Type_LIGHT_Filter_SII_Exp_600.00s_G_100_Off_10_Ecc_0.40_HFR_1.75px_FWHM_4.34_Temp_1.90_0032.xisf
LIGHT,2025-12-19T23:40:15.2243043,2025-12-19T23:40:15.2243043,2025-12-19T23:45:15.7860642,600.0,600.0,ZWO ASI6200MM Pro,ZWOptical_ZWO ASI6200MM Pro_,100,10,0.246657639741898,1,1,-10.0,-10.0,3.76,3.76,40,66.2,52.2483888888889,-0.12325,NP101is,540.0,5.4,349.731814841155,60.8819205273686,41.27514,320.17403,1.51399692886914,East,LBN 542,23 18 55,+60 52 45,87.5043005992134,FocusLynx Focuser 1,11110,11110,1.325,1.8,1.8,Manual Rotator,87.6268157958984,87.6268157958984,0.0,Ascom.SxUFW (v2) ,SII,0.0,3.52418403124641,91.0,1008.05101011758,4.84000000000003,184.0,14.472,6.444,2000.0,N.I.N.A. 3.2.0.9001 (x64),LBN 542_Date_2025-12-19_Time_23-40-15_Type_LIGHT_Filter_SII_Exp_600.00s_G_100_Off_10_Ecc_0.40_HFR_1.76px_FWHM_4.37_Temp_1.80_0033.xisf,1,/mnt/raid0/AstroImaging/Source/LBN 548/LIGHT/SII/LBN 542_Date_2025-12-19_Time_23-40-15_Type_LIGHT_Filter_SII_Exp_600.00s_G_100_Off_10_Ecc_0.40_HFR_1.76px_FWHM_4.37_Temp_1.80_0033.xisf
LIGHT,2025-12-19T23:50:16.4510214,2025-12-19T23:50:16.4510214,2025-12-19T23:55:17.0129448,600.0,600.0,ZWO ASI6200MM Pro,ZWOptical_ZWO ASI6200MM Pro_,100,10,0.246657639741898,1,1,-10.0,-10.0,3.76,3.76,40,66.2,52.2483888888889,-0.12325,NP101is,540.0,5.4,349.731785818055,60.8819105376411,40.30269,321.13284,1.54394331158182,East,LBN 542,23 18 55,+60 52 45,87.5043005992134,FocusLynx Focuser 1,11110,11110,1.325,1.8,1.8,Manual Rotator,87.6268157958984,87.6268157958984,0.0,Ascom.SxUFW (v2) ,SII,0.0,3.52418403124641,91.0,1008.05101011758,4.84000000000003,184.0,14.472,6.444,2000.0,N.I.N.A. 3.2.0.9001 (x64),LBN 542_Date_2025-12-19_Time_23-50-16_Type_LIGHT_Filter_SII_Exp_600.00s_G_100_Off_10_Ecc_0.40_HFR_1.72px_FWHM_4.18_Temp_1.80_0034.xisf,1,/mnt/raid0/AstroImaging/Source/LBN 548/LIGHT/SII/LBN 542_Date_2025-12-19_Time_23-50-16_Type_LIGHT_Filter_SII_Exp_600.00s_G_100_Off_10_Ecc_0.40_HFR_1.72px_FWHM_4.18_Temp_1.80_0034.xisf
LIGHT,2025-12-20T00:00:17.6782315,2025-12-20T00:00:17.6782315,2025-12-20T00:05:18.2415438,600.0,600.0,ZWO ASI6200MM Pro,ZWOptical_ZWO ASI6200MM Pro_,100,10,0.246657639741898,1,1,-10.0,-10.0,3.76,3.76,40,66.2,52.2483888888889,-0.12325,NP101is,540.0,5.4,349.731816560523,60.8819205172913,39.34687,322.11619,1.57500040230677,East,LBN 542,23 18 55,+60 52 45,87.5043005992134,FocusLynx Focuser 1,11110,11110,1.325,1.7,1.7,Manual Rotator,87.6268157958984,87.6268157958984,0.0,Ascom.SxUFW (v2) ,SII,0.0,3.52418403124641,91.0,1008.05101011758,4.84000000000003,184.0,14.472,6.444,2000.0,N.I.N.A. 3.2.0.9001 (x64),LBN 542_Date_2025-12-20_Time_00-00-17_Type_LIGHT_Filter_SII_Exp_600.00s_G_100_Off_10_Ecc_0.40_HFR_1.72px_FWHM_4.16_Temp_1.70_0035.xisf,1,/mnt/raid0/AstroImaging/Source/LBN 548/LIGHT/SII/LBN 542_Date_2025-12-20_Time_00-00-17_Type_LIGHT_Filter_SII_Exp_600.00s_G_100_Off_10_Ecc_0.40_HFR_1.72px_FWHM_4.16_Temp_1.70_0035.xisf
LIGHT,2025-12-20T00:10:50.1828648,2025-12-20T00:10:50.1828648,2025-12-20T00:15:50.7105324,600.0,600.0,ZWO ASI6200MM Pro,ZWOptical_ZWO ASI6200MM Pro_,100,10,0.246657639741898,1,1,-10.0,-10.0,3.76,3.76,40,66.2,52.2483888888889,-0.12325,NP101is,540.0,5.4,349.731849953274,60.8831704372823,38.36812,323.17006,1.60859187522261,East,LBN 542,23 18 55,+60 52 45,87.5043005992134,FocusLynx Focuser 1,11110,11110,1.325,1.6,1.6,Manual Rotator,87.6268157958984,87.6268157958984,0.0,Ascom.SxUFW (v2) ,SII,0.0,3.52418403124641,91.0,1008.05101011758,4.84000000000003,184.0,14.472,6.444,2000.0,N.I.N.A. 3.2.0.9001 (x64),LBN 542_Date_2025-12-20_Time_00-10-50_Type_LIGHT_Filter_SII_Exp_600.00s_G_100_Off_10_Ecc_0.40_HFR_1.74px_FWHM_4.27_Temp_1.60_0036.xisf,1,/mnt/raid0/AstroImaging/Source/LBN 548/LIGHT/SII/LBN 542_Date_2025-12-20_Time_00-10-50_Type_LIGHT_Filter_SII_Exp_600.00s_G_100_Off_10_Ecc_0.40_HFR_1.74px_FWHM_4.27_Temp_1.60_0036.xisf
LIGHT,2025-12-20T00:20:51.3591681,2025-12-20T00:20:51.3591681,2025-12-20T00:25:51.9145991,600.0,600.0,ZWO ASI6200MM Pro,ZWOptical_ZWO ASI6200MM Pro_,100,10,0.246657639741898,1,1,-10.0,-10.0,3.76,3.76,40,66.2,52.2483888888889,-0.12325,NP101is,540.0,5.4,349.731910491863,60.8831504037108,37.45776,324.1921,1.64158093675543,East,LBN 542,23 18 55,+60 52 45,87.5043005992134,FocusLynx Focuser 1,11110,11110,1.325,1.5,1.5,Manual Rotator,87.6268157958984,87.6268157958984,0.0,Ascom.SxUFW (v2) ,SII,0.0,3.52418403124641,91.0,1008.05101011758,4.84000000000003,184.0,14.472,6.444,2000.0,N.I.N.A. 3.2.0.9001 (x64),LBN 542_Date_2025-12-20_Time_00-20-51_Type_LIGHT_Filter_SII_Exp_600.00s_G_100_Off_10_Ecc_0.42_HFR_1.76px_FWHM_4.39_Temp_1.50_0037.xisf,1,/mnt/raid0/AstroImaging/Source/LBN 548/LIGHT/SII/LBN 542_Date_2025-12-20_Time_00-20-51_Type_LIGHT_Filter_SII_Exp_600.00s_G_100_Off_10_Ecc_0.42_HFR_1.76px_FWHM_4.39_Temp_1.50_0037.xisf
LIGHT,2025-12-20T00:30:52.5810442,2025-12-20T00:30:52.5810442,2025-12-20T00:35:53.1024223,600.0,600.0,ZWO ASI6200MM Pro,ZWOptical_ZWO ASI6200MM Pro_,100,10,0.246657639741898,1,1,-10.0,-10.0,3.76,3.76,40,66.2,52.2483888888889,-0.12325,NP101is,540.0,5.4,349.731896423018,60.8831504064624,36.5703333333333,325.23275,1.6754768493172,East,LBN 542,23 18 55,+60 52 45,87.5043005992134,FocusLynx Focuser 1,11110,11110,1.325,1.6,1.6,Manual Rotator,87.6268157958984,87.6268157958984,0.0,Ascom.SxUFW (v2) ,SII,0.0,3.52418403124641,91.0,1008.05101011758,4.84000000000003,184.0,14.472,6.444,2000.0,N.I.N.A. 3.2.0.9001 (x64),LBN 542_Date_2025-12-20_Time_00-30-52_Type_LIGHT_Filter_SII_Exp_600.00s_G_100_Off_10_Ecc_0.40_HFR_1.74px_FWHM_4.28_Temp_1.60_0038.xisf,1,/mnt/raid0/AstroImaging/Source/LBN 548/LIGHT/SII/LBN 542_Date_2025-12-20_Time_00-30-52_Type_LIGHT_Filter_SII_Exp_600.00s_G_100_Off_10_Ecc_0.40_HFR_1.74px_FWHM_4.28_Temp_1.60_0038.xisf
LIGHT,2025-12-20T00:42:22.3409386,2025-12-20T00:42:22.3409386,2025-12-20T00:47:22.9171277,600.0,600.0,ZWO ASI6200MM Pro,ZWOptical_ZWO ASI6200MM Pro_,100,10,0.246657639741898,1,1,-10.0,-10.0,3.76,3.76,40,66.2,52.2483888888889,-0.12325,NP101is,540.0,5.4,349.731388468259,60.8825206843079,35.58066,326.44686,1.71545589318938,East,LBN 542,23 18 55,+60 52 45,87.5043005992134,FocusLynx Focuser 1,11110,11110,1.325,1.7,1.7,Manual Rotator,87.6268157958984,87.6268157958984,0.0,Ascom.SxUFW (v2) ,SII,0.0,3.52418403124641,91.0,1008.05101011758,4.84000000000003,184.0,14.472,6.444,2000.0,N.I.N.A. 3.2.0.9001 (x64),LBN 542_Date_2025-12-20_Time_00-42-22_Type_LIGHT_Filter_SII_Exp_600.00s_G_100_Off_10_Ecc_0.41_HFR_1.72px_FWHM_4.17_Temp_1.70_0039.xisf,1,/mnt/raid0/AstroImaging/Source/LBN 548/LIGHT/SII/LBN 542_Date_2025-12-20_Time_00-42-22_Type_LIGHT_Filter_SII_Exp_600.00s_G_100_Off_10_Ecc_0.41_HFR_1.72px_FWHM_4.17_Temp_1.70_0039.xisf
LIGHT,2025-12-20T00:52:23.6129205,2025-12-20T00:52:23.6129205,2025-12-20T00:57:24.1632125,600.0,600.0,ZWO ASI6200MM Pro,ZWOptical_ZWO ASI6200MM Pro_,100,10,0.246657639741898,1,1,-10.0,-10.0,3.76,3.76,40,66.2,52.2483888888889,-0.12325,NP101is,540.0,5.4,349.731314660218,60.8825107175129,34.74274,327.5264,1.7512364153066,East,LBN 542,23 18 55,+60 52 45,87.5043005992134,FocusLynx Focuser 1,11110,11110,1.325,1.7,1.7,Manual Rotator,87.6268157958984,87.6268157958984,0.0,Ascom.SxUFW (v2) ,SII,0.0,3.52418403124641,91.0,1008.05101011758,4.84000000000003,184.0,14.472,6.444,2000.0,N.I.N.A. 3.2.0.9001 (x64),LBN 542_Date_2025-12-20_Time_00-52-23_Type_LIGHT_Filter_SII_Exp_600.00s_G_100_Off_10_Ecc_0.41_HFR_1.72px_FWHM_4.14_Temp_1.70_0040.xisf,1,/mnt/raid0/AstroImaging/Source/LBN 548/LIGHT/SII/LBN 542_Date_2025-12-20_Time_00-52-23_Type_LIGHT_Filter_SII_Exp_600.00s_G_100_Off_10_Ecc_0.41_HFR_1.72px_FWHM_4.14_Temp_1.70_0040.xisf
LIGHT,2025-12-20T01:02:24.8494843,2025-12-20T01:02:24.8494843,2025-12-20T01:07:25.3937933,600.0,600.0,ZWO ASI6200MM Pro,ZWOptical_ZWO ASI6200MM Pro_,100,10,0.246657639741898,1,1,-10.0,-10.0,3.76,3.76,40,66.2,52.2483888888889,-0.12325,NP101is,540.0,5.4,349.731330556964,60.8825607033271,33.93102,328.6208,1.78771530259574,East,LBN 542,23 18 55,+60 52 45,87.5043005992134,FocusLynx Focuser 1,11110,11110,1.325,1.6,1.6,Manual Rotator,87.6268157958984,87.6268157958984,0.0,Ascom.SxUFW (v2) ,SII,0.0,3.52418403124641,91.0,1008.05101011758,4.84000000000003,184.0,14.472,6.444,2000.0,N.I.N.A. 3.2.0.9001 (x64),LBN 542_Date_2025-12-20_Time_01-02-24_Type_LIGHT_Filter_SII_Exp_600.00s_G_100_Off_10_Ecc_0.41_HFR_1.72px_FWHM_4.18_Temp_1.60_0041.xisf,1,/mnt/raid0/AstroImaging/Source/LBN 548/LIGHT/SII/LBN 542_Date_2025-12-20_Time_01-02-24_Type_LIGHT_Filter_SII_Exp_600.00s_G_100_Off_10_Ecc_0.41_HFR_1.72px_FWHM_4.18_Temp_1.60_0041.xisf
LIGHT,2025-12-20T01:13:41.2029069,2025-12-20T01:13:41.2029069,2025-12-20T01:18:41.7405824,600.0,600.0,ZWO ASI6200MM Pro,ZWOptical_ZWO ASI6200MM Pro_,100,10,0.246657639741898,1,1,-10.0,-10.0,3.76,3.76,40,66.2,52.2483888888889,-0.12325,NP101is,540.0,5.4,349.731768662715,60.884540387784,33.04719,329.87621,1.82962050938539,East,LBN 542,23 18 55,+60 52 45,87.5043005992134,FocusLynx Focuser 1,11110,11110,1.325,1.7,1.7,Manual Rotator,87.6268157958984,87.6268157958984,0.0,Ascom.SxUFW (v2) ,SII,0.0,3.52418403124641,91.0,1008.05101011758,4.84000000000003,184.0,14.472,6.444,2000.0,N.I.N.A. 3.2.0.9001 (x64),LBN 542_Date_2025-12-20_Time_01-13-41_Type_LIGHT_Filter_SII_Exp_600.00s_G_100_Off_10_Ecc_0.42_HFR_1.74px_FWHM_4.26_Temp_1.70_0042.xisf,1,/mnt/raid0/AstroImaging/Source/LBN 548/LIGHT/SII/LBN 542_Date_2025-12-20_Time_01-13-41_Type_LIGHT_Filter_SII_Exp_600.00s_G_100_Off_10_Ecc_0.42_HFR_1.74px_FWHM_4.26_Temp_1.70_0042.xisf
LIGHT,2025-12-20T01:23:42.3802478,2025-12-20T01:23:42.3802478,2025-12-20T01:28:42.9425163,600.0,600.0,ZWO ASI6200MM Pro,ZWOptical_ZWO ASI6200MM Pro_,100,10,0.246657639741898,1,1,-10.0,-10.0,3.76,3.76,40,66.2,52.2483888888889,-0.12325,NP101is,540.0,5.4,349.731829287008,60.8845603529391,32.28998,331.00446,1.86746895527574,East,LBN 542,23 18 55,+60 52 45,87.5043005992134,FocusLynx Focuser 1,11110,11110,1.325,1.7,1.7,Manual Rotator,87.6268157958984,87.6268157958984,0.0,Ascom.SxUFW (v2) ,SII,0.0,3.52418403124641,91.0,1008.05101011758,4.84000000000003,184.0,14.472,6.444,2000.0,N.I.N.A. 3.2.0.9001 (x64),LBN 542_Date_2025-12-20_Time_01-23-42_Type_LIGHT_Filter_SII_Exp_600.00s_G_100_Off_10_Ecc_0.42_HFR_1.73px_FWHM_4.24_Temp_1.70_0043.xisf,1,/mnt/raid0/AstroImaging/Source/LBN 548/LIGHT/SII/LBN 542_Date_2025-12-20_Time_01-23-42_Type_LIGHT_Filter_SII_Exp_600.00s_G_100_Off_10_Ecc_0.42_HFR_1.73px_FWHM_4.24_Temp_1.70_0043.xisf
LIGHT,2025-12-20T01:33:43.6122336,2025-12-20T01:33:43.6122336,2025-12-20T01:38:44.1913404,600.0,600.0,ZWO ASI6200MM Pro,ZWOptical_ZWO ASI6200MM Pro_,100,10,0.246657639741898,1,1,-10.0,-10.0,3.76,3.76,40,66.2,52.2483888888889,-0.12325,NP101is,540.0,5.4,349.731785339141,60.8845503717001,31.5593055555556,332.14769,1.90581917983927,East,LBN 542,23 18 55,+60 52 45,87.5043005992134,FocusLynx Focuser 1,11110,11110,1.325,1.6,1.6,Manual Rotator,87.6268157958984,87.6268157958984,0.0,Ascom.SxUFW (v2) ,SII,0.0,3.52418403124641,91.0,1008.05101011758,4.84000000000003,184.0,14.472,6.444,2000.0,N.I.N.A. 3.2.0.9001 (x64),LBN 542_Date_2025-12-20_Time_01-33-43_Type_LIGHT_Filter_SII_Exp_600.00s_G_100_Off_10_Ecc_0.41_HFR_1.73px_FWHM_4.26_Temp_1.60_0044.xisf,1,/mnt/raid0/AstroImaging/Source/LBN 548/LIGHT/SII/LBN 542_Date_2025-12-20_Time_01-33-43_Type_LIGHT_Filter_SII_Exp_600.00s_G_100_Off_10_Ecc_0.41_HFR_1.73px_FWHM_4.26_Temp_1.60_0044.xisf
LIGHT,2025-12-20T01:44:13.6116533,2025-12-20T01:44:13.6116533,2025-12-20T01:49:16.8226409,600.0,600.0,ZWO ASI6200MM Pro,ZWOptical_ZWO ASI6200MM Pro_,100,10,0.246657639741898,1,1,-10.0,-10.0,3.76,3.76,40,66.2,52.2483888888889,-0.12325,NP101is,540.0,5.4,349.730530333556,60.88369103362,30.81865,333.36733,1.94665518685868,East,LBN 542,23 18 55,+60 52 45,87.5043005992134,FocusLynx Focuser 1,11110,11110,1.325,1.6,1.6,Manual Rotator,87.6268157958984,87.6268157958984,0.0,Ascom.SxUFW (v2) ,SII,0.0,3.52418403124641,91.0,1008.05101011758,4.84000000000003,184.0,14.472,6.444,2000.0,N.I.N.A. 3.2.0.9001 (x64),LBN 542_Date_2025-12-20_Time_01-44-13_Type_LIGHT_Filter_SII_Exp_600.00s_G_100_Off_10_Ecc_0.38_HFR_1.69px_FWHM_4.31_Temp_1.60_0045.xisf,1,/mnt/raid0/AstroImaging/Source/LBN 548/LIGHT/SII/LBN 542_Date_2025-12-20_Time_01-44-13_Type_LIGHT_Filter_SII_Exp_600.00s_G_100_Off_10_Ecc_0.38_HFR_1.69px_FWHM_4.31_Temp_1.60_0045.xisf
LIGHT,2025-12-20T01:54:20.1385503,2025-12-20T01:54:20.1385503,2025-12-20T01:59:20.7111287,600.0,600.0,ZWO ASI6200MM Pro,ZWOptical_ZWO ASI6200MM Pro_,100,10,0.246657639741898,1,1,-10.0,-10.0,3.76,3.76,40,66.2,52.2483888888889,-0.12325,NP101is,540.0,5.4,349.73051628534,60.8837010367971,30.14719,334.53576,1.98550167441951,East,LBN 542,23 18 55,+60 52 45,87.5043005992134,FocusLynx Focuser 1,11110,11110,1.325,1.5,1.5,Manual Rotator,87.6268157958984,87.6268157958984,0.0,Ascom.SxUFW (v2) ,SII,0.0,3.52418403124641,91.0,1008.05101011758,4.84000000000003,184.0,14.472,6.444,2000.0,N.I.N.A. 3.2.0.9001 (x64),LBN 542_Date_2025-12-20_Time_01-54-20_Type_LIGHT_Filter_SII_Exp_600.00s_G_100_Off_10_Ecc_0.38_HFR_1.73px_FWHM_4.53_Temp_1.50_0046.xisf,1,/mnt/raid0/AstroImaging/Source/LBN 548/LIGHT/SII/LBN 542_Date_2025-12-20_Time_01-54-20_Type_LIGHT_Filter_SII_Exp_600.00s_G_100_Off_10_Ecc_0.38_HFR_1.73px_FWHM_4.53_Temp_1.50_0046.xisf
LIGHT,2025-12-20T02:04:21.4073888,2025-12-20T02:04:21.4073888,2025-12-20T02:09:21.9320354,600.0,600.0,ZWO ASI6200MM Pro,ZWOptical_ZWO ASI6200MM Pro_,100,10,0.246657639741898,1,1,-10.0,-9.9,3.76,3.76,40,66.2,52.2483888888889,-0.12325,NP101is,540.0,5.4,349.730517132279,60.8836910335747,29.49902,335.72708,2.02475996109384,East,LBN 542,23 18 55,+60 52 45,87.5043005992134,FocusLynx Focuser 1,11110,11110,1.325,1.4,1.4,Manual Rotator,87.6268157958984,87.6268157958984,0.0,Ascom.SxUFW (v2) ,SII,0.0,3.52418403124641,91.0,1008.05101011758,4.84000000000003,184.0,14.472,6.444,2000.0,N.I.N.A. 3.2.0.9001 (x64),LBN 542_Date_2025-12-20_Time_02-04-21_Type_LIGHT_Filter_SII_Exp_600.00s_G_100_Off_10_Ecc_0.45_HFR_1.79px_FWHM_4.75_Temp_1.40_0047.xisf,1,/mnt/raid0/AstroImaging/Source/LBN 548/LIGHT/SII/LBN 542_Date_2025-12-20_Time_02-04-21_Type_LIGHT_Filter_SII_Exp_600.00s_G_100_Off_10_Ecc_0.45_HFR_1.79px_FWHM_4.75_Temp_1.40_0047.xisf
LIGHT,2025-12-20T02:14:45.3413950,2025-12-20T02:14:45.3413950,2025-12-20T02:19:45.9012309,600.0,600.0,ZWO ASI6200MM Pro,ZWOptical_ZWO ASI6200MM Pro_,100,10,0.246657639741898,1,1,-10.0,-10.0,3.76,3.76,40,66.2,52.2483888888889,-0.12325,NP101is,540.0,5.4,349.731160206529,60.8837807056808,28.85967,336.973,2.06528937383465,East,LBN 542,23 18 55,+60 52 45,87.5043005992134,FocusLynx Focuser 1,11110,11110,1.325,1.4,1.4,Manual Rotator,87.6268157958984,87.6268157958984,0.0,Ascom.SxUFW (v2) ,SII,0.0,3.52418403124641,91.0,1008.05101011758,4.84000000000003,184.0,14.472,6.444,2000.0,N.I.N.A. 3.2.0.9001 (x64),LBN 542_Date_2025-12-20_Time_02-14-45_Type_LIGHT_Filter_SII_Exp_600.00s_G_100_Off_10_Ecc_0.58_HFR_1.90px_FWHM_5.27_Temp_1.40_0048.xisf,1,/mnt/raid0/AstroImaging/Source/LBN 548/LIGHT/SII/LBN 542_Date_2025-12-20_Time_02-14-45_Type_LIGHT_Filter_SII_Exp_600.00s_G_100_Off_10_Ecc_0.58_HFR_1.90px_FWHM_5.27_Temp_1.40_0048.xisf
