IMAGETYP,DATE-OBS,DATE-LOC,DATE-AVG,EXPOSURE,EXPTIME,INSTRUME,CAMERAID,GAIN,OFFSET,EGAIN,XBINNING,YBINNING,SET-TEMP,CCD-TEMP,XPIXSZ,YPIXSZ,USBLIMIT,SITEELEV,SITELAT,SITELONG,TELESCOP,FOCALLEN,FOCRATIO,RA,DEC,CENTALT,CENTAZ,AIRMASS,PIERSIDE,OBJECT,OBJCTRA,OBJCTDEC,OBJCTROT,FOCNAME,FOCPOS,FOCUSPOS,FOCUSSZ,FOCTEMP,FOCUSTEM,ROTNAME,ROTATOR,ROTATANG,ROTSTPSZ,FWHEEL,FILTER,CLOUDCVR,HUMIDITY,PRESSURE,AMBTEMP,WINDDIR,WINDSPD,EQUINOX,SWCREATE,FILENAME,NUMBER,DEWPOINT,WINDGUST
LIGHT,2025-07-09T22:20:32.436,2025-07-09T23:20:32.436,2025-07-09T22:25:33.070,600.0,600.0,ZWO ASI6200MM Pro,ZWO ASI6200MM Pro,100,10,0.246657639741898,1,1,-10.0,-10.0,3.76,3.76,40,66.2,52.2483888888889,-0.12325,NP101is,540.0,5.4,315.363003744997,41.6259420956057,55.1009722222222,87.19251,1.21863333954448,West,NGC 6997 Panel 1,21 01 27,+41 37 32,90.0,FocusLynx Focuser 1,12451,12451,1.325,17.6,17.6,Manual Rotator,0.0,0.0,0.0,Starlight Xpress Filter Wheels,Ha,0.0,0.0,0.0,0.0,0.0,0.0,2000.0,N.I.N.A. 3.1.2.9001 (x64),NGC_6997_Panel_1_Date_2025-07-09_Time_23-20-32_LIGHT_Ha_600.00s_G100_O10_E0.44_HFR1.69_FWHM4.11_T17.60_F0000.xisf,1,,
LIGHT,2025-07-12T21:58:35.193,2025-07-12T22:58:35.193,2025-07-12T22:03:35.800,600.0,600.0,ZWO ASI6200MM Pro,ZWO ASI6200MM Pro,100,10,0.246657639741898,1,1,-10.0,-9.9,3.76,3.76,40,66.2,52.2483888888889,-0.12325,NP101is,540.0,5.4,315.364036190066,41.6255652641409,53.54025,85.31405,1.2426400316019,West,NGC 6997 Panel 1,21 01 27,+41 37 32,90.0,FocusLynx Focuser 1,12323,12323,1.325,16.6,16.6,Manual Rotator,0.0,0.0,0.0,Starlight Xpress Filter Wheels,Ha,0.0,0.0,0.0,0.0,0.0,0.0,2000.0,N.I.N.A. 3.1.2.9001 (x64),NGC 6997 Panel 1_Date_2025-07-12_Time_22-58-35_Type_LIGHT_Filter_Ha_Exp_600.00s_G_100_Off_10_Ecc_0.39_HFR_1.66px_FWHM_4.16_Temp_16.60_0001.xisf,1,,
LIGHT,2025-07-12T22:29:03.626,2025-07-12T23:29:03.626,2025-07-12T22:34:04.177,600.0,600.0,ZWO ASI6200MM Pro,ZWO ASI6200MM Pro,100,10,0.246657639741898,1,1,-10.0,-10.0,3.76,3.76,40,66.2,52.2483888888889,-0.12325,NP101is,540.0,5.4,315.365338874976,41.6253690832641,58.21,91.14331,1.17598271576032,West,NGC 6997 Panel 1,21 01 27,+41 37 32,90.0,FocusLynx Focuser 1,12323,12323,1.325,15.8,15.8,Manual Rotator,0.0,0.0,0.0,Starlight Xpress Filter Wheels,Ha,0.0,0.0,0.0,0.0,0.0,0.0,2000.0,N.I.N.A. 3.1.2.9001 (x64),NGC 6997 Panel 1_Date_2025-07-12_Time_23-29-03_Type_LIGHT_Filter_Ha_Exp_600.00s_G_100_Off_10_Ecc_0.42_HFR_1.68px_FWHM_4.11_Temp_15.80_0004.xisf,1,,
LIGHT,2025-07-29T01:55:55.1490591,2025-07-29T02:55:55.1490591,2025-07-29T02:00:55.6523421,600.0,600.0,ZWO ASI6200MM Pro,ZWO ASI6200MM Pro,100,10,0.246657639741898,1,1,-10.0,-10.0,3.76,3.76,40,66.2,52.2483888888889,-0.12325,NP101is,540.0,5.4,315.362614512441,41.624298262827,71.39162,244.61954,1.05497196103548,East,NGC 6997 Panel 1,21 01 27,+41 37 32,90.0,FocusLynx Focuser 1,12138,12138,1.325,11.9,11.9,Manual Rotator,0.0,0.0,0.0,Ascom.SxUFW (v2) ,Ha,78.0,66.0,1012.01971488183,18.3200000000001,343.0,14.184,2000.0,N.I.N.A. 3.2.0.2001 (x64),NGC 6997 Panel 1_Date_2025-07-29_Time_02-55-55_Type_LIGHT_Filter_Ha_Exp_600.00s_G_100_Off_10_Ecc_0.47_HFR_1.68px_FWHM_3.92_Temp_11.90_0041.xisf,1,11.9773242821181,30.024
LIGHT,2025-08-01T21:44:50.0730919,2025-08-01T22:44:50.0730919,2025-08-01T21:49:50.6227628,600.0,600.0,ZWO ASI6200MM Pro,ZWO ASI6200MM Pro,100,10,0.246657639741898,1,1,0.0,0.0,3.76,3.76,40,66.2,52.2483888888889,-0.12325,NP101is,540.0,5.4,315.36393862015,41.6255689342845,63.46943,98.78718,1.11735017635581,West,NGC 6997 Panel 1,21 01 27,+41 37 32,90.0,FocusLynx Focuser 1,12108,12108,1.325,11.7,11.7,Manual Rotator,0.0,0.0,0.0,Ascom.SxUFW (v2) ,Ha,,,,,,,2000.0,N.I.N.A. 3.2.0.2001 (x64),NGC 6997 Panel 1_Date_2025-08-01_Time_22-44-50_Type_LIGHT_Filter_Ha_Exp_600.00s_G_100_Off_10_Ecc_0.39_HFR_1.64px_FWHM_4.15_Temp_11.70_0048.xisf,1,,
LIGHT,2025-07-29T02:06:10.8553263,2025-07-29T03:06:10.8553263,2025-07-29T02:11:11.3981733,600.0,600.0,ZWO ASI6200MM Pro,ZWO ASI6200MM Pro,100,10,0.246657639741898,1,1,-10.0,-10.0,3.76,3.76,40,66.2,52.2483888888889,-0.12325,NP101is,540.0,5.4,315.363665904149,41.625315902997,69.9474166666667,248.4437,1.06432041234459,East,NGC 6997 Panel 1,21 01 27,+41 37 32,90.0,FocusLynx Focuser 1,12138,12138,1.325,11.8,11.8,Manual Rotator,0.0,0.0,0.0,Ascom.SxUFW (v2) ,Ha,78.0,66.0,1012.01971488183,18.3200000000001,343.0,14.184,2000.0,N.I.N.A. 3.2.0.2001 (x64),NGC 6997 Panel 1_Date_2025-07-29_Time_03-06-10_Type_LIGHT_Filter_Ha_Exp_600.00s_G_100_Off_10_Ecc_0.48_HFR_1.68px_FWHM_3.92_Temp_11.80_0042.xisf,1,11.9773242821181,30.024
LIGHT,2025-07-12T22:08:36.492,2025-07-12T23:08:36.492,2025-07-12T22:13:37.081,600.0,600.0,ZWO ASI6200MM Pro,ZWO ASI6200MM Pro,100,10,0.246657639741898,1,1,-10.0,-10.0,3.76,3.76,40,66.2,52.2483888888889,-0.12325,NP101is,540.0,5.4,315.363967493839,41.6255670413427,55.0719722222222,87.15718,1.21906278636075,West,NGC 6997 Panel 1,21 01 27,+41 37 32,90.0,FocusLynx Focuser 1,12323,12323,1.325,16.3,16.3,Manual Rotator,0.0,0.0,0.0,Starlight Xpress Filter Wheels,Ha,0.0,0.0,0.0,0.0,0.0,0.0,2000.0,N.I.N.A. 3.1.2.9001 (x64),NGC 6997 Panel 1_Date_2025-07-12_Time_23-08-36_Type_LIGHT_Filter_Ha_Exp_600.00s_G_100_Off_10_Ecc_0.38_HFR_1.67px_FWHM_4.17_Temp_16.30_0002.xisf,1,,
LIGHT,2025-08-01T21:54:51.2852136,2025-08-01T22:54:51.2852136,2025-08-01T21:59:51.8113217,600.0,600.0,ZWO ASI6200MM Pro,ZWO ASI6200MM Pro,100,10,0.246657639741898,1,1,0.0,0.0,3.76,3.76,40,66.2,52.2483888888889,-0.12325,NP101is,540.0,5.4,315.363998170955,41.6255381447646,64.98312,101.32958,1.10321842214343,West,NGC 6997 Panel 1,21 01 27,+41 37 32,90.0,FocusLynx Focuser 1,12108,12108,1.325,11.6,11.6,Manual Rotator,0.0,0.0,0.0,Ascom.SxUFW (v2) ,Ha,,,,,,,2000.0,N.I.N.A. 3.2.0.2001 (x64),NGC 6997 Panel 1_Date_2025-08-01_Time_22-54-51_Type_LIGHT_Filter_Ha_Exp_600.00s_G_100_Off_10_Ecc_0.40_HFR_1.65px_FWHM_4.15_Temp_11.60_0049.xisf,1,,
LIGHT,2025-08-02T21:32:04.3782844,2025-08-02T22:32:04.3782844,2025-08-02T21:37:04.9247988,600.0,600.0,ZWO ASI6200MM Pro,ZWO ASI6200MM Pro,100,10,0.246657639741898,1,1,-10.0,-10.0,3.76,3.76,40,66.2,52.2483888888889,-0.12325,NP101is,540.0,5.4,315.363270919778,41.6259810902028,62.12782,96.68205,1.13084766258026,West,NGC 6997 Panel 1,21 01 27,+41 37 32,90.0,FocusLynx Focuser 1,12127,12127,1.325,13.3,13.3,Manual Rotator,0.0,0.0,0.0,Ascom.SxUFW (v2) ,Ha,0.0,68.0,1009.04318630864,16.56,281.0,9.684,2000.0,N.I.N.A. 3.2.0.2001 (x64),NGC 6997 Panel 1_Date_2025-08-02_Time_22-32-04_Type_LIGHT_Filter_Ha_Exp_600.00s_G_100_Off_10_Ecc_0.38_HFR_1.64px_FWHM_4.07_Temp_13.30_0048.xisf,1,10.7434393874969,10.548
LIGHT,2025-07-12T22:18:37.812,2025-07-12T23:18:37.812,2025-07-12T22:23:38.404,600.0,600.0,ZWO ASI6200MM Pro,ZWO ASI6200MM Pro,100,10,0.246657639741898,1,1,-10.0,-10.0,3.76,3.76,40,66.2,52.2483888888889,-0.12325,NP101is,540.0,5.4,315.363925417082,41.6255665494811,56.61053,89.07207,1.19710605916448,West,NGC 6997 Panel 1,21 01 27,+41 37 32,90.0,FocusLynx Focuser 1,12323,12323,1.325,16.1,16.1,Manual Rotator,0.0,0.0,0.0,Starlight Xpress Filter Wheels,Ha,0.0,0.0,0.0,0.0,0.0,0.0,2000.0,N.I.N.A. 3.1.2.9001 (x64),NGC 6997 Panel 1_Date_2025-07-12_Time_23-18-37_Type_LIGHT_Filter_Ha_Exp_600.00s_G_100_Off_10_Ecc_0.39_HFR_1.68px_FWHM_4.20_Temp_16.10_0003.xisf,1,,
LIGHT,2025-08-02T21:42:05.5821627,2025-08-02T22:42:05.5821627,2025-08-02T21:47:06.1453447,600.0,600.0,ZWO ASI6200MM Pro,ZWO ASI6200MM Pro,100,10,0.246657639741898,1,1,-10.0,-10.1,3.76,3.76,40,66.2,52.2483888888889,-0.12325,NP101is,540.0,5.4,315.362837184016,41.6262711425938,63.6485277777778,99.07519,1.11561861172406,West,NGC 6997 Panel 1,21 01 27,+41 37 32,90.0,FocusLynx Focuser 1,12127,12127,1.325,12.8,12.8,Manual Rotator,0.0,0.0,0.0,Ascom.SxUFW (v2) ,Ha,0.0,68.0,1009.04318630864,16.56,281.0,9.684,2000.0,N.I.N.A. 3.2.0.2001 (x64),NGC 6997 Panel 1_Date_2025-08-02_Time_22-42-05_Type_LIGHT_Filter_Ha_Exp_600.00s_G_100_Off_10_Ecc_0.38_HFR_1.65px_FWHM_4.07_Temp_12.80_0049.xisf,1,10.7434393874969,10.548
LIGHT,2025-07-12T23:24:14.708,2025-07-13T00:24:14.708,2025-07-12T23:29:15.314,600.0,600.0,ZWO ASI6200MM Pro,ZWO ASI6200MM Pro,100,10,0.246657639741898,1,1,-10.0,-10.0,3.76,3.76,40,66.2,52.2483888888889,-0.12325,NP101is,540.0,5.4,315.36409223495,41.6256103597609,66.5919,104.27978,1.08940645739506,West,NGC 6997 Panel 1,21 01 27,+41 37 32,90.0,FocusLynx Focuser 1,12279,12279,1.325,15.0,15.0,Manual Rotator,0.0,0.0,0.0,Starlight Xpress Filter Wheels,Ha,0.0,0.0,0.0,0.0,0.0,0.0,2000.0,N.I.N.A. 3.1.2.9001 (x64),NGC 6997 Panel 1_Date_2025-07-13_Time_00-24-14_Type_LIGHT_Filter_Ha_Exp_600.00s_G_100_Off_10_Ecc_0.38_HFR_1.71px_FWHM_4.34_Temp_15.00_0009.xisf,1,,
LIGHT,2025-08-02T22:17:29.5222968,2025-08-02T23:17:29.5222968,2025-08-02T22:22:30.0601422,600.0,600.0,ZWO ASI6200MM Pro,ZWO ASI6200MM Pro,100,10,0.246657639741898,1,1,-10.0,-10.0,3.76,3.76,40,66.2,52.2483888888889,-0.12325,NP101is,540.0,5.4,315.361804843488,41.6269604517709,68.92071,109.11847,1.07148409833191,West,NGC 6997 Panel 1,21 01 27,+41 37 32,90.0,FocusLynx Focuser 1,12073,12073,1.325,11.5,11.5,Manual Rotator,0.0,0.0,0.0,Ascom.SxUFW (v2) ,Ha,0.0,68.0,1009.04318630864,16.56,281.0,9.684,2000.0,N.I.N.A. 3.2.0.2001 (x64),NGC 6997 Panel 1_Date_2025-08-02_Time_23-17-29_Type_LIGHT_Filter_Ha_Exp_600.00s_G_100_Off_10_Ecc_0.40_HFR_1.65px_FWHM_4.07_Temp_11.50_0052.xisf,1,10.7434393874969,10.548
LIGHT,2025-07-12T22:39:04.889,2025-07-12T23:39:04.889,2025-07-12T22:44:05.463,600.0,600.0,ZWO ASI6200MM Pro,ZWO ASI6200MM Pro,100,10,0.246657639741898,1,1,-10.0,-10.0,3.76,3.76,40,66.2,52.2483888888889,-0.12325,NP101is,540.0,5.4,315.365338320193,41.6253407437605,59.7428055555556,93.2225,1.15725695156385,West,NGC 6997 Panel 1,21 01 27,+41 37 32,90.0,FocusLynx Focuser 1,12323,12323,1.325,15.7,15.7,Manual Rotator,0.0,0.0,0.0,Starlight Xpress Filter Wheels,Ha,0.0,0.0,0.0,0.0,0.0,0.0,2000.0,N.I.N.A. 3.1.2.9001 (x64),NGC 6997 Panel 1_Date_2025-07-12_Time_23-39-04_Type_LIGHT_Filter_Ha_Exp_600.00s_G_100_Off_10_Ecc_0.41_HFR_1.69px_FWHM_4.12_Temp_15.70_0005.xisf,1,,
LIGHT,2025-08-02T21:52:06.9298702,2025-08-02T22:52:06.9298702,2025-08-02T21:57:07.4740937,600.0,600.0,ZWO ASI6200MM Pro,ZWO ASI6200MM Pro,100,10,0.246657639741898,1,1,-10.0,-10.0,3.76,3.76,40,66.2,52.2483888888889,-0.12325,NP101is,540.0,5.4,315.362373493242,41.6265612437283,65.1640555555556,101.64324,1.1016041661284,West,NGC 6997 Panel 1,21 01 27,+41 37 32,90.0,FocusLynx Focuser 1,12127,12127,1.325,12.4,12.4,Manual Rotator,0.0,0.0,0.0,Ascom.SxUFW (v2) ,Ha,0.0,68.0,1009.04318630864,16.56,281.0,9.684,2000.0,N.I.N.A. 3.2.0.2001 (x64),NGC 6997 Panel 1_Date_2025-08-02_Time_22-52-06_Type_LIGHT_Filter_Ha_Exp_600.00s_G_100_Off_10_Ecc_0.40_HFR_1.66px_FWHM_4.06_Temp_12.40_0050.xisf,1,10.7434393874969,10.548
LIGHT,2025-08-02T22:02:20.8149312,2025-08-02T23:02:20.8149312,2025-08-02T22:07:21.3853642,600.0,600.0,ZWO ASI6200MM Pro,ZWO ASI6200MM Pro,100,10,0.246657639741898,1,1,-10.0,-10.0,3.76,3.76,40,66.2,52.2483888888889,-0.12325,NP101is,540.0,5.4,315.362388040608,41.6265204982442,66.69777,104.47473,1.08853954054261,West,NGC 6997 Panel 1,21 01 27,+41 37 32,90.0,FocusLynx Focuser 1,12127,12127,1.325,12.0,12.0,Manual Rotator,0.0,0.0,0.0,Ascom.SxUFW (v2) ,Ha,0.0,68.0,1009.04318630864,16.56,281.0,9.684,2000.0,N.I.N.A. 3.2.0.2001 (x64),NGC 6997 Panel 1_Date_2025-08-02_Time_23-02-20_Type_LIGHT_Filter_Ha_Exp_600.00s_G_100_Off_10_Ecc_0.40_HFR_1.69px_FWHM_4.08_Temp_12.00_0051.xisf,1,10.7434393874969,10.548
LIGHT,2025-08-02T22:27:30.7440421,2025-08-02T23:27:30.7440421,2025-08-02T22:32:31.2817495,600.0,600.0,ZWO ASI6200MM Pro,ZWO ASI6200MM Pro,100,10,0.246657639741898,1,1,-10.0,-10.0,3.76,3.76,40,66.2,52.2483888888889,-0.12325,NP101is,540.0,5.4,315.361640567354,41.6272100396228,70.3561666666667,112.57357,1.06158935098517,West,NGC 6997 Panel 1,21 01 27,+41 37 32,90.0,FocusLynx Focuser 1,12073,12073,1.325,11.3,11.3,Manual Rotator,0.0,0.0,0.0,Ascom.SxUFW (v2) ,Ha,0.0,68.0,1009.04318630864,16.56,281.0,9.684,2000.0,N.I.N.A. 3.2.0.2001 (x64),NGC 6997 Panel 1_Date_2025-08-02_Time_23-27-30_Type_LIGHT_Filter_Ha_Exp_600.00s_G_100_Off_10_Ecc_0.42_HFR_1.66px_FWHM_4.06_Temp_11.30_0053.xisf,1,10.7434393874969,10.548
LIGHT,2025-07-12T23:14:13.512,2025-07-13T00:14:13.512,2025-07-12T23:19:14.067,600.0,600.0,ZWO ASI6200MM Pro,ZWO ASI6200MM Pro,100,10,0.246657639741898,1,1,-10.0,-10.0,3.76,3.76,40,66.2,52.2483888888889,-0.12325,NP101is,540.0,5.4,315.364077726242,41.6256109477113,65.0899166666667,101.522861111111,1.10226371439853,West,NGC 6997 Panel 1,21 01 27,+41 37 32,90.0,FocusLynx Focuser 1,12279,12279,1.325,15.2,15.2,Manual Rotator,0.0,0.0,0.0,Starlight Xpress Filter Wheels,Ha,0.0,0.0,0.0,0.0,0.0,0.0,2000.0,N.I.N.A. 3.1.2.9001 (x64),NGC 6997 Panel 1_Date_2025-07-13_Time_00-14-13_Type_LIGHT_Filter_Ha_Exp_600.00s_G_100_Off_10_Ecc_0.39_HFR_1.68px_FWHM_4.25_Temp_15.20_0008.xisf,1,,
LIGHT,2025-08-02T22:37:53.3841224,2025-08-02T23:37:53.3841224,2025-08-02T22:42:53.9508161,600.0,600.0,ZWO ASI6200MM Pro,ZWO ASI6200MM Pro,100,10,0.246657639741898,1,1,-10.0,-10.0,3.76,3.76,40,66.2,52.2483888888889,-0.12325,NP101is,540.0,5.4,315.361953817787,41.6268987653359,71.80369,116.56257,1.05245650762472,West,NGC 6997 Panel 1,21 01 27,+41 37 32,90.0,FocusLynx Focuser 1,12073,12073,1.325,11.0,11.0,Manual Rotator,0.0,0.0,0.0,Ascom.SxUFW (v2) ,Ha,0.0,68.0,1009.04318630864,16.56,281.0,9.684,2000.0,N.I.N.A. 3.2.0.2001 (x64),NGC 6997 Panel 1_Date_2025-08-02_Time_23-37-53_Type_LIGHT_Filter_Ha_Exp_600.00s_G_100_Off_10_Ecc_0.42_HFR_1.66px_FWHM_4.03_Temp_11.00_0054.xisf,1,10.7434393874969,10.548
LIGHT,2025-07-12T22:59:20.012,2025-07-12T23:59:20.012,2025-07-12T23:04:20.687,600.0,600.0,ZWO ASI6200MM Pro,ZWO ASI6200MM Pro,100,10,0.246657639741898,1,1,-10.0,-10.0,3.76,3.76,40,66.2,52.2483888888889,-0.12325,NP101is,540.0,5.4,315.364153401804,41.6256416535625,62.83997,97.78914,1.12356609781689,West,NGC 6997 Panel 1,21 01 27,+41 37 32,90.0,FocusLynx Focuser 1,12323,12323,1.325,15.4,15.4,Manual Rotator,0.0,0.0,0.0,Starlight Xpress Filter Wheels,Ha,0.0,0.0,0.0,0.0,0.0,0.0,2000.0,N.I.N.A. 3.1.2.9001 (x64),NGC 6997 Panel 1_Date_2025-07-12_Time_23-59-20_Type_LIGHT_Filter_Ha_Exp_600.00s_G_100_Off_10_Ecc_0.42_HFR_1.71px_FWHM_4.22_Temp_15.40_0007.xisf,1,,
LIGHT,2025-07-13T00:54:30.388,2025-07-13T01:54:30.388,2025-07-13T00:59:31.529,600.0,600.0,ZWO ASI6200MM Pro,ZWO ASI6200MM Pro,100,10,0.246657639741898,1,1,-10.0,-10.0,3.76,3.76,40,66.2,52.2483888888889,-0.12325,NP101is,540.0,5.4,315.364277160588,41.6237849092499,78.0251,148.14757,1.02214183370923,West,NGC 6997 Panel 1,21 01 27,+41 37 32,90.0,FocusLynx Focuser 1,12227,12227,1.325,13.8,13.8,Manual Rotator,0.0,0.0,0.0,Starlight Xpress Filter Wheels,Ha,0.0,0.0,0.0,0.0,0.0,0.0,2000.0,N.I.N.A. 3.1.2.9001 (x64),NGC 6997 Panel 1_Date_2025-07-13_Time_01-54-30_Type_LIGHT_Filter_Ha_Exp_600.00s_G_100_Off_10_Ecc_0.40_HFR_1.63px_FWHM_4.08_Temp_13.80_0017.xisf,1,,
LIGHT,2025-08-02T22:57:55.9175697,2025-08-02T23:57:55.9175697,2025-08-02T23:02:56.4504675,600.0,600.0,ZWO ASI6200MM Pro,ZWO ASI6200MM Pro,100,10,0.246657639741898,1,1,-10.0,-10.0,3.76,3.76,40,66.2,52.2483888888889,-0.12325,NP101is,540.0,5.4,315.361610194711,41.6273679639711,74.43679,125.77969,1.03791378139226,West,NGC 6997 Panel 1,21 01 27,+41 37 32,90.0,FocusLynx Focuser 1,12073,12073,1.325,10.6,10.6,Manual Rotator,0.0,0.0,0.0,Ascom.SxUFW (v2) ,Ha,0.0,68.0,1009.04318630864,16.56,281.0,9.684,2000.0,N.I.N.A. 3.2.0.2001 (x64),NGC 6997 Panel 1_Date_2025-08-02_Time_23-57-55_Type_LIGHT_Filter_Ha_Exp_600.00s_G_100_Off_10_Ecc_0.44_HFR_1.70px_FWHM_4.18_Temp_10.60_0056.xisf,1,10.7434393874969,10.548
LIGHT,2025-07-22T01:23:34.064,2025-07-22T02:23:34.064,2025-07-22T01:28:34.616,600.0,600.0,ZWO ASI6200MM Pro,ZWO ASI6200MM Pro,100,10,0.246657639741898,1,1,-10.0,-10.0,3.76,3.76,40,66.2,52.2483888888889,-0.12325,NP101is,540.0,5.4,315.364024105018,41.62557340227,78.25781,209.42217,1.02127293198369,East,NGC 6997 Panel 1,21 01 27,+41 37 32,90.0,FocusLynx Focuser 1,12162,12162,1.325,13.6,13.6,Manual Rotator,0.0,0.0,0.0,Starlight Xpress Filter Wheels,Ha,100.0,76.0,1003.0,16.11,268.0,14.004,2000.0,N.I.N.A. 3.1.2.9001 (x64),NGC 6997 Panel 1_Date_2025-07-22_Time_02-23-34_Type_LIGHT_Filter_Ha_Exp_600.00s_G_100_Off_10_Ecc_0.42_HFR_1.63px_FWHM_3.94_Temp_13.60_0027.xisf,1,11.9578699820331,
LIGHT,2025-08-02T22:47:54.6256069,2025-08-02T23:47:54.6256069,2025-08-02T22:52:55.1753400,600.0,600.0,ZWO ASI6200MM Pro,ZWO ASI6200MM Pro,100,10,0.246657639741898,1,1,-10.0,-10.0,3.76,3.76,40,66.2,52.2483888888889,-0.12325,NP101is,540.0,5.4,315.361759587104,41.6271484034793,73.15229,120.88874,1.04468229533806,West,NGC 6997 Panel 1,21 01 27,+41 37 32,90.0,FocusLynx Focuser 1,12073,12073,1.325,10.8,10.8,Manual Rotator,0.0,0.0,0.0,Ascom.SxUFW (v2) ,Ha,0.0,68.0,1009.04318630864,16.56,281.0,9.684,2000.0,N.I.N.A. 3.2.0.2001 (x64),NGC 6997 Panel 1_Date_2025-08-02_Time_23-47-54_Type_LIGHT_Filter_Ha_Exp_600.00s_G_100_Off_10_Ecc_0.44_HFR_1.69px_FWHM_4.10_Temp_10.80_0055.xisf,1,10.7434393874969,10.548
LIGHT,2025-07-13T00:29:16.521,2025-07-13T01:29:16.521,2025-07-13T00:34:17.118,600.0,600.0,ZWO ASI6200MM Pro,ZWO ASI6200MM Pro,100,10,0.246657639741898,1,1,-10.0,-10.0,3.76,3.76,40,66.2,52.2483888888889,-0.12325,NP101is,540.0,5.4,315.364222074286,41.6249764674484,75.4924444444444,130.63181,1.03280235327571,West,NGC 6997 Panel 1,21 01 27,+41 37 32,90.0,FocusLynx Focuser 1,12270,12270,1.325,13.9,13.9,Manual Rotator,0.0,0.0,0.0,Starlight Xpress Filter Wheels,Ha,0.0,0.0,0.0,0.0,0.0,0.0,2000.0,N.I.N.A. 3.1.2.9001 (x64),NGC 6997 Panel 1_Date_2025-07-13_Time_01-29-16_Type_LIGHT_Filter_Ha_Exp_600.00s_G_100_Off_10_Ecc_0.41_HFR_1.67px_FWHM_4.09_Temp_13.90_0015.xisf,1,,
LIGHT,2025-07-12T23:58:58.863,2025-07-13T00:58:58.863,2025-07-13T00:03:59.461,600.0,600.0,ZWO ASI6200MM Pro,ZWO ASI6200MM Pro,100,10,0.246657639741898,1,1,-10.0,-10.0,3.76,3.76,40,66.2,52.2483888888889,-0.12325,NP101is,540.0,5.4,315.362773822992,41.6260106948997,71.59917,115.97502,1.05369668254911,West,NGC 6997 Panel 1,21 01 27,+41 37 32,90.0,FocusLynx Focuser 1,12270,12270,1.325,14.7,14.7,Manual Rotator,0.0,0.0,0.0,Starlight Xpress Filter Wheels,Ha,0.0,0.0,0.0,0.0,0.0,0.0,2000.0,N.I.N.A. 3.1.2.9001 (x64),NGC 6997 Panel 1_Date_2025-07-13_Time_00-58-58_Type_LIGHT_Filter_Ha_Exp_600.00s_G_100_Off_10_Ecc_0.39_HFR_1.70px_FWHM_4.27_Temp_14.70_0012.xisf,1,,
LIGHT,2025-08-02T23:33:08.9695445,2025-08-03T00:33:08.9695445,2025-08-02T23:38:09.4928563,600.0,600.0,ZWO ASI6200MM Pro,ZWO ASI6200MM Pro,100,10,0.246657639741898,1,1,-10.0,-10.0,3.76,3.76,40,66.2,52.2483888888889,-0.12325,NP101is,540.0,5.4,315.360594400605,41.6285672721307,78.12892,149.1358,1.02175192360445,West,NGC 6997 Panel 1,21 01 27,+41 37 32,90.0,FocusLynx Focuser 1,12008,12008,1.325,10.7,10.7,Manual Rotator,0.0,0.0,0.0,Ascom.SxUFW (v2) ,Ha,0.0,68.0,1009.04318630864,16.56,281.0,9.684,2000.0,N.I.N.A. 3.2.0.2001 (x64),NGC 6997 Panel 1_Date_2025-08-03_Time_00-33-08_Type_LIGHT_Filter_Ha_Exp_600.00s_G_100_Off_10_Ecc_0.40_HFR_1.65px_FWHM_4.14_Temp_10.70_0059.xisf,1,10.7434393874969,10.548
LIGHT,2025-08-02T23:23:07.7626037,2025-08-03T00:23:07.7626037,2025-08-02T23:28:08.2988476,600.0,600.0,ZWO ASI6200MM Pro,ZWO ASI6200MM Pro,100,10,0.246657639741898,1,1,-10.0,-10.0,3.76,3.76,40,66.2,52.2483888888889,-0.12325,NP101is,540.0,5.4,315.360579047961,41.6283479943991,77.25232,141.36723,1.02515936430479,West,NGC 6997 Panel 1,21 01 27,+41 37 32,90.0,FocusLynx Focuser 1,12008,12008,1.325,10.7,10.7,Manual Rotator,0.0,0.0,0.0,Ascom.SxUFW (v2) ,Ha,0.0,68.0,1009.04318630864,16.56,281.0,9.684,2000.0,N.I.N.A. 3.2.0.2001 (x64),NGC 6997 Panel 1_Date_2025-08-03_Time_00-23-07_Type_LIGHT_Filter_Ha_Exp_600.00s_G_100_Off_10_Ecc_0.39_HFR_1.66px_FWHM_4.21_Temp_10.70_0058.xisf,1,10.7434393874969,10.548
LIGHT,2025-08-02T23:13:06.5541096,2025-08-03T00:13:06.5541096,2025-08-02T23:18:07.1028880,600.0,600.0,ZWO ASI6200MM Pro,ZWO ASI6200MM Pro,100,10,0.246657639741898,1,1,-10.0,-9.9,3.76,3.76,40,66.2,52.2483888888889,-0.12325,NP101is,540.0,5.4,315.360578579739,41.6280986901537,76.2228,134.54409,1.02949886303863,West,NGC 6997 Panel 1,21 01 27,+41 37 32,90.0,FocusLynx Focuser 1,12008,12008,1.325,10.5,10.5,Manual Rotator,0.0,0.0,0.0,Ascom.SxUFW (v2) ,Ha,0.0,68.0,1009.04318630864,16.56,281.0,9.684,2000.0,N.I.N.A. 3.2.0.2001 (x64),NGC 6997 Panel 1_Date_2025-08-03_Time_00-13-06_Type_LIGHT_Filter_Ha_Exp_600.00s_G_100_Off_10_Ecc_0.39_HFR_1.66px_FWHM_4.19_Temp_10.50_0057.xisf,1,10.7434393874969,10.548
LIGHT,2025-07-13T00:09:13.715,2025-07-13T01:09:13.715,2025-07-13T00:14:14.392,600.0,600.0,ZWO ASI6200MM Pro,ZWO ASI6200MM Pro,100,10,0.246657639741898,1,1,-10.0,-10.1,3.76,3.76,40,66.2,52.2483888888889,-0.12325,NP101is,540.0,5.4,315.364252866484,41.624947535273,72.9823888888889,120.325555555556,1.04562359522803,West,NGC 6997 Panel 1,21 01 27,+41 37 32,90.0,FocusLynx Focuser 1,12270,12270,1.325,14.3,14.3,Manual Rotator,0.0,0.0,0.0,Starlight Xpress Filter Wheels,Ha,0.0,0.0,0.0,0.0,0.0,0.0,2000.0,N.I.N.A. 3.1.2.9001 (x64),NGC 6997 Panel 1_Date_2025-07-13_Time_01-09-13_Type_LIGHT_Filter_Ha_Exp_600.00s_G_100_Off_10_Ecc_0.41_HFR_1.73px_FWHM_4.37_Temp_14.30_0013.xisf,1,,
LIGHT,2025-07-13T00:44:29.079,2025-07-13T01:44:29.079,2025-07-13T00:49:29.689,600.0,600.0,ZWO ASI6200MM Pro,ZWO ASI6200MM Pro,100,10,0.246657639741898,1,1,-10.0,-10.0,3.76,3.76,40,66.2,52.2483888888889,-0.12325,NP101is,540.0,5.4,315.364232661233,41.6237755469707,77.12606,140.48151,1.02567181201757,West,NGC 6997 Panel 1,21 01 27,+41 37 32,90.0,FocusLynx Focuser 1,12227,12227,1.325,13.6,13.6,Manual Rotator,0.0,0.0,0.0,Starlight Xpress Filter Wheels,Ha,0.0,0.0,0.0,0.0,0.0,0.0,2000.0,N.I.N.A. 3.1.2.9001 (x64),NGC 6997 Panel 1_Date_2025-07-13_Time_01-44-29_Type_LIGHT_Filter_Ha_Exp_600.00s_G_100_Off_10_Ecc_0.39_HFR_1.64px_FWHM_4.16_Temp_13.60_0016.xisf,1,,
LIGHT,2025-07-22T01:43:51.829,2025-07-22T02:43:51.829,2025-07-22T01:48:52.396,600.0,600.0,ZWO ASI6200MM Pro,ZWO ASI6200MM Pro,100,10,0.246657639741898,1,1,-10.0,-10.0,3.76,3.76,40,66.2,52.2483888888889,-0.12325,NP101is,540.0,5.4,315.365253038155,41.62569645031,76.37537,224.52574,1.02883248887864,East,NGC 6997 Panel 1,21 01 27,+41 37 32,90.0,FocusLynx Focuser 1,12162,12162,1.325,13.4,13.4,Manual Rotator,0.0,0.0,0.0,Starlight Xpress Filter Wheels,Ha,100.0,76.0,1003.0,16.11,268.0,14.004,2000.0,N.I.N.A. 3.1.2.9001 (x64),NGC 6997 Panel 1_Date_2025-07-22_Time_02-43-51_Type_LIGHT_Filter_Ha_Exp_600.00s_G_100_Off_10_Ecc_0.44_HFR_1.64px_FWHM_3.90_Temp_13.40_0029.xisf,1,11.9578699820331,
LIGHT,2025-07-22T01:33:50.376,2025-07-22T02:33:50.376,2025-07-22T01:38:51.032,600.0,600.0,ZWO ASI6200MM Pro,ZWO ASI6200MM Pro,100,10,0.246657639741898,1,1,-10.0,-10.0,3.76,3.76,40,66.2,52.2483888888889,-0.12325,NP101is,540.0,5.4,315.365208755097,41.6257072727284,77.3843888888889,217.577277777778,1.02462920364138,East,NGC 6997 Panel 1,21 01 27,+41 37 32,90.0,FocusLynx Focuser 1,12162,12162,1.325,13.5,13.5,Manual Rotator,0.0,0.0,0.0,Starlight Xpress Filter Wheels,Ha,100.0,76.0,1003.0,16.11,268.0,14.004,2000.0,N.I.N.A. 3.1.2.9001 (x64),NGC 6997 Panel 1_Date_2025-07-22_Time_02-33-50_Type_LIGHT_Filter_Ha_Exp_600.00s_G_100_Off_10_Ecc_0.42_HFR_1.63px_FWHM_3.91_Temp_13.50_0028.xisf,1,11.9578699820331,
LIGHT,2025-07-22T02:04:07.495,2025-07-22T03:04:07.495,2025-07-22T02:09:08.125,600.0,600.0,ZWO ASI6200MM Pro,ZWO ASI6200MM Pro,100,10,0.246657639741898,1,1,-10.0,-10.0,3.76,3.76,40,66.2,52.2483888888889,-0.12325,NP101is,540.0,5.4,315.36310615013,41.6255163920343,73.9740277777778,236.07071,1.04028197925129,East,NGC 6997 Panel 1,21 01 27,+41 37 32,90.0,FocusLynx Focuser 1,12162,12162,1.325,13.3,13.3,Manual Rotator,0.0,0.0,0.0,Starlight Xpress Filter Wheels,Ha,100.0,76.0,1003.0,16.11,268.0,14.004,2000.0,N.I.N.A. 3.1.2.9001 (x64),NGC 6997 Panel 1_Date_2025-07-22_Time_03-04-07_Type_LIGHT_Filter_Ha_Exp_600.00s_G_100_Off_10_Ecc_0.45_HFR_1.65px_FWHM_3.87_Temp_13.30_0031.xisf,1,11.9578699820331,
LIGHT,2025-07-22T01:53:53.017,2025-07-22T02:53:53.017,2025-07-22T01:58:53.609,600.0,600.0,ZWO ASI6200MM Pro,ZWO ASI6200MM Pro,100,10,0.246657639741898,1,1,-10.0,-10.0,3.76,3.76,40,66.2,52.2483888888889,-0.12325,NP101is,540.0,5.4,315.365177502254,41.6256858322524,75.23972,230.61515,1.0339895522713,East,NGC 6997 Panel 1,21 01 27,+41 37 32,90.0,FocusLynx Focuser 1,12162,12162,1.325,13.3,13.3,Manual Rotator,0.0,0.0,0.0,Starlight Xpress Filter Wheels,Ha,100.0,76.0,1003.0,16.11,268.0,14.004,2000.0,N.I.N.A. 3.1.2.9001 (x64),NGC 6997 Panel 1_Date_2025-07-22_Time_02-53-53_Type_LIGHT_Filter_Ha_Exp_600.00s_G_100_Off_10_Ecc_0.44_HFR_1.65px_FWHM_3.91_Temp_13.30_0030.xisf,1,11.9578699820331,
LIGHT,2025-07-22T02:14:08.922,2025-07-22T03:14:08.922,2025-07-22T02:19:09.462,600.0,600.0,ZWO ASI6200MM Pro,ZWO ASI6200MM Pro,100,10,0.246657639741898,1,1,-10.0,-10.0,3.76,3.76,40,66.2,52.2483888888889,-0.12325,NP101is,540.0,5.4,315.363123845639,41.6255178389656,72.6659722222222,240.73902,1.04740571079349,East,NGC 6997 Panel 1,21 01 27,+41 37 32,90.0,FocusLynx Focuser 1,12162,12162,1.325,13.2,13.2,Manual Rotator,0.0,0.0,0.0,Starlight Xpress Filter Wheels,Ha,100.0,76.0,1003.0,16.11,268.0,14.004,2000.0,N.I.N.A. 3.1.2.9001 (x64),NGC 6997 Panel 1_Date_2025-07-22_Time_03-14-08_Type_LIGHT_Filter_Ha_Exp_600.00s_G_100_Off_10_Ecc_0.45_HFR_1.65px_FWHM_3.89_Temp_13.20_0032.xisf,1,11.9578699820331,
LIGHT,2025-07-12T23:44:30.102,2025-07-13T00:44:30.102,2025-07-12T23:49:30.725,600.0,600.0,ZWO ASI6200MM Pro,ZWO ASI6200MM Pro,100,10,0.246657639741898,1,1,-10.0,-10.0,3.76,3.76,40,66.2,52.2483888888889,-0.12325,NP101is,540.0,5.4,315.362639699452,41.6260117374485,69.5556666666667,110.60536,1.06700211810171,West,NGC 6997 Panel 1,21 01 27,+41 37 32,90.0,FocusLynx Focuser 1,12279,12279,1.325,14.8,14.8,Manual Rotator,0.0,0.0,0.0,Starlight Xpress Filter Wheels,Ha,0.0,0.0,0.0,0.0,0.0,0.0,2000.0,N.I.N.A. 3.1.2.9001 (x64),NGC 6997 Panel 1_Date_2025-07-13_Time_00-44-30_Type_LIGHT_Filter_Ha_Exp_600.00s_G_100_Off_10_Ecc_0.39_HFR_1.73px_FWHM_4.41_Temp_14.80_0011.xisf,1,,
LIGHT,2025-07-13T00:19:15.146,2025-07-13T01:19:15.146,2025-07-13T00:24:15.762,600.0,600.0,ZWO ASI6200MM Pro,ZWO ASI6200MM Pro,100,10,0.246657639741898,1,1,-10.0,-9.9,3.76,3.76,40,66.2,52.2483888888889,-0.12325,NP101is,540.0,5.4,315.364250740784,41.6249480889804,74.2766944444444,125.14153,1.03872419929931,West,NGC 6997 Panel 1,21 01 27,+41 37 32,90.0,FocusLynx Focuser 1,12270,12270,1.325,14.1,14.1,Manual Rotator,0.0,0.0,0.0,Starlight Xpress Filter Wheels,Ha,0.0,0.0,0.0,0.0,0.0,0.0,2000.0,N.I.N.A. 3.1.2.9001 (x64),NGC 6997 Panel 1_Date_2025-07-13_Time_01-19-15_Type_LIGHT_Filter_Ha_Exp_600.00s_G_100_Off_10_Ecc_0.38_HFR_1.75px_FWHM_4.50_Temp_14.10_0014.xisf,1,,
LIGHT,2025-07-29T01:15:35.2366236,2025-07-29T02:15:35.2366236,2025-07-29T01:20:35.7516520,600.0,600.0,ZWO ASI6200MM Pro,ZWO ASI6200MM Pro,100,10,0.246657639741898,1,1,-10.0,-10.0,3.76,3.76,40,66.2,52.2483888888889,-0.12325,NP101is,540.0,5.4,315.364652658877,41.6245370733509,76.45103,224.06058,1.0285050522157,East,NGC 6997 Panel 1,21 01 27,+41 37 32,90.0,FocusLynx Focuser 1,12138,12138,1.325,12.6,12.6,Manual Rotator,0.0,0.0,0.0,Ascom.SxUFW (v2) ,Ha,78.0,66.0,1012.01971488183,18.3200000000001,343.0,14.184,2000.0,N.I.N.A. 3.2.0.2001 (x64),NGC 6997 Panel 1_Date_2025-07-29_Time_02-15-35_Type_LIGHT_Filter_Ha_Exp_600.00s_G_100_Off_10_Ecc_0.43_HFR_1.65px_FWHM_3.96_Temp_12.60_0037.xisf,1,11.9773242821181,30.024
LIGHT,2025-07-29T01:25:36.4885522,2025-07-29T02:25:36.4885522,2025-07-29T01:30:37.0308634,600.0,600.0,ZWO ASI6200MM Pro,ZWO ASI6200MM Pro,100,10,0.246657639741898,1,1,-10.0,-10.0,3.76,3.76,40,66.2,52.2483888888889,-0.12325,NP101is,540.0,5.4,315.364757334474,41.6245263189215,75.31824,230.23301,1.03361825323858,East,NGC 6997 Panel 1,21 01 27,+41 37 32,90.0,FocusLynx Focuser 1,12138,12138,1.325,12.5,12.5,Manual Rotator,0.0,0.0,0.0,Ascom.SxUFW (v2) ,Ha,78.0,66.0,1012.01971488183,18.3200000000001,343.0,14.184,2000.0,N.I.N.A. 3.2.0.2001 (x64),NGC 6997 Panel 1_Date_2025-07-29_Time_02-25-36_Type_LIGHT_Filter_Ha_Exp_600.00s_G_100_Off_10_Ecc_0.43_HFR_1.65px_FWHM_3.93_Temp_12.50_0038.xisf,1,11.9773242821181,30.024
LIGHT,2025-08-05T21:09:28.2975963,2025-08-05T22:09:28.2975963,2025-08-05T21:14:28.9210282,600.0,600.0,ZWO ASI6200MM Pro,ZWO ASI6200MM Pro,100,10,0.246657639741898,1,1,-10.0,-10.0,3.76,3.76,40,66.2,52.2483888888889,-0.12325,NP101is,540.0,5.4,315.364124885311,41.6255606082492,60.47883,94.25364,1.14876384236918,West,NGC 6997 Panel 1,21 01 27,+41 37 32,90.0,FocusLynx Focuser 1,12035,12035,1.325,13.6,13.6,,,,,Ascom.SxUFW (v2) ,Ha,47.0,62.0,1015.98841964607,16.51,323.0,11.448,2000.0,N.I.N.A. 3.2.0.2002 (x64),NGC 6997 Panel 1_Date_2025-08-05_Time_22-09-28_Type_LIGHT_Filter_Ha_Exp_600.00s_G_100_Off_10_Ecc_0.40_HFR_1.65px_FWHM_4.05_Temp_13.60_0058.xisf,1,9.34297204464946,19.548
LIGHT,2025-08-02T23:43:32.7397568,2025-08-03T00:43:32.7397568,2025-08-02T23:48:33.2993762,600.0,600.0,ZWO ASI6200MM Pro,ZWO ASI6200MM Pro,100,10,0.246657639741898,1,1,-10.0,-9.9,3.76,3.76,40,66.2,52.2483888888889,-0.12325,NP101is,540.0,5.4,315.361331858945,41.6298353119006,78.83842,158.20986,1.01918455742148,West,NGC 6997 Panel 1,21 01 27,+41 37 32,90.0,FocusLynx Focuser 1,12008,12008,1.325,10.6,10.6,Manual Rotator,0.0,0.0,0.0,Ascom.SxUFW (v2) ,Ha,0.0,68.0,1009.04318630864,16.56,281.0,9.684,2000.0,N.I.N.A. 3.2.0.2001 (x64),NGC 6997 Panel 1_Date_2025-08-03_Time_00-43-32_Type_LIGHT_Filter_Ha_Exp_600.00s_G_100_Off_10_Ecc_0.39_HFR_1.66px_FWHM_4.20_Temp_10.60_0060.xisf,1,10.7434393874969,10.548
LIGHT,2025-07-22T02:44:26.757,2025-07-22T03:44:26.757,2025-07-22T02:49:27.334,600.0,600.0,ZWO ASI6200MM Pro,ZWO ASI6200MM Pro,100,10,0.246657639741898,1,1,-10.0,-10.0,3.76,3.76,40,66.2,52.2483888888889,-0.12325,NP101is,540.0,5.4,315.3629751165,41.6242957937806,68.4068888888889,252.00933,1.07523553286143,East,NGC 6997 Panel 1,21 01 27,+41 37 32,90.0,FocusLynx Focuser 1,12162,12162,1.325,12.8,12.8,Manual Rotator,0.0,0.0,0.0,Starlight Xpress Filter Wheels,Ha,100.0,76.0,1003.0,16.11,268.0,14.004,2000.0,N.I.N.A. 3.1.2.9001 (x64),NGC 6997 Panel 1_Date_2025-07-22_Time_03-44-26_Type_LIGHT_Filter_Ha_Exp_600.00s_G_100_Off_10_Ecc_0.44_HFR_1.66px_FWHM_3.96_Temp_12.80_0035.xisf,1,11.9578699820331,
LIGHT,2025-08-02T23:53:34.0397682,2025-08-03T00:53:34.0397682,2025-08-02T23:58:34.6106971,600.0,600.0,ZWO ASI6200MM Pro,ZWO ASI6200MM Pro,100,10,0.246657639741898,1,1,-10.0,-9.9,3.76,3.76,40,66.2,52.2483888888889,-0.12325,NP101is,540.0,5.4,315.361422247952,41.6301044590341,79.2899,167.84107,1.01763856308272,West,NGC 6997 Panel 1,21 01 27,+41 37 32,90.0,FocusLynx Focuser 1,12008,12008,1.325,10.7,10.7,Manual Rotator,0.0,0.0,0.0,Ascom.SxUFW (v2) ,Ha,0.0,68.0,1009.04318630864,16.56,281.0,9.684,2000.0,N.I.N.A. 3.2.0.2001 (x64),NGC 6997 Panel 1_Date_2025-08-03_Time_00-53-34_Type_LIGHT_Filter_Ha_Exp_600.00s_G_100_Off_10_Ecc_0.40_HFR_1.66px_FWHM_4.22_Temp_10.70_0061.xisf,1,10.7434393874969,10.548
LIGHT,2025-07-12T22:49:06.180,2025-07-12T23:49:06.180,2025-07-12T22:54:06.783,600.0,600.0,ZWO ASI6200MM Pro,ZWO ASI6200MM Pro,100,10,0.246657639741898,1,1,-10.0,-10.0,3.76,3.76,40,66.2,52.2483888888889,-0.12325,NP101is,540.0,5.4,315.365381242063,41.6253801097252,61.27561,95.41375,1.13991891499336,West,NGC 6997 Panel 1,21 01 27,+41 37 32,90.0,FocusLynx Focuser 1,12323,12323,1.325,15.5,15.5,Manual Rotator,0.0,0.0,0.0,Starlight Xpress Filter Wheels,Ha,0.0,0.0,0.0,0.0,0.0,0.0,2000.0,N.I.N.A. 3.1.2.9001 (x64),NGC 6997 Panel 1_Date_2025-07-12_Time_23-49-06_Type_LIGHT_Filter_Ha_Exp_600.00s_G_100_Off_10_Ecc_0.41_HFR_1.70px_FWHM_4.15_Temp_15.50_0006.xisf,1,,
LIGHT,2025-08-04T21:21:23.8695755,2025-08-04T22:21:23.8695755,2025-08-04T21:26:24.4053323,600.0,600.0,ZWO ASI6200MM Pro,ZWO ASI6200MM Pro,100,10,0.246657639741898,1,1,-10.0,-9.9,3.76,3.76,40,66.2,52.2483888888889,-0.12325,NP101is,540.0,5.4,315.364003677826,41.6255617211672,61.6965277777778,96.0331944444444,1.13538907107177,West,NGC 6997 Panel 1,21 01 27,+41 37 32,90.0,FocusLynx Focuser 1,12086,12086,1.325,15.2,15.2,Manual Rotator,0.0,0.0,0.0,Ascom.SxUFW (v2) ,Ha,0.0,73.0,1006.06665773546,16.59,289.0,21.708,2000.0,N.I.N.A. 3.2.0.2002 (x64),NGC 6997 Panel 1_Date_2025-08-04_Time_22-21-23_Type_LIGHT_Filter_Ha_Exp_600.00s_G_100_Off_10_Ecc_0.41_HFR_1.66px_FWHM_4.09_Temp_15.20_0048.xisf,1,11.8220340765593,42.192
LIGHT,2025-08-05T21:29:31.0136845,2025-08-05T22:29:31.0136845,2025-08-05T21:34:31.6065934,600.0,600.0,ZWO ASI6200MM Pro,ZWO ASI6200MM Pro,100,10,0.246657639741898,1,1,-10.0,-10.0,3.76,3.76,40,66.2,52.2483888888889,-0.12325,NP101is,540.0,5.4,315.36401946327,41.6255594464338,63.5339,98.89057,1.11672499024022,West,NGC 6997 Panel 1,21 01 27,+41 37 32,90.0,FocusLynx Focuser 1,12035,12035,1.325,13.1,13.1,,,,,Ascom.SxUFW (v2) ,Ha,47.0,62.0,1015.98841964607,16.51,323.0,11.448,2000.0,N.I.N.A. 3.2.0.2002 (x64),NGC 6997 Panel 1_Date_2025-08-05_Time_22-29-31_Type_LIGHT_Filter_Ha_Exp_600.00s_G_100_Off_10_Ecc_0.41_HFR_1.67px_FWHM_4.02_Temp_13.10_0060.xisf,1,9.34297204464946,19.548
LIGHT,2025-07-12T23:34:28.869,2025-07-13T00:34:28.869,2025-07-12T23:39:29.458,600.0,600.0,ZWO ASI6200MM Pro,ZWO ASI6200MM Pro,100,10,0.246657639741898,1,1,-10.0,-10.0,3.76,3.76,40,66.2,52.2483888888889,-0.12325,NP101is,540.0,5.4,315.362716706407,41.6260088315617,68.1041666666667,107.336166666667,1.07749864556546,West,NGC 6997 Panel 1,21 01 27,+41 37 32,90.0,FocusLynx Focuser 1,12279,12279,1.325,14.8,14.8,Manual Rotator,0.0,0.0,0.0,Starlight Xpress Filter Wheels,Ha,0.0,0.0,0.0,0.0,0.0,0.0,2000.0,N.I.N.A. 3.1.2.9001 (x64),NGC 6997 Panel 1_Date_2025-07-13_Time_00-34-28_Type_LIGHT_Filter_Ha_Exp_600.00s_G_100_Off_10_Ecc_0.37_HFR_1.72px_FWHM_4.39_Temp_14.80_0010.xisf,1,,
LIGHT,2025-07-22T02:34:25.269,2025-07-22T03:34:25.269,2025-07-22T02:39:25.940,600.0,600.0,ZWO ASI6200MM Pro,ZWO ASI6200MM Pro,100,10,0.246657639741898,1,1,-10.0,-10.0,3.76,3.76,40,66.2,52.2483888888889,-0.12325,NP101is,540.0,5.4,315.363058925856,41.6242919497001,69.85233,248.67277,1.06496551768038,East,NGC 6997 Panel 1,21 01 27,+41 37 32,90.0,FocusLynx Focuser 1,12162,12162,1.325,12.9,12.9,Manual Rotator,0.0,0.0,0.0,Starlight Xpress Filter Wheels,Ha,100.0,76.0,1003.0,16.11,268.0,14.004,2000.0,N.I.N.A. 3.1.2.9001 (x64),NGC 6997 Panel 1_Date_2025-07-22_Time_03-34-25_Type_LIGHT_Filter_Ha_Exp_600.00s_G_100_Off_10_Ecc_0.45_HFR_1.65px_FWHM_3.89_Temp_12.90_0034.xisf,1,11.9578699820331,
LIGHT,2025-08-05T21:19:29.7051920,2025-08-05T22:19:29.7051920,2025-08-05T21:24:30.3032572,600.0,600.0,ZWO ASI6200MM Pro,ZWO ASI6200MM Pro,100,10,0.246657639741898,1,1,-10.0,-10.0,3.76,3.76,40,66.2,52.2483888888889,-0.12325,NP101is,540.0,5.4,315.364064716097,41.6255700393104,62.01216,96.5067,1.13205569228679,West,NGC 6997 Panel 1,21 01 27,+41 37 32,90.0,FocusLynx Focuser 1,12035,12035,1.325,13.3,13.3,,,,,Ascom.SxUFW (v2) ,Ha,47.0,62.0,1015.98841964607,16.51,323.0,11.448,2000.0,N.I.N.A. 3.2.0.2002 (x64),NGC 6997 Panel 1_Date_2025-08-05_Time_22-19-29_Type_LIGHT_Filter_Ha_Exp_600.00s_G_100_Off_10_Ecc_0.40_HFR_1.66px_FWHM_4.04_Temp_13.30_0059.xisf,1,9.34297204464946,19.548
LIGHT,2025-07-22T02:24:10.061,2025-07-22T03:24:10.061,2025-07-22T02:29:10.641,600.0,600.0,ZWO ASI6200MM Pro,ZWO ASI6200MM Pro,100,10,0.246657639741898,1,1,-10.0,-10.0,3.76,3.76,40,66.2,52.2483888888889,-0.12325,NP101is,540.0,5.4,315.363153244633,41.625537044052,71.3005,244.87869,1.05553719014316,East,NGC 6997 Panel 1,21 01 27,+41 37 32,90.0,FocusLynx Focuser 1,12162,12162,1.325,13.0,13.0,Manual Rotator,0.0,0.0,0.0,Starlight Xpress Filter Wheels,Ha,100.0,76.0,1003.0,16.11,268.0,14.004,2000.0,N.I.N.A. 3.1.2.9001 (x64),NGC 6997 Panel 1_Date_2025-07-22_Time_03-24-10_Type_LIGHT_Filter_Ha_Exp_600.00s_G_100_Off_10_Ecc_0.45_HFR_1.64px_FWHM_3.88_Temp_13.00_0033.xisf,1,11.9578699820331,
LIGHT,2025-07-29T01:05:34.0779023,2025-07-29T02:05:34.0779023,2025-07-29T01:10:34.6079452,600.0,600.0,ZWO ASI6200MM Pro,ZWO ASI6200MM Pro,100,10,0.246657639741898,1,1,-10.0,-10.0,3.76,3.76,40,66.2,52.2483888888889,-0.12325,NP101is,540.0,5.4,315.364772576445,41.6245274380871,77.4505,217.03929,1.02436606266978,East,NGC 6997 Panel 1,21 01 27,+41 37 32,90.0,FocusLynx Focuser 1,12138,12138,1.325,12.8,12.8,Manual Rotator,0.0,0.0,0.0,Ascom.SxUFW (v2) ,Ha,78.0,66.0,1012.01971488183,18.3200000000001,343.0,14.184,2000.0,N.I.N.A. 3.2.0.2001 (x64),NGC 6997 Panel 1_Date_2025-07-29_Time_02-05-34_Type_LIGHT_Filter_Ha_Exp_600.00s_G_100_Off_10_Ecc_0.41_HFR_1.64px_FWHM_3.97_Temp_12.80_0036.xisf,1,11.9773242821181,30.024
LIGHT,2025-08-05T22:20:49.9118981,2025-08-05T23:20:49.9118981,2025-08-05T22:25:50.5029242,600.0,600.0,ZWO ASI6200MM Pro,ZWO ASI6200MM Pro,100,10,0.246657639741898,1,1,-10.0,-10.0,3.76,3.76,40,66.2,52.2483888888889,-0.12325,NP101is,540.0,5.4,315.363689898771,41.6260165932391,71.07089,114.47446,1.05697603087461,West,NGC 6997 Panel 1,21 01 27,+41 37 32,90.0,FocusLynx Focuser 1,12003,12003,1.325,13.0,13.0,,,,,Ascom.SxUFW (v2) ,Ha,47.0,62.0,1015.98841964607,16.51,323.0,11.448,2000.0,N.I.N.A. 3.2.0.2002 (x64),NGC 6997 Panel 1_Date_2025-08-05_Time_23-20-49_Type_LIGHT_Filter_Ha_Exp_600.00s_G_100_Off_10_Ecc_0.40_HFR_1.66px_FWHM_4.10_Temp_13.00_0064.xisf,1,9.34297204464946,19.548
LIGHT,2025-08-05T22:30:51.1828608,2025-08-05T23:30:51.1828608,2025-08-05T22:35:51.7330753,600.0,600.0,ZWO ASI6200MM Pro,ZWO ASI6200MM Pro,100,10,0.246657639741898,1,1,-10.0,-10.0,3.76,3.76,40,66.2,52.2483888888889,-0.12325,NP101is,540.0,5.4,315.363719500143,41.625995871599,72.44785,118.54616,1.04865637763424,West,NGC 6997 Panel 1,21 01 27,+41 37 32,90.0,FocusLynx Focuser 1,12003,12003,1.325,12.9,12.9,,,,,Ascom.SxUFW (v2) ,Ha,47.0,62.0,1015.98841964607,16.51,323.0,11.448,2000.0,N.I.N.A. 3.2.0.2002 (x64),NGC 6997 Panel 1_Date_2025-08-05_Time_23-30-51_Type_LIGHT_Filter_Ha_Exp_600.00s_G_100_Off_10_Ecc_0.41_HFR_1.65px_FWHM_4.04_Temp_12.90_0065.xisf,1,9.34297204464946,19.548
LIGHT,2025-08-05T22:05:46.0252860,2025-08-05T23:05:46.0252860,2025-08-05T22:10:46.5760581,600.0,600.0,ZWO ASI6200MM Pro,ZWO ASI6200MM Pro,100,10,0.246657639741898,1,1,-10.0,-10.0,3.76,3.76,40,66.2,52.2483888888889,-0.12325,NP101is,540.0,5.4,315.36144210009,41.6254614479741,68.92792,109.13919,1.07143225524562,West,NGC 6997 Panel 1,21 01 27,+41 37 32,90.0,FocusLynx Focuser 1,12035,12035,1.325,13.2,13.2,,,,,Ascom.SxUFW (v2) ,Ha,47.0,62.0,1015.98841964607,16.51,323.0,11.448,2000.0,N.I.N.A. 3.2.0.2002 (x64),NGC 6997 Panel 1_Date_2025-08-05_Time_23-05-46_Type_LIGHT_Filter_Ha_Exp_600.00s_G_100_Off_10_Ecc_0.43_HFR_1.68px_FWHM_4.00_Temp_13.20_0063.xisf,1,9.34297204464946,19.548
LIGHT,2025-08-05T22:20:49.9118981,2025-08-05T23:20:49.9118981,2025-08-05T22:25:50.5029242,600.0,600.0,ZWO ASI6200MM Pro,ZWO ASI6200MM Pro,100,10,0.246657639741898,1,1,-10.0,-10.0,3.76,3.76,40,66.2,52.2483888888889,-0.12325,NP101is,540.0,5.4,315.363689898771,41.6260165932391,71.07089,114.47446,1.05697603087461,West,NGC 6997 Panel 1,21 01 27,+41 37 32,90.0,FocusLynx Focuser 1,12003,12003,1.325,13.0,13.0,,,,,Ascom.SxUFW (v2) ,Ha,47.0,62.0,1015.98841964607,16.51,323.0,11.448,2000.0,N.I.N.A. 3.2.0.2002 (x64),NGC 6997 Panel 1_Date_2025-08-05_Time_23-20-49_Type_LIGHT_Filter_Ha_Exp_600.00s_G_100_Off_10_Ecc_0.40_HFR_1.66px_FWHM_4.10_Temp_13.00_0064_1.xisf,1,9.34297204464946,19.548
LIGHT,2025-08-05T22:30:51.1828608,2025-08-05T23:30:51.1828608,2025-08-05T22:35:51.7330753,600.0,600.0,ZWO ASI6200MM Pro,ZWO ASI6200MM Pro,100,10,0.246657639741898,1,1,-10.0,-10.0,3.76,3.76,40,66.2,52.2483888888889,-0.12325,NP101is,540.0,5.4,315.363719500143,41.625995871599,72.44785,118.54616,1.04865637763424,West,NGC 6997 Panel 1,21 01 27,+41 37 32,90.0,FocusLynx Focuser 1,12003,12003,1.325,12.9,12.9,,,,,Ascom.SxUFW (v2) ,Ha,47.0,62.0,1015.98841964607,16.51,323.0,11.448,2000.0,N.I.N.A. 3.2.0.2002 (x64),NGC 6997 Panel 1_Date_2025-08-05_Time_23-30-51_Type_LIGHT_Filter_Ha_Exp_600.00s_G_100_Off_10_Ecc_0.41_HFR_1.65px_FWHM_4.04_Temp_12.90_0065_1.xisf,1,9.34297204464946,19.548
LIGHT,2025-08-05T22:40:52.4293353,2025-08-05T23:40:52.4293353,2025-08-05T22:45:53.0121759,600.0,600.0,ZWO ASI6200MM Pro,ZWO ASI6200MM Pro,100,10,0.246657639741898,1,1,-10.0,-10.0,3.76,3.76,40,66.2,52.2483888888889,-0.12325,NP101is,540.0,5.4,315.363644295125,41.6259853301503,73.77002,123.13466,1.04135100800876,West,NGC 6997 Panel 1,21 01 27,+41 37 32,90.0,FocusLynx Focuser 1,12003,12003,1.325,12.5,12.5,,,,,Ascom.SxUFW (v2) ,Ha,47.0,62.0,1015.98841964607,16.51,323.0,11.448,2000.0,N.I.N.A. 3.2.0.2002 (x64),NGC 6997 Panel 1_Date_2025-08-05_Time_23-40-52_Type_LIGHT_Filter_Ha_Exp_600.00s_G_100_Off_10_Ecc_0.41_HFR_1.66px_FWHM_4.07_Temp_12.50_0066.xisf,1,9.34297204464946,19.548
LIGHT,2025-08-05T22:51:14.4939445,2025-08-05T23:51:14.4939445,2025-08-05T22:56:15.0610401,600.0,600.0,ZWO ASI6200MM Pro,ZWO ASI6200MM Pro,100,10,0.246657639741898,1,1,-10.0,-10.0,3.76,3.76,40,66.2,52.2483888888889,-0.12325,NP101is,540.0,5.4,315.362491769937,41.6263066271314,75.05967,128.52455,1.03484930007287,West,NGC 6997 Panel 1,21 01 27,+41 37 32,90.0,FocusLynx Focuser 1,12003,12003,1.325,12.4,12.4,,,,,Ascom.SxUFW (v2) ,Ha,47.0,62.0,1015.98841964607,16.51,323.0,11.448,2000.0,N.I.N.A. 3.2.0.2002 (x64),NGC 6997 Panel 1_Date_2025-08-05_Time_23-51-14_Type_LIGHT_Filter_Ha_Exp_600.00s_G_100_Off_10_Ecc_0.41_HFR_1.70px_FWHM_4.21_Temp_12.40_0067.xisf,1,9.34297204464946,19.548
LIGHT,2025-08-05T21:19:29.7051920,2025-08-05T22:19:29.7051920,2025-08-05T21:24:30.3032572,600.0,600.0,ZWO ASI6200MM Pro,ZWO ASI6200MM Pro,100,10,0.246657639741898,1,1,-10.0,-10.0,3.76,3.76,40,66.2,52.2483888888889,-0.12325,NP101is,540.0,5.4,315.364064716097,41.6255700393104,62.01216,96.5067,1.13205569228679,West,NGC 6997 Panel 1,21 01 27,+41 37 32,90.0,FocusLynx Focuser 1,12035,12035,1.325,13.3,13.3,,,,,Ascom.SxUFW (v2) ,Ha,47.0,62.0,1015.98841964607,16.51,323.0,11.448,2000.0,N.I.N.A. 3.2.0.2002 (x64),NGC 6997 Panel 1_Date_2025-08-05_Time_22-19-29_Type_LIGHT_Filter_Ha_Exp_600.00s_G_100_Off_10_Ecc_0.40_HFR_1.66px_FWHM_4.04_Temp_13.30_0059_1.xisf,1,9.34297204464946,19.548
LIGHT,2025-08-05T21:29:31.0136845,2025-08-05T22:29:31.0136845,2025-08-05T21:34:31.6065934,600.0,600.0,ZWO ASI6200MM Pro,ZWO ASI6200MM Pro,100,10,0.246657639741898,1,1,-10.0,-10.0,3.76,3.76,40,66.2,52.2483888888889,-0.12325,NP101is,540.0,5.4,315.36401946327,41.6255594464338,63.5339,98.89057,1.11672499024022,West,NGC 6997 Panel 1,21 01 27,+41 37 32,90.0,FocusLynx Focuser 1,12035,12035,1.325,13.1,13.1,,,,,Ascom.SxUFW (v2) ,Ha,47.0,62.0,1015.98841964607,16.51,323.0,11.448,2000.0,N.I.N.A. 3.2.0.2002 (x64),NGC 6997 Panel 1_Date_2025-08-05_Time_22-29-31_Type_LIGHT_Filter_Ha_Exp_600.00s_G_100_Off_10_Ecc_0.41_HFR_1.67px_FWHM_4.02_Temp_13.10_0060_1.xisf,1,9.34297204464946,19.548
LIGHT,2025-08-05T21:09:28.2975963,2025-08-05T22:09:28.2975963,2025-08-05T21:14:28.9210282,600.0,600.0,ZWO ASI6200MM Pro,ZWO ASI6200MM Pro,100,10,0.246657639741898,1,1,-10.0,-10.0,3.76,3.76,40,66.2,52.2483888888889,-0.12325,NP101is,540.0,5.4,315.364124885311,41.6255606082492,60.47883,94.25364,1.14876384236918,West,NGC 6997 Panel 1,21 01 27,+41 37 32,90.0,FocusLynx Focuser 1,12035,12035,1.325,13.6,13.6,,,,,Ascom.SxUFW (v2) ,Ha,47.0,62.0,1015.98841964607,16.51,323.0,11.448,2000.0,N.I.N.A. 3.2.0.2002 (x64),NGC 6997 Panel 1_Date_2025-08-05_Time_22-09-28_Type_LIGHT_Filter_Ha_Exp_600.00s_G_100_Off_10_Ecc_0.40_HFR_1.65px_FWHM_4.05_Temp_13.60_0058_1.xisf,1,9.34297204464946,19.548
LIGHT,2025-07-29T01:45:54.0076370,2025-07-29T02:45:54.0076370,2025-07-29T01:50:54.5211278,600.0,600.0,ZWO ASI6200MM Pro,ZWO ASI6200MM Pro,100,10,0.246657639741898,1,1,-10.0,-9.9,3.76,3.76,40,66.2,52.2483888888889,-0.12325,NP101is,540.0,5.4,315.362599606393,41.6242788603641,72.75648,240.43889,1.04689207818398,East,NGC 6997 Panel 1,21 01 27,+41 37 32,90.0,FocusLynx Focuser 1,12138,12138,1.325,12.1,12.1,Manual Rotator,0.0,0.0,0.0,Ascom.SxUFW (v2) ,Ha,78.0,66.0,1012.01971488183,18.3200000000001,343.0,14.184,2000.0,N.I.N.A. 3.2.0.2001 (x64),NGC 6997 Panel 1_Date_2025-07-29_Time_02-45-54_Type_LIGHT_Filter_Ha_Exp_600.00s_G_100_Off_10_Ecc_0.47_HFR_1.66px_FWHM_3.91_Temp_12.10_0040.xisf,1,11.9773242821181,30.024
LIGHT,2025-07-29T01:35:52.9171723,2025-07-29T02:35:52.9171723,2025-07-29T01:40:53.4142192,600.0,600.0,ZWO ASI6200MM Pro,ZWO ASI6200MM Pro,100,10,0.246657639741898,1,1,-10.0,-10.0,3.76,3.76,40,66.2,52.2483888888889,-0.12325,NP101is,540.0,5.4,315.362524914746,41.6242995599995,74.05866,235.73657,1.03984300010699,East,NGC 6997 Panel 1,21 01 27,+41 37 32,90.0,FocusLynx Focuser 1,12138,12138,1.325,12.3,12.3,Manual Rotator,0.0,0.0,0.0,Ascom.SxUFW (v2) ,Ha,78.0,66.0,1012.01971488183,18.3200000000001,343.0,14.184,2000.0,N.I.N.A. 3.2.0.2001 (x64),NGC 6997 Panel 1_Date_2025-07-29_Time_02-35-52_Type_LIGHT_Filter_Ha_Exp_600.00s_G_100_Off_10_Ecc_0.45_HFR_1.66px_FWHM_3.89_Temp_12.30_0039.xisf,1,11.9773242821181,30.024
LIGHT,2025-08-08T22:28:10.1231076,2025-08-08T23:28:10.1231076,2025-08-08T22:33:10.6628750,600.0,600.0,ZWO ASI6200MM Pro,ZWO ASI6200MM Pro,100,10,0.246657639741898,1,1,-10.0,-10.0,3.76,3.76,40,66.2,52.2483888888889,-0.12325,NP101is,540.0,5.4,315.362902609417,41.625814483561,73.65708,122.71026,1.04194945197283,West,NGC 6997 Panel 1,21 01 27,+41 37 32,90.0,FocusLynx Focuser 1,12004,12004,1.325,15.6,15.6,Manual Rotator,0.0,0.0,0.0,Ascom.SxUFW (v2) ,SII,0.0,58.0,1010.0353624997,19.86,226.0,10.944,2000.0,N.I.N.A. 3.2.0.2002 (x64),NGC 6997 Panel 1_Date_2025-08-08_Time_23-28-10_Type_LIGHT_Filter_SII_Exp_600.00s_G_100_Off_10_Ecc_0.40_HFR_1.67px_FWHM_4.13_Temp_15.60_0000.xisf,1,11.5100842852061,14.292
LIGHT,2025-08-05T22:40:52.4293353,2025-08-05T23:40:52.4293353,2025-08-05T22:45:53.0121759,600.0,600.0,ZWO ASI6200MM Pro,ZWO ASI6200MM Pro,100,10,0.246657639741898,1,1,-10.0,-10.0,3.76,3.76,40,66.2,52.2483888888889,-0.12325,NP101is,540.0,5.4,315.363644295125,41.6259853301503,73.77002,123.13466,1.04135100800876,West,NGC 6997 Panel 1,21 01 27,+41 37 32,90.0,FocusLynx Focuser 1,12003,12003,1.325,12.5,12.5,,,,,Ascom.SxUFW (v2) ,Ha,47.0,62.0,1015.98841964607,16.51,323.0,11.448,2000.0,N.I.N.A. 3.2.0.2002 (x64),NGC 6997 Panel 1_Date_2025-08-05_Time_23-40-52_Type_LIGHT_Filter_Ha_Exp_600.00s_G_100_Off_10_Ecc_0.41_HFR_1.66px_FWHM_4.07_Temp_12.50_0066_1.xisf,1,9.34297204464946,19.548
LIGHT,2025-08-08T23:08:31.5624382,2025-08-09T00:08:31.5624382,2025-08-08T23:13:32.1163578,600.0,600.0,ZWO ASI6200MM Pro,ZWO ASI6200MM Pro,100,10,0.246657639741898,1,1,-10.0,-10.0,3.76,3.76,40,66.2,52.2483888888889,-0.12325,NP101is,540.0,5.4,315.364686369313,41.62639923156,78.04432,148.28437,1.02206937506962,West,NGC 6997 Panel 1,21 01 27,+41 37 32,90.0,FocusLynx Focuser 1,12004,12004,1.325,14.8,14.8,Manual Rotator,0.0,0.0,0.0,Ascom.SxUFW (v2) ,SII,0.0,58.0,1010.0353624997,19.86,226.0,10.944,2000.0,N.I.N.A. 3.2.0.2002 (x64),NGC 6997 Panel 1_Date_2025-08-09_Time_00-08-31_Type_LIGHT_Filter_SII_Exp_600.00s_G_100_Off_10_Ecc_0.41_HFR_1.69px_FWHM_4.04_Temp_14.80_0004.xisf,1,11.5100842852061,14.292
LIGHT,2025-08-08T23:49:16.5110412,2025-08-09T00:49:16.5110412,2025-08-08T23:54:17.0551377,600.0,600.0,ZWO ASI6200MM Pro,ZWO ASI6200MM Pro,100,10,0.246657639741898,1,1,-10.0,-10.0,3.76,3.76,40,66.2,52.2483888888889,-0.12325,NP101is,540.0,5.4,315.365627041828,41.6255553778287,79.4090555555556,187.42836,1.01724183906979,West,NGC 6997 Panel 1,21 01 27,+41 37 32,90.0,FocusLynx Focuser 1,12004,12004,1.325,14.2,14.2,Manual Rotator,0.0,0.0,0.0,Ascom.SxUFW (v2) ,SII,0.0,58.0,1010.0353624997,19.86,226.0,10.944,2000.0,N.I.N.A. 3.2.0.2002 (x64),NGC 6997 Panel 1_Date_2025-08-09_Time_00-49-16_Type_LIGHT_Filter_SII_Exp_600.00s_G_100_Off_10_Ecc_0.45_HFR_1.69px_FWHM_3.91_Temp_14.20_0008.xisf,1,11.5100842852061,14.292
LIGHT,2025-08-08T22:38:11.3515601,2025-08-08T23:38:11.3515601,2025-08-08T22:43:11.8831248,600.0,600.0,ZWO ASI6200MM Pro,ZWO ASI6200MM Pro,100,10,0.246657639741898,1,1,-10.0,-10.0,3.76,3.76,40,66.2,52.2483888888889,-0.12325,NP101is,540.0,5.4,315.362887593723,41.6258239642612,74.9104,127.84309,1.03557090626457,West,NGC 6997 Panel 1,21 01 27,+41 37 32,90.0,FocusLynx Focuser 1,12004,12004,1.325,15.4,15.4,Manual Rotator,0.0,0.0,0.0,Ascom.SxUFW (v2) ,SII,0.0,58.0,1010.0353624997,19.86,226.0,10.944,2000.0,N.I.N.A. 3.2.0.2002 (x64),NGC 6997 Panel 1_Date_2025-08-08_Time_23-38-11_Type_LIGHT_Filter_SII_Exp_600.00s_G_100_Off_10_Ecc_0.40_HFR_1.68px_FWHM_4.11_Temp_15.40_0001.xisf,1,11.5100842852061,14.292
LIGHT,2025-08-08T23:39:15.3092984,2025-08-09T00:39:15.3092984,2025-08-08T23:44:15.8502553,600.0,600.0,ZWO ASI6200MM Pro,ZWO ASI6200MM Pro,100,10,0.246657639741898,1,1,-10.0,-10.0,3.76,3.76,40,66.2,52.2483888888889,-0.12325,NP101is,540.0,5.4,315.365761928172,41.6255656918435,79.47107,177.16894,1.01703722482438,West,NGC 6997 Panel 1,21 01 27,+41 37 32,90.0,FocusLynx Focuser 1,12004,12004,1.325,14.3,14.3,Manual Rotator,0.0,0.0,0.0,Ascom.SxUFW (v2) ,SII,0.0,58.0,1010.0353624997,19.86,226.0,10.944,2000.0,N.I.N.A. 3.2.0.2002 (x64),NGC 6997 Panel 1_Date_2025-08-09_Time_00-39-15_Type_LIGHT_Filter_SII_Exp_600.00s_G_100_Off_10_Ecc_0.44_HFR_1.68px_FWHM_3.94_Temp_14.30_0007.xisf,1,11.5100842852061,14.292
LIGHT,2025-08-08T22:48:12.6091754,2025-08-08T23:48:12.6091754,2025-08-08T22:53:13.1492023,600.0,600.0,ZWO ASI6200MM Pro,ZWO ASI6200MM Pro,100,10,0.246657639741898,1,1,-10.0,-10.0,3.76,3.76,40,66.2,52.2483888888889,-0.12325,NP101is,540.0,5.4,315.362872517085,41.6258134448826,76.0733,133.6997,1.0301597483272,West,NGC 6997 Panel 1,21 01 27,+41 37 32,90.0,FocusLynx Focuser 1,12004,12004,1.325,15.2,15.2,Manual Rotator,0.0,0.0,0.0,Ascom.SxUFW (v2) ,SII,0.0,58.0,1010.0353624997,19.86,226.0,10.944,2000.0,N.I.N.A. 3.2.0.2002 (x64),NGC 6997 Panel 1_Date_2025-08-08_Time_23-48-12_Type_LIGHT_Filter_SII_Exp_600.00s_G_100_Off_10_Ecc_0.41_HFR_1.67px_FWHM_4.05_Temp_15.20_0002.xisf,1,11.5100842852061,14.292
LIGHT,2025-08-08T23:29:13.9739714,2025-08-09T00:29:13.9739714,2025-08-08T23:34:14.5531488,600.0,600.0,ZWO ASI6200MM Pro,ZWO ASI6200MM Pro,100,10,0.246657639741898,1,1,-10.0,-9.9,3.76,3.76,40,66.2,52.2483888888889,-0.12325,NP101is,540.0,5.4,315.365657219262,41.6255864161723,79.26032,167.08317,1.01773777798857,West,NGC 6997 Panel 1,21 01 27,+41 37 32,90.0,FocusLynx Focuser 1,12004,12004,1.325,14.5,14.5,Manual Rotator,0.0,0.0,0.0,Ascom.SxUFW (v2) ,SII,0.0,58.0,1010.0353624997,19.86,226.0,10.944,2000.0,N.I.N.A. 3.2.0.2002 (x64),NGC 6997 Panel 1_Date_2025-08-09_Time_00-29-13_Type_LIGHT_Filter_SII_Exp_600.00s_G_100_Off_10_Ecc_0.43_HFR_1.68px_FWHM_3.93_Temp_14.50_0006.xisf,1,11.5100842852061,14.292
LIGHT,2025-08-08T23:18:32.8049386,2025-08-09T00:18:32.8049386,2025-08-08T23:23:33.3562393,600.0,600.0,ZWO ASI6200MM Pro,ZWO ASI6200MM Pro,100,10,0.246657639741898,1,1,-10.0,-10.0,3.76,3.76,40,66.2,52.2483888888889,-0.12325,NP101is,540.0,5.4,315.3646263953,41.6263987897674,78.75253,156.91704,1.01948636544869,West,NGC 6997 Panel 1,21 01 27,+41 37 32,90.0,FocusLynx Focuser 1,12004,12004,1.325,14.7,14.7,Manual Rotator,0.0,0.0,0.0,Ascom.SxUFW (v2) ,SII,0.0,58.0,1010.0353624997,19.86,226.0,10.944,2000.0,N.I.N.A. 3.2.0.2002 (x64),NGC 6997 Panel 1_Date_2025-08-09_Time_00-18-32_Type_LIGHT_Filter_SII_Exp_600.00s_G_100_Off_10_Ecc_0.41_HFR_1.68px_FWHM_4.00_Temp_14.70_0005.xisf,1,11.5100842852061,14.292
LIGHT,2025-08-08T22:58:30.2512448,2025-08-08T23:58:30.2512448,2025-08-08T23:03:30.8271063,600.0,600.0,ZWO ASI6200MM Pro,ZWO ASI6200MM Pro,100,10,0.246657639741898,1,1,-10.0,-10.0,3.76,3.76,40,66.2,52.2483888888889,-0.12325,NP101is,540.0,5.4,315.364776266449,41.6263896217731,77.15006,140.6143,1.02557398151785,West,NGC 6997 Panel 1,21 01 27,+41 37 32,90.0,FocusLynx Focuser 1,12004,12004,1.325,15.0,15.0,Manual Rotator,0.0,0.0,0.0,Ascom.SxUFW (v2) ,SII,0.0,58.0,1010.0353624997,19.86,226.0,10.944,2000.0,N.I.N.A. 3.2.0.2002 (x64),NGC 6997 Panel 1_Date_2025-08-08_Time_23-58-30_Type_LIGHT_Filter_SII_Exp_600.00s_G_100_Off_10_Ecc_0.41_HFR_1.68px_FWHM_4.01_Temp_15.00_0003.xisf,1,11.5100842852061,14.292
LIGHT,2025-08-09T00:15:32.8686759,2025-08-09T01:15:32.8686759,2025-08-09T00:20:33.4390112,600.0,600.0,ZWO ASI6200MM Pro,ZWO ASI6200MM Pro,100,10,0.246657639741898,1,1,-10.0,-10.0,3.76,3.76,40,66.2,52.2483888888889,-0.12325,NP101is,540.0,5.4,315.362350681281,41.626759616335,78.04074,211.75592,1.02208286204247,East,NGC 6997 Panel 1,21 01 27,+41 37 32,90.0,FocusLynx Focuser 1,11958,11958,1.325,13.8,13.8,Manual Rotator,0.0,0.0,0.0,Ascom.SxUFW (v2) ,SII,0.0,58.0,1010.0353624997,19.86,226.0,10.944,2000.0,N.I.N.A. 3.2.0.2002 (x64),NGC 6997 Panel 1_Date_2025-08-09_Time_01-15-32_Type_LIGHT_Filter_SII_Exp_600.00s_G_100_Off_10_Ecc_0.41_HFR_1.65px_FWHM_3.99_Temp_13.80_0010.xisf,1,11.5100842852061,14.292
LIGHT,2025-08-09T00:25:34.1858238,2025-08-09T01:25:34.1858238,2025-08-09T00:30:34.7271143,600.0,600.0,ZWO ASI6200MM Pro,ZWO ASI6200MM Pro,100,10,0.246657639741898,1,1,-10.0,-10.0,3.76,3.76,40,66.2,52.2483888888889,-0.12325,NP101is,540.0,5.4,315.362305687896,41.6267591485351,77.14172,219.45049,1.0256079551217,East,NGC 6997 Panel 1,21 01 27,+41 37 32,90.0,FocusLynx Focuser 1,11958,11958,1.325,13.6,13.6,Manual Rotator,0.0,0.0,0.0,Ascom.SxUFW (v2) ,SII,0.0,58.0,1010.0353624997,19.86,226.0,10.944,2000.0,N.I.N.A. 3.2.0.2002 (x64),NGC 6997 Panel 1_Date_2025-08-09_Time_01-25-34_Type_LIGHT_Filter_SII_Exp_600.00s_G_100_Off_10_Ecc_0.40_HFR_1.69px_FWHM_4.05_Temp_13.60_0011.xisf,1,11.5100842852061,14.292
LIGHT,2025-08-09T00:36:15.3311981,2025-08-09T01:36:15.3311981,2025-08-09T00:41:15.9420910,600.0,600.0,ZWO ASI6200MM Pro,ZWO ASI6200MM Pro,100,10,0.246657639741898,1,1,-10.0,-10.0,3.76,3.76,40,66.2,52.2483888888889,-0.12325,NP101is,540.0,5.4,315.363427114931,41.6261866269722,76.02161,226.59306,1.03039007929198,East,NGC 6997 Panel 1,21 01 27,+41 37 32,90.0,FocusLynx Focuser 1,11958,11958,1.325,13.3,13.3,Manual Rotator,0.0,0.0,0.0,Ascom.SxUFW (v2) ,SII,0.0,58.0,1010.0353624997,19.86,226.0,10.944,2000.0,N.I.N.A. 3.2.0.2002 (x64),NGC 6997 Panel 1_Date_2025-08-09_Time_01-36-15_Type_LIGHT_Filter_SII_Exp_600.00s_G_100_Off_10_Ecc_0.40_HFR_1.66px_FWHM_4.01_Temp_13.30_0012.xisf,1,11.5100842852061,14.292
LIGHT,2025-08-09T00:05:31.6625451,2025-08-09T01:05:31.6625451,2025-08-09T00:10:32.1916072,600.0,600.0,ZWO ASI6200MM Pro,ZWO ASI6200MM Pro,100,10,0.246657639741898,1,1,-10.0,-10.0,3.76,3.76,40,66.2,52.2483888888889,-0.12325,NP101is,540.0,5.4,315.362350806389,41.6267801575333,78.74726,203.16859,1.01950496400107,East,NGC 6997 Panel 1,21 01 27,+41 37 32,90.0,FocusLynx Focuser 1,11958,11958,1.325,14.0,14.0,Manual Rotator,0.0,0.0,0.0,Ascom.SxUFW (v2) ,SII,0.0,58.0,1010.0353624997,19.86,226.0,10.944,2000.0,N.I.N.A. 3.2.0.2002 (x64),NGC 6997 Panel 1_Date_2025-08-09_Time_01-05-31_Type_LIGHT_Filter_SII_Exp_600.00s_G_100_Off_10_Ecc_0.40_HFR_1.64px_FWHM_4.00_Temp_14.00_0009.xisf,1,11.5100842852061,14.292
LIGHT,2025-08-09T00:50:52.5432179,2025-08-09T01:50:52.5432179,2025-08-09T00:55:53.1232189,600.0,600.0,ZWO ASI6200MM Pro,ZWO ASI6200MM Pro,100,10,0.246657639741898,1,1,-10.0,-10.0,3.76,3.76,40,66.2,52.2483888888889,-0.12325,NP101is,540.0,5.4,315.363277227568,41.626176093461,74.2855277777778,234.84031,1.03867924003621,East,NGC 6997 Panel 1,21 01 27,+41 37 32,90.0,FocusLynx Focuser 1,11943,11943,1.325,13.1,13.1,Manual Rotator,0.0,0.0,0.0,Ascom.SxUFW (v2) ,SII,0.0,58.0,1010.0353624997,19.86,226.0,10.944,2000.0,N.I.N.A. 3.2.0.2002 (x64),NGC 6997 Panel 1_Date_2025-08-09_Time_01-50-52_Type_LIGHT_Filter_SII_Exp_600.00s_G_100_Off_10_Ecc_0.40_HFR_1.68px_FWHM_4.03_Temp_13.10_0013.xisf,1,11.5100842852061,14.292
LIGHT,2025-08-09T01:21:22.2360826,2025-08-09T02:21:22.2360826,2025-08-09T01:26:22.7791684,600.0,600.0,ZWO ASI6200MM Pro,ZWO ASI6200MM Pro,100,10,0.246657639741898,1,1,-10.0,-10.0,3.76,3.76,40,66.2,52.2483888888889,-0.12325,NP101is,540.0,5.4,315.362335177243,41.626716074869,70.1706388888889,247.89642,1.06282052203076,East,NGC 6997 Panel 1,21 01 27,+41 37 32,90.0,FocusLynx Focuser 1,11943,11943,1.325,12.6,12.6,Manual Rotator,0.0,0.0,0.0,Ascom.SxUFW (v2) ,SII,0.0,58.0,1010.0353624997,19.86,226.0,10.944,2000.0,N.I.N.A. 3.2.0.2002 (x64),NGC 6997 Panel 1_Date_2025-08-09_Time_02-21-22_Type_LIGHT_Filter_SII_Exp_600.00s_G_100_Off_10_Ecc_0.41_HFR_1.65px_FWHM_3.96_Temp_12.60_0016.xisf,1,11.5100842852061,14.292
LIGHT,2025-08-09T02:31:58.0366358,2025-08-09T03:31:58.0366358,2025-08-09T02:36:58.6039159,600.0,600.0,ZWO ASI6200MM Pro,ZWO ASI6200MM Pro,100,10,0.246657639741898,1,1,-10.0,-10.0,3.76,3.76,40,66.2,52.2483888888889,-0.12325,NP101is,540.0,5.4,315.362514123885,41.6265919514176,59.61191,266.96772,1.15880058596857,East,NGC 6997 Panel 1,21 01 27,+41 37 32,90.0,FocusLynx Focuser 1,11943,11943,1.325,11.8,11.8,Manual Rotator,0.0,0.0,0.0,Ascom.SxUFW (v2) ,SII,0.0,58.0,1010.0353624997,19.86,226.0,10.944,2000.0,N.I.N.A. 3.2.0.2002 (x64),NGC 6997 Panel 1_Date_2025-08-09_Time_03-31-58_Type_LIGHT_Filter_SII_Exp_600.00s_G_100_Off_10_Ecc_0.43_HFR_1.67px_FWHM_3.95_Temp_11.80_0023.xisf,1,11.5100842852061,14.292
LIGHT,2025-08-09T21:07:09.7313237,2025-08-09T22:07:09.7313237,2025-08-09T21:12:10.3048059,600.0,600.0,ZWO ASI6200MM Pro,ZWO ASI6200MM Pro,100,10,0.246657639741898,1,1,-10.0,-10.0,3.76,3.76,40,66.2,52.2483888888889,-0.12325,NP101is,540.0,5.4,315.364021346567,41.6255605856655,62.5212,97.28552,1.12679235484712,West,NGC 6997 Panel 1,21 01 27,+41 37 32,90.0,FocusLynx Focuser 1,12050,12050,1.325,17.4,17.4,Manual Rotator,0.0,0.0,0.0,Ascom.SxUFW (v2) ,SII,31.0,53.0,1014.00406726395,21.51,291.0,12.42,2000.0,N.I.N.A. 3.2.0.2002 (x64),NGC 6997 Panel 1_Date_2025-08-09_Time_22-07-09_Type_LIGHT_Filter_SII_Exp_600.00s_G_100_Off_10_Ecc_0.40_HFR_1.64px_FWHM_3.98_Temp_17.40_0029.xisf,1,11.707047140453,24.264
LIGHT,2025-08-09T01:11:20.9926085,2025-08-09T02:11:20.9926085,2025-08-09T01:16:21.5446798,600.0,600.0,ZWO ASI6200MM Pro,ZWO ASI6200MM Pro,100,10,0.246657639741898,1,1,-10.0,-10.0,3.76,3.76,40,66.2,52.2483888888889,-0.12325,NP101is,540.0,5.4,315.362425096894,41.6267164621771,71.57532,244.10786,1.05384236864418,East,NGC 6997 Panel 1,21 01 27,+41 37 32,90.0,FocusLynx Focuser 1,11943,11943,1.325,12.8,12.8,Manual Rotator,0.0,0.0,0.0,Ascom.SxUFW (v2) ,SII,0.0,58.0,1010.0353624997,19.86,226.0,10.944,2000.0,N.I.N.A. 3.2.0.2002 (x64),NGC 6997 Panel 1_Date_2025-08-09_Time_02-11-20_Type_LIGHT_Filter_SII_Exp_600.00s_G_100_Off_10_Ecc_0.42_HFR_1.64px_FWHM_3.95_Temp_12.80_0015.xisf,1,11.5100842852061,14.292
LIGHT,2025-08-09T01:00:53.9016821,2025-08-09T02:00:53.9016821,2025-08-09T01:05:54.4693887,600.0,600.0,ZWO ASI6200MM Pro,ZWO ASI6200MM Pro,100,10,0.246657639741898,1,1,-10.0,-10.0,3.76,3.76,40,66.2,52.2483888888889,-0.12325,NP101is,540.0,5.4,315.363382002852,41.6261753689889,72.98853,239.6733,1.04558938221699,East,NGC 6997 Panel 1,21 01 27,+41 37 32,90.0,FocusLynx Focuser 1,11943,11943,1.325,12.9,12.9,Manual Rotator,0.0,0.0,0.0,Ascom.SxUFW (v2) ,SII,0.0,58.0,1010.0353624997,19.86,226.0,10.944,2000.0,N.I.N.A. 3.2.0.2002 (x64),NGC 6997 Panel 1_Date_2025-08-09_Time_02-00-53_Type_LIGHT_Filter_SII_Exp_600.00s_G_100_Off_10_Ecc_0.41_HFR_1.66px_FWHM_3.99_Temp_12.90_0014.xisf,1,11.5100842852061,14.292
LIGHT,2025-08-09T21:17:11.0169172,2025-08-09T22:17:11.0169172,2025-08-09T21:22:11.5825946,600.0,600.0,ZWO ASI6200MM Pro,ZWO ASI6200MM Pro,100,10,0.246657639741898,1,1,-10.0,-10.0,3.76,3.76,40,66.2,52.2483888888889,-0.12325,NP101is,540.0,5.4,315.36400638011,41.6255600932828,64.04423,99.72783,1.1118501442463,West,NGC 6997 Panel 1,21 01 27,+41 37 32,90.0,FocusLynx Focuser 1,12050,12050,1.325,17.2,17.2,Manual Rotator,0.0,0.0,0.0,Ascom.SxUFW (v2) ,SII,31.0,53.0,1014.00406726395,21.51,291.0,12.42,2000.0,N.I.N.A. 3.2.0.2002 (x64),NGC 6997 Panel 1_Date_2025-08-09_Time_22-17-11_Type_LIGHT_Filter_SII_Exp_600.00s_G_100_Off_10_Ecc_0.40_HFR_1.65px_FWHM_4.04_Temp_17.20_0030.xisf,1,11.707047140453,24.264
LIGHT,2025-08-10T00:40:35.9689331,2025-08-10T01:40:35.9689331,2025-08-10T00:45:36.5238035,600.0,600.0,ZWO ASI6200MM Pro,ZWO ASI6200MM Pro,100,10,0.246657639741898,1,1,-10.0,-10.0,3.76,3.76,40,66.2,52.2483888888889,-0.12325,NP101is,540.0,5.4,315.365100116318,41.6255877432438,75.06428,231.45175,1.03482714190426,East,NGC 6997 Panel 1,21 01 27,+41 37 32,90.0,FocusLynx Focuser 1,11956,11956,1.325,13.1,13.1,Manual Rotator,0.0,0.0,0.0,Ascom.SxUFW (v2) ,SII,31.0,53.0,1014.00406726395,21.51,291.0,12.42,2000.0,N.I.N.A. 3.2.0.2002 (x64),NGC 6997 Panel 1_Date_2025-08-10_Time_01-40-35_Type_LIGHT_Filter_SII_Exp_600.00s_G_100_Off_10_Ecc_0.42_HFR_1.72px_FWHM_4.13_Temp_13.10_0049.xisf,1,11.707047140453,24.264
LIGHT,2025-08-09T02:42:21.1684501,2025-08-09T03:42:21.1684501,2025-08-09T02:47:21.7326621,600.0,600.0,ZWO ASI6200MM Pro,ZWO ASI6200MM Pro,100,10,0.246657639741898,1,1,-10.0,-10.0,3.76,3.76,40,66.2,52.2483888888889,-0.12325,NP101is,540.0,5.4,315.36235397287,41.6281017006059,58.01834,269.12145,1.17842641468592,East,NGC 6997 Panel 1,21 01 27,+41 37 32,90.0,FocusLynx Focuser 1,11943,11943,1.325,11.6,11.6,Manual Rotator,0.0,0.0,0.0,Ascom.SxUFW (v2) ,SII,0.0,58.0,1010.0353624997,19.86,226.0,10.944,2000.0,N.I.N.A. 3.2.0.2002 (x64),NGC 6997 Panel 1_Date_2025-08-09_Time_03-42-21_Type_LIGHT_Filter_SII_Exp_600.00s_G_100_Off_10_Ecc_0.46_HFR_1.70px_FWHM_3.92_Temp_11.60_0024.xisf,1,11.5100842852061,14.292
LIGHT,2025-08-09T01:31:23.4442953,2025-08-09T02:31:23.4442953,2025-08-09T01:36:23.9678864,600.0,600.0,ZWO ASI6200MM Pro,ZWO ASI6200MM Pro,100,10,0.246657639741898,1,1,-10.0,-10.0,3.76,3.76,40,66.2,52.2483888888889,-0.12325,NP101is,540.0,5.4,315.362454931351,41.6267153278622,68.7322,251.30677,1.07284737498737,East,NGC 6997 Panel 1,21 01 27,+41 37 32,90.0,FocusLynx Focuser 1,11943,11943,1.325,12.4,12.4,Manual Rotator,0.0,0.0,0.0,Ascom.SxUFW (v2) ,SII,0.0,58.0,1010.0353624997,19.86,226.0,10.944,2000.0,N.I.N.A. 3.2.0.2002 (x64),NGC 6997 Panel 1_Date_2025-08-09_Time_02-31-23_Type_LIGHT_Filter_SII_Exp_600.00s_G_100_Off_10_Ecc_0.42_HFR_1.65px_FWHM_3.92_Temp_12.40_0017.xisf,1,11.5100842852061,14.292
LIGHT,2025-08-09T21:37:24.6483098,2025-08-09T22:37:24.6483098,2025-08-09T21:42:25.2122716,600.0,600.0,ZWO ASI6200MM Pro,ZWO ASI6200MM Pro,100,10,0.246657639741898,1,1,-10.0,-10.0,3.76,3.76,40,66.2,52.2483888888889,-0.12325,NP101is,540.0,5.4,315.363662309422,41.6256796450209,67.07213,105.2083,1.08551473019258,West,NGC 6997 Panel 1,21 01 27,+41 37 32,90.0,FocusLynx Focuser 1,12050,12050,1.325,16.8,16.8,Manual Rotator,0.0,0.0,0.0,Ascom.SxUFW (v2) ,SII,31.0,53.0,1014.00406726395,21.51,291.0,12.42,2000.0,N.I.N.A. 3.2.0.2002 (x64),NGC 6997 Panel 1_Date_2025-08-09_Time_22-37-24_Type_LIGHT_Filter_SII_Exp_600.00s_G_100_Off_10_Ecc_0.42_HFR_1.67px_FWHM_3.99_Temp_16.80_0032.xisf,1,11.707047140453,24.264
LIGHT,2025-08-09T21:27:23.4087415,2025-08-09T22:27:23.4087415,2025-08-09T21:32:23.9489353,600.0,600.0,ZWO ASI6200MM Pro,ZWO ASI6200MM Pro,100,10,0.246657639741898,1,1,-10.0,-10.0,3.76,3.76,40,66.2,52.2483888888889,-0.12325,NP101is,540.0,5.4,315.363677398008,41.6257201356849,65.58261,102.39199,1.09792974240924,West,NGC 6997 Panel 1,21 01 27,+41 37 32,90.0,FocusLynx Focuser 1,12050,12050,1.325,17.0,17.0,Manual Rotator,0.0,0.0,0.0,Ascom.SxUFW (v2) ,SII,31.0,53.0,1014.00406726395,21.51,291.0,12.42,2000.0,N.I.N.A. 3.2.0.2002 (x64),NGC 6997 Panel 1_Date_2025-08-09_Time_22-27-23_Type_LIGHT_Filter_SII_Exp_600.00s_G_100_Off_10_Ecc_0.41_HFR_1.65px_FWHM_3.96_Temp_17.00_0031.xisf,1,11.707047140453,24.264
LIGHT,2025-08-09T21:47:25.8853315,2025-08-09T22:47:25.8853315,2025-08-09T21:52:26.4529298,600.0,600.0,ZWO ASI6200MM Pro,ZWO ASI6200MM Pro,100,10,0.246657639741898,1,1,-10.0,-10.0,3.76,3.76,40,66.2,52.2483888888889,-0.12325,NP101is,540.0,5.4,315.363572523067,41.6256992820949,68.54732,108.28683,1.0741990630421,West,NGC 6997 Panel 1,21 01 27,+41 37 32,90.0,FocusLynx Focuser 1,12050,12050,1.325,16.6,16.6,Manual Rotator,0.0,0.0,0.0,Ascom.SxUFW (v2) ,SII,31.0,53.0,1014.00406726395,21.51,291.0,12.42,2000.0,N.I.N.A. 3.2.0.2002 (x64),NGC 6997 Panel 1_Date_2025-08-09_Time_22-47-25_Type_LIGHT_Filter_SII_Exp_600.00s_G_100_Off_10_Ecc_0.42_HFR_1.68px_FWHM_4.10_Temp_16.60_0033.xisf,1,11.707047140453,24.264
LIGHT,2025-08-09T20:57:08.4753730,2025-08-09T21:57:08.4753730,2025-08-09T21:02:09.0432135,600.0,600.0,ZWO ASI6200MM Pro,ZWO ASI6200MM Pro,100,10,0.246657639741898,1,1,-10.0,-10.0,3.76,3.76,40,66.2,52.2483888888889,-0.12325,NP101is,540.0,5.4,315.364111196701,41.6255609478228,60.9943055555556,94.9966388888889,1.14300087528163,West,NGC 6997 Panel 1,21 01 27,+41 37 32,90.0,FocusLynx Focuser 1,12050,12050,1.325,17.6,17.6,Manual Rotator,0.0,0.0,0.0,Ascom.SxUFW (v2) ,SII,31.0,53.0,1014.00406726395,21.51,291.0,12.42,2000.0,N.I.N.A. 3.2.0.2002 (x64),NGC 6997 Panel 1_Date_2025-08-09_Time_21-57-08_Type_LIGHT_Filter_SII_Exp_600.00s_G_100_Off_10_Ecc_0.39_HFR_1.65px_FWHM_4.06_Temp_17.60_0028.xisf,1,11.707047140453,24.264
LIGHT,2025-08-09T21:57:38.4882410,2025-08-09T22:57:38.4882410,2025-08-09T22:02:39.0156119,600.0,600.0,ZWO ASI6200MM Pro,ZWO ASI6200MM Pro,100,10,0.246657639741898,1,1,-10.0,-10.0,3.76,3.76,40,66.2,52.2483888888889,-0.12325,NP101is,540.0,5.4,315.364065963505,41.6254379004275,70.02045,111.73166,1.06382744119447,West,NGC 6997 Panel 1,21 01 27,+41 37 32,90.0,FocusLynx Focuser 1,12050,12050,1.325,16.4,16.4,Manual Rotator,0.0,0.0,0.0,Ascom.SxUFW (v2) ,SII,31.0,53.0,1014.00406726395,21.51,291.0,12.42,2000.0,N.I.N.A. 3.2.0.2002 (x64),NGC 6997 Panel 1_Date_2025-08-09_Time_22-57-38_Type_LIGHT_Filter_SII_Exp_600.00s_G_100_Off_10_Ecc_0.43_HFR_1.69px_FWHM_4.07_Temp_16.40_0034.xisf,1,11.707047140453,24.264
LIGHT,2025-08-09T22:12:37.9492809,2025-08-09T23:12:37.9492809,2025-08-09T22:17:38.5190498,600.0,600.0,ZWO ASI6200MM Pro,ZWO ASI6200MM Pro,100,10,0.246657639741898,1,1,-10.0,-10.0,3.76,3.76,40,66.2,52.2483888888889,-0.12325,NP101is,540.0,5.4,315.364170696048,41.6253969475285,72.1102777777778,117.49033,1.05062786896963,West,NGC 6997 Panel 1,21 01 27,+41 37 32,90.0,FocusLynx Focuser 1,12004,12004,1.325,16.2,16.2,Manual Rotator,0.0,0.0,0.0,Ascom.SxUFW (v2) ,SII,31.0,53.0,1014.00406726395,21.51,291.0,12.42,2000.0,N.I.N.A. 3.2.0.2002 (x64),NGC 6997 Panel 1_Date_2025-08-09_Time_23-12-37_Type_LIGHT_Filter_SII_Exp_600.00s_G_100_Off_10_Ecc_0.38_HFR_1.67px_FWHM_4.21_Temp_16.20_0035.xisf,1,11.707047140453,24.264
LIGHT,2025-08-09T22:32:52.1997495,2025-08-09T23:32:52.1997495,2025-08-09T22:37:52.7385722,600.0,600.0,ZWO ASI6200MM Pro,ZWO ASI6200MM Pro,100,10,0.246657639741898,1,1,-10.0,-10.0,3.76,3.76,40,66.2,52.2483888888889,-0.12325,NP101is,540.0,5.4,315.363586112463,41.6252269057571,74.7414166666667,127.09238,1.03639751198066,West,NGC 6997 Panel 1,21 01 27,+41 37 32,90.0,FocusLynx Focuser 1,12004,12004,1.325,15.9,15.9,Manual Rotator,0.0,0.0,0.0,Ascom.SxUFW (v2) ,SII,31.0,53.0,1014.00406726395,21.51,291.0,12.42,2000.0,N.I.N.A. 3.2.0.2002 (x64),NGC 6997 Panel 1_Date_2025-08-09_Time_23-32-52_Type_LIGHT_Filter_SII_Exp_600.00s_G_100_Off_10_Ecc_0.39_HFR_1.66px_FWHM_4.12_Temp_15.90_0037.xisf,1,11.707047140453,24.264
LIGHT,2025-08-09T22:42:53.4041147,2025-08-09T23:42:53.4041147,2025-08-09T22:47:53.9265829,600.0,600.0,ZWO ASI6200MM Pro,ZWO ASI6200MM Pro,100,10,0.246657639741898,1,1,-10.0,-10.0,3.76,3.76,40,66.2,52.2483888888889,-0.12325,NP101is,540.0,5.4,315.363735739325,41.6251761336035,75.9150555555556,132.82432,1.03086785709209,West,NGC 6997 Panel 1,21 01 27,+41 37 32,90.0,FocusLynx Focuser 1,12004,12004,1.325,15.8,15.8,Manual Rotator,0.0,0.0,0.0,Ascom.SxUFW (v2) ,SII,31.0,53.0,1014.00406726395,21.51,291.0,12.42,2000.0,N.I.N.A. 3.2.0.2002 (x64),NGC 6997 Panel 1_Date_2025-08-09_Time_23-42-53_Type_LIGHT_Filter_SII_Exp_600.00s_G_100_Off_10_Ecc_0.40_HFR_1.66px_FWHM_4.08_Temp_15.80_0038.xisf,1,11.707047140453,24.264
LIGHT,2025-08-09T23:13:19.7231686,2025-08-10T00:13:19.7231686,2025-08-09T23:18:20.2787090,600.0,600.0,ZWO ASI6200MM Pro,ZWO ASI6200MM Pro,100,10,0.246657639741898,1,1,-10.0,-9.9,3.76,3.76,40,66.2,52.2483888888889,-0.12325,NP101is,540.0,5.4,315.364305114297,41.6252435870137,78.67333,155.77296,1.01976685332477,West,NGC 6997 Panel 1,21 01 27,+41 37 32,90.0,FocusLynx Focuser 1,12004,12004,1.325,15.6,15.6,Manual Rotator,0.0,0.0,0.0,Ascom.SxUFW (v2) ,SII,31.0,53.0,1014.00406726395,21.51,291.0,12.42,2000.0,N.I.N.A. 3.2.0.2002 (x64),NGC 6997 Panel 1_Date_2025-08-10_Time_00-13-19_Type_LIGHT_Filter_SII_Exp_600.00s_G_100_Off_10_Ecc_0.42_HFR_1.68px_FWHM_4.06_Temp_15.60_0041.xisf,1,11.707047140453,24.264
LIGHT,2025-08-09T23:03:18.4782029,2025-08-10T00:03:18.4782029,2025-08-09T23:08:19.0364655,600.0,600.0,ZWO ASI6200MM Pro,ZWO ASI6200MM Pro,100,10,0.246657639741898,1,1,-10.0,-10.0,3.76,3.76,40,66.2,52.2483888888889,-0.12325,NP101is,540.0,5.4,315.364230214908,41.6252442321531,77.93765,147.24277,1.02247309803081,West,NGC 6997 Panel 1,21 01 27,+41 37 32,90.0,FocusLynx Focuser 1,12004,12004,1.325,15.6,15.6,Manual Rotator,0.0,0.0,0.0,Ascom.SxUFW (v2) ,SII,31.0,53.0,1014.00406726395,21.51,291.0,12.42,2000.0,N.I.N.A. 3.2.0.2002 (x64),NGC 6997 Panel 1_Date_2025-08-10_Time_00-03-18_Type_LIGHT_Filter_SII_Exp_600.00s_G_100_Off_10_Ecc_0.40_HFR_1.69px_FWHM_4.13_Temp_15.60_0040.xisf,1,11.707047140453,24.264
LIGHT,2025-08-09T22:22:39.2599789,2025-08-09T23:22:39.2599789,2025-08-09T22:27:39.8250907,600.0,600.0,ZWO ASI6200MM Pro,ZWO ASI6200MM Pro,100,10,0.246657639741898,1,1,-10.0,-9.9,3.76,3.76,40,66.2,52.2483888888889,-0.12325,NP101is,540.0,5.4,315.364095888151,41.6254165602516,73.44611,121.93728,1.04308003156098,West,NGC 6997 Panel 1,21 01 27,+41 37 32,90.0,FocusLynx Focuser 1,12004,12004,1.325,16.0,16.0,Manual Rotator,0.0,0.0,0.0,Ascom.SxUFW (v2) ,SII,31.0,53.0,1014.00406726395,21.51,291.0,12.42,2000.0,N.I.N.A. 3.2.0.2002 (x64),NGC 6997 Panel 1_Date_2025-08-09_Time_23-22-39_Type_LIGHT_Filter_SII_Exp_600.00s_G_100_Off_10_Ecc_0.39_HFR_1.66px_FWHM_4.11_Temp_16.00_0036.xisf,1,11.707047140453,24.264
LIGHT,2025-08-09T22:52:54.6009390,2025-08-09T23:52:54.6009390,2025-08-09T22:57:55.1375682,600.0,600.0,ZWO ASI6200MM Pro,ZWO ASI6200MM Pro,100,10,0.246657639741898,1,1,-10.0,-10.0,3.76,3.76,40,66.2,52.2483888888889,-0.12325,NP101is,540.0,5.4,315.363675971288,41.6252157192843,76.9859722222222,139.43919,1.0262468108122,West,NGC 6997 Panel 1,21 01 27,+41 37 32,90.0,FocusLynx Focuser 1,12004,12004,1.325,15.7,15.7,Manual Rotator,0.0,0.0,0.0,Ascom.SxUFW (v2) ,SII,31.0,53.0,1014.00406726395,21.51,291.0,12.42,2000.0,N.I.N.A. 3.2.0.2002 (x64),NGC 6997 Panel 1_Date_2025-08-09_Time_23-52-54_Type_LIGHT_Filter_SII_Exp_600.00s_G_100_Off_10_Ecc_0.41_HFR_1.66px_FWHM_4.05_Temp_15.70_0039.xisf,1,11.707047140453,24.264
LIGHT,2025-08-09T23:23:21.0220377,2025-08-10T00:23:21.0220377,2025-08-09T23:28:21.5524994,600.0,600.0,ZWO ASI6200MM Pro,ZWO ASI6200MM Pro,100,10,0.246657639741898,1,1,-10.0,-10.0,3.76,3.76,40,66.2,52.2483888888889,-0.12325,NP101is,540.0,5.4,315.36417024917,41.6252133019682,79.18912,165.19174,1.01797778241531,West,NGC 6997 Panel 1,21 01 27,+41 37 32,90.0,FocusLynx Focuser 1,12004,12004,1.325,15.5,15.5,Manual Rotator,0.0,0.0,0.0,Ascom.SxUFW (v2) ,SII,31.0,53.0,1014.00406726395,21.51,291.0,12.42,2000.0,N.I.N.A. 3.2.0.2002 (x64),NGC 6997 Panel 1_Date_2025-08-10_Time_00-23-21_Type_LIGHT_Filter_SII_Exp_600.00s_G_100_Off_10_Ecc_0.43_HFR_1.68px_FWHM_3.99_Temp_15.50_0042.xisf,1,11.707047140453,24.264
LIGHT,2025-08-09T23:33:49.0564050,2025-08-10T00:33:49.0564050,2025-08-09T23:38:49.6021686,600.0,600.0,ZWO ASI6200MM Pro,ZWO ASI6200MM Pro,100,10,0.246657639741898,1,1,-10.0,-10.0,3.76,3.76,40,66.2,52.2483888888889,-0.12325,NP101is,540.0,5.4,315.363989223672,41.6247830685615,79.4556944444444,175.6235,1.01708783722286,West,NGC 6997 Panel 1,21 01 27,+41 37 32,90.0,FocusLynx Focuser 1,12004,12004,1.325,15.2,15.2,Manual Rotator,0.0,0.0,0.0,Ascom.SxUFW (v2) ,SII,31.0,53.0,1014.00406726395,21.51,291.0,12.42,2000.0,N.I.N.A. 3.2.0.2002 (x64),NGC 6997 Panel 1_Date_2025-08-10_Time_00-33-49_Type_LIGHT_Filter_SII_Exp_600.00s_G_100_Off_10_Ecc_0.43_HFR_1.68px_FWHM_4.05_Temp_15.20_0043.xisf,1,11.707047140453,24.264
LIGHT,2025-08-10T00:00:03.9348546,2025-08-10T01:00:03.9348546,2025-08-10T00:05:04.4904255,600.0,600.0,ZWO ASI6200MM Pro,ZWO ASI6200MM Pro,100,10,0.246657639741898,1,1,-10.0,-10.0,3.76,3.76,40,66.2,52.2483888888889,-0.12325,NP101is,540.0,5.4,315.364066371749,41.6255016008693,78.83761,201.74001,1.01918739215202,East,NGC 6997 Panel 1,21 01 27,+41 37 32,90.0,FocusLynx Focuser 1,11956,11956,1.325,14.1,14.1,Manual Rotator,0.0,0.0,0.0,Ascom.SxUFW (v2) ,SII,31.0,53.0,1014.00406726395,21.51,291.0,12.42,2000.0,N.I.N.A. 3.2.0.2002 (x64),NGC 6997 Panel 1_Date_2025-08-10_Time_01-00-03_Type_LIGHT_Filter_SII_Exp_600.00s_G_100_Off_10_Ecc_0.39_HFR_1.70px_FWHM_4.18_Temp_14.10_0045.xisf,1,11.707047140453,24.264
LIGHT,2025-08-10T00:10:17.5385021,2025-08-10T01:10:17.5385021,2025-08-10T00:15:18.0863327,600.0,600.0,ZWO ASI6200MM Pro,ZWO ASI6200MM Pro,100,10,0.246657639741898,1,1,-10.0,-10.1,3.76,3.76,40,66.2,52.2483888888889,-0.12325,NP101is,540.0,5.4,315.365534500219,41.6256285520095,78.14314,210.68768,1.02169880251067,East,NGC 6997 Panel 1,21 01 27,+41 37 32,90.0,FocusLynx Focuser 1,11956,11956,1.325,13.6,13.6,Manual Rotator,0.0,0.0,0.0,Ascom.SxUFW (v2) ,SII,31.0,53.0,1014.00406726395,21.51,291.0,12.42,2000.0,N.I.N.A. 3.2.0.2002 (x64),NGC 6997 Panel 1_Date_2025-08-10_Time_01-10-17_Type_LIGHT_Filter_SII_Exp_600.00s_G_100_Off_10_Ecc_0.39_HFR_1.70px_FWHM_4.14_Temp_13.60_0046.xisf,1,11.707047140453,24.264
LIGHT,2025-08-10T01:26:09.5714542,2025-08-10T02:26:09.5714542,2025-08-10T01:31:10.1127323,600.0,600.0,ZWO ASI6200MM Pro,ZWO ASI6200MM Pro,100,10,0.246657639741898,1,1,-10.0,-10.0,3.76,3.76,40,66.2,52.2483888888889,-0.12325,NP101is,540.0,5.4,315.363974569032,41.6248073255958,68.91774,250.88287,1.07150546032955,East,NGC 6997 Panel 1,21 01 27,+41 37 32,90.0,FocusLynx Focuser 1,11915,11915,1.325,12.2,12.2,Manual Rotator,0.0,0.0,0.0,Ascom.SxUFW (v2) ,SII,31.0,53.0,1014.00406726395,21.51,291.0,12.42,2000.0,N.I.N.A. 3.2.0.2002 (x64),NGC 6997 Panel 1_Date_2025-08-10_Time_02-26-09_Type_LIGHT_Filter_SII_Exp_600.00s_G_100_Off_10_Ecc_0.39_HFR_1.68px_FWHM_4.13_Temp_12.20_0053.xisf,1,11.707047140453,24.264
LIGHT,2025-08-03T01:41:39.1630821,2025-08-03T02:41:39.1630821,2025-08-03T01:46:39.7317374,600.0,600.0,ZWO ASI6200MM Pro,ZWO ASI6200MM Pro,100,10,0.246657639741898,1,1,-10.0,-9.9,3.76,3.76,40,66.2,52.2483888888889,-0.12325,NP101is,540.0,5.4,315.356543514365,41.6275051817017,70.63668,246.69794,1.05975429420796,East,NGC 6997 Panel 1,21 01 27,+41 37 32,90.0,FocusLynx Focuser 1,11935,11935,1.325,9.9,9.9,Manual Rotator,0.0,0.0,0.0,Ascom.SxUFW (v2) ,OIII,0.0,68.0,1009.04318630864,16.56,281.0,9.684,2000.0,N.I.N.A. 3.2.0.2001 (x64),NGC 6997 Panel 1_Date_2025-08-03_Time_02-41-39_Type_LIGHT_Filter_OIII_Exp_600.00s_G_100_Off_10_Ecc_0.40_HFR_1.67px_FWHM_3.97_Temp_9.90_0008.xisf,1,10.7434393874969,10.548
LIGHT,2025-08-10T00:20:18.8219734,2025-08-10T01:20:18.8219734,2025-08-10T00:25:19.3482455,600.0,600.0,ZWO ASI6200MM Pro,ZWO ASI6200MM Pro,100,10,0.246657639741898,1,1,-10.0,-9.8,3.76,3.76,40,66.2,52.2483888888889,-0.12325,NP101is,540.0,5.4,315.365504505093,41.6256080890761,77.27013,218.47819,1.02508752067969,East,NGC 6997 Panel 1,21 01 27,+41 37 32,90.0,FocusLynx Focuser 1,11956,11956,1.325,13.4,13.4,Manual Rotator,0.0,0.0,0.0,Ascom.SxUFW (v2) ,SII,31.0,53.0,1014.00406726395,21.51,291.0,12.42,2000.0,N.I.N.A. 3.2.0.2002 (x64),NGC 6997 Panel 1_Date_2025-08-10_Time_01-20-18_Type_LIGHT_Filter_SII_Exp_600.00s_G_100_Off_10_Ecc_0.41_HFR_1.69px_FWHM_4.07_Temp_13.40_0047.xisf,1,11.707047140453,24.264
LIGHT,2025-08-10T00:50:37.2713463,2025-08-10T01:50:37.2713463,2025-08-10T00:55:37.8225729,600.0,600.0,ZWO ASI6200MM Pro,ZWO ASI6200MM Pro,100,10,0.246657639741898,1,1,-10.0,-10.0,3.76,3.76,40,66.2,52.2483888888889,-0.12325,NP101is,540.0,5.4,315.365175020658,41.6255871003903,73.81952,236.67698,1.04109020800516,East,NGC 6997 Panel 1,21 01 27,+41 37 32,90.0,FocusLynx Focuser 1,11956,11956,1.325,13.0,13.0,Manual Rotator,0.0,0.0,0.0,Ascom.SxUFW (v2) ,SII,31.0,53.0,1014.00406726395,21.51,291.0,12.42,2000.0,N.I.N.A. 3.2.0.2002 (x64),NGC 6997 Panel 1_Date_2025-08-10_Time_01-50-37_Type_LIGHT_Filter_SII_Exp_600.00s_G_100_Off_10_Ecc_0.44_HFR_1.70px_FWHM_4.04_Temp_13.00_0050.xisf,1,11.707047140453,24.264
LIGHT,2025-08-10T01:46:24.2878695,2025-08-10T02:46:24.2878695,2025-08-10T01:51:24.8632860,600.0,600.0,ZWO ASI6200MM Pro,ZWO ASI6200MM Pro,100,10,0.246657639741898,1,1,-10.0,-10.0,3.76,3.76,40,66.2,52.2483888888889,-0.12325,NP101is,540.0,5.4,315.363325387924,41.6231073686159,65.9330555555556,256.95992,1.09491675479708,East,NGC 6997 Panel 1,21 01 27,+41 37 32,90.0,FocusLynx Focuser 1,11915,11915,1.325,11.9,11.9,Manual Rotator,0.0,0.0,0.0,Ascom.SxUFW (v2) ,SII,31.0,53.0,1014.00406726395,21.51,291.0,12.42,2000.0,N.I.N.A. 3.2.0.2002 (x64),NGC 6997 Panel 1_Date_2025-08-10_Time_02-46-24_Type_LIGHT_Filter_SII_Exp_600.00s_G_100_Off_10_Ecc_0.40_HFR_1.67px_FWHM_4.03_Temp_11.90_0055.xisf,1,11.707047140453,24.264
LIGHT,2025-08-09T03:06:53.9815083,2025-08-09T04:06:53.9815083,2025-08-09T03:11:54.5133899,600.0,600.0,ZWO ASI6200MM Pro,ZWO ASI6200MM Pro,100,10,0.246657639741898,1,1,-10.0,-10.0,3.76,3.76,40,66.2,52.2483888888889,-0.12325,NP101is,540.0,5.4,315.362248974218,41.6280905607834,54.25982,273.83744,1.23134218581149,East,NGC 6997 Panel 1,21 01 27,+41 37 32,90.0,FocusLynx Focuser 1,11913,11913,1.325,11.3,11.3,Manual Rotator,0.0,0.0,0.0,Ascom.SxUFW (v2) ,SII,0.0,58.0,1010.0353624997,19.86,226.0,10.944,2000.0,N.I.N.A. 3.2.0.2002 (x64),NGC 6997 Panel 1_Date_2025-08-09_Time_04-06-53_Type_LIGHT_Filter_SII_Exp_600.00s_G_100_Off_10_Ecc_0.39_HFR_1.66px_FWHM_4.14_Temp_11.30_0026.xisf,1,11.5100842852061,14.292
LIGHT,2025-08-10T01:00:38.4945659,2025-08-10T02:00:38.4945659,2025-08-10T01:05:39.0441898,600.0,600.0,ZWO ASI6200MM Pro,ZWO ASI6200MM Pro,100,10,0.246657639741898,1,1,-10.0,-10.0,3.76,3.76,40,66.2,52.2483888888889,-0.12325,NP101is,540.0,5.4,315.36514505845,41.6255766366044,72.49895,241.28998,1.04836175199663,East,NGC 6997 Panel 1,21 01 27,+41 37 32,90.0,FocusLynx Focuser 1,11956,11956,1.325,12.7,12.7,Manual Rotator,0.0,0.0,0.0,Ascom.SxUFW (v2) ,SII,31.0,53.0,1014.00406726395,21.51,291.0,12.42,2000.0,N.I.N.A. 3.2.0.2002 (x64),NGC 6997 Panel 1_Date_2025-08-10_Time_02-00-38_Type_LIGHT_Filter_SII_Exp_600.00s_G_100_Off_10_Ecc_0.44_HFR_1.73px_FWHM_4.10_Temp_12.70_0051.xisf,1,11.707047140453,24.264
LIGHT,2025-08-10T00:30:19.9989881,2025-08-10T01:30:19.9989881,2025-08-10T00:35:20.5366793,600.0,600.0,ZWO ASI6200MM Pro,ZWO ASI6200MM Pro,100,10,0.246657639741898,1,1,-10.0,-10.0,3.76,3.76,40,66.2,52.2483888888889,-0.12325,NP101is,540.0,5.4,315.365444588036,41.6255976780329,76.2436,225.32089,1.02940753555788,East,NGC 6997 Panel 1,21 01 27,+41 37 32,90.0,FocusLynx Focuser 1,11956,11956,1.325,13.3,13.3,Manual Rotator,0.0,0.0,0.0,Ascom.SxUFW (v2) ,SII,31.0,53.0,1014.00406726395,21.51,291.0,12.42,2000.0,N.I.N.A. 3.2.0.2002 (x64),NGC 6997 Panel 1_Date_2025-08-10_Time_01-30-19_Type_LIGHT_Filter_SII_Exp_600.00s_G_100_Off_10_Ecc_0.42_HFR_1.70px_FWHM_4.08_Temp_13.30_0048.xisf,1,11.707047140453,24.264
LIGHT,2025-08-03T02:02:27.5826189,2025-08-03T03:02:27.5826189,2025-08-03T02:07:28.1171457,600.0,600.0,ZWO ASI6200MM Pro,ZWO ASI6200MM Pro,100,10,0.246657639741898,1,1,-10.0,-10.0,3.76,3.76,40,66.2,52.2483888888889,-0.12325,NP101is,540.0,5.4,315.355418727143,41.6272156422366,67.62714,253.67442,1.08114555421157,East,NGC 6997 Panel 1,21 01 27,+41 37 32,90.0,FocusLynx Focuser 1,11935,11935,1.325,9.9,9.9,Manual Rotator,0.0,0.0,0.0,Ascom.SxUFW (v2) ,OIII,0.0,68.0,1009.04318630864,16.56,281.0,9.684,2000.0,N.I.N.A. 3.2.0.2001 (x64),NGC 6997 Panel 1_Date_2025-08-03_Time_03-02-27_Type_LIGHT_Filter_OIII_Exp_600.00s_G_100_Off_10_Ecc_0.39_HFR_1.69px_FWHM_4.01_Temp_9.90_0010.xisf,1,10.7434393874969,10.548
LIGHT,2025-08-10T01:56:25.6260572,2025-08-10T02:56:25.6260572,2025-08-10T02:01:26.1683982,600.0,600.0,ZWO ASI6200MM Pro,ZWO ASI6200MM Pro,100,10,0.246657639741898,1,1,-10.0,-9.8,3.76,3.76,40,66.2,52.2483888888889,-0.12325,NP101is,540.0,5.4,315.363355427284,41.6231268051784,64.43147,259.61515,1.10823772697256,East,NGC 6997 Panel 1,21 01 27,+41 37 32,90.0,FocusLynx Focuser 1,11915,11915,1.325,11.8,11.8,Manual Rotator,0.0,0.0,0.0,Ascom.SxUFW (v2) ,SII,31.0,53.0,1014.00406726395,21.51,291.0,12.42,2000.0,N.I.N.A. 3.2.0.2002 (x64),NGC 6997 Panel 1_Date_2025-08-10_Time_02-56-25_Type_LIGHT_Filter_SII_Exp_600.00s_G_100_Off_10_Ecc_0.41_HFR_1.66px_FWHM_4.00_Temp_11.80_0056.xisf,1,11.707047140453,24.264
LIGHT,2025-08-05T00:30:49.1101325,2025-08-05T01:30:49.1101325,2025-08-05T00:35:49.6762523,600.0,600.0,ZWO ASI6200MM Pro,ZWO ASI6200MM Pro,100,10,0.246657639741898,1,1,-10.0,-10.0,3.76,3.76,40,66.2,52.2483888888889,-0.12325,NP101is,540.0,5.4,315.363997608258,41.6255252706491,78.0756388888889,211.386027777778,1.02195157218921,East,NGC 6997 Panel 1,21 01 27,+41 37 32,90.0,FocusLynx Focuser 1,11981,11981,1.325,12.7,12.7,Manual Rotator,0.0,0.0,0.0,Ascom.SxUFW (v2) ,OIII,0.0,73.0,1006.06665773546,16.59,289.0,21.708,2000.0,N.I.N.A. 3.2.0.2002 (x64),NGC 6997 Panel 1_Date_2025-08-05_Time_01-30-49_Type_LIGHT_Filter_OIII_Exp_600.00s_G_100_Off_10_Ecc_0.42_HFR_1.66px_FWHM_3.87_Temp_12.70_0007.xisf,1,11.8220340765593,42.192
LIGHT,2025-08-03T02:12:28.8455734,2025-08-03T03:12:28.8455734,2025-08-03T02:17:29.4173771,600.0,600.0,ZWO ASI6200MM Pro,ZWO ASI6200MM Pro,100,10,0.246657639741898,1,1,-10.0,-10.0,3.76,3.76,40,66.2,52.2483888888889,-0.12325,NP101is,540.0,5.4,315.354444928346,41.627216612969,66.14413,256.57957,1.09312964364921,East,NGC 6997 Panel 1,21 01 27,+41 37 32,90.0,FocusLynx Focuser 1,11935,11935,1.325,9.8,9.8,Manual Rotator,0.0,0.0,0.0,Ascom.SxUFW (v2) ,OIII,0.0,68.0,1009.04318630864,16.56,281.0,9.684,2000.0,N.I.N.A. 3.2.0.2001 (x64),NGC 6997 Panel 1_Date_2025-08-03_Time_03-12-28_Type_LIGHT_Filter_OIII_Exp_600.00s_G_100_Off_10_Ecc_0.40_HFR_1.68px_FWHM_3.99_Temp_9.80_0011.xisf,1,10.7434393874969,10.548
LIGHT,2025-08-03T02:33:13.0767869,2025-08-03T03:33:13.0767869,2025-08-03T02:38:13.6545293,600.0,600.0,ZWO ASI6200MM Pro,ZWO ASI6200MM Pro,100,10,0.246657639741898,1,1,-10.0,-10.0,3.76,3.76,40,66.2,52.2483888888889,-0.12325,NP101is,540.0,5.4,315.353036135807,41.6271075722425,63.01475,261.94397,1.1218196614444,East,NGC 6997 Panel 1,21 01 27,+41 37 32,90.0,FocusLynx Focuser 1,11935,11935,1.325,9.7,9.7,Manual Rotator,0.0,0.0,0.0,Ascom.SxUFW (v2) ,OIII,0.0,68.0,1009.04318630864,16.56,281.0,9.684,2000.0,N.I.N.A. 3.2.0.2001 (x64),NGC 6997 Panel 1_Date_2025-08-03_Time_03-33-13_Type_LIGHT_Filter_OIII_Exp_600.00s_G_100_Off_10_Ecc_0.39_HFR_1.67px_FWHM_3.98_Temp_9.70_0013.xisf,1,10.7434393874969,10.548
LIGHT,2025-08-10T02:26:52.4656244,2025-08-10T03:26:52.4656244,2025-08-10T02:31:53.0041901,600.0,600.0,ZWO ASI6200MM Pro,ZWO ASI6200MM Pro,100,10,0.246657639741898,1,1,-10.0,-10.0,3.76,3.76,40,66.2,52.2483888888889,-0.12325,NP101is,540.0,5.4,315.36395684848,41.6238642254158,59.78999,266.71411,1.15670299440887,East,NGC 6997 Panel 1,21 01 27,+41 37 32,90.0,FocusLynx Focuser 1,11915,11915,1.325,11.3,11.3,Manual Rotator,0.0,0.0,0.0,Ascom.SxUFW (v2) ,SII,31.0,53.0,1014.00406726395,21.51,291.0,12.42,2000.0,N.I.N.A. 3.2.0.2002 (x64),NGC 6997 Panel 1_Date_2025-08-10_Time_03-26-52_Type_LIGHT_Filter_SII_Exp_600.00s_G_100_Off_10_Ecc_0.42_HFR_1.67px_FWHM_4.06_Temp_11.30_0059.xisf,1,11.707047140453,24.264
LIGHT,2025-08-05T00:20:47.9079238,2025-08-05T01:20:47.9079238,2025-08-05T00:25:48.4310205,600.0,600.0,ZWO ASI6200MM Pro,ZWO ASI6200MM Pro,100,10,0.246657639741898,1,1,-10.0,-10.0,3.76,3.76,40,66.2,52.2483888888889,-0.12325,NP101is,540.0,5.4,315.364102731297,41.6255157828947,78.7753888888889,202.718638888889,1.01940580087787,East,NGC 6997 Panel 1,21 01 27,+41 37 32,90.0,FocusLynx Focuser 1,11981,11981,1.325,13.0,13.0,Manual Rotator,0.0,0.0,0.0,Ascom.SxUFW (v2) ,OIII,0.0,73.0,1006.06665773546,16.59,289.0,21.708,2000.0,N.I.N.A. 3.2.0.2002 (x64),NGC 6997 Panel 1_Date_2025-08-05_Time_01-20-47_Type_LIGHT_Filter_OIII_Exp_600.00s_G_100_Off_10_Ecc_0.42_HFR_1.65px_FWHM_3.84_Temp_13.00_0006.xisf,1,11.8220340765593,42.192
LIGHT,2025-08-05T01:27:09.5245187,2025-08-05T02:27:09.5245187,2025-08-05T01:32:10.0730874,600.0,600.0,ZWO ASI6200MM Pro,ZWO ASI6200MM Pro,100,10,0.246657639741898,1,1,-10.0,-10.0,3.76,3.76,40,66.2,52.2483888888889,-0.12325,NP101is,540.0,5.4,315.364102082892,41.6259812062892,71.5623,244.14072,1.05392199437747,East,NGC 6997 Panel 1,21 01 27,+41 37 32,90.0,FocusLynx Focuser 1,11944,11944,1.325,11.4,11.4,Manual Rotator,0.0,0.0,0.0,Ascom.SxUFW (v2) ,OIII,0.0,73.0,1006.06665773546,16.59,289.0,21.708,2000.0,N.I.N.A. 3.2.0.2002 (x64),NGC 6997 Panel 1_Date_2025-08-05_Time_02-27-09_Type_LIGHT_Filter_OIII_Exp_600.00s_G_100_Off_10_Ecc_0.39_HFR_1.69px_FWHM_4.03_Temp_11.40_0012.xisf,1,11.8220340765593,42.192
LIGHT,2025-08-10T02:57:10.1071206,2025-08-10T03:57:10.1071206,2025-08-10T03:02:10.6400464,600.0,600.0,ZWO ASI6200MM Pro,ZWO ASI6200MM Pro,100,10,0.246657639741898,1,1,-10.0,-10.0,3.76,3.76,40,66.2,52.2483888888889,-0.12325,NP101is,540.0,5.4,315.364751696979,41.624187980827,55.1445,272.756888888889,1.21798990869215,East,NGC 6997 Panel 1,21 01 27,+41 37 32,90.0,FocusLynx Focuser 1,11915,11915,1.325,10.8,10.8,Manual Rotator,0.0,0.0,0.0,Ascom.SxUFW (v2) ,SII,31.0,53.0,1014.00406726395,21.51,291.0,12.42,2000.0,N.I.N.A. 3.2.0.2002 (x64),NGC 6997 Panel 1_Date_2025-08-10_Time_03-57-10_Type_LIGHT_Filter_SII_Exp_600.00s_G_100_Off_10_Ecc_0.41_HFR_1.71px_FWHM_4.19_Temp_10.80_0062.xisf,1,11.707047140453,24.264
LIGHT,2025-08-05T00:41:02.0206691,2025-08-05T01:41:02.0206691,2025-08-05T00:46:02.5854083,600.0,600.0,ZWO ASI6200MM Pro,ZWO ASI6200MM Pro,100,10,0.246657639741898,1,1,-10.0,-10.0,3.76,3.76,40,66.2,52.2483888888889,-0.12325,NP101is,540.0,5.4,315.364508033423,41.6260236989794,77.16663,219.25708,1.02550655347688,East,NGC 6997 Panel 1,21 01 27,+41 37 32,90.0,FocusLynx Focuser 1,11981,11981,1.325,12.4,12.4,Manual Rotator,0.0,0.0,0.0,Ascom.SxUFW (v2) ,OIII,0.0,73.0,1006.06665773546,16.59,289.0,21.708,2000.0,N.I.N.A. 3.2.0.2002 (x64),NGC 6997 Panel 1_Date_2025-08-05_Time_01-41-02_Type_LIGHT_Filter_OIII_Exp_600.00s_G_100_Off_10_Ecc_0.43_HFR_1.66px_FWHM_3.84_Temp_12.40_0008.xisf,1,11.8220340765593,42.192
LIGHT,2025-08-03T00:26:17.1849719,2025-08-03T01:26:17.1849719,2025-08-03T00:31:17.7545780,600.0,600.0,ZWO ASI6200MM Pro,ZWO ASI6200MM Pro,100,10,0.246657639741898,1,1,-10.0,-10.0,3.76,3.76,40,66.2,52.2483888888889,-0.12325,NP101is,540.0,5.4,315.363204897246,41.6256789786173,78.90897,200.53862,1.01893849677098,East,NGC 6997 Panel 1,21 01 27,+41 37 32,90.0,FocusLynx Focuser 1,11952,11952,1.325,10.7,10.7,Manual Rotator,0.0,0.0,0.0,Ascom.SxUFW (v2) ,OIII,0.0,68.0,1009.04318630864,16.56,281.0,9.684,2000.0,N.I.N.A. 3.2.0.2001 (x64),NGC 6997 Panel 1_Date_2025-08-03_Time_01-26-17_Type_LIGHT_Filter_OIII_Exp_600.00s_G_100_Off_10_Ecc_0.40_HFR_1.68px_FWHM_4.00_Temp_10.70_0001.xisf,1,10.7434393874969,10.548
LIGHT,2025-08-10T01:36:10.8302961,2025-08-10T02:36:10.8302961,2025-08-10T01:41:11.3701813,600.0,600.0,ZWO ASI6200MM Pro,ZWO ASI6200MM Pro,100,10,0.246657639741898,1,1,-10.0,-10.0,3.76,3.76,40,66.2,52.2483888888889,-0.12325,NP101is,540.0,5.4,315.364004515046,41.6247967604399,67.45235,254.02593,1.08250681340102,East,NGC 6997 Panel 1,21 01 27,+41 37 32,90.0,FocusLynx Focuser 1,11915,11915,1.325,12.0,12.0,Manual Rotator,0.0,0.0,0.0,Ascom.SxUFW (v2) ,SII,31.0,53.0,1014.00406726395,21.51,291.0,12.42,2000.0,N.I.N.A. 3.2.0.2002 (x64),NGC 6997 Panel 1_Date_2025-08-10_Time_02-36-10_Type_LIGHT_Filter_SII_Exp_600.00s_G_100_Off_10_Ecc_0.40_HFR_1.68px_FWHM_4.10_Temp_12.00_0054.xisf,1,11.707047140453,24.264
LIGHT,2025-08-03T00:46:19.6831943,2025-08-03T01:46:19.6831943,2025-08-03T00:51:20.2260690,600.0,600.0,ZWO ASI6200MM Pro,ZWO ASI6200MM Pro,100,10,0.246657639741898,1,1,-10.0,-10.0,3.76,3.76,40,66.2,52.2483888888889,-0.12325,NP101is,540.0,5.4,315.362216496198,41.6258992754482,77.40998,217.38259,1.02452716608777,East,NGC 6997 Panel 1,21 01 27,+41 37 32,90.0,FocusLynx Focuser 1,11952,11952,1.325,10.5,10.5,Manual Rotator,0.0,0.0,0.0,Ascom.SxUFW (v2) ,OIII,0.0,68.0,1009.04318630864,16.56,281.0,9.684,2000.0,N.I.N.A. 3.2.0.2001 (x64),NGC 6997 Panel 1_Date_2025-08-03_Time_01-46-19_Type_LIGHT_Filter_OIII_Exp_600.00s_G_100_Off_10_Ecc_0.40_HFR_1.71px_FWHM_4.14_Temp_10.50_0003.xisf,1,10.7434393874969,10.548
LIGHT,2025-08-03T00:36:18.4387435,2025-08-03T01:36:18.4387435,2025-08-03T00:41:18.9930805,600.0,600.0,ZWO ASI6200MM Pro,ZWO ASI6200MM Pro,100,10,0.246657639741898,1,1,-10.0,-10.0,3.76,3.76,40,66.2,52.2483888888889,-0.12325,NP101is,540.0,5.4,315.362725704989,41.6257991029189,78.25954,209.41914,1.021266540977,East,NGC 6997 Panel 1,21 01 27,+41 37 32,90.0,FocusLynx Focuser 1,11952,11952,1.325,10.6,10.6,Manual Rotator,0.0,0.0,0.0,Ascom.SxUFW (v2) ,OIII,0.0,68.0,1009.04318630864,16.56,281.0,9.684,2000.0,N.I.N.A. 3.2.0.2001 (x64),NGC 6997 Panel 1_Date_2025-08-03_Time_01-36-18_Type_LIGHT_Filter_OIII_Exp_600.00s_G_100_Off_10_Ecc_0.40_HFR_1.69px_FWHM_4.04_Temp_10.60_0002.xisf,1,10.7434393874969,10.548
LIGHT,2025-08-03T00:56:35.0864014,2025-08-03T01:56:35.0864014,2025-08-03T01:01:35.6293023,600.0,600.0,ZWO ASI6200MM Pro,ZWO ASI6200MM Pro,100,10,0.246657639741898,1,1,-10.0,-10.0,3.76,3.76,40,66.2,52.2483888888889,-0.12325,NP101is,540.0,5.4,315.361303582012,41.6262201326157,76.37725,224.52471,1.0288243284927,East,NGC 6997 Panel 1,21 01 27,+41 37 32,90.0,FocusLynx Focuser 1,11952,11952,1.325,10.4,10.4,Manual Rotator,0.0,0.0,0.0,Ascom.SxUFW (v2) ,OIII,0.0,68.0,1009.04318630864,16.56,281.0,9.684,2000.0,N.I.N.A. 3.2.0.2001 (x64),NGC 6997 Panel 1_Date_2025-08-03_Time_01-56-35_Type_LIGHT_Filter_OIII_Exp_600.00s_G_100_Off_10_Ecc_0.40_HFR_1.72px_FWHM_4.14_Temp_10.40_0004.xisf,1,10.7434393874969,10.548
LIGHT,2025-08-03T01:11:19.2404689,2025-08-03T02:11:19.2404689,2025-08-03T01:16:19.7806704,600.0,600.0,ZWO ASI6200MM Pro,ZWO ASI6200MM Pro,100,10,0.246657639741898,1,1,-10.0,-10.0,3.76,3.76,40,66.2,52.2483888888889,-0.12325,NP101is,540.0,5.4,315.360240118625,41.6263309291587,74.67423,233.2029,1.0367290353629,East,NGC 6997 Panel 1,21 01 27,+41 37 32,90.0,FocusLynx Focuser 1,11935,11935,1.325,10.2,10.2,Manual Rotator,0.0,0.0,0.0,Ascom.SxUFW (v2) ,OIII,0.0,68.0,1009.04318630864,16.56,281.0,9.684,2000.0,N.I.N.A. 3.2.0.2001 (x64),NGC 6997 Panel 1_Date_2025-08-03_Time_02-11-19_Type_LIGHT_Filter_OIII_Exp_600.00s_G_100_Off_10_Ecc_0.40_HFR_1.68px_FWHM_4.00_Temp_10.20_0005.xisf,1,10.7434393874969,10.548
LIGHT,2025-08-03T01:51:40.3949361,2025-08-03T02:51:40.3949361,2025-08-03T01:56:40.9590987,600.0,600.0,ZWO ASI6200MM Pro,ZWO ASI6200MM Pro,100,10,0.246657639741898,1,1,-10.0,-10.0,3.76,3.76,40,66.2,52.2483888888889,-0.12325,NP101is,540.0,5.4,315.355644752967,41.627556022719,69.20474,250.23264,1.06945835356343,East,NGC 6997 Panel 1,21 01 27,+41 37 32,90.0,FocusLynx Focuser 1,11935,11935,1.325,9.9,9.9,Manual Rotator,0.0,0.0,0.0,Ascom.SxUFW (v2) ,OIII,0.0,68.0,1009.04318630864,16.56,281.0,9.684,2000.0,N.I.N.A. 3.2.0.2001 (x64),NGC 6997 Panel 1_Date_2025-08-03_Time_02-51-40_Type_LIGHT_Filter_OIII_Exp_600.00s_G_100_Off_10_Ecc_0.40_HFR_1.66px_FWHM_3.95_Temp_9.90_0009.xisf,1,10.7434393874969,10.548
LIGHT,2025-08-03T01:31:37.8463047,2025-08-03T02:31:37.8463047,2025-08-03T01:36:38.4099563,600.0,600.0,ZWO ASI6200MM Pro,ZWO ASI6200MM Pro,100,10,0.246657639741898,1,1,-10.0,-9.9,3.76,3.76,40,66.2,52.2483888888889,-0.12325,NP101is,540.0,5.4,315.357367452289,41.6274744685457,72.02653,242.7711,1.05112376763392,East,NGC 6997 Panel 1,21 01 27,+41 37 32,90.0,FocusLynx Focuser 1,11935,11935,1.325,10.0,10.0,Manual Rotator,0.0,0.0,0.0,Ascom.SxUFW (v2) ,OIII,0.0,68.0,1009.04318630864,16.56,281.0,9.684,2000.0,N.I.N.A. 3.2.0.2001 (x64),NGC 6997 Panel 1_Date_2025-08-03_Time_02-31-37_Type_LIGHT_Filter_OIII_Exp_600.00s_G_100_Off_10_Ecc_0.40_HFR_1.65px_FWHM_3.86_Temp_10.00_0007.xisf,1,10.7434393874969,10.548
LIGHT,2025-08-09T23:43:50.3386832,2025-08-10T00:43:50.3386832,2025-08-09T23:48:50.9066984,600.0,600.0,ZWO ASI6200MM Pro,ZWO ASI6200MM Pro,100,10,0.246657639741898,1,1,-10.0,-10.0,3.76,3.76,40,66.2,52.2483888888889,-0.12325,NP101is,540.0,5.4,315.363824467922,41.6247728365931,79.43568,185.86863,1.01715383683594,West,NGC 6997 Panel 1,21 01 27,+41 37 32,90.0,FocusLynx Focuser 1,12004,12004,1.325,14.9,14.9,Manual Rotator,0.0,0.0,0.0,Ascom.SxUFW (v2) ,SII,31.0,53.0,1014.00406726395,21.51,291.0,12.42,2000.0,N.I.N.A. 3.2.0.2002 (x64),NGC 6997 Panel 1_Date_2025-08-10_Time_00-43-50_Type_LIGHT_Filter_SII_Exp_600.00s_G_100_Off_10_Ecc_0.43_HFR_1.70px_FWHM_4.05_Temp_14.90_0044.xisf,1,11.707047140453,24.264
LIGHT,2025-08-03T01:21:20.4218299,2025-08-03T02:21:20.4218299,2025-08-03T01:26:20.9708544,600.0,600.0,ZWO ASI6200MM Pro,ZWO ASI6200MM Pro,100,10,0.246657639741898,1,1,-10.0,-10.0,3.76,3.76,40,66.2,52.2483888888889,-0.12325,NP101is,540.0,5.4,315.359551095434,41.6264014111501,73.40316,238.21986,1.04331223109878,East,NGC 6997 Panel 1,21 01 27,+41 37 32,90.0,FocusLynx Focuser 1,11935,11935,1.325,10.0,10.0,Manual Rotator,0.0,0.0,0.0,Ascom.SxUFW (v2) ,OIII,0.0,68.0,1009.04318630864,16.56,281.0,9.684,2000.0,N.I.N.A. 3.2.0.2001 (x64),NGC 6997 Panel 1_Date_2025-08-03_Time_02-21-20_Type_LIGHT_Filter_OIII_Exp_600.00s_G_100_Off_10_Ecc_0.41_HFR_1.65px_FWHM_3.87_Temp_10.00_0006.xisf,1,10.7434393874969,10.548
LIGHT,2025-08-03T02:22:30.1799114,2025-08-03T03:22:30.1799114,2025-08-03T02:27:30.7196812,600.0,600.0,ZWO ASI6200MM Pro,ZWO ASI6200MM Pro,100,10,0.246657639741898,1,1,-10.0,-10.0,3.76,3.76,40,66.2,52.2483888888889,-0.12325,NP101is,540.0,5.4,315.353560959337,41.6272074280584,64.64156,259.26681,1.10630873294382,East,NGC 6997 Panel 1,21 01 27,+41 37 32,90.0,FocusLynx Focuser 1,11935,11935,1.325,9.8,9.8,Manual Rotator,0.0,0.0,0.0,Ascom.SxUFW (v2) ,OIII,0.0,68.0,1009.04318630864,16.56,281.0,9.684,2000.0,N.I.N.A. 3.2.0.2001 (x64),NGC 6997 Panel 1_Date_2025-08-03_Time_03-22-30_Type_LIGHT_Filter_OIII_Exp_600.00s_G_100_Off_10_Ecc_0.39_HFR_1.68px_FWHM_4.01_Temp_9.80_0012.xisf,1,10.7434393874969,10.548
LIGHT,2025-08-10T02:16:51.1985542,2025-08-10T03:16:51.1985542,2025-08-10T02:21:51.7640734,600.0,600.0,ZWO ASI6200MM Pro,ZWO ASI6200MM Pro,100,10,0.246657639741898,1,1,-10.0,-9.8,3.76,3.76,40,66.2,52.2483888888889,-0.12325,NP101is,540.0,5.4,315.363986713996,41.6238446870424,61.32427,264.51743,1.13939025903273,East,NGC 6997 Panel 1,21 01 27,+41 37 32,90.0,FocusLynx Focuser 1,11915,11915,1.325,11.4,11.4,Manual Rotator,0.0,0.0,0.0,Ascom.SxUFW (v2) ,SII,31.0,53.0,1014.00406726395,21.51,291.0,12.42,2000.0,N.I.N.A. 3.2.0.2002 (x64),NGC 6997 Panel 1_Date_2025-08-10_Time_03-16-51_Type_LIGHT_Filter_SII_Exp_600.00s_G_100_Off_10_Ecc_0.40_HFR_1.68px_FWHM_4.06_Temp_11.40_0058.xisf,1,11.707047140453,24.264
LIGHT,2025-08-10T02:47:08.7707202,2025-08-10T03:47:08.7707202,2025-08-10T02:52:09.3430557,600.0,600.0,ZWO ASI6200MM Pro,ZWO ASI6200MM Pro,100,10,0.246657639741898,1,1,-10.0,-10.0,3.76,3.76,40,66.2,52.2483888888889,-0.12325,NP101is,540.0,5.4,315.364841539233,41.6241916742436,56.68544,270.83576,1.19607899042832,East,NGC 6997 Panel 1,21 01 27,+41 37 32,90.0,FocusLynx Focuser 1,11915,11915,1.325,11.1,11.1,Manual Rotator,0.0,0.0,0.0,Ascom.SxUFW (v2) ,SII,31.0,53.0,1014.00406726395,21.51,291.0,12.42,2000.0,N.I.N.A. 3.2.0.2002 (x64),NGC 6997 Panel 1_Date_2025-08-10_Time_03-47-08_Type_LIGHT_Filter_SII_Exp_600.00s_G_100_Off_10_Ecc_0.43_HFR_1.68px_FWHM_4.04_Temp_11.10_0061.xisf,1,11.707047140453,24.264
LIGHT,2025-08-03T02:43:14.4208557,2025-08-03T03:43:14.4208557,2025-08-03T02:48:14.9585524,600.0,600.0,ZWO ASI6200MM Pro,ZWO ASI6200MM Pro,100,10,0.246657639741898,1,1,-10.0,-10.0,3.76,3.76,40,66.2,52.2483888888889,-0.12325,NP101is,540.0,5.4,315.352002244387,41.627048644027,61.49105,264.27751,1.1375882305768,East,NGC 6997 Panel 1,21 01 27,+41 37 32,90.0,FocusLynx Focuser 1,11935,11935,1.325,9.6,9.6,Manual Rotator,0.0,0.0,0.0,Ascom.SxUFW (v2) ,OIII,0.0,68.0,1009.04318630864,16.56,281.0,9.684,2000.0,N.I.N.A. 3.2.0.2001 (x64),NGC 6997 Panel 1_Date_2025-08-03_Time_03-43-14_Type_LIGHT_Filter_OIII_Exp_600.00s_G_100_Off_10_Ecc_0.39_HFR_1.64px_FWHM_3.92_Temp_9.60_0014.xisf,1,10.7434393874969,10.548
LIGHT,2025-08-05T00:51:03.2677525,2025-08-05T01:51:03.2677525,2025-08-05T00:56:03.8383617,600.0,600.0,ZWO ASI6200MM Pro,ZWO ASI6200MM Pro,100,10,0.246657639741898,1,1,-10.0,-10.0,3.76,3.76,40,66.2,52.2483888888889,-0.12325,NP101is,540.0,5.4,315.364537670744,41.626022954826,76.12396,226.01206,1.02993491918981,East,NGC 6997 Panel 1,21 01 27,+41 37 32,90.0,FocusLynx Focuser 1,11981,11981,1.325,12.2,12.2,Manual Rotator,0.0,0.0,0.0,Ascom.SxUFW (v2) ,OIII,0.0,73.0,1006.06665773546,16.59,289.0,21.708,2000.0,N.I.N.A. 3.2.0.2002 (x64),NGC 6997 Panel 1_Date_2025-08-05_Time_01-51-03_Type_LIGHT_Filter_OIII_Exp_600.00s_G_100_Off_10_Ecc_0.44_HFR_1.67px_FWHM_3.89_Temp_12.20_0009.xisf,1,11.8220340765593,42.192
LIGHT,2025-08-10T01:10:51.6343846,2025-08-10T02:10:51.6343846,2025-08-10T01:15:52.2023258,600.0,600.0,ZWO ASI6200MM Pro,ZWO ASI6200MM Pro,100,10,0.246657639741898,1,1,-10.0,-10.0,3.76,3.76,40,66.2,52.2483888888889,-0.12325,NP101is,540.0,5.4,315.364034440441,41.6248080076845,71.0985555555555,245.4447,1.05680155986929,East,NGC 6997 Panel 1,21 01 27,+41 37 32,90.0,FocusLynx Focuser 1,11956,11956,1.325,12.6,12.6,Manual Rotator,0.0,0.0,0.0,Ascom.SxUFW (v2) ,SII,31.0,53.0,1014.00406726395,21.51,291.0,12.42,2000.0,N.I.N.A. 3.2.0.2002 (x64),NGC 6997 Panel 1_Date_2025-08-10_Time_02-10-51_Type_LIGHT_Filter_SII_Exp_600.00s_G_100_Off_10_Ecc_0.45_HFR_1.72px_FWHM_4.07_Temp_12.60_0052.xisf,1,11.707047140453,24.264
LIGHT,2025-08-05T01:01:04.5654440,2025-08-05T02:01:04.5654440,2025-08-05T01:06:05.1320028,600.0,600.0,ZWO ASI6200MM Pro,ZWO ASI6200MM Pro,100,10,0.246657639741898,1,1,-10.0,-10.0,3.76,3.76,40,66.2,52.2483888888889,-0.12325,NP101is,540.0,5.4,315.364507370726,41.6260123144683,74.96459,231.91007,1.035308011252,East,NGC 6997 Panel 1,21 01 27,+41 37 32,90.0,FocusLynx Focuser 1,11981,11981,1.325,11.9,11.9,Manual Rotator,0.0,0.0,0.0,Ascom.SxUFW (v2) ,OIII,0.0,73.0,1006.06665773546,16.59,289.0,21.708,2000.0,N.I.N.A. 3.2.0.2002 (x64),NGC 6997 Panel 1_Date_2025-08-05_Time_02-01-04_Type_LIGHT_Filter_OIII_Exp_600.00s_G_100_Off_10_Ecc_0.45_HFR_1.71px_FWHM_4.06_Temp_11.90_0010.xisf,1,11.8220340765593,42.192
LIGHT,2025-08-05T01:12:00.0608629,2025-08-05T02:12:00.0608629,2025-08-05T01:17:00.6330266,600.0,600.0,ZWO ASI6200MM Pro,ZWO ASI6200MM Pro,100,10,0.246657639741898,1,1,-10.0,-10.0,3.76,3.76,40,66.2,52.2483888888889,-0.12325,NP101is,540.0,5.4,315.36414751488,41.6259899540308,73.5950555555555,237.521333333333,1.04228011958932,East,NGC 6997 Panel 1,21 01 27,+41 37 32,90.0,FocusLynx Focuser 1,11981,11981,1.325,11.6,11.6,Manual Rotator,0.0,0.0,0.0,Ascom.SxUFW (v2) ,OIII,0.0,73.0,1006.06665773546,16.59,289.0,21.708,2000.0,N.I.N.A. 3.2.0.2002 (x64),NGC 6997 Panel 1_Date_2025-08-05_Time_02-12-00_Type_LIGHT_Filter_OIII_Exp_600.00s_G_100_Off_10_Ecc_0.48_HFR_1.71px_FWHM_3.98_Temp_11.60_0011.xisf,1,11.8220340765593,42.192
LIGHT,2025-08-10T02:06:26.8452602,2025-08-10T03:06:26.8452602,2025-08-10T02:11:27.3953020,600.0,600.0,ZWO ASI6200MM Pro,ZWO ASI6200MM Pro,100,10,0.246657639741898,1,1,-10.0,-10.2,3.76,3.76,40,66.2,52.2483888888889,-0.12325,NP101is,540.0,5.4,315.363430273985,41.6231061607207,62.9072222222222,262.10467,1.12289222306418,East,NGC 6997 Panel 1,21 01 27,+41 37 32,90.0,FocusLynx Focuser 1,11915,11915,1.325,11.7,11.7,Manual Rotator,0.0,0.0,0.0,Ascom.SxUFW (v2) ,SII,31.0,53.0,1014.00406726395,21.51,291.0,12.42,2000.0,N.I.N.A. 3.2.0.2002 (x64),NGC 6997 Panel 1_Date_2025-08-10_Time_03-06-26_Type_LIGHT_Filter_SII_Exp_600.00s_G_100_Off_10_Ecc_0.41_HFR_1.66px_FWHM_3.99_Temp_11.70_0057.xisf,1,11.707047140453,24.264
LIGHT,2025-08-05T02:18:14.7311451,2025-08-05T03:18:14.7311451,2025-08-05T02:23:15.2962973,600.0,600.0,ZWO ASI6200MM Pro,ZWO ASI6200MM Pro,100,10,0.246657639741898,1,1,-10.0,-10.0,3.76,3.76,40,66.2,52.2483888888889,-0.12325,NP101is,540.0,5.4,315.364237173135,41.6265974629282,64.1014722222222,260.17806,1.11131147758156,East,NGC 6997 Panel 1,21 01 27,+41 37 32,90.0,FocusLynx Focuser 1,11944,11944,1.325,10.9,10.9,Manual Rotator,0.0,0.0,0.0,Ascom.SxUFW (v2) ,OIII,0.0,73.0,1006.06665773546,16.59,289.0,21.708,2000.0,N.I.N.A. 3.2.0.2002 (x64),NGC 6997 Panel 1_Date_2025-08-05_Time_03-18-14_Type_LIGHT_Filter_OIII_Exp_600.00s_G_100_Off_10_Ecc_0.44_HFR_1.67px_FWHM_3.91_Temp_10.90_0017.xisf,1,11.8220340765593,42.192
LIGHT,2025-08-10T02:36:53.7287108,2025-08-10T03:36:53.7287108,2025-08-10T02:41:54.2643455,600.0,600.0,ZWO ASI6200MM Pro,ZWO ASI6200MM Pro,100,10,0.246657639741898,1,1,-10.0,-9.8,3.76,3.76,40,66.2,52.2483888888889,-0.12325,NP101is,540.0,5.4,315.364031696544,41.623843584101,58.25614,268.79759,1.17539789152668,East,NGC 6997 Panel 1,21 01 27,+41 37 32,90.0,FocusLynx Focuser 1,11915,11915,1.325,11.1,11.1,Manual Rotator,0.0,0.0,0.0,Ascom.SxUFW (v2) ,SII,31.0,53.0,1014.00406726395,21.51,291.0,12.42,2000.0,N.I.N.A. 3.2.0.2002 (x64),NGC 6997 Panel 1_Date_2025-08-10_Time_03-36-53_Type_LIGHT_Filter_SII_Exp_600.00s_G_100_Off_10_Ecc_0.42_HFR_1.69px_FWHM_4.24_Temp_11.10_0060.xisf,1,11.707047140453,24.264
LIGHT,2025-08-03T00:08:34.3409166,2025-08-03T01:08:34.3409166,2025-08-03T00:13:34.9162284,600.0,600.0,ZWO ASI6200MM Pro,ZWO ASI6200MM Pro,100,10,0.246657639741898,1,1,-10.0,-10.0,3.76,3.76,40,66.2,52.2483888888889,-0.12325,NP101is,540.0,5.4,315.361767155736,41.6303928220569,79.47347,183.07746,1.01702933169409,West,NGC 6997 Panel 1,21 01 27,+41 37 32,90.0,FocusLynx Focuser 1,11958,11958,1.325,10.8,10.8,Manual Rotator,0.0,0.0,0.0,Ascom.SxUFW (v2) ,OIII,0.0,68.0,1009.04318630864,16.56,281.0,9.684,2000.0,N.I.N.A. 3.2.0.2001 (x64),NGC 6997 Panel 1_Date_2025-08-03_Time_01-08-34_Type_LIGHT_Filter_OIII_Exp_600.00s_G_100_Off_10_Ecc_0.40_HFR_1.70px_FWHM_4.12_Temp_10.80_0000.xisf,1,10.7434393874969,10.548
LIGHT,2025-08-05T01:47:24.2472360,2025-08-05T02:47:24.2472360,2025-08-05T01:52:24.8086380,600.0,600.0,ZWO ASI6200MM Pro,ZWO ASI6200MM Pro,100,10,0.246657639741898,1,1,-10.0,-10.0,3.76,3.76,40,66.2,52.2483888888889,-0.12325,NP101is,540.0,5.4,315.363788040592,41.6263403579626,68.6890277777778,251.401222222222,1.07316171163785,East,NGC 6997 Panel 1,21 01 27,+41 37 32,90.0,FocusLynx Focuser 1,11944,11944,1.325,11.1,11.1,Manual Rotator,0.0,0.0,0.0,Ascom.SxUFW (v2) ,OIII,0.0,73.0,1006.06665773546,16.59,289.0,21.708,2000.0,N.I.N.A. 3.2.0.2002 (x64),NGC 6997 Panel 1_Date_2025-08-05_Time_02-47-24_Type_LIGHT_Filter_OIII_Exp_600.00s_G_100_Off_10_Ecc_0.41_HFR_1.67px_FWHM_3.94_Temp_11.10_0014.xisf,1,11.8220340765593,42.192
LIGHT,2025-08-05T01:57:25.5526641,2025-08-05T02:57:25.5526641,2025-08-05T02:02:26.1293330,600.0,600.0,ZWO ASI6200MM Pro,ZWO ASI6200MM Pro,100,10,0.246657639741898,1,1,-10.0,-10.0,3.76,3.76,40,66.2,52.2483888888889,-0.12325,NP101is,540.0,5.4,315.363712810655,41.6263297950147,67.21943,254.49923,1.08434180284248,East,NGC 6997 Panel 1,21 01 27,+41 37 32,90.0,FocusLynx Focuser 1,11944,11944,1.325,11.0,11.0,Manual Rotator,0.0,0.0,0.0,Ascom.SxUFW (v2) ,OIII,0.0,73.0,1006.06665773546,16.59,289.0,21.708,2000.0,N.I.N.A. 3.2.0.2002 (x64),NGC 6997 Panel 1_Date_2025-08-05_Time_02-57-25_Type_LIGHT_Filter_OIII_Exp_600.00s_G_100_Off_10_Ecc_0.43_HFR_1.67px_FWHM_3.87_Temp_11.00_0015.xisf,1,11.8220340765593,42.192
LIGHT,2025-08-05T01:37:10.7608459,2025-08-05T02:37:10.7608459,2025-08-05T01:42:11.3325933,600.0,600.0,ZWO ASI6200MM Pro,ZWO ASI6200MM Pro,100,10,0.246657639741898,1,1,-10.0,-10.0,3.76,3.76,40,66.2,52.2483888888889,-0.12325,NP101is,540.0,5.4,315.364071814476,41.6259805675588,70.16056,247.91824,1.06288780659349,East,NGC 6997 Panel 1,21 01 27,+41 37 32,90.0,FocusLynx Focuser 1,11944,11944,1.325,11.2,11.2,Manual Rotator,0.0,0.0,0.0,Ascom.SxUFW (v2) ,OIII,0.0,73.0,1006.06665773546,16.59,289.0,21.708,2000.0,N.I.N.A. 3.2.0.2002 (x64),NGC 6997 Panel 1_Date_2025-08-05_Time_02-37-10_Type_LIGHT_Filter_OIII_Exp_600.00s_G_100_Off_10_Ecc_0.40_HFR_1.68px_FWHM_3.95_Temp_11.20_0013.xisf,1,11.8220340765593,42.192
LIGHT,2025-08-10T03:07:11.3763460,2025-08-10T04:07:11.3763460,2025-08-10T03:12:11.9308870,600.0,600.0,ZWO ASI6200MM Pro,ZWO ASI6200MM Pro,100,10,0.246657639741898,1,1,-10.0,-10.0,3.76,3.76,40,66.2,52.2483888888889,-0.12325,NP101is,540.0,5.4,315.364811580155,41.6241706992667,53.61192,274.60323,1.24149670022175,East,NGC 6997 Panel 1,21 01 27,+41 37 32,90.0,FocusLynx Focuser 1,11915,11915,1.325,10.8,10.8,Manual Rotator,0.0,0.0,0.0,Ascom.SxUFW (v2) ,SII,31.0,53.0,1014.00406726395,21.51,291.0,12.42,2000.0,N.I.N.A. 3.2.0.2002 (x64),NGC 6997 Panel 1_Date_2025-08-10_Time_04-07-11_Type_LIGHT_Filter_SII_Exp_600.00s_G_100_Off_10_Ecc_0.44_HFR_1.67px_FWHM_3.99_Temp_10.80_0063.xisf,1,11.707047140453,24.264
LIGHT,2025-08-05T02:07:26.8953527,2025-08-05T03:07:26.8953527,2025-08-05T02:12:27.4298561,600.0,600.0,ZWO ASI6200MM Pro,ZWO ASI6200MM Pro,100,10,0.246657639741898,1,1,-10.0,-9.9,3.76,3.76,40,66.2,52.2483888888889,-0.12325,NP101is,540.0,5.4,315.363742448011,41.6263290499755,65.723,257.35326,1.09671582094645,East,NGC 6997 Panel 1,21 01 27,+41 37 32,90.0,FocusLynx Focuser 1,11944,11944,1.325,11.0,11.0,Manual Rotator,0.0,0.0,0.0,Ascom.SxUFW (v2) ,OIII,0.0,73.0,1006.06665773546,16.59,289.0,21.708,2000.0,N.I.N.A. 3.2.0.2002 (x64),NGC 6997 Panel 1_Date_2025-08-05_Time_03-07-26_Type_LIGHT_Filter_OIII_Exp_600.00s_G_100_Off_10_Ecc_0.44_HFR_1.67px_FWHM_3.86_Temp_11.00_0016.xisf,1,11.8220340765593,42.192
LIGHT,2025-08-05T02:38:17.3170765,2025-08-05T03:38:17.3170765,2025-08-05T02:43:17.8595610,600.0,600.0,ZWO ASI6200MM Pro,ZWO ASI6200MM Pro,100,10,0.246657639741898,1,1,-10.0,-10.0,3.76,3.76,40,66.2,52.2483888888889,-0.12325,NP101is,540.0,5.4,315.364371304148,41.6265858502379,61.05616,264.91608,1.14231941532035,East,NGC 6997 Panel 1,21 01 27,+41 37 32,90.0,FocusLynx Focuser 1,11944,11944,1.325,10.8,10.8,Manual Rotator,0.0,0.0,0.0,Ascom.SxUFW (v2) ,OIII,0.0,73.0,1006.06665773546,16.59,289.0,21.708,2000.0,N.I.N.A. 3.2.0.2002 (x64),NGC 6997 Panel 1_Date_2025-08-05_Time_03-38-17_Type_LIGHT_Filter_OIII_Exp_600.00s_G_100_Off_10_Ecc_0.45_HFR_1.65px_FWHM_3.82_Temp_10.80_0019.xisf,1,11.8220340765593,42.192
LIGHT,2025-08-05T23:06:04.5456226,2025-08-06T00:06:04.5456226,2025-08-05T23:11:05.1010601,600.0,600.0,ZWO ASI6200MM Pro,ZWO ASI6200MM Pro,100,10,0.246657639741898,1,1,-10.0,-10.0,3.76,3.76,40,66.2,52.2483888888889,-0.12325,NP101is,540.0,5.4,315.362626193953,41.6263254067371,76.72335,137.64928,1.02734304366125,West,NGC 6997 Panel 1,21 01 27,+41 37 32,90.0,FocusLynx Focuser 1,11943,11943,1.325,12.4,12.4,,,,,Ascom.SxUFW (v2) ,OIII,47.0,62.0,1015.98841964607,16.51,323.0,11.448,2000.0,N.I.N.A. 3.2.0.2002 (x64),NGC 6997 Panel 1_Date_2025-08-06_Time_00-06-04_Type_LIGHT_Filter_OIII_Exp_600.00s_G_100_Off_10_Ecc_0.40_HFR_1.63px_FWHM_3.83_Temp_12.40_0024.xisf,1,9.34297204464946,19.548
LIGHT,2025-08-05T23:16:05.7632939,2025-08-06T00:16:05.7632939,2025-08-05T23:21:06.3205882,600.0,600.0,ZWO ASI6200MM Pro,ZWO ASI6200MM Pro,100,10,0.246657639741898,1,1,-10.0,-10.0,3.76,3.76,40,66.2,52.2483888888889,-0.12325,NP101is,540.0,5.4,315.362536013016,41.6263148913453,77.68779,144.93565,1.0234338955964,West,NGC 6997 Panel 1,21 01 27,+41 37 32,90.0,FocusLynx Focuser 1,11943,11943,1.325,12.4,12.4,,,,,Ascom.SxUFW (v2) ,OIII,47.0,62.0,1015.98841964607,16.51,323.0,11.448,2000.0,N.I.N.A. 3.2.0.2002 (x64),NGC 6997 Panel 1_Date_2025-08-06_Time_00-16-05_Type_LIGHT_Filter_OIII_Exp_600.00s_G_100_Off_10_Ecc_0.40_HFR_1.61px_FWHM_3.77_Temp_12.40_0025.xisf,1,9.34297204464946,19.548
LIGHT,2025-08-05T02:28:16.0503255,2025-08-05T03:28:16.0503255,2025-08-05T02:33:16.5857577,600.0,600.0,ZWO ASI6200MM Pro,ZWO ASI6200MM Pro,100,10,0.246657639741898,1,1,-10.0,-10.0,3.76,3.76,40,66.2,52.2483888888889,-0.12325,NP101is,540.0,5.4,315.364251773884,41.6265767466185,62.58383,262.61908,1.12615427111321,East,NGC 6997 Panel 1,21 01 27,+41 37 32,90.0,FocusLynx Focuser 1,11944,11944,1.325,10.9,10.9,Manual Rotator,0.0,0.0,0.0,Ascom.SxUFW (v2) ,OIII,0.0,73.0,1006.06665773546,16.59,289.0,21.708,2000.0,N.I.N.A. 3.2.0.2002 (x64),NGC 6997 Panel 1_Date_2025-08-05_Time_03-28-16_Type_LIGHT_Filter_OIII_Exp_600.00s_G_100_Off_10_Ecc_0.45_HFR_1.67px_FWHM_3.85_Temp_10.90_0018.xisf,1,11.8220340765593,42.192
LIGHT,2025-08-05T02:48:33.2424184,2025-08-05T03:48:33.2424184,2025-08-05T02:53:33.7949064,600.0,600.0,ZWO ASI6200MM Pro,ZWO ASI6200MM Pro,100,10,0.246657639741898,1,1,-10.0,-10.0,3.76,3.76,40,66.2,52.2483888888889,-0.12325,NP101is,540.0,5.4,315.363646776159,41.6248563407071,59.4811944444444,267.1425,1.16035224692524,East,NGC 6997 Panel 1,21 01 27,+41 37 32,90.0,FocusLynx Focuser 1,11944,11944,1.325,10.7,10.7,Manual Rotator,0.0,0.0,0.0,Ascom.SxUFW (v2) ,OIII,0.0,73.0,1006.06665773546,16.59,289.0,21.708,2000.0,N.I.N.A. 3.2.0.2002 (x64),NGC 6997 Panel 1_Date_2025-08-05_Time_03-48-33_Type_LIGHT_Filter_OIII_Exp_600.00s_G_100_Off_10_Ecc_0.45_HFR_1.65px_FWHM_3.88_Temp_10.70_0020.xisf,1,11.8220340765593,42.192
LIGHT,2025-08-05T23:26:20.3742252,2025-08-06T00:26:20.3742252,2025-08-05T23:31:20.9179642,600.0,600.0,ZWO ASI6200MM Pro,ZWO ASI6200MM Pro,100,10,0.246657639741898,1,1,-10.0,-10.0,3.76,3.76,40,66.2,52.2483888888889,-0.12325,NP101is,540.0,5.4,315.363518740216,41.6245424757349,78.49148,153.34795,1.02041883622544,West,NGC 6997 Panel 1,21 01 27,+41 37 32,90.0,FocusLynx Focuser 1,11943,11943,1.325,12.2,12.2,,,,,Ascom.SxUFW (v2) ,OIII,47.0,62.0,1015.98841964607,16.51,323.0,11.448,2000.0,N.I.N.A. 3.2.0.2002 (x64),NGC 6997 Panel 1_Date_2025-08-06_Time_00-26-20_Type_LIGHT_Filter_OIII_Exp_600.00s_G_100_Off_10_Ecc_0.41_HFR_1.63px_FWHM_3.79_Temp_12.20_0026.xisf,1,9.34297204464946,19.548
LIGHT,2025-08-05T23:36:21.6426126,2025-08-06T00:36:21.6426126,2025-08-05T23:41:22.1760792,600.0,600.0,ZWO ASI6200MM Pro,ZWO ASI6200MM Pro,100,10,0.246657639741898,1,1,-10.0,-10.0,3.76,3.76,40,66.2,52.2483888888889,-0.12325,NP101is,540.0,5.4,315.363668157107,41.6245215487963,79.0711,162.54184,1.01837932095616,West,NGC 6997 Panel 1,21 01 27,+41 37 32,90.0,FocusLynx Focuser 1,11943,11943,1.325,12.0,12.0,,,,,Ascom.SxUFW (v2) ,OIII,47.0,62.0,1015.98841964607,16.51,323.0,11.448,2000.0,N.I.N.A. 3.2.0.2002 (x64),NGC 6997 Panel 1_Date_2025-08-06_Time_00-36-21_Type_LIGHT_Filter_OIII_Exp_600.00s_G_100_Off_10_Ecc_0.41_HFR_1.63px_FWHM_3.79_Temp_12.00_0027.xisf,1,9.34297204464946,19.548
LIGHT,2025-08-05T23:56:37.5114989,2025-08-06T00:56:37.5114989,2025-08-06T00:01:38.0401386,600.0,600.0,ZWO ASI6200MM Pro,ZWO ASI6200MM Pro,100,10,0.246657639741898,1,1,-10.0,-10.0,3.76,3.76,40,66.2,52.2483888888889,-0.12325,NP101is,540.0,5.4,315.363893424467,41.6249098189989,79.46952,182.91845,1.01704232348362,West,NGC 6997 Panel 1,21 01 27,+41 37 32,90.0,FocusLynx Focuser 1,11943,11943,1.325,11.5,11.5,,,,,Ascom.SxUFW (v2) ,OIII,47.0,62.0,1015.98841964607,16.51,323.0,11.448,2000.0,N.I.N.A. 3.2.0.2002 (x64),NGC 6997 Panel 1_Date_2025-08-06_Time_00-56-37_Type_LIGHT_Filter_OIII_Exp_600.00s_G_100_Off_10_Ecc_0.41_HFR_1.66px_FWHM_3.91_Temp_11.50_0029.xisf,1,9.34297204464946,19.548
LIGHT,2025-08-05T23:46:22.8128121,2025-08-06T00:46:22.8128121,2025-08-05T23:51:23.3443084,600.0,600.0,ZWO ASI6200MM Pro,ZWO ASI6200MM Pro,100,10,0.246657639741898,1,1,-10.0,-9.9,3.76,3.76,40,66.2,52.2483888888889,-0.12325,NP101is,540.0,5.4,315.363592953934,41.6245110087104,79.40533,172.44697,1.01725417192929,West,NGC 6997 Panel 1,21 01 27,+41 37 32,90.0,FocusLynx Focuser 1,11943,11943,1.325,11.8,11.8,,,,,Ascom.SxUFW (v2) ,OIII,47.0,62.0,1015.98841964607,16.51,323.0,11.448,2000.0,N.I.N.A. 3.2.0.2002 (x64),NGC 6997 Panel 1_Date_2025-08-06_Time_00-46-22_Type_LIGHT_Filter_OIII_Exp_600.00s_G_100_Off_10_Ecc_0.40_HFR_1.66px_FWHM_3.92_Temp_11.80_0028.xisf,1,9.34297204464946,19.548
LIGHT,2025-08-06T00:24:24.4505244,2025-08-06T01:24:24.4505244,2025-08-06T00:29:25.0187127,600.0,600.0,ZWO ASI6200MM Pro,ZWO ASI6200MM Pro,100,10,0.246657639741898,1,1,-10.0,-10.0,3.76,3.76,40,66.2,52.2483888888889,-0.12325,NP101is,540.0,5.4,315.364029479965,41.6255777537735,78.26764,209.3296,1.02123663120208,East,NGC 6997 Panel 1,21 01 27,+41 37 32,90.0,FocusLynx Focuser 1,11911,11911,1.325,10.8,10.8,,,,,Ascom.SxUFW (v2) ,OIII,47.0,62.0,1015.98841964607,16.51,323.0,11.448,2000.0,N.I.N.A. 3.2.0.2002 (x64),NGC 6997 Panel 1_Date_2025-08-06_Time_01-24-24_Type_LIGHT_Filter_OIII_Exp_600.00s_G_100_Off_10_Ecc_0.41_HFR_1.67px_FWHM_3.91_Temp_10.80_0031.xisf,1,9.34297204464946,19.548
LIGHT,2025-08-06T00:14:23.2537928,2025-08-06T01:14:23.2537928,2025-08-06T00:19:23.7854845,600.0,600.0,ZWO ASI6200MM Pro,ZWO ASI6200MM Pro,100,10,0.246657639741898,1,1,-10.0,-10.0,3.76,3.76,40,66.2,52.2483888888889,-0.12325,NP101is,540.0,5.4,315.364119534845,41.6255482644115,78.91478,200.44091,1.01891830702214,East,NGC 6997 Panel 1,21 01 27,+41 37 32,90.0,FocusLynx Focuser 1,11911,11911,1.325,11.0,11.0,,,,,Ascom.SxUFW (v2) ,OIII,47.0,62.0,1015.98841964607,16.51,323.0,11.448,2000.0,N.I.N.A. 3.2.0.2002 (x64),NGC 6997 Panel 1_Date_2025-08-06_Time_01-14-23_Type_LIGHT_Filter_OIII_Exp_600.00s_G_100_Off_10_Ecc_0.39_HFR_1.66px_FWHM_3.92_Temp_11.00_0030.xisf,1,9.34297204464946,19.548
LIGHT,2025-08-06T00:35:01.7172264,2025-08-06T01:35:01.7172264,2025-08-06T00:40:02.2768192,600.0,600.0,ZWO ASI6200MM Pro,ZWO ASI6200MM Pro,100,10,0.246657639741898,1,1,-10.0,-9.9,3.76,3.76,40,66.2,52.2483888888889,-0.12325,NP101is,540.0,5.4,315.363653311408,41.6251076806248,77.36454,217.73841,1.02470850027712,East,NGC 6997 Panel 1,21 01 27,+41 37 32,90.0,FocusLynx Focuser 1,11911,11911,1.325,10.6,10.6,,,,,Ascom.SxUFW (v2) ,OIII,47.0,62.0,1015.98841964607,16.51,323.0,11.448,2000.0,N.I.N.A. 3.2.0.2002 (x64),NGC 6997 Panel 1_Date_2025-08-06_Time_01-35-01_Type_LIGHT_Filter_OIII_Exp_600.00s_G_100_Off_10_Ecc_0.42_HFR_1.67px_FWHM_3.87_Temp_10.60_0032.xisf,1,9.34297204464946,19.548
LIGHT,2025-08-06T00:55:04.2419835,2025-08-06T01:55:04.2419835,2025-08-06T01:00:04.7688526,600.0,600.0,ZWO ASI6200MM Pro,ZWO ASI6200MM Pro,100,10,0.246657639741898,1,1,-10.0,-10.0,3.76,3.76,40,66.2,52.2483888888889,-0.12325,NP101is,540.0,5.4,315.363682600678,41.6250762979254,75.21544,230.73608,1.03410481230248,East,NGC 6997 Panel 1,21 01 27,+41 37 32,90.0,FocusLynx Focuser 1,11911,11911,1.325,10.4,10.4,,,,,Ascom.SxUFW (v2) ,OIII,47.0,62.0,1015.98841964607,16.51,323.0,11.448,2000.0,N.I.N.A. 3.2.0.2002 (x64),NGC 6997 Panel 1_Date_2025-08-06_Time_01-55-04_Type_LIGHT_Filter_OIII_Exp_600.00s_G_100_Off_10_Ecc_0.44_HFR_1.66px_FWHM_3.82_Temp_10.40_0034.xisf,1,9.34297204464946,19.548
LIGHT,2025-08-06T00:45:03.0131594,2025-08-06T01:45:03.0131594,2025-08-06T00:50:03.5358916,600.0,600.0,ZWO ASI6200MM Pro,ZWO ASI6200MM Pro,100,10,0.246657639741898,1,1,-10.0,-10.0,3.76,3.76,40,66.2,52.2483888888889,-0.12325,NP101is,540.0,5.4,315.363727878225,41.6250968862127,76.3516111111111,224.67306,1.02893572396175,East,NGC 6997 Panel 1,21 01 27,+41 37 32,90.0,FocusLynx Focuser 1,11911,11911,1.325,10.5,10.5,,,,,Ascom.SxUFW (v2) ,OIII,47.0,62.0,1015.98841964607,16.51,323.0,11.448,2000.0,N.I.N.A. 3.2.0.2002 (x64),NGC 6997 Panel 1_Date_2025-08-06_Time_01-45-03_Type_LIGHT_Filter_OIII_Exp_600.00s_G_100_Off_10_Ecc_0.42_HFR_1.66px_FWHM_3.85_Temp_10.50_0033.xisf,1,9.34297204464946,19.548
LIGHT,2025-08-06T01:05:18.7408164,2025-08-06T02:05:18.7408164,2025-08-06T01:10:19.3399795,600.0,600.0,ZWO ASI6200MM Pro,ZWO ASI6200MM Pro,100,10,0.246657639741898,1,1,-10.0,-10.0,3.76,3.76,40,66.2,52.2483888888889,-0.12325,NP101is,540.0,5.4,315.365477887437,41.6245425163395,73.94924,236.17076,1.04041105057768,East,NGC 6997 Panel 1,21 01 27,+41 37 32,90.0,FocusLynx Focuser 1,11911,11911,1.325,10.3,10.3,,,,,Ascom.SxUFW (v2) ,OIII,47.0,62.0,1015.98841964607,16.51,323.0,11.448,2000.0,N.I.N.A. 3.2.0.2002 (x64),NGC 6997 Panel 1_Date_2025-08-06_Time_02-05-18_Type_LIGHT_Filter_OIII_Exp_600.00s_G_100_Off_10_Ecc_0.44_HFR_1.66px_FWHM_3.78_Temp_10.30_0035.xisf,1,9.34297204464946,19.548
LIGHT,2025-08-06T01:15:20.1338791,2025-08-06T02:15:20.1338791,2025-08-06T01:20:20.6971063,600.0,600.0,ZWO ASI6200MM Pro,ZWO ASI6200MM Pro,100,10,0.246657639741898,1,1,-10.0,-10.0,3.76,3.76,40,66.2,52.2483888888889,-0.12325,NP101is,540.0,5.4,315.365447525521,41.624501901916,72.63867,240.83131,1.0475612627843,East,NGC 6997 Panel 1,21 01 27,+41 37 32,90.0,FocusLynx Focuser 1,11911,11911,1.325,10.1,10.1,,,,,Ascom.SxUFW (v2) ,OIII,47.0,62.0,1015.98841964607,16.51,323.0,11.448,2000.0,N.I.N.A. 3.2.0.2002 (x64),NGC 6997 Panel 1_Date_2025-08-06_Time_02-15-20_Type_LIGHT_Filter_OIII_Exp_600.00s_G_100_Off_10_Ecc_0.45_HFR_1.66px_FWHM_3.79_Temp_10.10_0036.xisf,1,9.34297204464946,19.548
LIGHT,2025-08-06T01:35:50.2719628,2025-08-06T02:35:50.2719628,2025-08-06T01:40:50.8373721,600.0,600.0,ZWO ASI6200MM Pro,ZWO ASI6200MM Pro,100,10,0.246657639741898,1,1,-10.0,-10.0,3.76,3.76,40,66.2,52.2483888888889,-0.12325,NP101is,540.0,5.4,315.364087502829,41.6256229056758,69.79109,248.83284,1.06538295978276,East,NGC 6997 Panel 1,21 01 27,+41 37 32,90.0,FocusLynx Focuser 1,11911,11911,1.325,9.8,9.8,,,,,Ascom.SxUFW (v2) ,OIII,47.0,62.0,1015.98841964607,16.51,323.0,11.448,2000.0,N.I.N.A. 3.2.0.2002 (x64),NGC 6997 Panel 1_Date_2025-08-06_Time_02-35-50_Type_LIGHT_Filter_OIII_Exp_600.00s_G_100_Off_10_Ecc_0.47_HFR_1.68px_FWHM_3.86_Temp_9.80_0038.xisf,1,9.34297204464946,19.548
LIGHT,2025-08-06T02:20:45.4420084,2025-08-06T03:20:45.4420084,2025-08-06T02:25:45.9876304,600.0,600.0,ZWO ASI6200MM Pro,ZWO ASI6200MM Pro,100,10,0.246657639741898,1,1,-10.0,-10.0,3.76,3.76,40,66.2,52.2483888888889,-0.12325,NP101is,540.0,5.4,315.363997045408,41.6258400857557,63.1261388888889,261.76477,1.12071489329766,East,NGC 6997 Panel 1,21 01 27,+41 37 32,90.0,FocusLynx Focuser 1,11883,11883,1.325,9.3,9.3,,,,,Ascom.SxUFW (v2) ,OIII,47.0,62.0,1015.98841964607,16.51,323.0,11.448,2000.0,N.I.N.A. 3.2.0.2002 (x64),NGC 6997 Panel 1_Date_2025-08-06_Time_03-20-45_Type_LIGHT_Filter_OIII_Exp_600.00s_G_100_Off_10_Ecc_0.41_HFR_1.69px_FWHM_4.06_Temp_9.30_0042.xisf,1,9.34297204464946,19.548
LIGHT,2025-08-06T23:21:00.2500353,2025-08-07T00:21:00.2500353,2025-08-06T23:26:00.7685108,600.0,600.0,ZWO ASI6200MM Pro,ZWO ASI6200MM Pro,100,10,0.246657639741898,1,1,-10.0,-10.0,3.76,3.76,40,66.2,52.2483888888889,-0.12325,NP101is,540.0,5.4,315.363993592897,41.6255385462328,78.39467,152.1418,1.02077045892099,West,NGC 6997 Panel 1,21 01 27,+41 37 32,90.0,FocusLynx Focuser 1,12014,12014,1.325,15.9,15.9,Manual Rotator,0.0,0.0,0.0,Ascom.SxUFW (v2) ,OIII,98.0,59.0,1010.0353624997,18.73,184.0,4.824,2000.0,N.I.N.A. 3.2.0.2002 (x64),NGC 6997 Panel 1_Date_2025-08-07_Time_00-21-00_Type_LIGHT_Filter_OIII_Exp_600.00s_G_100_Off_10_Ecc_0.44_HFR_1.63px_FWHM_3.79_Temp_15.90_0049.xisf,1,10.7045677578739,11.268
LIGHT,2025-08-06T02:10:44.1820147,2025-08-06T03:10:44.1820147,2025-08-06T02:15:44.7438020,600.0,600.0,ZWO ASI6200MM Pro,ZWO ASI6200MM Pro,100,10,0.246657639741898,1,1,-10.0,-10.0,3.76,3.76,40,66.2,52.2483888888889,-0.12325,NP101is,540.0,5.4,315.364057175006,41.6258206478104,64.64599,259.25612,1.10626828976085,East,NGC 6997 Panel 1,21 01 27,+41 37 32,90.0,FocusLynx Focuser 1,11883,11883,1.325,9.4,9.4,,,,,Ascom.SxUFW (v2) ,OIII,47.0,62.0,1015.98841964607,16.51,323.0,11.448,2000.0,N.I.N.A. 3.2.0.2002 (x64),NGC 6997 Panel 1_Date_2025-08-06_Time_03-10-44_Type_LIGHT_Filter_OIII_Exp_600.00s_G_100_Off_10_Ecc_0.40_HFR_1.71px_FWHM_4.08_Temp_9.40_0041.xisf,1,9.34297204464946,19.548
LIGHT,2025-08-06T02:51:19.6264158,2025-08-06T03:51:19.6264158,2025-08-06T02:56:20.1626487,600.0,600.0,ZWO ASI6200MM Pro,ZWO ASI6200MM Pro,100,10,0.246657639741898,1,1,-10.0,-10.0,3.76,3.76,40,66.2,52.2483888888889,-0.12325,NP101is,540.0,5.4,315.363951251842,41.6258381379887,58.4534444444445,268.53863,1.17291214726311,East,NGC 6997 Panel 1,21 01 27,+41 37 32,90.0,FocusLynx Focuser 1,11883,11883,1.325,9.0,9.0,,,,,Ascom.SxUFW (v2) ,OIII,47.0,62.0,1015.98841964607,16.51,323.0,11.448,2000.0,N.I.N.A. 3.2.0.2002 (x64),NGC 6997 Panel 1_Date_2025-08-06_Time_03-51-19_Type_LIGHT_Filter_OIII_Exp_600.00s_G_100_Off_10_Ecc_0.42_HFR_1.67px_FWHM_4.03_Temp_9.00_0045.xisf,1,9.34297204464946,19.548
LIGHT,2025-08-06T02:30:46.6514595,2025-08-06T03:30:46.6514595,2025-08-06T02:35:47.2197317,600.0,600.0,ZWO ASI6200MM Pro,ZWO ASI6200MM Pro,100,10,0.246657639741898,1,1,-10.0,-10.0,3.76,3.76,40,66.2,52.2483888888889,-0.12325,NP101is,540.0,5.4,315.363981754434,41.6258294469204,61.5991388888889,264.11398,1.13642851332056,East,NGC 6997 Panel 1,21 01 27,+41 37 32,90.0,FocusLynx Focuser 1,11883,11883,1.325,9.1,9.1,,,,,Ascom.SxUFW (v2) ,OIII,47.0,62.0,1015.98841964607,16.51,323.0,11.448,2000.0,N.I.N.A. 3.2.0.2002 (x64),NGC 6997 Panel 1_Date_2025-08-06_Time_03-30-46_Type_LIGHT_Filter_OIII_Exp_600.00s_G_100_Off_10_Ecc_0.42_HFR_1.66px_FWHM_3.85_Temp_9.10_0043.xisf,1,9.34297204464946,19.548
LIGHT,2025-08-06T02:41:18.3735943,2025-08-06T03:41:18.3735943,2025-08-06T02:46:18.9106325,600.0,600.0,ZWO ASI6200MM Pro,ZWO ASI6200MM Pro,100,10,0.246657639741898,1,1,-10.0,-10.0,3.76,3.76,40,66.2,52.2483888888889,-0.12325,NP101is,540.0,5.4,315.363936557941,41.625838827676,59.99106,266.43723,1.15435705358862,East,NGC 6997 Panel 1,21 01 27,+41 37 32,90.0,FocusLynx Focuser 1,11883,11883,1.325,9.0,9.0,,,,,Ascom.SxUFW (v2) ,OIII,47.0,62.0,1015.98841964607,16.51,323.0,11.448,2000.0,N.I.N.A. 3.2.0.2002 (x64),NGC 6997 Panel 1_Date_2025-08-06_Time_03-41-18_Type_LIGHT_Filter_OIII_Exp_600.00s_G_100_Off_10_Ecc_0.43_HFR_1.65px_FWHM_3.87_Temp_9.00_0044.xisf,1,9.34297204464946,19.548
LIGHT,2025-08-07T01:47:49.1651851,2025-08-07T02:47:49.1651851,2025-08-07T01:52:49.7393186,600.0,600.0,ZWO ASI6200MM Pro,ZWO ASI6200MM Pro,100,10,0.246657639741898,1,1,-10.0,-10.0,3.76,3.76,40,66.2,52.2483888888889,-0.12325,NP101is,540.0,5.4,315.363914934598,41.6253994637017,67.4764,253.97804,1.08231871267756,East,NGC 6997 Panel 1,21 01 27,+41 37 32,90.0,FocusLynx Focuser 1,11977,11977,1.325,14.9,14.9,Manual Rotator,0.0,0.0,0.0,Ascom.SxUFW (v2) ,OIII,98.0,59.0,1010.0353624997,18.73,184.0,4.824,2000.0,N.I.N.A. 3.2.0.2002 (x64),NGC 6997 Panel 1_Date_2025-08-07_Time_02-47-49_Type_LIGHT_Filter_OIII_Exp_600.00s_G_100_Off_10_Ecc_0.41_HFR_1.64px_FWHM_3.78_Temp_14.90_0062.xisf,1,10.7045677578739,11.268
LIGHT,2025-08-06T23:31:01.4582502,2025-08-07T00:31:01.4582502,2025-08-06T23:36:02.0240898,600.0,600.0,ZWO ASI6200MM Pro,ZWO ASI6200MM Pro,100,10,0.246657639741898,1,1,-10.0,-10.0,3.76,3.76,40,66.2,52.2483888888889,-0.12325,NP101is,540.0,5.4,315.364023343453,41.625547864271,79.00489,161.20062,1.01860661651092,West,NGC 6997 Panel 1,21 01 27,+41 37 32,90.0,FocusLynx Focuser 1,12014,12014,1.325,15.6,15.6,Manual Rotator,0.0,0.0,0.0,Ascom.SxUFW (v2) ,OIII,98.0,59.0,1010.0353624997,18.73,184.0,4.824,2000.0,N.I.N.A. 3.2.0.2002 (x64),NGC 6997 Panel 1_Date_2025-08-07_Time_00-31-01_Type_LIGHT_Filter_OIII_Exp_600.00s_G_100_Off_10_Ecc_0.43_HFR_1.65px_FWHM_3.87_Temp_15.60_0050.xisf,1,10.7045677578739,11.268
LIGHT,2025-08-07T02:18:05.9409764,2025-08-07T03:18:05.9409764,2025-08-07T02:23:06.5129197,600.0,600.0,ZWO ASI6200MM Pro,ZWO ASI6200MM Pro,100,10,0.246657639741898,1,1,-10.0,-10.0,3.76,3.76,40,66.2,52.2483888888889,-0.12325,NP101is,540.0,5.4,315.362311805136,41.6254203284966,62.93432,262.06812,1.12262136468691,East,NGC 6997 Panel 1,21 01 27,+41 37 32,90.0,FocusLynx Focuser 1,11977,11977,1.325,14.0,14.0,Manual Rotator,0.0,0.0,0.0,Ascom.SxUFW (v2) ,OIII,98.0,59.0,1010.0353624997,18.73,184.0,4.824,2000.0,N.I.N.A. 3.2.0.2002 (x64),NGC 6997 Panel 1_Date_2025-08-07_Time_03-18-05_Type_LIGHT_Filter_OIII_Exp_600.00s_G_100_Off_10_Ecc_0.45_HFR_1.66px_FWHM_3.75_Temp_14.00_0065.xisf,1,10.7045677578739,11.268
LIGHT,2025-08-07T01:58:03.4548756,2025-08-07T02:58:03.4548756,2025-08-07T02:03:04.0209596,600.0,600.0,ZWO ASI6200MM Pro,ZWO ASI6200MM Pro,100,10,0.246657639741898,1,1,-10.0,-10.0,3.76,3.76,40,66.2,52.2483888888889,-0.12325,NP101is,540.0,5.4,315.36228233396,41.6254316313575,65.95648,256.92361,1.09471740629579,East,NGC 6997 Panel 1,21 01 27,+41 37 32,90.0,FocusLynx Focuser 1,11977,11977,1.325,14.7,14.7,Manual Rotator,0.0,0.0,0.0,Ascom.SxUFW (v2) ,OIII,98.0,59.0,1010.0353624997,18.73,184.0,4.824,2000.0,N.I.N.A. 3.2.0.2002 (x64),NGC 6997 Panel 1_Date_2025-08-07_Time_02-58-03_Type_LIGHT_Filter_OIII_Exp_600.00s_G_100_Off_10_Ecc_0.43_HFR_1.64px_FWHM_3.74_Temp_14.70_0063.xisf,1,10.7045677578739,11.268
LIGHT,2025-08-07T02:28:20.7943901,2025-08-07T03:28:20.7943901,2025-08-07T02:33:21.3362404,600.0,600.0,ZWO ASI6200MM Pro,ZWO ASI6200MM Pro,100,10,0.246657639741898,1,1,-10.0,-10.0,3.76,3.76,40,66.2,52.2483888888889,-0.12325,NP101is,540.0,5.4,315.363380244299,41.6271478945978,61.3753055555556,264.44916,1.13883720077603,East,NGC 6997 Panel 1,21 01 27,+41 37 32,90.0,FocusLynx Focuser 1,11977,11977,1.325,13.8,13.8,Manual Rotator,0.0,0.0,0.0,Ascom.SxUFW (v2) ,OIII,98.0,59.0,1010.0353624997,18.73,184.0,4.824,2000.0,N.I.N.A. 3.2.0.2002 (x64),NGC 6997 Panel 1_Date_2025-08-07_Time_03-28-20_Type_LIGHT_Filter_OIII_Exp_600.00s_G_100_Off_10_Ecc_0.47_HFR_1.67px_FWHM_3.83_Temp_13.80_0066.xisf,1,10.7045677578739,11.268
LIGHT,2025-08-07T02:08:04.6787226,2025-08-07T03:08:04.6787226,2025-08-07T02:13:05.2206227,600.0,600.0,ZWO ASI6200MM Pro,ZWO ASI6200MM Pro,100,10,0.246657639741898,1,1,-10.0,-10.0,3.76,3.76,40,66.2,52.2483888888889,-0.12325,NP101is,540.0,5.4,315.362252061977,41.6254010557815,64.44981,259.58973,1.10806847320599,East,NGC 6997 Panel 1,21 01 27,+41 37 32,90.0,FocusLynx Focuser 1,11977,11977,1.325,14.2,14.2,Manual Rotator,0.0,0.0,0.0,Ascom.SxUFW (v2) ,OIII,98.0,59.0,1010.0353624997,18.73,184.0,4.824,2000.0,N.I.N.A. 3.2.0.2002 (x64),NGC 6997 Panel 1_Date_2025-08-07_Time_03-08-04_Type_LIGHT_Filter_OIII_Exp_600.00s_G_100_Off_10_Ecc_0.43_HFR_1.67px_FWHM_3.81_Temp_14.20_0064.xisf,1,10.7045677578739,11.268
LIGHT,2025-08-07T02:38:21.9948830,2025-08-07T03:38:21.9948830,2025-08-07T02:43:22.5462532,600.0,600.0,ZWO ASI6200MM Pro,ZWO ASI6200MM Pro,100,10,0.246657639741898,1,1,-10.0,-10.0,3.76,3.76,40,66.2,52.2483888888889,-0.12325,NP101is,540.0,5.4,315.363320081623,41.6271373709885,59.8391944444444,266.65228,1.1561267189014,East,NGC 6997 Panel 1,21 01 27,+41 37 32,90.0,FocusLynx Focuser 1,11977,11977,1.325,13.4,13.4,Manual Rotator,0.0,0.0,0.0,Ascom.SxUFW (v2) ,OIII,98.0,59.0,1010.0353624997,18.73,184.0,4.824,2000.0,N.I.N.A. 3.2.0.2002 (x64),NGC 6997 Panel 1_Date_2025-08-07_Time_03-38-21_Type_LIGHT_Filter_OIII_Exp_600.00s_G_100_Off_10_Ecc_0.47_HFR_1.68px_FWHM_3.83_Temp_13.40_0067.xisf,1,10.7045677578739,11.268
LIGHT,2025-08-08T21:23:14.3196249,2025-08-08T22:23:14.3196249,2025-08-08T21:28:14.8622931,600.0,600.0,ZWO ASI6200MM Pro,ZWO ASI6200MM Pro,100,10,0.246657639741898,1,1,-10.0,-10.0,3.76,3.76,40,66.2,52.2483888888889,-0.12325,NP101is,540.0,5.4,315.363965620217,41.6255561984922,64.36385,100.26388,1.1088631964875,West,NGC 6997 Panel 1,21 01 27,+41 37 32,90.0,FocusLynx Focuser 1,12023,12023,1.325,17.1,17.1,Manual Rotator,0.0,0.0,0.0,Ascom.SxUFW (v2) ,OIII,0.0,58.0,1010.0353624997,19.86,226.0,10.944,2000.0,N.I.N.A. 3.2.0.2002 (x64),NGC 6997 Panel 1_Date_2025-08-08_Time_22-23-14_Type_LIGHT_Filter_OIII_Exp_600.00s_G_100_Off_10_Ecc_0.39_HFR_1.61px_FWHM_3.91_Temp_17.10_0071.xisf,1,11.5100842852061,14.292
LIGHT,2025-08-08T21:43:16.6967538,2025-08-08T22:43:16.6967538,2025-08-08T21:48:17.2066829,600.0,600.0,ZWO ASI6200MM Pro,ZWO ASI6200MM Pro,100,10,0.246657639741898,1,1,-10.0,-10.0,3.76,3.76,40,66.2,52.2483888888889,-0.12325,NP101is,540.0,5.4,315.363950465056,41.6255451263055,67.36515,105.79534,1.08319097211265,West,NGC 6997 Panel 1,21 01 27,+41 37 32,90.0,FocusLynx Focuser 1,12023,12023,1.325,16.6,16.6,Manual Rotator,0.0,0.0,0.0,Ascom.SxUFW (v2) ,OIII,0.0,58.0,1010.0353624997,19.86,226.0,10.944,2000.0,N.I.N.A. 3.2.0.2002 (x64),NGC 6997 Panel 1_Date_2025-08-08_Time_22-43-16_Type_LIGHT_Filter_OIII_Exp_600.00s_G_100_Off_10_Ecc_0.40_HFR_1.61px_FWHM_3.81_Temp_16.60_0073.xisf,1,11.5100842852061,14.292
LIGHT,2025-08-08T21:33:15.5604501,2025-08-08T22:33:15.5604501,2025-08-08T21:38:16.0740409,600.0,600.0,ZWO ASI6200MM Pro,ZWO ASI6200MM Pro,100,10,0.246657639741898,1,1,-10.0,-10.0,3.76,3.76,40,66.2,52.2483888888889,-0.12325,NP101is,540.0,5.4,315.364040398531,41.6255455205877,65.87249,102.92091,1.0954333684755,West,NGC 6997 Panel 1,21 01 27,+41 37 32,90.0,FocusLynx Focuser 1,12023,12023,1.325,16.8,16.8,Manual Rotator,0.0,0.0,0.0,Ascom.SxUFW (v2) ,OIII,0.0,58.0,1010.0353624997,19.86,226.0,10.944,2000.0,N.I.N.A. 3.2.0.2002 (x64),NGC 6997 Panel 1_Date_2025-08-08_Time_22-33-15_Type_LIGHT_Filter_OIII_Exp_600.00s_G_100_Off_10_Ecc_0.39_HFR_1.61px_FWHM_3.78_Temp_16.80_0072.xisf,1,11.5100842852061,14.292
LIGHT,2025-08-08T21:53:33.1153478,2025-08-08T22:53:33.1153478,2025-08-08T21:58:33.6648447,600.0,600.0,ZWO ASI6200MM Pro,ZWO ASI6200MM Pro,100,10,0.246657639741898,1,1,-10.0,-10.0,3.76,3.76,40,66.2,52.2483888888889,-0.12325,NP101is,540.0,5.4,315.363980436226,41.6255745150062,68.86684,108.99976,1.07187214267891,West,NGC 6997 Panel 1,21 01 27,+41 37 32,90.0,FocusLynx Focuser 1,12023,12023,1.325,16.4,16.4,Manual Rotator,0.0,0.0,0.0,Ascom.SxUFW (v2) ,OIII,0.0,58.0,1010.0353624997,19.86,226.0,10.944,2000.0,N.I.N.A. 3.2.0.2002 (x64),NGC 6997 Panel 1_Date_2025-08-08_Time_22-53-33_Type_LIGHT_Filter_OIII_Exp_600.00s_G_100_Off_10_Ecc_0.43_HFR_1.62px_FWHM_3.73_Temp_16.40_0074.xisf,1,11.5100842852061,14.292
LIGHT,2025-08-08T22:03:34.3983340,2025-08-08T23:03:34.3983340,2025-08-08T22:08:34.9202826,600.0,600.0,ZWO ASI6200MM Pro,ZWO ASI6200MM Pro,100,10,0.246657639741898,1,1,-10.0,-10.0,3.76,3.76,40,66.2,52.2483888888889,-0.12325,NP101is,540.0,5.4,315.36407022404,41.6255738135967,70.30408,112.4459,1.06193359023317,West,NGC 6997 Panel 1,21 01 27,+41 37 32,90.0,FocusLynx Focuser 1,12023,12023,1.325,16.1,16.1,Manual Rotator,0.0,0.0,0.0,Ascom.SxUFW (v2) ,OIII,0.0,58.0,1010.0353624997,19.86,226.0,10.944,2000.0,N.I.N.A. 3.2.0.2002 (x64),NGC 6997 Panel 1_Date_2025-08-08_Time_23-03-34_Type_LIGHT_Filter_OIII_Exp_600.00s_G_100_Off_10_Ecc_0.43_HFR_1.62px_FWHM_3.80_Temp_16.10_0075.xisf,1,11.5100842852061,14.292
LIGHT,2025-08-07T02:53:13.6363858,2025-08-07T03:53:13.6363858,2025-08-07T02:58:14.1946418,600.0,600.0,ZWO ASI6200MM Pro,ZWO ASI6200MM Pro,100,10,0.246657639741898,1,1,-10.0,-10.0,3.76,3.76,40,66.2,52.2483888888889,-0.12325,NP101is,540.0,5.4,315.363439655788,41.6271662401224,57.5634166666667,269.714611111111,1.18432073186578,East,NGC 6997 Panel 1,21 01 27,+41 37 32,90.0,FocusLynx Focuser 1,11940,11940,1.325,13.0,13.0,Manual Rotator,0.0,0.0,0.0,Ascom.SxUFW (v2) ,OIII,98.0,59.0,1010.0353624997,18.73,184.0,4.824,2000.0,N.I.N.A. 3.2.0.2002 (x64),NGC 6997 Panel 1_Date_2025-08-07_Time_03-53-13_Type_LIGHT_Filter_OIII_Exp_600.00s_G_100_Off_10_Ecc_0.39_HFR_1.62px_FWHM_3.84_Temp_13.00_0068.xisf,1,10.7045677578739,11.268
LIGHT,2025-08-08T22:13:35.5668158,2025-08-08T23:13:35.5668158,2025-08-08T22:18:36.1227262,600.0,600.0,ZWO ASI6200MM Pro,ZWO ASI6200MM Pro,100,10,0.246657639741898,1,1,-10.0,-10.0,3.76,3.76,40,66.2,52.2483888888889,-0.12325,NP101is,540.0,5.4,315.364099982527,41.6255332131731,71.70811,116.28437,1.05303405758037,West,NGC 6997 Panel 1,21 01 27,+41 37 32,90.0,FocusLynx Focuser 1,12023,12023,1.325,15.9,15.9,Manual Rotator,0.0,0.0,0.0,Ascom.SxUFW (v2) ,OIII,0.0,58.0,1010.0353624997,19.86,226.0,10.944,2000.0,N.I.N.A. 3.2.0.2002 (x64),NGC 6997 Panel 1_Date_2025-08-08_Time_23-13-35_Type_LIGHT_Filter_OIII_Exp_600.00s_G_100_Off_10_Ecc_0.46_HFR_1.63px_FWHM_3.84_Temp_15.90_0076.xisf,1,11.5100842852061,14.292
LIGHT,2025-07-09T22:36:09.554,2025-07-09T23:36:09.554,2025-07-09T22:41:10.127,600.0,600.0,ZWO ASI6200MM Pro,ZWO ASI6200MM Pro,100,10,0.246657639741898,1,1,-10.0,-10.0,3.76,3.76,40,66.2,52.2483888888889,-0.12325,NP101is,540.0,5.4,315.4330587068,44.6813092118459,59.1120277777778,85.27045,1.16478971070008,West,NGC 6997 Panel 2,21 01 44,+44 40 51,90.0,FocusLynx Focuser 1,12451,12451,1.325,17.0,17.0,Manual Rotator,0.0,0.0,0.0,Starlight Xpress Filter Wheels,Ha,0.0,0.0,0.0,0.0,0.0,0.0,2000.0,N.I.N.A. 3.1.2.9001 (x64),NGC_6997_Panel_2_Date_2025-07-09_Time_23-36-09_LIGHT_Ha_600.00s_G100_O10_E0.39_HFR1.66_FWHM4.14_T17.00_F0000.xisf,1,,
LIGHT,2025-07-09T22:46:10.833,2025-07-09T23:46:10.833,2025-07-09T22:51:11.430,600.0,600.0,ZWO ASI6200MM Pro,ZWO ASI6200MM Pro,100,10,0.246657639741898,1,1,-10.0,-10.0,3.76,3.76,40,66.2,52.2483888888889,-0.12325,NP101is,540.0,5.4,315.432107439465,44.681657949109,60.6443055555556,87.07718,1.14689742264649,West,NGC 6997 Panel 2,21 01 44,+44 40 51,90.0,FocusLynx Focuser 1,12451,12451,1.325,16.6,16.6,Manual Rotator,0.0,0.0,0.0,Starlight Xpress Filter Wheels,Ha,0.0,0.0,0.0,0.0,0.0,0.0,2000.0,N.I.N.A. 3.1.2.9001 (x64),NGC_6997_Panel_2_Date_2025-07-09_Time_23-46-10_LIGHT_Ha_600.00s_G100_O10_E0.44_HFR1.69_FWHM4.17_T16.60_F0001.xisf,1,,
LIGHT,2025-07-09T23:16:27.118,2025-07-10T00:16:27.118,2025-07-09T23:21:27.717,600.0,600.0,ZWO ASI6200MM Pro,ZWO ASI6200MM Pro,100,10,0.246657639741898,1,1,-10.0,-10.0,3.76,3.76,40,66.2,52.2483888888889,-0.12325,NP101is,540.0,5.4,315.429152290148,44.6827532092839,65.2923888888889,93.09939,1.10046870368382,West,NGC 6997 Panel 2,21 01 44,+44 40 51,90.0,FocusLynx Focuser 1,12451,12451,1.325,16.2,16.2,Manual Rotator,0.0,0.0,0.0,Starlight Xpress Filter Wheels,Ha,0.0,0.0,0.0,0.0,0.0,0.0,2000.0,N.I.N.A. 3.1.2.9001 (x64),NGC_6997_Panel_2_Date_2025-07-10_Time_00-16-27_LIGHT_Ha_600.00s_G100_O10_E0.48_HFR1.71_FWHM4.38_T16.20_F0004.xisf,1,,
LIGHT,2025-07-09T23:06:25.842,2025-07-10T00:06:25.842,2025-07-09T23:11:26.439,600.0,600.0,ZWO ASI6200MM Pro,ZWO ASI6200MM Pro,100,10,0.246657639741898,1,1,-10.0,-10.0,3.76,3.76,40,66.2,52.2483888888889,-0.12325,NP101is,540.0,5.4,315.429990405538,44.6824024441669,63.75307,90.99524,1.11461536523428,West,NGC 6997 Panel 2,21 01 44,+44 40 51,90.0,FocusLynx Focuser 1,12451,12451,1.325,16.4,16.4,Manual Rotator,0.0,0.0,0.0,Starlight Xpress Filter Wheels,Ha,0.0,0.0,0.0,0.0,0.0,0.0,2000.0,N.I.N.A. 3.1.2.9001 (x64),NGC_6997_Panel_2_Date_2025-07-10_Time_00-06-25_LIGHT_Ha_600.00s_G100_O10_E0.44_HFR1.71_FWHM4.37_T16.40_F0003.xisf,1,,
LIGHT,2025-07-09T22:56:24.437,2025-07-09T23:56:24.437,2025-07-09T23:01:25.067,600.0,600.0,ZWO ASI6200MM Pro,ZWO ASI6200MM Pro,100,10,0.246657639741898,1,1,-10.0,-10.0,3.76,3.76,40,66.2,52.2483888888889,-0.12325,NP101is,540.0,5.4,315.430888487164,44.6820715755347,62.21796,89.01244,1.12991114854444,West,NGC 6997 Panel 2,21 01 44,+44 40 51,90.0,FocusLynx Focuser 1,12451,12451,1.325,16.5,16.5,Manual Rotator,0.0,0.0,0.0,Starlight Xpress Filter Wheels,Ha,0.0,0.0,0.0,0.0,0.0,0.0,2000.0,N.I.N.A. 3.1.2.9001 (x64),NGC_6997_Panel_2_Date_2025-07-09_Time_23-56-24_LIGHT_Ha_600.00s_G100_O10_E0.46_HFR1.67_FWHM4.11_T16.50_F0002.xisf,1,,
LIGHT,2025-07-09T23:31:19.459,2025-07-10T00:31:19.459,2025-07-09T23:36:20.080,600.0,600.0,ZWO ASI6200MM Pro,ZWO ASI6200MM Pro,100,10,0.246657639741898,1,1,-10.0,-10.0,3.76,3.76,40,66.2,52.2483888888889,-0.12325,NP101is,540.0,5.4,315.42685926139,44.6825161077441,67.56946,96.49123,1.08159327506263,West,NGC 6997 Panel 2,21 01 44,+44 40 51,90.0,FocusLynx Focuser 1,12376,12376,1.325,15.8,15.8,Manual Rotator,0.0,0.0,0.0,Starlight Xpress Filter Wheels,Ha,0.0,0.0,0.0,0.0,0.0,0.0,2000.0,N.I.N.A. 3.1.2.9001 (x64),NGC_6997_Panel_2_Date_2025-07-10_Time_00-31-19_LIGHT_Ha_600.00s_G100_O10_E0.39_HFR1.62_FWHM3.91_T15.80_F0005.xisf,1,,
LIGHT,2025-07-10T00:11:37.170,2025-07-10T01:11:37.170,2025-07-10T00:16:37.773,600.0,600.0,ZWO ASI6200MM Pro,ZWO ASI6200MM Pro,100,10,0.246657639741898,1,1,-10.0,-10.0,3.76,3.76,40,66.2,52.2483888888889,-0.12325,NP101is,540.0,5.4,315.425723913842,44.6841553775477,73.6042777777778,108.22987,1.04223086316132,West,NGC 6997 Panel 2,21 01 44,+44 40 51,90.0,FocusLynx Focuser 1,12376,12376,1.325,15.4,15.4,Manual Rotator,0.0,0.0,0.0,Starlight Xpress Filter Wheels,Ha,0.0,0.0,0.0,0.0,0.0,0.0,2000.0,N.I.N.A. 3.1.2.9001 (x64),NGC_6997_Panel_2_Date_2025-07-10_Time_01-11-37_LIGHT_Ha_600.00s_G100_O10_E0.43_HFR1.65_FWHM4.05_T15.40_F0009.xisf,1,,
LIGHT,2025-07-09T23:41:20.778,2025-07-10T00:41:20.778,2025-07-09T23:46:21.414,600.0,600.0,ZWO ASI6200MM Pro,ZWO ASI6200MM Pro,100,10,0.246657639741898,1,1,-10.0,-10.0,3.76,3.76,40,66.2,52.2483888888889,-0.12325,NP101is,540.0,5.4,315.426110929451,44.682846718887,69.09472,99.0012,1.07023900820678,West,NGC 6997 Panel 2,21 01 44,+44 40 51,90.0,FocusLynx Focuser 1,12376,12376,1.325,15.6,15.6,Manual Rotator,0.0,0.0,0.0,Starlight Xpress Filter Wheels,Ha,0.0,0.0,0.0,0.0,0.0,0.0,2000.0,N.I.N.A. 3.1.2.9001 (x64),NGC_6997_Panel_2_Date_2025-07-10_Time_00-41-20_LIGHT_Ha_600.00s_G100_O10_E0.42_HFR1.62_FWHM3.92_T15.60_F0006.xisf,1,,
LIGHT,2025-07-09T23:51:22.167,2025-07-10T00:51:22.167,2025-07-09T23:56:22.778,600.0,600.0,ZWO ASI6200MM Pro,ZWO ASI6200MM Pro,100,10,0.246657639741898,1,1,-10.0,-10.0,3.76,3.76,40,66.2,52.2483888888889,-0.12325,NP101is,540.0,5.4,315.425452280923,44.683127176605,70.60529,101.73754,1.0599580654591,West,NGC 6997 Panel 2,21 01 44,+44 40 51,90.0,FocusLynx Focuser 1,12376,12376,1.325,15.6,15.6,Manual Rotator,0.0,0.0,0.0,Starlight Xpress Filter Wheels,Ha,0.0,0.0,0.0,0.0,0.0,0.0,2000.0,N.I.N.A. 3.1.2.9001 (x64),NGC_6997_Panel_2_Date_2025-07-10_Time_00-51-22_LIGHT_Ha_600.00s_G100_O10_E0.42_HFR1.63_FWHM3.92_T15.60_F0007.xisf,1,,
LIGHT,2025-07-10T00:21:38.531,2025-07-10T01:21:38.531,2025-07-10T00:26:39.123,600.0,600.0,ZWO ASI6200MM Pro,ZWO ASI6200MM Pro,100,10,0.246657639741898,1,1,-10.0,-10.0,3.76,3.76,40,66.2,52.2483888888889,-0.12325,NP101is,540.0,5.4,315.425185267769,44.684495630962,75.0501111111111,112.11093,1.03489526964139,West,NGC 6997 Panel 2,21 01 44,+44 40 51,90.0,FocusLynx Focuser 1,12376,12376,1.325,15.2,15.2,Manual Rotator,0.0,0.0,0.0,Starlight Xpress Filter Wheels,Ha,0.0,0.0,0.0,0.0,0.0,0.0,2000.0,N.I.N.A. 3.1.2.9001 (x64),NGC_6997_Panel_2_Date_2025-07-10_Time_01-21-38_LIGHT_Ha_600.00s_G100_O10_E0.46_HFR1.64_FWHM4.03_T15.20_F0010.xisf,1,,
LIGHT,2025-07-10T00:01:35.916,2025-07-10T01:01:35.916,2025-07-10T00:06:36.506,600.0,600.0,ZWO ASI6200MM Pro,ZWO ASI6200MM Pro,100,10,0.246657639741898,1,1,-10.0,-10.0,3.76,3.76,40,66.2,52.2483888888889,-0.12325,NP101is,540.0,5.4,315.426412410053,44.6838448670292,72.13212,104.83089,1.05049897917048,West,NGC 6997 Panel 2,21 01 44,+44 40 51,90.0,FocusLynx Focuser 1,12376,12376,1.325,15.4,15.4,Manual Rotator,0.0,0.0,0.0,Starlight Xpress Filter Wheels,Ha,0.0,0.0,0.0,0.0,0.0,0.0,2000.0,N.I.N.A. 3.1.2.9001 (x64),NGC_6997_Panel_2_Date_2025-07-10_Time_01-01-35_LIGHT_Ha_600.00s_G100_O10_E0.46_HFR1.64_FWHM3.93_T15.40_F0008.xisf,1,,
LIGHT,2025-07-10T00:41:57.286,2025-07-10T01:41:57.286,2025-07-10T00:46:57.862,600.0,600.0,ZWO ASI6200MM Pro,ZWO ASI6200MM Pro,100,10,0.246657639741898,1,1,-10.0,-10.0,3.76,3.76,40,66.2,52.2483888888889,-0.12325,NP101is,540.0,5.4,315.425744743367,44.6865033796152,77.828,122.007666666667,1.02289212518032,West,NGC 6997 Panel 2,21 01 44,+44 40 51,90.0,FocusLynx Focuser 1,12376,12376,1.325,14.9,14.9,Manual Rotator,0.0,0.0,0.0,Starlight Xpress Filter Wheels,Ha,0.0,0.0,0.0,0.0,0.0,0.0,2000.0,N.I.N.A. 3.1.2.9001 (x64),NGC_6997_Panel_2_Date_2025-07-10_Time_01-41-57_LIGHT_Ha_600.00s_G100_O10_E0.47_HFR1.64_FWHM3.93_T14.90_F0012.xisf,1,,
LIGHT,2025-07-10T00:31:55.943,2025-07-10T01:31:55.943,2025-07-10T00:36:56.566,600.0,600.0,ZWO ASI6200MM Pro,ZWO ASI6200MM Pro,100,10,0.246657639741898,1,1,-10.0,-10.0,3.76,3.76,40,66.2,52.2483888888889,-0.12325,NP101is,540.0,5.4,315.426193536184,44.6861632774473,76.4895555555556,116.72325,1.0283390918415,West,NGC 6997 Panel 2,21 01 44,+44 40 51,90.0,FocusLynx Focuser 1,12376,12376,1.325,15.0,15.0,Manual Rotator,0.0,0.0,0.0,Starlight Xpress Filter Wheels,Ha,0.0,0.0,0.0,0.0,0.0,0.0,2000.0,N.I.N.A. 3.1.2.9001 (x64),NGC_6997_Panel_2_Date_2025-07-10_Time_01-31-55_LIGHT_Ha_600.00s_G100_O10_E0.44_HFR1.63_FWHM3.93_T15.00_F0011.xisf,1,,
LIGHT,2025-07-10T00:51:58.541,2025-07-10T01:51:58.541,2025-07-10T00:56:59.129,600.0,600.0,ZWO ASI6200MM Pro,ZWO ASI6200MM Pro,100,10,0.246657639741898,1,1,-10.0,-10.0,3.76,3.76,40,66.2,52.2483888888889,-0.12325,NP101is,540.0,5.4,315.42517614854,44.6868436849268,79.0878611111111,128.340972222222,1.01832201245988,West,NGC 6997 Panel 2,21 01 44,+44 40 51,90.0,FocusLynx Focuser 1,12376,12376,1.325,14.8,14.8,Manual Rotator,0.0,0.0,0.0,Starlight Xpress Filter Wheels,Ha,0.0,0.0,0.0,0.0,0.0,0.0,2000.0,N.I.N.A. 3.1.2.9001 (x64),NGC_6997_Panel_2_Date_2025-07-10_Time_01-51-58_LIGHT_Ha_600.00s_G100_O10_E0.48_HFR1.65_FWHM3.91_T14.80_F0013.xisf,1,,
LIGHT,2025-07-10T01:12:18.063,2025-07-10T02:12:18.063,2025-07-10T01:17:18.628,600.0,600.0,ZWO ASI6200MM Pro,ZWO ASI6200MM Pro,100,10,0.246657639741898,1,1,-10.0,-10.0,3.76,3.76,40,66.2,52.2483888888889,-0.12325,NP101is,540.0,5.4,315.423702785133,44.6855447661375,81.2305,145.53917,1.01175758843386,West,NGC 6997 Panel 2,21 01 44,+44 40 51,90.0,FocusLynx Focuser 1,12376,12376,1.325,14.5,14.5,Manual Rotator,0.0,0.0,0.0,Starlight Xpress Filter Wheels,Ha,0.0,0.0,0.0,0.0,0.0,0.0,2000.0,N.I.N.A. 3.1.2.9001 (x64),NGC_6997_Panel_2_Date_2025-07-10_Time_02-12-18_LIGHT_Ha_600.00s_G100_O10_E0.45_HFR1.65_FWHM4.01_T14.50_F0015.xisf,1,,
LIGHT,2025-07-10T01:02:16.806,2025-07-10T02:02:16.806,2025-07-10T01:07:17.386,600.0,600.0,ZWO ASI6200MM Pro,ZWO ASI6200MM Pro,100,10,0.246657639741898,1,1,-10.0,-10.0,3.76,3.76,40,66.2,52.2483888888889,-0.12325,NP101is,540.0,5.4,315.424151610851,44.6852146638326,80.25958,136.24146,1.0145460716105,West,NGC 6997 Panel 2,21 01 44,+44 40 51,90.0,FocusLynx Focuser 1,12376,12376,1.325,14.7,14.7,Manual Rotator,0.0,0.0,0.0,Starlight Xpress Filter Wheels,Ha,0.0,0.0,0.0,0.0,0.0,0.0,2000.0,N.I.N.A. 3.1.2.9001 (x64),NGC_6997_Panel_2_Date_2025-07-10_Time_02-02-16_LIGHT_Ha_600.00s_G100_O10_E0.49_HFR1.65_FWHM3.96_T14.70_F0014.xisf,1,,
LIGHT,2025-07-10T01:26:55.759,2025-07-10T02:26:55.759,2025-07-10T01:31:56.382,600.0,600.0,ZWO ASI6200MM Pro,ZWO ASI6200MM Pro,100,10,0.246657639741898,1,1,-10.0,-10.0,3.76,3.76,40,66.2,52.2483888888889,-0.12325,NP101is,540.0,5.4,315.423179170992,44.6859946872335,82.2245,162.34903,1.00921776174578,West,NGC 6997 Panel 2,21 01 44,+44 40 51,90.0,FocusLynx Focuser 1,12311,12311,1.325,14.2,14.2,Manual Rotator,0.0,0.0,0.0,Starlight Xpress Filter Wheels,Ha,0.0,0.0,0.0,0.0,0.0,0.0,2000.0,N.I.N.A. 3.1.2.9001 (x64),NGC_6997_Panel_2_Date_2025-07-10_Time_02-26-55_LIGHT_Ha_600.00s_G100_O10_E0.41_HFR1.61_FWHM3.94_T14.20_F0016.xisf,1,,
LIGHT,2025-07-10T01:37:08.549,2025-07-10T02:37:08.549,2025-07-10T01:42:09.100,600.0,600.0,ZWO ASI6200MM Pro,ZWO ASI6200MM Pro,100,10,0.246657639741898,1,1,-10.0,-10.0,3.76,3.76,40,66.2,52.2483888888889,-0.12325,NP101is,540.0,5.4,315.421906941496,44.6863961877245,82.5224,175.91569,1.00851804883055,West,NGC 6997 Panel 2,21 01 44,+44 40 51,90.0,FocusLynx Focuser 1,12311,12311,1.325,13.9,13.9,Manual Rotator,0.0,0.0,0.0,Starlight Xpress Filter Wheels,Ha,0.0,0.0,0.0,0.0,0.0,0.0,2000.0,N.I.N.A. 3.1.2.9001 (x64),NGC_6997_Panel_2_Date_2025-07-10_Time_02-37-08_LIGHT_Ha_600.00s_G100_O10_E0.42_HFR1.61_FWHM3.88_T13.90_F0017.xisf,1,,
LIGHT,2025-07-10T01:47:09.707,2025-07-10T02:47:09.707,2025-07-10T01:52:10.336,600.0,600.0,ZWO ASI6200MM Pro,ZWO ASI6200MM Pro,100,10,0.246657639741898,1,1,-10.0,-10.0,3.76,3.76,40,66.2,52.2483888888889,-0.12325,NP101is,540.0,5.4,315.421577849522,44.686706084752,82.44917,189.54609,1.00868743762781,West,NGC 6997 Panel 2,21 01 44,+44 40 51,90.0,FocusLynx Focuser 1,12311,12311,1.325,13.8,13.8,Manual Rotator,0.0,0.0,0.0,Starlight Xpress Filter Wheels,Ha,0.0,0.0,0.0,0.0,0.0,0.0,2000.0,N.I.N.A. 3.1.2.9001 (x64),NGC_6997_Panel_2_Date_2025-07-10_Time_02-47-09_LIGHT_Ha_600.00s_G100_O10_E0.41_HFR1.62_FWHM3.93_T13.80_F0018.xisf,1,,
LIGHT,2025-07-10T02:02:56.652,2025-07-10T03:02:56.652,2025-07-10T02:07:57.227,600.0,600.0,ZWO ASI6200MM Pro,ZWO ASI6200MM Pro,100,10,0.246657639741898,1,1,-10.0,-10.0,3.76,3.76,40,66.2,52.2483888888889,-0.12325,NP101is,540.0,5.4,315.432865289114,44.6814854537776,81.6368333333333,209.04167,1.01068106711462,East,NGC 6997 Panel 2,21 01 44,+44 40 51,90.0,FocusLynx Focuser 1,12280,12280,1.325,13.8,13.8,Manual Rotator,0.0,0.0,0.0,Starlight Xpress Filter Wheels,Ha,0.0,0.0,0.0,0.0,0.0,0.0,2000.0,N.I.N.A. 3.1.2.9001 (x64),NGC_6997_Panel_2_Date_2025-07-10_Time_03-02-56_LIGHT_Ha_600.00s_G100_O10_E0.40_HFR1.62_FWHM4.18_T13.80_F0019.xisf,1,,
LIGHT,2025-07-10T02:13:09.265,2025-07-10T03:13:09.265,2025-07-10T02:18:09.875,600.0,600.0,ZWO ASI6200MM Pro,ZWO ASI6200MM Pro,100,10,0.246657639741898,1,1,-10.0,-10.0,3.76,3.76,40,66.2,52.2483888888889,-0.12325,NP101is,540.0,5.4,315.432115393581,44.6813560388333,80.75349,219.43084,1.01308932296148,East,NGC 6997 Panel 2,21 01 44,+44 40 51,90.0,FocusLynx Focuser 1,12280,12280,1.325,13.7,13.7,Manual Rotator,0.0,0.0,0.0,Starlight Xpress Filter Wheels,Ha,0.0,0.0,0.0,0.0,0.0,0.0,2000.0,N.I.N.A. 3.1.2.9001 (x64),NGC_6997_Panel_2_Date_2025-07-10_Time_03-13-09_LIGHT_Ha_600.00s_G100_O10_E0.41_HFR1.63_FWHM4.18_T13.70_F0020.xisf,1,,
LIGHT,2025-07-10T02:23:10.553,2025-07-10T03:23:10.553,2025-07-10T02:28:11.160,600.0,600.0,ZWO ASI6200MM Pro,ZWO ASI6200MM Pro,100,10,0.246657639741898,1,1,-10.0,-10.0,3.76,3.76,40,66.2,52.2483888888889,-0.12325,NP101is,540.0,5.4,315.431486971965,44.6817164518767,79.6928611111111,227.86095,1.01631583554888,East,NGC 6997 Panel 2,21 01 44,+44 40 51,90.0,FocusLynx Focuser 1,12280,12280,1.325,13.6,13.6,Manual Rotator,0.0,0.0,0.0,Starlight Xpress Filter Wheels,Ha,0.0,0.0,0.0,0.0,0.0,0.0,2000.0,N.I.N.A. 3.1.2.9001 (x64),NGC_6997_Panel_2_Date_2025-07-10_Time_03-23-10_LIGHT_Ha_600.00s_G100_O10_E0.42_HFR1.62_FWHM4.11_T13.60_F0021.xisf,1,,
LIGHT,2025-07-14T01:55:05.298,2025-07-14T02:55:05.298,2025-07-14T02:00:05.899,600.0,600.0,ZWO ASI6200MM Pro,ZWO ASI6200MM Pro,100,10,0.246657639741898,1,1,-10.0,-10.0,3.76,3.76,40,66.2,52.2483888888889,-0.12325,NP101is,540.0,5.4,315.433931763237,44.6809841156983,80.97775,217.19352,1.01245405607388,East,NGC 6997 Panel 2,21 01 44,+44 40 51,90.0,FocusLynx Focuser 1,12281,12281,1.325,16.8,16.8,Manual Rotator,0.0,0.0,0.0,Starlight Xpress Filter Wheels,Ha,68.0,78.0,1011.0,20.4,37.0,10.764,2000.0,N.I.N.A. 3.1.2.9001 (x64),NGC 6997 Panel 2_Date_2025-07-14_Time_02-55-05_Type_LIGHT_Filter_Ha_Exp_600.00s_G_100_Off_10_Ecc_0.43_HFR_1.62px_FWHM_3.97_Temp_16.80_0032.xisf,1,16.5056268790847,
LIGHT,2025-07-14T02:35:33.757,2025-07-14T03:35:33.757,2025-07-14T02:40:34.357,600.0,600.0,ZWO ASI6200MM Pro,ZWO ASI6200MM Pro,100,10,0.246657639741898,1,1,-10.0,-10.0,3.76,3.76,40,66.2,52.2483888888889,-0.12325,NP101is,540.0,5.4,315.433063208501,44.6814433822611,76.0906666666667,244.627833333333,1.0300825733746,East,NGC 6997 Panel 2,21 01 44,+44 40 51,90.0,FocusLynx Focuser 1,12281,12281,1.325,16.2,16.2,Manual Rotator,0.0,0.0,0.0,Starlight Xpress Filter Wheels,Ha,68.0,78.0,1011.0,20.4,37.0,10.764,2000.0,N.I.N.A. 3.1.2.9001 (x64),NGC 6997 Panel 2_Date_2025-07-14_Time_03-35-33_Type_LIGHT_Filter_Ha_Exp_600.00s_G_100_Off_10_Ecc_0.45_HFR_1.64px_FWHM_3.93_Temp_16.20_0036.xisf,1,16.5056268790847,
LIGHT,2025-07-14T22:12:43.500,2025-07-14T23:12:43.500,2025-07-14T22:17:44.138,600.0,600.0,ZWO ASI6200MM Pro,ZWO ASI6200MM Pro,100,10,0.246657639741898,1,1,-10.0,-10.0,3.76,3.76,40,66.2,52.2483888888889,-0.12325,NP101is,540.0,5.4,315.434051802842,44.680976528752,58.53369,84.60511,1.17190813489741,West,NGC 6997 Panel 2,21 01 44,+44 40 51,90.0,FocusLynx Focuser 1,12244,12244,1.325,14.3,14.3,Manual Rotator,0.0,0.0,0.0,Starlight Xpress Filter Wheels,Ha,47.0,43.0,1014.0,20.4,273.0,9.648,2000.0,N.I.N.A. 3.1.2.9001 (x64),NGC 6997 Panel 2_Date_2025-07-14_Time_23-12-43_Type_LIGHT_Filter_Ha_Exp_600.00s_G_100_Off_10_Ecc_0.37_HFR_1.61px_FWHM_4.06_Temp_14.30_0038.xisf,1,7.64003409367509,
LIGHT,2025-07-14T22:22:44.868,2025-07-14T23:22:44.868,2025-07-14T22:27:45.479,600.0,600.0,ZWO ASI6200MM Pro,ZWO ASI6200MM Pro,100,10,0.246657639741898,1,1,-10.0,-10.0,3.76,3.76,40,66.2,52.2483888888889,-0.12325,NP101is,540.0,5.4,315.43406635757,44.6809559480285,60.0593888888889,86.37924,1.15356522724327,West,NGC 6997 Panel 2,21 01 44,+44 40 51,90.0,FocusLynx Focuser 1,12244,12244,1.325,14.0,14.0,Manual Rotator,0.0,0.0,0.0,Starlight Xpress Filter Wheels,Ha,47.0,43.0,1014.0,20.4,273.0,9.648,2000.0,N.I.N.A. 3.1.2.9001 (x64),NGC 6997 Panel 2_Date_2025-07-14_Time_23-22-44_Type_LIGHT_Filter_Ha_Exp_600.00s_G_100_Off_10_Ecc_0.39_HFR_1.62px_FWHM_4.01_Temp_14.00_0039.xisf,1,7.64003409367509,
LIGHT,2025-07-14T22:32:46.157,2025-07-14T23:32:46.157,2025-07-14T22:37:46.744,600.0,600.0,ZWO ASI6200MM Pro,ZWO ASI6200MM Pro,100,10,0.246657639741898,1,1,-10.0,-10.0,3.76,3.76,40,66.2,52.2483888888889,-0.12325,NP101is,540.0,5.4,315.433871363149,44.6809657229945,61.60068,88.24397,1.13641202454421,West,NGC 6997 Panel 2,21 01 44,+44 40 51,90.0,FocusLynx Focuser 1,12244,12244,1.325,13.8,13.8,Manual Rotator,0.0,0.0,0.0,Starlight Xpress Filter Wheels,Ha,47.0,43.0,1014.0,20.4,273.0,9.648,2000.0,N.I.N.A. 3.1.2.9001 (x64),NGC 6997 Panel 2_Date_2025-07-14_Time_23-32-46_Type_LIGHT_Filter_Ha_Exp_600.00s_G_100_Off_10_Ecc_0.38_HFR_1.62px_FWHM_4.04_Temp_13.80_0040.xisf,1,7.64003409367509,
LIGHT,2025-07-14T22:53:00.642,2025-07-14T23:53:00.642,2025-07-14T22:58:01.257,600.0,600.0,ZWO ASI6200MM Pro,ZWO ASI6200MM Pro,100,10,0.246657639741898,1,1,-10.0,-9.9,3.76,3.76,40,66.2,52.2483888888889,-0.12325,NP101is,540.0,5.4,315.434732027235,44.681304248293,64.70624,92.28533,1.10571919231758,West,NGC 6997 Panel 2,21 01 44,+44 40 51,90.0,FocusLynx Focuser 1,12244,12244,1.325,13.6,13.6,Manual Rotator,0.0,0.0,0.0,Starlight Xpress Filter Wheels,Ha,47.0,43.0,1014.0,20.4,273.0,9.648,2000.0,N.I.N.A. 3.1.2.9001 (x64),NGC 6997 Panel 2_Date_2025-07-14_Time_23-53-00_Type_LIGHT_Filter_Ha_Exp_600.00s_G_100_Off_10_Ecc_0.40_HFR_1.63px_FWHM_4.00_Temp_13.60_0042.xisf,1,7.64003409367509,
LIGHT,2025-07-14T22:42:59.384,2025-07-14T23:42:59.384,2025-07-14T22:47:59.975,600.0,600.0,ZWO ASI6200MM Pro,ZWO ASI6200MM Pro,100,10,0.246657639741898,1,1,-10.0,-10.0,3.76,3.76,40,66.2,52.2483888888889,-0.12325,NP101is,540.0,5.4,315.434785825351,44.6813636072304,63.16495,90.22431,1.12033146294123,West,NGC 6997 Panel 2,21 01 44,+44 40 51,90.0,FocusLynx Focuser 1,12244,12244,1.325,13.7,13.7,Manual Rotator,0.0,0.0,0.0,Starlight Xpress Filter Wheels,Ha,47.0,43.0,1014.0,20.4,273.0,9.648,2000.0,N.I.N.A. 3.1.2.9001 (x64),NGC 6997 Panel 2_Date_2025-07-14_Time_23-42-59_Type_LIGHT_Filter_Ha_Exp_600.00s_G_100_Off_10_Ecc_0.40_HFR_1.63px_FWHM_4.03_Temp_13.70_0041.xisf,1,7.64003409367509,
LIGHT,2025-07-14T23:13:21.319,2025-07-15T00:13:21.319,2025-07-14T23:18:21.912,600.0,600.0,ZWO ASI6200MM Pro,ZWO ASI6200MM Pro,100,10,0.246657639741898,1,1,-10.0,-10.0,3.76,3.76,40,66.2,52.2483888888889,-0.12325,NP101is,540.0,5.4,315.433747560936,44.6802036464148,67.8119722222222,96.88074,1.07972070284026,West,NGC 6997 Panel 2,21 01 44,+44 40 51,90.0,FocusLynx Focuser 1,12244,12244,1.325,13.5,13.5,Manual Rotator,0.0,0.0,0.0,Starlight Xpress Filter Wheels,Ha,47.0,43.0,1014.0,20.4,273.0,9.648,2000.0,N.I.N.A. 3.1.2.9001 (x64),NGC 6997 Panel 2_Date_2025-07-15_Time_00-13-21_Type_LIGHT_Filter_Ha_Exp_600.00s_G_100_Off_10_Ecc_0.43_HFR_1.63px_FWHM_3.96_Temp_13.50_0044.xisf,1,7.64003409367509,
LIGHT,2025-07-14T23:03:01.932,2025-07-15T00:03:01.932,2025-07-14T23:08:02.586,600.0,600.0,ZWO ASI6200MM Pro,ZWO ASI6200MM Pro,100,10,0.246657639741898,1,1,-10.0,-10.0,3.76,3.76,40,66.2,52.2483888888889,-0.12325,NP101is,540.0,5.4,315.434934831896,44.6813522337315,66.2448611111111,94.47542,1.09228404432978,West,NGC 6997 Panel 2,21 01 44,+44 40 51,90.0,FocusLynx Focuser 1,12244,12244,1.325,13.6,13.6,Manual Rotator,0.0,0.0,0.0,Starlight Xpress Filter Wheels,Ha,47.0,43.0,1014.0,20.4,273.0,9.648,2000.0,N.I.N.A. 3.1.2.9001 (x64),NGC 6997 Panel 2_Date_2025-07-15_Time_00-03-01_Type_LIGHT_Filter_Ha_Exp_600.00s_G_100_Off_10_Ecc_0.43_HFR_1.62px_FWHM_3.98_Temp_13.60_0043.xisf,1,7.64003409367509,
LIGHT,2025-07-14T23:23:22.641,2025-07-15T00:23:22.641,2025-07-14T23:28:23.197,600.0,600.0,ZWO ASI6200MM Pro,ZWO ASI6200MM Pro,100,10,0.246657639741898,1,1,-10.0,-10.0,3.76,3.76,40,66.2,52.2483888888889,-0.12325,NP101is,540.0,5.4,315.433642417457,44.6802132683703,69.3358055555556,99.42608,1.0685349836061,West,NGC 6997 Panel 2,21 01 44,+44 40 51,90.0,FocusLynx Focuser 1,12244,12244,1.325,13.4,13.4,Manual Rotator,0.0,0.0,0.0,Starlight Xpress Filter Wheels,Ha,47.0,43.0,1014.0,20.4,273.0,9.648,2000.0,N.I.N.A. 3.1.2.9001 (x64),NGC 6997 Panel 2_Date_2025-07-15_Time_00-23-22_Type_LIGHT_Filter_Ha_Exp_600.00s_G_100_Off_10_Ecc_0.45_HFR_1.63px_FWHM_3.92_Temp_13.40_0045.xisf,1,7.64003409367509,
LIGHT,2025-07-14T23:43:38.227,2025-07-15T00:43:38.227,2025-07-14T23:48:38.802,600.0,600.0,ZWO ASI6200MM Pro,ZWO ASI6200MM Pro,100,10,0.246657639741898,1,1,-10.0,-10.0,3.76,3.76,40,66.2,52.2483888888889,-0.12325,NP101is,540.0,5.4,315.431931453658,44.6792950308157,72.37207,105.37038,1.04909513973309,West,NGC 6997 Panel 2,21 01 44,+44 40 51,90.0,FocusLynx Focuser 1,12244,12244,1.325,13.0,13.0,Manual Rotator,0.0,0.0,0.0,Starlight Xpress Filter Wheels,Ha,47.0,43.0,1014.0,20.4,273.0,9.648,2000.0,N.I.N.A. 3.1.2.9001 (x64),NGC 6997 Panel 2_Date_2025-07-15_Time_00-43-38_Type_LIGHT_Filter_Ha_Exp_600.00s_G_100_Off_10_Ecc_0.47_HFR_1.64px_FWHM_3.90_Temp_13.00_0047.xisf,1,7.64003409367509,
LIGHT,2025-07-14T23:53:39.517,2025-07-15T00:53:39.517,2025-07-14T23:58:40.144,600.0,600.0,ZWO ASI6200MM Pro,ZWO ASI6200MM Pro,100,10,0.246657639741898,1,1,-10.0,-10.0,3.76,3.76,40,66.2,52.2483888888889,-0.12325,NP101is,540.0,5.4,315.432020950833,44.6792943198193,73.8408888888889,108.84331,1.04097790214002,West,NGC 6997 Panel 2,21 01 44,+44 40 51,90.0,FocusLynx Focuser 1,12244,12244,1.325,13.0,13.0,Manual Rotator,0.0,0.0,0.0,Starlight Xpress Filter Wheels,Ha,47.0,43.0,1014.0,20.4,273.0,9.648,2000.0,N.I.N.A. 3.1.2.9001 (x64),NGC 6997 Panel 2_Date_2025-07-15_Time_00-53-39_Type_LIGHT_Filter_Ha_Exp_600.00s_G_100_Off_10_Ecc_0.46_HFR_1.64px_FWHM_3.93_Temp_13.00_0048.xisf,1,7.64003409367509,
LIGHT,2025-07-14T23:33:23.820,2025-07-15T00:33:23.820,2025-07-14T23:38:24.426,600.0,600.0,ZWO ASI6200MM Pro,ZWO ASI6200MM Pro,100,10,0.246657639741898,1,1,-10.0,-10.0,3.76,3.76,40,66.2,52.2483888888889,-0.12325,NP101is,540.0,5.4,315.433701897263,44.6801926088659,70.8430277777778,102.20377,1.05842460435253,West,NGC 6997 Panel 2,21 01 44,+44 40 51,90.0,FocusLynx Focuser 1,12244,12244,1.325,13.2,13.2,Manual Rotator,0.0,0.0,0.0,Starlight Xpress Filter Wheels,Ha,47.0,43.0,1014.0,20.4,273.0,9.648,2000.0,N.I.N.A. 3.1.2.9001 (x64),NGC 6997 Panel 2_Date_2025-07-15_Time_00-33-23_Type_LIGHT_Filter_Ha_Exp_600.00s_G_100_Off_10_Ecc_0.44_HFR_1.64px_FWHM_3.91_Temp_13.20_0046.xisf,1,7.64003409367509,
LIGHT,2025-07-15T00:18:30.190,2025-07-15T01:18:30.190,2025-07-15T00:23:30.802,600.0,600.0,ZWO ASI6200MM Pro,ZWO ASI6200MM Pro,100,10,0.246657639741898,1,1,-10.0,-10.0,3.76,3.76,40,66.2,52.2483888888889,-0.12325,NP101is,540.0,5.4,315.434016147853,44.679609533708,77.3152777777778,119.87797,1.02490588766475,West,NGC 6997 Panel 2,21 01 44,+44 40 51,90.0,FocusLynx Focuser 1,12194,12194,1.325,12.8,12.8,Manual Rotator,0.0,0.0,0.0,Starlight Xpress Filter Wheels,Ha,47.0,43.0,1014.0,20.4,273.0,9.648,2000.0,N.I.N.A. 3.1.2.9001 (x64),NGC 6997 Panel 2_Date_2025-07-15_Time_01-18-30_Type_LIGHT_Filter_Ha_Exp_600.00s_G_100_Off_10_Ecc_0.40_HFR_1.61px_FWHM_3.97_Temp_12.80_0050.xisf,1,7.64003409367509,
LIGHT,2025-07-15T00:28:31.479,2025-07-15T01:28:31.479,2025-07-15T00:33:32.086,600.0,600.0,ZWO ASI6200MM Pro,ZWO ASI6200MM Pro,100,10,0.246657639741898,1,1,-10.0,-10.0,3.76,3.76,40,66.2,52.2483888888889,-0.12325,NP101is,540.0,5.4,315.433997357506,44.6795690049077,78.61002,125.78588,1.01999257812499,West,NGC 6997 Panel 2,21 01 44,+44 40 51,90.0,FocusLynx Focuser 1,12194,12194,1.325,12.6,12.6,Manual Rotator,0.0,0.0,0.0,Starlight Xpress Filter Wheels,Ha,47.0,43.0,1014.0,20.4,273.0,9.648,2000.0,N.I.N.A. 3.1.2.9001 (x64),NGC 6997 Panel 2_Date_2025-07-15_Time_01-28-31_Type_LIGHT_Filter_Ha_Exp_600.00s_G_100_Off_10_Ecc_0.39_HFR_1.61px_FWHM_3.95_Temp_12.60_0051.xisf,1,7.64003409367509,
LIGHT,2025-07-15T00:38:32.747,2025-07-15T01:38:32.747,2025-07-15T00:43:33.326,600.0,600.0,ZWO ASI6200MM Pro,ZWO ASI6200MM Pro,100,10,0.246657639741898,1,1,-10.0,-10.0,3.76,3.76,40,66.2,52.2483888888889,-0.12325,NP101is,540.0,5.4,315.433907327067,44.6796186043048,79.7969722222222,132.85978,1.01598280348455,West,NGC 6997 Panel 2,21 01 44,+44 40 51,90.0,FocusLynx Focuser 1,12194,12194,1.325,12.4,12.4,Manual Rotator,0.0,0.0,0.0,Starlight Xpress Filter Wheels,Ha,47.0,43.0,1014.0,20.4,273.0,9.648,2000.0,N.I.N.A. 3.1.2.9001 (x64),NGC 6997 Panel 2_Date_2025-07-15_Time_01-38-32_Type_LIGHT_Filter_Ha_Exp_600.00s_G_100_Off_10_Ecc_0.41_HFR_1.61px_FWHM_3.93_Temp_12.40_0052.xisf,1,7.64003409367509,
LIGHT,2025-07-15T01:29:09.526,2025-07-15T02:29:09.526,2025-07-15T01:34:10.143,600.0,600.0,ZWO ASI6200MM Pro,ZWO ASI6200MM Pro,100,10,0.246657639741898,1,1,-10.0,-10.0,3.76,3.76,40,66.2,52.2483888888889,-0.12325,NP101is,540.0,5.4,315.433428763157,44.6788532332657,82.3976388888889,191.633055555556,1.00880765581694,West,NGC 6997 Panel 2,21 01 44,+44 40 51,90.0,FocusLynx Focuser 1,12194,12194,1.325,12.2,12.2,Manual Rotator,0.0,0.0,0.0,Starlight Xpress Filter Wheels,Ha,47.0,43.0,1014.0,20.4,273.0,9.648,2000.0,N.I.N.A. 3.1.2.9001 (x64),NGC 6997 Panel 2_Date_2025-07-15_Time_02-29-09_Type_LIGHT_Filter_Ha_Exp_600.00s_G_100_Off_10_Ecc_0.43_HFR_1.61px_FWHM_3.87_Temp_12.20_0057.xisf,1,7.64003409367509,
LIGHT,2025-07-15T00:48:51.377,2025-07-15T01:48:51.377,2025-07-15T00:53:51.949,600.0,600.0,ZWO ASI6200MM Pro,ZWO ASI6200MM Pro,100,10,0.246657639741898,1,1,-10.0,-10.0,3.76,3.76,40,66.2,52.2483888888889,-0.12325,NP101is,540.0,5.4,315.435182537701,44.6804158787179,80.87396,141.74813,1.01274603864409,West,NGC 6997 Panel 2,21 01 44,+44 40 51,90.0,FocusLynx Focuser 1,12194,12194,1.325,12.3,12.3,Manual Rotator,0.0,0.0,0.0,Starlight Xpress Filter Wheels,Ha,47.0,43.0,1014.0,20.4,273.0,9.648,2000.0,N.I.N.A. 3.1.2.9001 (x64),NGC 6997 Panel 2_Date_2025-07-15_Time_01-48-51_Type_LIGHT_Filter_Ha_Exp_600.00s_G_100_Off_10_Ecc_0.40_HFR_1.62px_FWHM_3.98_Temp_12.30_0053.xisf,1,7.64003409367509,
LIGHT,2025-07-15T02:35:21.585,2025-07-15T03:35:21.585,2025-07-15T02:40:22.179,600.0,600.0,ZWO ASI6200MM Pro,ZWO ASI6200MM Pro,100,10,0.246657639741898,1,1,-10.0,-10.0,3.76,3.76,40,66.2,52.2483888888889,-0.12325,NP101is,540.0,5.4,315.434265405726,44.6809215230448,75.5714166666667,246.302583333333,1.03243604362933,East,NGC 6997 Panel 2,21 01 44,+44 40 51,90.0,FocusLynx Focuser 1,12164,12164,1.325,11.9,11.9,Manual Rotator,0.0,0.0,0.0,Starlight Xpress Filter Wheels,Ha,47.0,43.0,1014.0,20.4,273.0,9.648,2000.0,N.I.N.A. 3.1.2.9001 (x64),NGC 6997 Panel 2_Date_2025-07-15_Time_03-35-21_Type_LIGHT_Filter_Ha_Exp_600.00s_G_100_Off_10_Ecc_0.43_HFR_1.61px_FWHM_4.04_Temp_11.90_0063.xisf,1,7.64003409367509,
LIGHT,2025-07-15T02:05:05.644,2025-07-15T03:05:05.644,2025-07-15T02:10:06.267,600.0,600.0,ZWO ASI6200MM Pro,ZWO ASI6200MM Pro,100,10,0.246657639741898,1,1,-10.0,-10.0,3.76,3.76,40,66.2,52.2483888888889,-0.12325,NP101is,540.0,5.4,315.434867698784,44.6810921919702,79.5171944444444,229.0115,1.01688586402032,East,NGC 6997 Panel 2,21 01 44,+44 40 51,90.0,FocusLynx Focuser 1,12164,12164,1.325,12.3,12.3,Manual Rotator,0.0,0.0,0.0,Starlight Xpress Filter Wheels,Ha,47.0,43.0,1014.0,20.4,273.0,9.648,2000.0,N.I.N.A. 3.1.2.9001 (x64),NGC 6997 Panel 2_Date_2025-07-15_Time_03-05-05_Type_LIGHT_Filter_Ha_Exp_600.00s_G_100_Off_10_Ecc_0.40_HFR_1.61px_FWHM_4.06_Temp_12.30_0060.xisf,1,7.64003409367509,
LIGHT,2025-07-15T02:15:06.949,2025-07-15T03:15:06.949,2025-07-15T02:20:07.521,600.0,600.0,ZWO ASI6200MM Pro,ZWO ASI6200MM Pro,100,10,0.246657639741898,1,1,-10.0,-10.0,3.76,3.76,40,66.2,52.2483888888889,-0.12325,NP101is,540.0,5.4,315.435061988318,44.681081299821,78.29951,235.77902,1.0211191640587,East,NGC 6997 Panel 2,21 01 44,+44 40 51,90.0,FocusLynx Focuser 1,12164,12164,1.325,12.2,12.2,Manual Rotator,0.0,0.0,0.0,Starlight Xpress Filter Wheels,Ha,47.0,43.0,1014.0,20.4,273.0,9.648,2000.0,N.I.N.A. 3.1.2.9001 (x64),NGC 6997 Panel 2_Date_2025-07-15_Time_03-15-06_Type_LIGHT_Filter_Ha_Exp_600.00s_G_100_Off_10_Ecc_0.43_HFR_1.61px_FWHM_4.05_Temp_12.20_0061.xisf,1,7.64003409367509,
LIGHT,2025-07-25T22:51:56.0314110,2025-07-25T23:51:56.0314110,2025-07-25T22:56:56.5999368,600.0,600.0,ZWO ASI6200MM Pro,ZWO ASI6200MM Pro,100,10,0.246657639741898,1,1,-10.0,-10.0,3.76,3.76,40,66.2,52.2483888888889,-0.12325,NP101is,540.0,5.4,315.433807437959,44.6798511094715,71.11338,102.73306,1.05670819539965,West,NGC 6997 Panel 2,21 01 44,+44 40 51,90.0,FocusLynx Focuser 1,12284,12284,1.325,17.8,17.8,Manual Rotator,0.0,0.0,0.0,Ascom.SxUFW (v2) ,Ha,7.0,46.0,1008.05101011758,25.36,254.0,6.444,2000.0,N.I.N.A. 3.2.0.2001 (x64),NGC 6997 Panel 2_Date_2025-07-25_Time_23-51-56_Type_LIGHT_Filter_Ha_Exp_600.00s_G_100_Off_10_Ecc_0.43_HFR_1.64px_FWHM_4.09_Temp_17.80_0073.xisf,1,13.1191349224212,14.472
LIGHT,2025-07-25T23:02:09.7815984,2025-07-26T00:02:09.7815984,2025-07-25T23:07:10.3393700,600.0,600.0,ZWO ASI6200MM Pro,ZWO ASI6200MM Pro,100,10,0.246657639741898,1,1,-10.0,-10.0,3.76,3.76,40,66.2,52.2483888888889,-0.12325,NP101is,540.0,5.4,315.433195330068,44.6804715876527,72.63277,105.94304,1.04759491479771,West,NGC 6997 Panel 2,21 01 44,+44 40 51,90.0,FocusLynx Focuser 1,12284,12284,1.325,17.6,17.6,Manual Rotator,0.0,0.0,0.0,Ascom.SxUFW (v2) ,Ha,7.0,46.0,1008.05101011758,25.36,254.0,6.444,2000.0,N.I.N.A. 3.2.0.2001 (x64),NGC 6997 Panel 2_Date_2025-07-26_Time_00-02-09_Type_LIGHT_Filter_Ha_Exp_600.00s_G_100_Off_10_Ecc_0.45_HFR_1.66px_FWHM_4.15_Temp_17.60_0074.xisf,1,13.1191349224212,14.472
LIGHT,2025-07-28T22:23:22.7511849,2025-07-28T23:23:22.7511849,2025-07-28T22:28:23.2800844,600.0,600.0,ZWO ASI6200MM Pro,ZWO ASI6200MM Pro,100,10,0.246657639741898,1,1,-2.0,-2.0,3.76,3.76,40,66.2,52.2483888888889,-0.12325,NP101is,540.0,5.4,315.433905415447,44.6809572565846,68.5921111111111,98.1501944444445,1.07387025057564,West,NGC 6997 Panel 2,21 01 44,+44 40 51,90.0,FocusLynx Focuser 1,12198,12198,1.325,15.7,15.7,Manual Rotator,0.0,0.0,0.0,Ascom.SxUFW (v2) ,Ha,78.0,66.0,1012.01971488183,18.3200000000001,343.0,14.184,2000.0,N.I.N.A. 3.2.0.2001 (x64),NGC 6997 Panel 2_Date_2025-07-28_Time_23-23-22_Type_LIGHT_Filter_Ha_Exp_600.00s_G_100_Off_10_Ecc_0.39_HFR_1.60px_FWHM_4.05_Temp_15.70_0065.xisf,1,11.9773242821181,30.024
LIGHT,2025-07-25T23:16:54.3731661,2025-07-26T00:16:54.3731661,2025-07-25T23:21:54.9488300,600.0,600.0,ZWO ASI6200MM Pro,ZWO ASI6200MM Pro,100,10,0.246657639741898,1,1,-10.0,-10.0,3.76,3.76,40,66.2,52.2483888888889,-0.12325,NP101is,540.0,5.4,315.433179923364,44.6804507599849,74.77768,111.34276,1.03621925483497,West,NGC 6997 Panel 2,21 01 44,+44 40 51,90.0,FocusLynx Focuser 1,12235,12235,1.325,17.4,17.4,Manual Rotator,0.0,0.0,0.0,Ascom.SxUFW (v2) ,Ha,7.0,46.0,1008.05101011758,25.36,254.0,6.444,2000.0,N.I.N.A. 3.2.0.2001 (x64),NGC 6997 Panel 2_Date_2025-07-26_Time_00-16-54_Type_LIGHT_Filter_Ha_Exp_600.00s_G_100_Off_10_Ecc_0.39_HFR_1.62px_FWHM_4.01_Temp_17.40_0075.xisf,1,13.1191349224212,14.472
LIGHT,2025-07-25T23:26:55.6449093,2025-07-26T00:26:55.6449093,2025-07-25T23:31:56.1803370,600.0,600.0,ZWO ASI6200MM Pro,ZWO ASI6200MM Pro,100,10,0.246657639741898,1,1,-10.0,-10.0,3.76,3.76,40,66.2,52.2483888888889,-0.12325,NP101is,540.0,5.4,315.433254548565,44.6804500519256,76.18975,115.70589,1.02964428929077,West,NGC 6997 Panel 2,21 01 44,+44 40 51,90.0,FocusLynx Focuser 1,12235,12235,1.325,17.2,17.2,Manual Rotator,0.0,0.0,0.0,Ascom.SxUFW (v2) ,Ha,7.0,46.0,1008.05101011758,25.36,254.0,6.444,2000.0,N.I.N.A. 3.2.0.2001 (x64),NGC 6997 Panel 2_Date_2025-07-26_Time_00-26-55_Type_LIGHT_Filter_Ha_Exp_600.00s_G_100_Off_10_Ecc_0.39_HFR_1.62px_FWHM_4.03_Temp_17.20_0076.xisf,1,13.1191349224212,14.472
LIGHT,2025-07-28T23:03:39.5681060,2025-07-29T00:03:39.5681060,2025-07-28T23:08:40.1115202,600.0,600.0,ZWO ASI6200MM Pro,ZWO ASI6200MM Pro,100,10,0.246657639741898,1,1,-10.0,-10.0,3.76,3.76,40,66.2,52.2483888888889,-0.12325,NP101is,540.0,5.4,315.434249936834,44.6811443206046,74.5760277777778,110.77441,1.03721654615056,West,NGC 6997 Panel 2,21 01 44,+44 40 51,90.0,FocusLynx Focuser 1,12198,12198,1.325,15.1,15.1,Manual Rotator,0.0,0.0,0.0,Ascom.SxUFW (v2) ,Ha,78.0,66.0,1012.01971488183,18.3200000000001,343.0,14.184,2000.0,N.I.N.A. 3.2.0.2001 (x64),NGC 6997 Panel 2_Date_2025-07-29_Time_00-03-39_Type_LIGHT_Filter_Ha_Exp_600.00s_G_100_Off_10_Ecc_0.41_HFR_1.62px_FWHM_3.98_Temp_15.10_0069.xisf,1,11.9773242821181,30.024
LIGHT,2025-07-28T23:13:40.8670796,2025-07-29T00:13:40.8670796,2025-07-28T23:18:41.4343672,600.0,600.0,ZWO ASI6200MM Pro,ZWO ASI6200MM Pro,100,10,0.246657639741898,1,1,-10.0,-10.0,3.76,3.76,40,66.2,52.2483888888889,-0.12325,NP101is,540.0,5.4,315.434219922911,44.6811637864268,75.99281,115.04193,1.030518820437,West,NGC 6997 Panel 2,21 01 44,+44 40 51,90.0,FocusLynx Focuser 1,12198,12198,1.325,14.8,14.8,Manual Rotator,0.0,0.0,0.0,Ascom.SxUFW (v2) ,Ha,78.0,66.0,1012.01971488183,18.3200000000001,343.0,14.184,2000.0,N.I.N.A. 3.2.0.2001 (x64),NGC 6997 Panel 2_Date_2025-07-29_Time_00-13-40_Type_LIGHT_Filter_Ha_Exp_600.00s_G_100_Off_10_Ecc_0.41_HFR_1.62px_FWHM_3.90_Temp_14.80_0070.xisf,1,11.9773242821181,30.024
LIGHT,2025-07-28T22:33:23.9276363,2025-07-28T23:33:23.9276363,2025-07-28T22:38:24.5019534,600.0,600.0,ZWO ASI6200MM Pro,ZWO ASI6200MM Pro,100,10,0.246657639741898,1,1,-2.0,-2.0,3.76,3.76,40,66.2,52.2483888888889,-0.12325,NP101is,540.0,5.4,315.434025112162,44.6809664681781,70.10635,100.80313,1.0632504110826,West,NGC 6997 Panel 2,21 01 44,+44 40 51,90.0,FocusLynx Focuser 1,12198,12198,1.325,15.5,15.5,Manual Rotator,0.0,0.0,0.0,Ascom.SxUFW (v2) ,Ha,78.0,66.0,1012.01971488183,18.3200000000001,343.0,14.184,2000.0,N.I.N.A. 3.2.0.2001 (x64),NGC 6997 Panel 2_Date_2025-07-28_Time_23-33-23_Type_LIGHT_Filter_Ha_Exp_600.00s_G_100_Off_10_Ecc_0.40_HFR_1.61px_FWHM_3.98_Temp_15.50_0066.xisf,1,11.9773242821181,30.024
LIGHT,2025-07-28T22:43:25.2795825,2025-07-28T23:43:25.2795825,2025-07-28T22:48:25.8151259,600.0,600.0,ZWO ASI6200MM Pro,ZWO ASI6200MM Pro,100,10,0.246657639741898,1,1,-6.0,-5.5,3.76,3.76,40,66.2,52.2483888888889,-0.12325,NP101is,540.0,5.4,315.43406983468,44.680945804381,71.6115833333333,103.737861111111,1.05362094461342,West,NGC 6997 Panel 2,21 01 44,+44 40 51,90.0,FocusLynx Focuser 1,12198,12198,1.325,15.5,15.5,Manual Rotator,0.0,0.0,0.0,Ascom.SxUFW (v2) ,Ha,78.0,66.0,1012.01971488183,18.3200000000001,343.0,14.184,2000.0,N.I.N.A. 3.2.0.2001 (x64),NGC 6997 Panel 2_Date_2025-07-28_Time_23-43-25_Type_LIGHT_Filter_Ha_Exp_600.00s_G_100_Off_10_Ecc_0.40_HFR_1.62px_FWHM_3.96_Temp_15.50_0067.xisf,1,11.9773242821181,30.024
LIGHT,2025-09-11T01:19:22.8995335,2025-09-11T02:19:22.8995335,2025-09-11T01:24:23.4669603,600.0,600.0,ZWO ASI6200MM Pro,ZWOptical_ZWO ASI6200MM Pro_,100,10,0.246657639741898,1,1,-10.0,-10.0,3.76,3.76,40,66.2,52.2483888888889,-0.12325,NP101is,540.0,5.4,315.434337294341,44.6800223318033,52.61865,281.83629,1.25770798417684,East,NGC 6997 Panel 2,21 01 44,+44 40 51,90.0,FocusLynx Focuser 1,11700,11700,1.325,10.4,10.4,Manual Rotator,0.0,0.0,0.0,Ascom.SxUFW (v2) ,OIII,77.0,92.0,990.191838678492,15.15,191.0,9.648,2000.0,N.I.N.A. 3.2.0.2007 (x64),NGC 6997 Panel 2_Date_2025-09-11_Time_02-19-22_Type_LIGHT_Filter_OIII_Exp_600.00s_G_100_Off_10_Ecc_0.44_HFR_1.62px_FWHM_3.78_Temp_10.40_0010.xisf,1,13.883467569856,19.296
LIGHT,2025-09-11T01:59:40.9203699,2025-09-11T02:59:40.9203699,2025-09-11T02:04:41.4602018,600.0,600.0,ZWO ASI6200MM Pro,ZWOptical_ZWO ASI6200MM Pro_,100,10,0.246657639741898,1,1,-10.0,-10.0,3.76,3.76,40,66.2,52.2483888888889,-0.12325,NP101is,540.0,5.4,315.433051914955,44.6802823605328,46.64468,287.96549,1.37409145701454,East,NGC 6997 Panel 2,21 01 44,+44 40 51,90.0,FocusLynx Focuser 1,11700,11700,1.325,9.7,9.7,Manual Rotator,0.0,0.0,0.0,Ascom.SxUFW (v2) ,OIII,77.0,92.0,990.191838678492,15.15,191.0,9.648,2000.0,N.I.N.A. 3.2.0.2007 (x64),NGC 6997 Panel 2_Date_2025-09-11_Time_02-59-40_Type_LIGHT_Filter_OIII_Exp_600.00s_G_100_Off_10_Ecc_0.45_HFR_1.64px_FWHM_3.86_Temp_9.70_0014.xisf,1,13.883467569856,19.296
LIGHT,2025-07-28T23:23:54.5887738,2025-07-29T00:23:54.5887738,2025-07-28T23:28:55.1455253,600.0,600.0,ZWO ASI6200MM Pro,ZWO ASI6200MM Pro,100,10,0.246657639741898,1,1,-10.0,-10.0,3.76,3.76,40,66.2,52.2483888888889,-0.12325,NP101is,540.0,5.4,315.433971352853,44.6829736727367,77.38594,120.1382,1.02462301261852,West,NGC 6997 Panel 2,21 01 44,+44 40 51,90.0,FocusLynx Focuser 1,12198,12198,1.325,14.7,14.7,Manual Rotator,0.0,0.0,0.0,Ascom.SxUFW (v2) ,Ha,78.0,66.0,1012.01971488183,18.3200000000001,343.0,14.184,2000.0,N.I.N.A. 3.2.0.2001 (x64),NGC 6997 Panel 2_Date_2025-07-29_Time_00-23-54_Type_LIGHT_Filter_Ha_Exp_600.00s_G_100_Off_10_Ecc_0.40_HFR_1.62px_FWHM_3.93_Temp_14.70_0071.xisf,1,11.9773242821181,30.024
LIGHT,2025-07-28T23:54:12.7256286,2025-07-29T00:54:12.7256286,2025-07-28T23:59:13.2488119,600.0,600.0,ZWO ASI6200MM Pro,ZWO ASI6200MM Pro,100,10,0.246657639741898,1,1,-10.0,-10.0,3.76,3.76,40,66.2,52.2483888888889,-0.12325,NP101is,540.0,5.4,315.433678715365,44.6806923258408,80.91864,142.17961,1.0126199170308,West,NGC 6997 Panel 2,21 01 44,+44 40 51,90.0,FocusLynx Focuser 1,12198,12198,1.325,14.1,14.1,Manual Rotator,0.0,0.0,0.0,Ascom.SxUFW (v2) ,Ha,78.0,66.0,1012.01971488183,18.3200000000001,343.0,14.184,2000.0,N.I.N.A. 3.2.0.2001 (x64),NGC 6997 Panel 2_Date_2025-07-29_Time_00-54-12_Type_LIGHT_Filter_Ha_Exp_600.00s_G_100_Off_10_Ecc_0.43_HFR_1.63px_FWHM_3.94_Temp_14.10_0074.xisf,1,11.9773242821181,30.024
LIGHT,2025-07-28T23:33:55.9037739,2025-07-29T00:33:55.9037739,2025-07-28T23:38:56.4404403,600.0,600.0,ZWO ASI6200MM Pro,ZWO ASI6200MM Pro,100,10,0.246657639741898,1,1,-10.0,-10.0,3.76,3.76,40,66.2,52.2483888888889,-0.12325,NP101is,540.0,5.4,315.433986262479,44.6829930634183,78.6705833333333,126.068472222222,1.01977661837862,West,NGC 6997 Panel 2,21 01 44,+44 40 51,90.0,FocusLynx Focuser 1,12198,12198,1.325,14.4,14.4,Manual Rotator,0.0,0.0,0.0,Ascom.SxUFW (v2) ,Ha,78.0,66.0,1012.01971488183,18.3200000000001,343.0,14.184,2000.0,N.I.N.A. 3.2.0.2001 (x64),NGC 6997 Panel 2_Date_2025-07-29_Time_00-33-55_Type_LIGHT_Filter_Ha_Exp_600.00s_G_100_Off_10_Ecc_0.41_HFR_1.61px_FWHM_3.89_Temp_14.40_0072.xisf,1,11.9773242821181,30.024
LIGHT,2025-07-28T23:43:57.1249943,2025-07-29T00:43:57.1249943,2025-07-28T23:48:57.6591102,600.0,600.0,ZWO ASI6200MM Pro,ZWO ASI6200MM Pro,100,10,0.246657639741898,1,1,-10.0,-10.0,3.76,3.76,40,66.2,52.2483888888889,-0.12325,NP101is,540.0,5.4,315.434015976355,44.6829624237172,79.8581944444444,133.248972222222,1.01578863101839,West,NGC 6997 Panel 2,21 01 44,+44 40 51,90.0,FocusLynx Focuser 1,12198,12198,1.325,14.3,14.3,Manual Rotator,0.0,0.0,0.0,Ascom.SxUFW (v2) ,Ha,78.0,66.0,1012.01971488183,18.3200000000001,343.0,14.184,2000.0,N.I.N.A. 3.2.0.2001 (x64),NGC 6997 Panel 2_Date_2025-07-29_Time_00-43-57_Type_LIGHT_Filter_Ha_Exp_600.00s_G_100_Off_10_Ecc_0.42_HFR_1.62px_FWHM_3.92_Temp_14.30_0073.xisf,1,11.9773242821181,30.024
LIGHT,2025-09-11T01:09:21.6563660,2025-09-11T02:09:21.6563660,2025-09-11T01:14:22.1900749,600.0,600.0,ZWO ASI6200MM Pro,ZWOptical_ZWO ASI6200MM Pro_,100,10,0.246657639741898,1,1,-10.0,-10.0,3.76,3.76,40,66.2,52.2483888888889,-0.12325,NP101is,540.0,5.4,315.434456935782,44.6800826678874,54.1227,280.25115,1.23346429821671,East,NGC 6997 Panel 2,21 01 44,+44 40 51,90.0,FocusLynx Focuser 1,11700,11700,1.325,10.4,10.4,Manual Rotator,0.0,0.0,0.0,Ascom.SxUFW (v2) ,OIII,77.0,92.0,990.191838678492,15.15,191.0,9.648,2000.0,N.I.N.A. 3.2.0.2007 (x64),NGC 6997 Panel 2_Date_2025-09-11_Time_02-09-21_Type_LIGHT_Filter_OIII_Exp_600.00s_G_100_Off_10_Ecc_0.45_HFR_1.62px_FWHM_3.79_Temp_10.40_0009.xisf,1,13.883467569856,19.296
LIGHT,2025-09-11T01:39:38.3782967,2025-09-11T02:39:38.3782967,2025-09-11T01:44:38.9313956,600.0,600.0,ZWO ASI6200MM Pro,ZWOptical_ZWO ASI6200MM Pro_,100,10,0.246657639741898,1,1,-10.0,-10.0,3.76,3.76,40,66.2,52.2483888888889,-0.12325,NP101is,540.0,5.4,315.432976323549,44.6802735856292,49.59406,284.96236,1.31228240188,East,NGC 6997 Panel 2,21 01 44,+44 40 51,90.0,FocusLynx Focuser 1,11700,11700,1.325,10.0,10.0,Manual Rotator,0.0,0.0,0.0,Ascom.SxUFW (v2) ,OIII,77.0,92.0,990.191838678492,15.15,191.0,9.648,2000.0,N.I.N.A. 3.2.0.2007 (x64),NGC 6997 Panel 2_Date_2025-09-11_Time_02-39-38_Type_LIGHT_Filter_OIII_Exp_600.00s_G_100_Off_10_Ecc_0.44_HFR_1.63px_FWHM_3.85_Temp_10.00_0012.xisf,1,13.883467569856,19.296
LIGHT,2025-09-11T01:29:24.1451500,2025-09-11T02:29:24.1451500,2025-09-11T01:34:24.7140580,600.0,600.0,ZWO ASI6200MM Pro,ZWOptical_ZWO ASI6200MM Pro_,100,10,0.246657639741898,1,1,-10.0,-10.0,3.76,3.76,40,66.2,52.2483888888889,-0.12325,NP101is,540.0,5.4,315.434397534448,44.6800216800409,51.1142777777778,283.39896,1.28382784838894,East,NGC 6997 Panel 2,21 01 44,+44 40 51,90.0,FocusLynx Focuser 1,11700,11700,1.325,10.2,10.2,Manual Rotator,0.0,0.0,0.0,Ascom.SxUFW (v2) ,OIII,77.0,92.0,990.191838678492,15.15,191.0,9.648,2000.0,N.I.N.A. 3.2.0.2007 (x64),NGC 6997 Panel 2_Date_2025-09-11_Time_02-29-24_Type_LIGHT_Filter_OIII_Exp_600.00s_G_100_Off_10_Ecc_0.45_HFR_1.63px_FWHM_3.85_Temp_10.20_0011.xisf,1,13.883467569856,19.296
LIGHT,2025-09-11T01:49:39.6740936,2025-09-11T02:49:39.6740936,2025-09-11T01:54:40.2092440,600.0,600.0,ZWO ASI6200MM Pro,ZWOptical_ZWO ASI6200MM Pro_,100,10,0.246657639741898,1,1,-10.0,-10.0,3.76,3.76,40,66.2,52.2483888888889,-0.12325,NP101is,540.0,5.4,315.433036562492,44.6802729331252,48.11037,286.4762,1.34222248714394,East,NGC 6997 Panel 2,21 01 44,+44 40 51,90.0,FocusLynx Focuser 1,11700,11700,1.325,9.9,9.9,Manual Rotator,0.0,0.0,0.0,Ascom.SxUFW (v2) ,OIII,77.0,92.0,990.191838678492,15.15,191.0,9.648,2000.0,N.I.N.A. 3.2.0.2007 (x64),NGC 6997 Panel 2_Date_2025-09-11_Time_02-49-39_Type_LIGHT_Filter_OIII_Exp_600.00s_G_100_Off_10_Ecc_0.45_HFR_1.63px_FWHM_3.89_Temp_9.90_0013.xisf,1,13.883467569856,19.296
LIGHT,2025-09-11T03:14:58.8893144,2025-09-11T04:14:58.8893144,2025-09-11T03:19:59.4951477,600.0,600.0,ZWO ASI6200MM Pro,ZWOptical_ZWO ASI6200MM Pro_,100,10,0.246657639741898,1,1,-10.0,-9.9,3.76,3.76,40,66.2,52.2483888888889,-0.12325,NP101is,540.0,5.4,315.433891292203,44.6797856749791,36.0620555555556,298.899638888889,1.69571169815087,East,NGC 6997 Panel 2,21 01 44,+44 40 51,90.0,FocusLynx Focuser 1,11683,11683,1.325,8.9,8.9,Manual Rotator,0.0,0.0,0.0,Ascom.SxUFW (v2) ,OIII,77.0,92.0,990.191838678492,15.15,191.0,9.648,2000.0,N.I.N.A. 3.2.0.2007 (x64),NGC 6997 Panel 2_Date_2025-09-11_Time_04-14-58_Type_LIGHT_Filter_OIII_Exp_600.00s_G_100_Off_10_Ecc_0.40_HFR_1.63px_FWHM_4.02_Temp_8.90_0021.xisf,1,13.883467569856,19.296
LIGHT,2025-09-11T02:14:13.2526664,2025-09-11T03:14:13.2526664,2025-09-11T02:19:13.8355131,600.0,600.0,ZWO ASI6200MM Pro,ZWOptical_ZWO ASI6200MM Pro_,100,10,0.246657639741898,1,1,-10.0,-10.0,3.76,3.76,40,66.2,52.2483888888889,-0.12325,NP101is,540.0,5.4,315.434339568837,44.6801293330475,44.53228,290.10921,1.42445825758669,East,NGC 6997 Panel 2,21 01 44,+44 40 51,90.0,FocusLynx Focuser 1,11683,11683,1.325,9.6,9.6,Manual Rotator,0.0,0.0,0.0,Ascom.SxUFW (v2) ,OIII,77.0,92.0,990.191838678492,15.15,191.0,9.648,2000.0,N.I.N.A. 3.2.0.2007 (x64),NGC 6997 Panel 2_Date_2025-09-11_Time_03-14-13_Type_LIGHT_Filter_OIII_Exp_600.00s_G_100_Off_10_Ecc_0.40_HFR_1.62px_FWHM_3.98_Temp_9.60_0015.xisf,1,13.883467569856,19.296
LIGHT,2025-09-11T02:24:14.5303617,2025-09-11T03:24:14.5303617,2025-09-11T02:29:15.0965308,600.0,600.0,ZWO ASI6200MM Pro,ZWOptical_ZWO ASI6200MM Pro_,100,10,0.246657639741898,1,1,-10.0,-10.0,3.76,3.76,40,66.2,52.2483888888889,-0.12325,NP101is,540.0,5.4,315.434384830814,44.6801287085009,43.10007,291.56656,1.4619150483463,East,NGC 6997 Panel 2,21 01 44,+44 40 51,90.0,FocusLynx Focuser 1,11683,11683,1.325,9.4,9.4,Manual Rotator,0.0,0.0,0.0,Ascom.SxUFW (v2) ,OIII,77.0,92.0,990.191838678492,15.15,191.0,9.648,2000.0,N.I.N.A. 3.2.0.2007 (x64),NGC 6997 Panel 2_Date_2025-09-11_Time_03-24-14_Type_LIGHT_Filter_OIII_Exp_600.00s_G_100_Off_10_Ecc_0.39_HFR_1.62px_FWHM_3.99_Temp_9.40_0016.xisf,1,13.883467569856,19.296
LIGHT,2025-09-11T03:35:01.5413736,2025-09-11T04:35:01.5413736,2025-09-11T03:40:02.0912141,600.0,600.0,ZWO ASI6200MM Pro,ZWOptical_ZWO ASI6200MM Pro_,100,10,0.246657639741898,1,1,-10.0,-9.9,3.76,3.76,40,66.2,52.2483888888889,-0.12325,NP101is,540.0,5.4,315.433936998105,44.679815607426,33.41028,301.7956,1.8121187471347,East,NGC 6997 Panel 2,21 01 44,+44 40 51,90.0,FocusLynx Focuser 1,11683,11683,1.325,8.8,8.8,Manual Rotator,0.0,0.0,0.0,Ascom.SxUFW (v2) ,OIII,77.0,92.0,990.191838678492,15.15,191.0,9.648,2000.0,N.I.N.A. 3.2.0.2007 (x64),NGC 6997 Panel 2_Date_2025-09-11_Time_04-35-01_Type_LIGHT_Filter_OIII_Exp_600.00s_G_100_Off_10_Ecc_0.40_HFR_1.62px_FWHM_3.95_Temp_8.80_0023.xisf,1,13.883467569856,19.296
LIGHT,2025-09-11T21:26:23.7293998,2025-09-11T22:26:23.7293998,2025-09-11T21:31:24.2892408,600.0,600.0,ZWO ASI6200MM Pro,ZWOptical_ZWO ASI6200MM Pro_,100,10,0.246657639741898,1,1,-10.0,-10.0,3.76,3.76,40,66.2,52.2483888888889,-0.12325,NP101is,540.0,5.4,315.435351584304,44.6809326944891,82.53012,177.01441,1.00850029086646,West,NGC 6997 Panel 2,21 01 44,+44 40 51,90.0,FocusLynx Focuser 1,11690,11690,1.325,10.2,10.2,Manual Rotator,0.0,0.0,0.0,Ascom.SxUFW (v2) ,OIII,100.0,73.0,996.144895824855,13.63,205.0,9.648,2000.0,N.I.N.A. 3.2.0.2007 (x64),NGC 6997 Panel 2_Date_2025-09-11_Time_22-26-23_Type_LIGHT_Filter_OIII_Exp_600.00s_G_100_Off_10_Ecc_0.51_HFR_1.62px_FWHM_3.79_Temp_10.20_0034.xisf,1,8.9730140965334,20.916
LIGHT,2025-09-11T20:56:05.7473972,2025-09-11T21:56:05.7473972,2025-09-11T21:01:06.2903598,600.0,600.0,ZWO ASI6200MM Pro,ZWOptical_ZWO ASI6200MM Pro_,100,10,0.246657639741898,1,1,-10.0,-10.0,3.76,3.76,40,66.2,52.2483888888889,-0.12325,NP101is,540.0,5.4,315.434048201796,44.6809667022215,80.80911,141.04409,1.01293024655598,West,NGC 6997 Panel 2,21 01 44,+44 40 51,90.0,FocusLynx Focuser 1,11690,11690,1.325,10.5,10.5,Manual Rotator,0.0,0.0,0.0,Ascom.SxUFW (v2) ,OIII,100.0,73.0,996.144895824855,13.63,205.0,9.648,2000.0,N.I.N.A. 3.2.0.2007 (x64),NGC 6997 Panel 2_Date_2025-09-11_Time_21-56-05_Type_LIGHT_Filter_OIII_Exp_600.00s_G_100_Off_10_Ecc_0.48_HFR_1.61px_FWHM_3.80_Temp_10.50_0031.xisf,1,8.9730140965334,20.916
LIGHT,2025-09-11T21:16:22.4688636,2025-09-11T22:16:22.4688636,2025-09-11T21:21:23.0353612,600.0,600.0,ZWO ASI6200MM Pro,ZWOptical_ZWO ASI6200MM Pro_,100,10,0.246657639741898,1,1,-10.0,-10.0,3.76,3.76,40,66.2,52.2483888888889,-0.12325,NP101is,540.0,5.4,315.43536624268,44.6809232473011,82.27093,163.65837,1.00910684898653,West,NGC 6997 Panel 2,21 01 44,+44 40 51,90.0,FocusLynx Focuser 1,11690,11690,1.325,10.4,10.4,Manual Rotator,0.0,0.0,0.0,Ascom.SxUFW (v2) ,OIII,100.0,73.0,996.144895824855,13.63,205.0,9.648,2000.0,N.I.N.A. 3.2.0.2007 (x64),NGC 6997 Panel 2_Date_2025-09-11_Time_22-16-22_Type_LIGHT_Filter_OIII_Exp_600.00s_G_100_Off_10_Ecc_0.49_HFR_1.62px_FWHM_3.78_Temp_10.40_0033.xisf,1,8.9730140965334,20.916
LIGHT,2025-09-11T02:54:34.7533218,2025-09-11T03:54:34.7533218,2025-09-11T02:59:35.3200822,600.0,600.0,ZWO ASI6200MM Pro,ZWOptical_ZWO ASI6200MM Pro_,100,10,0.246657639741898,1,1,-10.0,-10.0,3.76,3.76,40,66.2,52.2483888888889,-0.12325,NP101is,540.0,5.4,315.43613731812,44.6800140097638,38.8402222222222,295.95658,1.59215467153668,East,NGC 6997 Panel 2,21 01 44,+44 40 51,90.0,FocusLynx Focuser 1,11683,11683,1.325,9.1,9.1,Manual Rotator,0.0,0.0,0.0,Ascom.SxUFW (v2) ,OIII,77.0,92.0,990.191838678492,15.15,191.0,9.648,2000.0,N.I.N.A. 3.2.0.2007 (x64),NGC 6997 Panel 2_Date_2025-09-11_Time_03-54-34_Type_LIGHT_Filter_OIII_Exp_600.00s_G_100_Off_10_Ecc_0.40_HFR_1.62px_FWHM_3.97_Temp_9.10_0019.xisf,1,13.883467569856,19.296
LIGHT,2025-09-11T20:46:04.5305854,2025-09-11T21:46:04.5305854,2025-09-11T20:51:05.0800374,600.0,600.0,ZWO ASI6200MM Pro,ZWOptical_ZWO ASI6200MM Pro_,100,10,0.246657639741898,1,1,-10.0,-10.0,3.76,3.76,40,66.2,52.2483888888889,-0.12325,NP101is,540.0,5.4,315.433958048122,44.6809574375243,79.75264,132.49959,1.01612417758274,West,NGC 6997 Panel 2,21 01 44,+44 40 51,90.0,FocusLynx Focuser 1,11690,11690,1.325,10.7,10.7,Manual Rotator,0.0,0.0,0.0,Ascom.SxUFW (v2) ,OIII,100.0,73.0,996.144895824855,13.63,205.0,9.648,2000.0,N.I.N.A. 3.2.0.2007 (x64),NGC 6997 Panel 2_Date_2025-09-11_Time_21-46-04_Type_LIGHT_Filter_OIII_Exp_600.00s_G_100_Off_10_Ecc_0.43_HFR_1.61px_FWHM_3.77_Temp_10.70_0030.xisf,1,8.9730140965334,20.916
LIGHT,2025-09-11T02:34:15.8551969,2025-09-11T03:34:15.8551969,2025-09-11T02:39:16.4105489,600.0,600.0,ZWO ASI6200MM Pro,ZWOptical_ZWO ASI6200MM Pro_,100,10,0.246657639741898,1,1,-10.0,-10.0,3.76,3.76,40,66.2,52.2483888888889,-0.12325,NP101is,540.0,5.4,315.434415326093,44.6801881072866,41.67791,293.02087,1.50205504228758,East,NGC 6997 Panel 2,21 01 44,+44 40 51,90.0,FocusLynx Focuser 1,11683,11683,1.325,9.3,9.3,Manual Rotator,0.0,0.0,0.0,Ascom.SxUFW (v2) ,OIII,77.0,92.0,990.191838678492,15.15,191.0,9.648,2000.0,N.I.N.A. 3.2.0.2007 (x64),NGC 6997 Panel 2_Date_2025-09-11_Time_03-34-15_Type_LIGHT_Filter_OIII_Exp_600.00s_G_100_Off_10_Ecc_0.41_HFR_1.61px_FWHM_3.91_Temp_9.30_0017.xisf,1,13.883467569856,19.296
LIGHT,2025-09-11T03:04:36.0716959,2025-09-11T04:04:36.0716959,2025-09-11T03:09:36.5867224,600.0,600.0,ZWO ASI6200MM Pro,ZWOptical_ZWO ASI6200MM Pro_,100,10,0.246657639741898,1,1,-10.0,-10.0,3.76,3.76,40,66.2,52.2483888888889,-0.12325,NP101is,540.0,5.4,315.436122721154,44.6800234865316,37.4683055555556,297.39959,1.64118869779895,East,NGC 6997 Panel 2,21 01 44,+44 40 51,90.0,FocusLynx Focuser 1,11683,11683,1.325,9.0,9.0,Manual Rotator,0.0,0.0,0.0,Ascom.SxUFW (v2) ,OIII,77.0,92.0,990.191838678492,15.15,191.0,9.648,2000.0,N.I.N.A. 3.2.0.2007 (x64),NGC 6997 Panel 2_Date_2025-09-11_Time_04-04-36_Type_LIGHT_Filter_OIII_Exp_600.00s_G_100_Off_10_Ecc_0.41_HFR_1.63px_FWHM_3.98_Temp_9.00_0020.xisf,1,13.883467569856,19.296
LIGHT,2025-09-11T21:06:07.0196845,2025-09-11T22:06:07.0196845,2025-09-11T21:11:07.5464349,600.0,600.0,ZWO ASI6200MM Pro,ZWOptical_ZWO ASI6200MM Pro_,100,10,0.246657639741898,1,1,-10.0,-10.0,3.76,3.76,40,66.2,52.2483888888889,-0.12325,NP101is,540.0,5.4,315.433928735337,44.6809763300674,81.66845,151.34754,1.01059952792802,West,NGC 6997 Panel 2,21 01 44,+44 40 51,90.0,FocusLynx Focuser 1,11690,11690,1.325,10.4,10.4,Manual Rotator,0.0,0.0,0.0,Ascom.SxUFW (v2) ,OIII,100.0,73.0,996.144895824855,13.63,205.0,9.648,2000.0,N.I.N.A. 3.2.0.2007 (x64),NGC 6997 Panel 2_Date_2025-09-11_Time_22-06-07_Type_LIGHT_Filter_OIII_Exp_600.00s_G_100_Off_10_Ecc_0.50_HFR_1.62px_FWHM_3.75_Temp_10.40_0032.xisf,1,8.9730140965334,20.916
LIGHT,2025-09-11T02:44:33.5080127,2025-09-11T03:44:33.5080127,2025-09-11T02:49:34.0667216,600.0,600.0,ZWO ASI6200MM Pro,ZWOptical_ZWO ASI6200MM Pro_,100,10,0.246657639741898,1,1,-10.0,-10.0,3.76,3.76,40,66.2,52.2483888888889,-0.12325,NP101is,540.0,5.4,315.436092124809,44.6800346379203,40.2336111111111,294.50789,1.54613258019932,East,NGC 6997 Panel 2,21 01 44,+44 40 51,90.0,FocusLynx Focuser 1,11683,11683,1.325,9.2,9.2,Manual Rotator,0.0,0.0,0.0,Ascom.SxUFW (v2) ,OIII,77.0,92.0,990.191838678492,15.15,191.0,9.648,2000.0,N.I.N.A. 3.2.0.2007 (x64),NGC 6997 Panel 2_Date_2025-09-11_Time_03-44-33_Type_LIGHT_Filter_OIII_Exp_600.00s_G_100_Off_10_Ecc_0.42_HFR_1.61px_FWHM_3.93_Temp_9.20_0018.xisf,1,13.883467569856,19.296
LIGHT,2025-09-11T21:36:25.0514124,2025-09-11T22:36:25.0514124,2025-09-11T21:41:25.5993320,600.0,600.0,ZWO ASI6200MM Pro,ZWOptical_ZWO ASI6200MM Pro_,100,10,0.246657639741898,1,1,-10.0,-10.0,3.76,3.76,40,66.2,52.2483888888889,-0.12325,NP101is,540.0,5.4,315.435351795395,44.6809121158055,82.42713,190.6313,1.00873875199802,West,NGC 6997 Panel 2,21 01 44,+44 40 51,90.0,FocusLynx Focuser 1,11690,11690,1.325,10.0,10.0,Manual Rotator,0.0,0.0,0.0,Ascom.SxUFW (v2) ,OIII,100.0,73.0,996.144895824855,13.63,205.0,9.648,2000.0,N.I.N.A. 3.2.0.2007 (x64),NGC 6997 Panel 2_Date_2025-09-11_Time_22-36-25_Type_LIGHT_Filter_OIII_Exp_600.00s_G_100_Off_10_Ecc_0.48_HFR_1.62px_FWHM_3.89_Temp_10.00_0035.xisf,1,8.9730140965334,20.916
LIGHT,2025-09-11T21:52:24.3887436,2025-09-11T22:52:24.3887436,2025-09-11T21:57:25.0302660,600.0,600.0,ZWO ASI6200MM Pro,ZWOptical_ZWO ASI6200MM Pro_,100,10,0.246657639741898,1,1,-10.0,-10.0,3.76,3.76,40,66.2,52.2483888888889,-0.12325,NP101is,540.0,5.4,315.431188352684,44.6804984131863,81.55977,210.23613,1.01088115666979,East,NGC 6997 Panel 2,21 01 44,+44 40 51,90.0,FocusLynx Focuser 1,11651,11651,1.325,9.9,9.9,Manual Rotator,0.0,0.0,0.0,Ascom.SxUFW (v2) ,OIII,100.0,73.0,996.144895824855,13.63,205.0,9.648,2000.0,N.I.N.A. 3.2.0.2007 (x64),NGC 6997 Panel 2_Date_2025-09-11_Time_22-52-24_Type_LIGHT_Filter_OIII_Exp_600.00s_G_100_Off_10_Ecc_0.41_HFR_1.61px_FWHM_3.79_Temp_9.90_0036.xisf,1,8.9730140965334,20.916
LIGHT,2025-09-11T22:02:25.7872587,2025-09-11T23:02:25.7872587,2025-09-11T22:07:26.4181830,600.0,600.0,ZWO ASI6200MM Pro,ZWOptical_ZWO ASI6200MM Pro_,100,10,0.246657639741898,1,1,-10.0,-10.0,3.76,3.76,40,66.2,52.2483888888889,-0.12325,NP101is,540.0,5.4,315.431083787789,44.6804880140109,80.66825,220.27936,1.01333506308643,East,NGC 6997 Panel 2,21 01 44,+44 40 51,90.0,FocusLynx Focuser 1,11651,11651,1.325,9.8,9.8,Manual Rotator,0.0,0.0,0.0,Ascom.SxUFW (v2) ,OIII,100.0,73.0,996.144895824855,13.63,205.0,9.648,2000.0,N.I.N.A. 3.2.0.2007 (x64),NGC 6997 Panel 2_Date_2025-09-11_Time_23-02-25_Type_LIGHT_Filter_OIII_Exp_600.00s_G_100_Off_10_Ecc_0.42_HFR_1.62px_FWHM_3.82_Temp_9.80_0037.xisf,1,8.9730140965334,20.916
LIGHT,2025-09-11T22:12:27.1618562,2025-09-11T23:12:27.1618562,2025-09-11T22:17:27.7592494,600.0,600.0,ZWO ASI6200MM Pro,ZWOptical_ZWO ASI6200MM Pro_,100,10,0.246657639741898,1,1,-10.0,-10.0,3.76,3.76,40,66.2,52.2483888888889,-0.12325,NP101is,540.0,5.4,315.431218718432,44.6804572009494,79.59116,228.57351,1.0166446083334,East,NGC 6997 Panel 2,21 01 44,+44 40 51,90.0,FocusLynx Focuser 1,11651,11651,1.325,9.7,9.7,Manual Rotator,0.0,0.0,0.0,Ascom.SxUFW (v2) ,OIII,100.0,73.0,996.144895824855,13.63,205.0,9.648,2000.0,N.I.N.A. 3.2.0.2007 (x64),NGC 6997 Panel 2_Date_2025-09-11_Time_23-12-27_Type_LIGHT_Filter_OIII_Exp_600.00s_G_100_Off_10_Ecc_0.41_HFR_1.61px_FWHM_3.85_Temp_9.70_0038.xisf,1,8.9730140965334,20.916
LIGHT,2025-09-12T00:13:35.5512559,2025-09-12T01:13:35.5512559,2025-09-12T00:18:36.1094137,600.0,600.0,ZWO ASI6200MM Pro,ZWOptical_ZWO ASI6200MM Pro_,100,10,0.246657639741898,1,1,-10.0,-10.0,3.76,3.76,40,66.2,52.2483888888889,-0.12325,NP101is,540.0,5.4,315.432860119438,44.682207321746,62.02246,271.24734,1.13194782089576,East,NGC 6997 Panel 2,21 01 44,+44 40 51,90.0,FocusLynx Focuser 1,11651,11651,1.325,9.5,9.5,Manual Rotator,0.0,0.0,0.0,Ascom.SxUFW (v2) ,OIII,100.0,73.0,996.144895824855,13.63,205.0,9.648,2000.0,N.I.N.A. 3.2.0.2007 (x64),NGC 6997 Panel 2_Date_2025-09-12_Time_01-13-35_Type_LIGHT_Filter_OIII_Exp_600.00s_G_100_Off_10_Ecc_0.42_HFR_1.61px_FWHM_3.83_Temp_9.50_0050.xisf,1,8.9730140965334,20.916
LIGHT,2025-09-12T00:23:48.4123458,2025-09-12T01:23:48.4123458,2025-09-12T00:28:48.9488175,600.0,600.0,ZWO ASI6200MM Pro,ZWOptical_ZWO ASI6200MM Pro_,100,10,0.246657639741898,1,1,-10.0,-10.0,3.76,3.76,40,66.2,52.2483888888889,-0.12325,NP101is,540.0,5.4,315.433203948294,44.6819661337005,60.45717,273.16094,1.14900930586567,East,NGC 6997 Panel 2,21 01 44,+44 40 51,90.0,FocusLynx Focuser 1,11651,11651,1.325,9.4,9.4,Manual Rotator,0.0,0.0,0.0,Ascom.SxUFW (v2) ,OIII,100.0,73.0,996.144895824855,13.63,205.0,9.648,2000.0,N.I.N.A. 3.2.0.2007 (x64),NGC 6997 Panel 2_Date_2025-09-12_Time_01-23-48_Type_LIGHT_Filter_OIII_Exp_600.00s_G_100_Off_10_Ecc_0.42_HFR_1.62px_FWHM_3.87_Temp_9.40_0051.xisf,1,8.9730140965334,20.916
LIGHT,2025-09-12T00:03:34.2323008,2025-09-12T01:03:34.2323008,2025-09-12T00:08:34.7919607,600.0,600.0,ZWO ASI6200MM Pro,ZWOptical_ZWO ASI6200MM Pro_,100,10,0.246657639741898,1,1,-10.0,-10.0,3.76,3.76,40,66.2,52.2483888888889,-0.12325,NP101is,540.0,5.4,315.432814996893,44.6822279824381,63.56153,269.27238,1.11645769903416,East,NGC 6997 Panel 2,21 01 44,+44 40 51,90.0,FocusLynx Focuser 1,11651,11651,1.325,9.6,9.6,Manual Rotator,0.0,0.0,0.0,Ascom.SxUFW (v2) ,OIII,100.0,73.0,996.144895824855,13.63,205.0,9.648,2000.0,N.I.N.A. 3.2.0.2007 (x64),NGC 6997 Panel 2_Date_2025-09-12_Time_01-03-34_Type_LIGHT_Filter_OIII_Exp_600.00s_G_100_Off_10_Ecc_0.40_HFR_1.62px_FWHM_3.90_Temp_9.60_0049.xisf,1,8.9730140965334,20.916
LIGHT,2025-09-12T01:14:12.7592599,2025-09-12T02:14:12.7592599,2025-09-12T01:19:13.3092483,600.0,600.0,ZWO ASI6200MM Pro,ZWOptical_ZWO ASI6200MM Pro_,100,10,0.246657639741898,1,1,-10.0,-10.0,3.76,3.76,40,66.2,52.2483888888889,-0.12325,NP101is,540.0,5.4,315.433608717106,44.6817125033709,52.79984,281.65024,1.25469119155102,East,NGC 6997 Panel 2,21 01 44,+44 40 51,90.0,FocusLynx Focuser 1,11651,11651,1.325,8.7,8.7,Manual Rotator,0.0,0.0,0.0,Ascom.SxUFW (v2) ,OIII,100.0,73.0,996.144895824855,13.63,205.0,9.648,2000.0,N.I.N.A. 3.2.0.2007 (x64),NGC 6997 Panel 2_Date_2025-09-12_Time_02-14-12_Type_LIGHT_Filter_OIII_Exp_600.00s_G_100_Off_10_Ecc_0.47_HFR_1.62px_FWHM_3.71_Temp_8.70_0056.xisf,1,8.9730140965334,20.916
LIGHT,2025-09-12T01:04:11.4705024,2025-09-12T02:04:11.4705024,2025-09-12T01:09:12.0214967,600.0,600.0,ZWO ASI6200MM Pro,ZWOptical_ZWO ASI6200MM Pro_,100,10,0.246657639741898,1,1,-10.0,-10.0,3.76,3.76,40,66.2,52.2483888888889,-0.12325,NP101is,540.0,5.4,315.433593440287,44.681703113291,54.31056,280.05481,1.23056054480097,East,NGC 6997 Panel 2,21 01 44,+44 40 51,90.0,FocusLynx Focuser 1,11651,11651,1.325,8.8,8.8,Manual Rotator,0.0,0.0,0.0,Ascom.SxUFW (v2) ,OIII,100.0,73.0,996.144895824855,13.63,205.0,9.648,2000.0,N.I.N.A. 3.2.0.2007 (x64),NGC 6997 Panel 2_Date_2025-09-12_Time_02-04-11_Type_LIGHT_Filter_OIII_Exp_600.00s_G_100_Off_10_Ecc_0.46_HFR_1.62px_FWHM_3.70_Temp_8.80_0055.xisf,1,8.9730140965334,20.916
LIGHT,2025-09-11T23:53:32.9981271,2025-09-12T00:53:32.9981271,2025-09-11T23:58:33.5261980,600.0,600.0,ZWO ASI6200MM Pro,ZWOptical_ZWO ASI6200MM Pro_,100,10,0.246657639741898,1,1,-10.0,-10.0,3.76,3.76,40,66.2,52.2483888888889,-0.12325,NP101is,540.0,5.4,315.432709948186,44.6822387470579,65.10021,267.18436,1.10217198637818,East,NGC 6997 Panel 2,21 01 44,+44 40 51,90.0,FocusLynx Focuser 1,11651,11651,1.325,10.0,10.0,Manual Rotator,0.0,0.0,0.0,Ascom.SxUFW (v2) ,OIII,100.0,73.0,996.144895824855,13.63,205.0,9.648,2000.0,N.I.N.A. 3.2.0.2007 (x64),NGC 6997 Panel 2_Date_2025-09-12_Time_00-53-32_Type_LIGHT_Filter_OIII_Exp_600.00s_G_100_Off_10_Ecc_0.40_HFR_1.60px_FWHM_3.87_Temp_10.00_0048.xisf,1,8.9730140965334,20.916
LIGHT,2025-09-11T22:32:46.4148708,2025-09-11T23:32:46.4148708,2025-09-11T22:37:46.9951884,600.0,600.0,ZWO ASI6200MM Pro,ZWOptical_ZWO ASI6200MM Pro_,100,10,0.246657639741898,1,1,-10.0,-10.0,3.76,3.76,40,66.2,52.2483888888889,-0.12325,NP101is,540.0,5.4,315.433525852827,44.6806720214799,77.03089,241.27979,1.02606170549208,East,NGC 6997 Panel 2,21 01 44,+44 40 51,90.0,FocusLynx Focuser 1,11651,11651,1.325,9.8,9.8,Manual Rotator,0.0,0.0,0.0,Ascom.SxUFW (v2) ,OIII,100.0,73.0,996.144895824855,13.63,205.0,9.648,2000.0,N.I.N.A. 3.2.0.2007 (x64),NGC 6997 Panel 2_Date_2025-09-11_Time_23-32-46_Type_LIGHT_Filter_OIII_Exp_600.00s_G_100_Off_10_Ecc_0.43_HFR_1.60px_FWHM_3.70_Temp_9.80_0040.xisf,1,8.9730140965334,20.916
LIGHT,2025-09-12T00:43:50.8675061,2025-09-12T01:43:50.8675061,2025-09-12T00:48:51.4048965,600.0,600.0,ZWO ASI6200MM Pro,ZWOptical_ZWO ASI6200MM Pro_,100,10,0.246657639741898,1,1,-10.0,-10.0,3.76,3.76,40,66.2,52.2483888888889,-0.12325,NP101is,540.0,5.4,315.433174544334,44.6819650213162,57.3980555555556,276.692555555556,1.18649643819677,East,NGC 6997 Panel 2,21 01 44,+44 40 51,90.0,FocusLynx Focuser 1,11651,11651,1.325,9.2,9.2,Manual Rotator,0.0,0.0,0.0,Ascom.SxUFW (v2) ,OIII,100.0,73.0,996.144895824855,13.63,205.0,9.648,2000.0,N.I.N.A. 3.2.0.2007 (x64),NGC 6997 Panel 2_Date_2025-09-12_Time_01-43-50_Type_LIGHT_Filter_OIII_Exp_600.00s_G_100_Off_10_Ecc_0.44_HFR_1.62px_FWHM_3.76_Temp_9.20_0053.xisf,1,8.9730140965334,20.916
LIGHT,2025-09-12T00:54:10.2395746,2025-09-12T01:54:10.2395746,2025-09-12T00:59:10.8068641,600.0,600.0,ZWO ASI6200MM Pro,ZWOptical_ZWO ASI6200MM Pro_,100,10,0.246657639741898,1,1,-10.0,-10.0,3.76,3.76,40,66.2,52.2483888888889,-0.12325,NP101is,540.0,5.4,315.433578197883,44.6817037216734,55.82565,278.42428,1.20809885418979,East,NGC 6997 Panel 2,21 01 44,+44 40 51,90.0,FocusLynx Focuser 1,11651,11651,1.325,9.0,9.0,Manual Rotator,0.0,0.0,0.0,Ascom.SxUFW (v2) ,OIII,100.0,73.0,996.144895824855,13.63,205.0,9.648,2000.0,N.I.N.A. 3.2.0.2007 (x64),NGC 6997 Panel 2_Date_2025-09-12_Time_01-54-10_Type_LIGHT_Filter_OIII_Exp_600.00s_G_100_Off_10_Ecc_0.46_HFR_1.61px_FWHM_3.72_Temp_9.00_0054.xisf,1,8.9730140965334,20.916
LIGHT,2025-09-12T00:33:49.5863623,2025-09-12T01:33:49.5863623,2025-09-12T00:38:50.1242575,600.0,600.0,ZWO ASI6200MM Pro,ZWOptical_ZWO ASI6200MM Pro_,100,10,0.246657639741898,1,1,-10.0,-10.0,3.76,3.76,40,66.2,52.2483888888889,-0.12325,NP101is,540.0,5.4,315.43323423367,44.6819854994081,58.9255,274.959777777778,1.1670631641407,East,NGC 6997 Panel 2,21 01 44,+44 40 51,90.0,FocusLynx Focuser 1,11651,11651,1.325,9.3,9.3,Manual Rotator,0.0,0.0,0.0,Ascom.SxUFW (v2) ,OIII,100.0,73.0,996.144895824855,13.63,205.0,9.648,2000.0,N.I.N.A. 3.2.0.2007 (x64),NGC 6997 Panel 2_Date_2025-09-12_Time_01-33-49_Type_LIGHT_Filter_OIII_Exp_600.00s_G_100_Off_10_Ecc_0.43_HFR_1.61px_FWHM_3.79_Temp_9.30_0052.xisf,1,8.9730140965334,20.916
LIGHT,2025-09-12T01:24:26.5913898,2025-09-12T02:24:26.5913898,2025-09-12T01:29:27.1639189,600.0,600.0,ZWO ASI6200MM Pro,ZWOptical_ZWO ASI6200MM Pro_,100,10,0.246657639741898,1,1,-10.0,-10.0,3.76,3.76,40,66.2,52.2483888888889,-0.12325,NP101is,540.0,5.4,315.432672015078,44.683553523059,51.2701111111111,283.2449,1.28103088034966,East,NGC 6997 Panel 2,21 01 44,+44 40 51,90.0,FocusLynx Focuser 1,11651,11651,1.325,8.6,8.6,Manual Rotator,0.0,0.0,0.0,Ascom.SxUFW (v2) ,OIII,100.0,73.0,996.144895824855,13.63,205.0,9.648,2000.0,N.I.N.A. 3.2.0.2007 (x64),NGC 6997 Panel 2_Date_2025-09-12_Time_02-24-26_Type_LIGHT_Filter_OIII_Exp_600.00s_G_100_Off_10_Ecc_0.47_HFR_1.63px_FWHM_3.79_Temp_8.60_0057.xisf,1,8.9730140965334,20.916
LIGHT,2025-09-12T01:34:27.8281583,2025-09-12T02:34:27.8281583,2025-09-12T01:39:28.4040862,600.0,600.0,ZWO ASI6200MM Pro,ZWOptical_ZWO ASI6200MM Pro_,100,10,0.246657639741898,1,1,-10.0,-10.0,3.76,3.76,40,66.2,52.2483888888889,-0.12325,NP101is,540.0,5.4,315.432807073529,44.6835627052376,49.7786,284.77978,1.30871206579589,East,NGC 6997 Panel 2,21 01 44,+44 40 51,90.0,FocusLynx Focuser 1,11651,11651,1.325,8.5,8.5,Manual Rotator,0.0,0.0,0.0,Ascom.SxUFW (v2) ,OIII,100.0,73.0,996.144895824855,13.63,205.0,9.648,2000.0,N.I.N.A. 3.2.0.2007 (x64),NGC 6997 Panel 2_Date_2025-09-12_Time_02-34-27_Type_LIGHT_Filter_OIII_Exp_600.00s_G_100_Off_10_Ecc_0.47_HFR_1.63px_FWHM_3.77_Temp_8.50_0058.xisf,1,8.9730140965334,20.916
LIGHT,2025-09-12T02:09:09.0804349,2025-09-12T03:09:09.0804349,2025-09-12T02:14:09.6109797,600.0,600.0,ZWO ASI6200MM Pro,ZWOptical_ZWO ASI6200MM Pro_,100,10,0.246657639741898,1,1,-10.0,-10.0,3.76,3.76,40,66.2,52.2483888888889,-0.12325,NP101is,540.0,5.4,315.432642132628,44.683220971959,44.70029,289.94416,1.42024672836197,East,NGC 6997 Panel 2,21 01 44,+44 40 51,90.0,FocusLynx Focuser 1,11630,11630,1.325,8.2,8.2,Manual Rotator,0.0,0.0,0.0,Ascom.SxUFW (v2) ,OIII,100.0,73.0,996.144895824855,13.63,205.0,9.648,2000.0,N.I.N.A. 3.2.0.2007 (x64),NGC 6997 Panel 2_Date_2025-09-12_Time_03-09-09_Type_LIGHT_Filter_OIII_Exp_600.00s_G_100_Off_10_Ecc_0.41_HFR_1.61px_FWHM_3.90_Temp_8.20_0061.xisf,1,8.9730140965334,20.916
LIGHT,2025-09-12T02:19:10.2400754,2025-09-12T03:19:10.2400754,2025-09-12T02:24:10.7936783,600.0,600.0,ZWO ASI6200MM Pro,ZWOptical_ZWO ASI6200MM Pro_,100,10,0.246657639741898,1,1,-10.0,-10.0,3.76,3.76,40,66.2,52.2483888888889,-0.12325,NP101is,540.0,5.4,315.43265730325,44.6832003620329,43.2628333333333,291.40582,1.4575135954306,East,NGC 6997 Panel 2,21 01 44,+44 40 51,90.0,FocusLynx Focuser 1,11630,11630,1.325,8.2,8.2,Manual Rotator,0.0,0.0,0.0,Ascom.SxUFW (v2) ,OIII,100.0,73.0,996.144895824855,13.63,205.0,9.648,2000.0,N.I.N.A. 3.2.0.2007 (x64),NGC 6997 Panel 2_Date_2025-09-12_Time_03-19-10_Type_LIGHT_Filter_OIII_Exp_600.00s_G_100_Off_10_Ecc_0.40_HFR_1.61px_FWHM_3.90_Temp_8.20_0062.xisf,1,8.9730140965334,20.916
LIGHT,2025-09-12T01:48:54.9931594,2025-09-12T02:48:54.9931594,2025-09-12T01:53:55.5543696,600.0,600.0,ZWO ASI6200MM Pro,ZWOptical_ZWO ASI6200MM Pro_,100,10,0.246657639741898,1,1,-10.0,-10.0,3.76,3.76,40,66.2,52.2483888888889,-0.12325,NP101is,540.0,5.4,315.432792453681,44.6835518875125,47.642,286.95833,1.35214919232236,East,NGC 6997 Panel 2,21 01 44,+44 40 51,90.0,FocusLynx Focuser 1,11630,11630,1.325,8.4,8.4,Manual Rotator,0.0,0.0,0.0,Ascom.SxUFW (v2) ,OIII,100.0,73.0,996.144895824855,13.63,205.0,9.648,2000.0,N.I.N.A. 3.2.0.2007 (x64),NGC 6997 Panel 2_Date_2025-09-12_Time_02-48-54_Type_LIGHT_Filter_OIII_Exp_600.00s_G_100_Off_10_Ecc_0.40_HFR_1.61px_FWHM_3.94_Temp_8.40_0059.xisf,1,8.9730140965334,20.916
LIGHT,2025-09-12T03:00:00.8518888,2025-09-12T04:00:00.8518888,2025-09-12T03:05:01.3673038,600.0,600.0,ZWO ASI6200MM Pro,ZWOptical_ZWO ASI6200MM Pro_,100,10,0.246657639741898,1,1,-10.0,-9.9,3.76,3.76,40,66.2,52.2483888888889,-0.12325,NP101is,540.0,5.4,315.434321501272,44.6835250904626,37.55784,297.31125,1.63786822278957,East,NGC 6997 Panel 2,21 01 44,+44 40 51,90.0,FocusLynx Focuser 1,11630,11630,1.325,8.0,8.0,Manual Rotator,0.0,0.0,0.0,Ascom.SxUFW (v2) ,OIII,100.0,73.0,996.144895824855,13.63,205.0,9.648,2000.0,N.I.N.A. 3.2.0.2007 (x64),NGC 6997 Panel 2_Date_2025-09-12_Time_04-00-00_Type_LIGHT_Filter_OIII_Exp_600.00s_G_100_Off_10_Ecc_0.39_HFR_1.64px_FWHM_4.07_Temp_8.00_0066.xisf,1,8.9730140965334,20.916
LIGHT,2025-09-12T01:59:07.7669952,2025-09-12T02:59:07.7669952,2025-09-12T02:04:08.3302651,600.0,600.0,ZWO ASI6200MM Pro,ZWOptical_ZWO ASI6200MM Pro_,100,10,0.246657639741898,1,1,-10.0,-10.0,3.76,3.76,40,66.2,52.2483888888889,-0.12325,NP101is,540.0,5.4,315.432761648045,44.6832213489892,46.15278,288.4701,1.38533337066232,East,NGC 6997 Panel 2,21 01 44,+44 40 51,90.0,FocusLynx Focuser 1,11630,11630,1.325,8.3,8.3,Manual Rotator,0.0,0.0,0.0,Ascom.SxUFW (v2) ,OIII,100.0,73.0,996.144895824855,13.63,205.0,9.648,2000.0,N.I.N.A. 3.2.0.2007 (x64),NGC 6997 Panel 2_Date_2025-09-12_Time_02-59-07_Type_LIGHT_Filter_OIII_Exp_600.00s_G_100_Off_10_Ecc_0.41_HFR_1.60px_FWHM_3.86_Temp_8.30_0060.xisf,1,8.9730140965334,20.916
LIGHT,2025-09-12T02:39:33.1333508,2025-09-12T03:39:33.1333508,2025-09-12T02:44:33.7116998,600.0,600.0,ZWO ASI6200MM Pro,ZWOptical_ZWO ASI6200MM Pro_,100,10,0.246657639741898,1,1,-10.0,-10.0,3.76,3.76,40,66.2,52.2483888888889,-0.12325,NP101is,540.0,5.4,315.431803912731,44.6830606542336,40.38265,294.3594,1.54141968426137,East,NGC 6997 Panel 2,21 01 44,+44 40 51,90.0,FocusLynx Focuser 1,11630,11630,1.325,8.1,8.1,Manual Rotator,0.0,0.0,0.0,Ascom.SxUFW (v2) ,OIII,100.0,73.0,996.144895824855,13.63,205.0,9.648,2000.0,N.I.N.A. 3.2.0.2007 (x64),NGC 6997 Panel 2_Date_2025-09-12_Time_03-39-33_Type_LIGHT_Filter_OIII_Exp_600.00s_G_100_Off_10_Ecc_0.41_HFR_1.62px_FWHM_3.94_Temp_8.10_0064.xisf,1,8.9730140965334,20.916
LIGHT,2025-09-12T02:49:34.3849765,2025-09-12T03:49:34.3849765,2025-09-12T02:54:34.9212152,600.0,600.0,ZWO ASI6200MM Pro,ZWOptical_ZWO ASI6200MM Pro_,100,10,0.246657639741898,1,1,-10.0,-10.0,3.76,3.76,40,66.2,52.2483888888889,-0.12325,NP101is,540.0,5.4,315.431819013453,44.683020043909,38.99128,295.80443,1.58698830400339,East,NGC 6997 Panel 2,21 01 44,+44 40 51,90.0,FocusLynx Focuser 1,11630,11630,1.325,8.0,8.0,Manual Rotator,0.0,0.0,0.0,Ascom.SxUFW (v2) ,OIII,100.0,73.0,996.144895824855,13.63,205.0,9.648,2000.0,N.I.N.A. 3.2.0.2007 (x64),NGC 6997 Panel 2_Date_2025-09-12_Time_03-49-34_Type_LIGHT_Filter_OIII_Exp_600.00s_G_100_Off_10_Ecc_0.38_HFR_1.63px_FWHM_4.04_Temp_8.00_0065.xisf,1,8.9730140965334,20.916
LIGHT,2025-09-12T03:10:02.0649980,2025-09-12T04:10:02.0649980,2025-09-12T03:15:02.6409238,600.0,600.0,ZWO ASI6200MM Pro,ZWOptical_ZWO ASI6200MM Pro_,100,10,0.246657639741898,1,1,-10.0,-10.0,3.76,3.76,40,66.2,52.2483888888889,-0.12325,NP101is,540.0,5.4,315.434336670197,44.6835044783716,36.19943,298.7578,1.69018178882205,East,NGC 6997 Panel 2,21 01 44,+44 40 51,90.0,FocusLynx Focuser 1,11630,11630,1.325,8.0,8.0,Manual Rotator,0.0,0.0,0.0,Ascom.SxUFW (v2) ,OIII,100.0,73.0,996.144895824855,13.63,205.0,9.648,2000.0,N.I.N.A. 3.2.0.2007 (x64),NGC 6997 Panel 2_Date_2025-09-12_Time_04-10-02_Type_LIGHT_Filter_OIII_Exp_600.00s_G_100_Off_10_Ecc_0.38_HFR_1.64px_FWHM_4.14_Temp_8.00_0067.xisf,1,8.9730140965334,20.916
LIGHT,2025-09-12T02:29:31.8141898,2025-09-12T03:29:31.8141898,2025-09-12T02:34:32.3799539,600.0,600.0,ZWO ASI6200MM Pro,ZWOptical_ZWO ASI6200MM Pro_,100,10,0.246657639741898,1,1,-10.0,-10.0,3.76,3.76,40,66.2,52.2483888888889,-0.12325,NP101is,540.0,5.4,315.431893346669,44.6830210840626,41.79153,292.90936,1.49873346440654,East,NGC 6997 Panel 2,21 01 44,+44 40 51,90.0,FocusLynx Focuser 1,11630,11630,1.325,8.1,8.1,Manual Rotator,0.0,0.0,0.0,Ascom.SxUFW (v2) ,OIII,100.0,73.0,996.144895824855,13.63,205.0,9.648,2000.0,N.I.N.A. 3.2.0.2007 (x64),NGC 6997 Panel 2_Date_2025-09-12_Time_03-29-31_Type_LIGHT_Filter_OIII_Exp_600.00s_G_100_Off_10_Ecc_0.42_HFR_1.61px_FWHM_3.88_Temp_8.10_0063.xisf,1,8.9730140965334,20.916
LIGHT,2025-09-12T03:24:33.7992958,2025-09-12T04:24:33.7992958,2025-09-12T03:29:34.3585108,600.0,600.0,ZWO ASI6200MM Pro,ZWOptical_ZWO ASI6200MM Pro_,100,10,0.246657639741898,1,1,-10.0,-10.0,3.76,3.76,40,66.2,52.2483888888889,-0.12325,NP101is,540.0,5.4,315.434397046007,44.6835335268674,34.27018,300.85151,1.77224775997965,East,NGC 6997 Panel 2,21 01 44,+44 40 51,90.0,FocusLynx Focuser 1,11637,11637,1.325,8.0,8.0,Manual Rotator,0.0,0.0,0.0,Ascom.SxUFW (v2) ,OIII,100.0,73.0,996.144895824855,13.63,205.0,9.648,2000.0,N.I.N.A. 3.2.0.2007 (x64),NGC 6997 Panel 2_Date_2025-09-12_Time_04-24-33_Type_LIGHT_Filter_OIII_Exp_600.00s_G_100_Off_10_Ecc_0.37_HFR_1.65px_FWHM_4.23_Temp_8.00_0068.xisf,1,8.9730140965334,20.916
LIGHT,2025-08-10T21:19:45.3500219,2025-08-10T22:19:45.3500219,2025-08-10T21:24:45.8653177,600.0,600.0,ZWO ASI6200MM Pro,ZWO ASI6200MM Pro,100,10,0.246657639741898,1,1,-10.0,-10.0,3.76,3.76,40,66.2,52.2483888888889,-0.12325,NP101is,540.0,5.4,315.433951487414,44.6809832222289,66.68588,95.12653,1.08863664817876,West,NGC 6997 Panel 2,21 01 44,+44 40 51,90.0,FocusLynx Focuser 1,12048,12048,1.325,18.2,18.2,Manual Rotator,0.0,0.0,0.0,Ascom.SxUFW (v2) ,SII,4.0,44.0,1016.98059583713,24.38,173.0,1.62,2000.0,N.I.N.A. 3.2.0.2002 (x64),NGC 6997 Panel 2_Date_2025-08-10_Time_22-19-45_Type_LIGHT_Filter_SII_Exp_600.00s_G_100_Off_10_Ecc_0.41_HFR_1.67px_FWHM_4.02_Temp_18.20_0002.xisf,1,11.5682891129953,6.444
LIGHT,2025-08-10T22:46:38.0390898,2025-08-10T23:46:38.0390898,2025-08-10T22:51:38.6044928,600.0,600.0,ZWO ASI6200MM Pro,ZWO ASI6200MM Pro,100,10,0.246657639741898,1,1,-10.0,-10.0,3.76,3.76,40,66.2,52.2483888888889,-0.12325,NP101is,540.0,5.4,315.433716938962,44.6822391005612,79.14132,128.66124,1.01813985386209,West,NGC 6997 Panel 2,21 01 44,+44 40 51,90.0,FocusLynx Focuser 1,12012,12012,1.325,17.3,17.3,Manual Rotator,0.0,0.0,0.0,Ascom.SxUFW (v2) ,SII,4.0,44.0,1016.98059583713,24.38,173.0,1.62,2000.0,N.I.N.A. 3.2.0.2002 (x64),NGC 6997 Panel 2_Date_2025-08-10_Time_23-46-38_Type_LIGHT_Filter_SII_Exp_600.00s_G_100_Off_10_Ecc_0.40_HFR_1.65px_FWHM_3.99_Temp_17.30_0010.xisf,1,11.5682891129953,6.444
LIGHT,2025-08-10T21:55:46.0207220,2025-08-10T22:55:46.0207220,2025-08-10T22:00:46.5680704,600.0,600.0,ZWO ASI6200MM Pro,ZWO ASI6200MM Pro,100,10,0.246657639741898,1,1,-10.0,-10.0,3.76,3.76,40,66.2,52.2483888888889,-0.12325,NP101is,540.0,5.4,315.435729319479,44.6796882572784,72.12232,104.81448,1.05055678568473,West,NGC 6997 Panel 2,21 01 44,+44 40 51,90.0,FocusLynx Focuser 1,12012,12012,1.325,17.8,17.8,Manual Rotator,0.0,0.0,0.0,Ascom.SxUFW (v2) ,SII,4.0,44.0,1016.98059583713,24.38,173.0,1.62,2000.0,N.I.N.A. 3.2.0.2002 (x64),NGC 6997 Panel 2_Date_2025-08-10_Time_22-55-46_Type_LIGHT_Filter_SII_Exp_600.00s_G_100_Off_10_Ecc_0.39_HFR_1.64px_FWHM_4.03_Temp_17.80_0005.xisf,1,11.5682891129953,6.444
LIGHT,2025-09-12T04:05:18.7496902,2025-09-12T05:05:18.7496902,2025-09-12T04:10:19.3224068,600.0,600.0,ZWO ASI6200MM Pro,ZWOptical_ZWO ASI6200MM Pro_,100,10,0.246657639741898,1,1,-10.0,-9.9,3.76,3.76,40,66.2,52.2483888888889,-0.12325,NP101is,540.0,5.4,315.433453385347,44.6831127836057,29.07883,306.7929,2.05118725698796,East,NGC 6997 Panel 2,21 01 44,+44 40 51,90.0,FocusLynx Focuser 1,11637,11637,1.325,8.0,8.0,Manual Rotator,0.0,0.0,0.0,Ascom.SxUFW (v2) ,OIII,100.0,73.0,996.144895824855,13.63,205.0,9.648,2000.0,N.I.N.A. 3.2.0.2007 (x64),NGC 6997 Panel 2_Date_2025-09-12_Time_05-05-18_Type_LIGHT_Filter_OIII_Exp_600.00s_G_100_Off_10_Ecc_0.38_HFR_1.66px_FWHM_4.33_Temp_8.00_0072.xisf,1,8.9730140965334,20.916
LIGHT,2025-09-12T03:35:01.4042901,2025-09-12T04:35:01.4042901,2025-09-12T03:40:01.9272681,600.0,600.0,ZWO ASI6200MM Pro,ZWOptical_ZWO ASI6200MM Pro_,100,10,0.246657639741898,1,1,-10.0,-10.0,3.76,3.76,40,66.2,52.2483888888889,-0.12325,NP101is,540.0,5.4,315.433944122244,44.6823637082831,32.9037,302.36541,1.83665055660259,East,NGC 6997 Panel 2,21 01 44,+44 40 51,90.0,FocusLynx Focuser 1,11637,11637,1.325,7.9,7.9,Manual Rotator,0.0,0.0,0.0,Ascom.SxUFW (v2) ,OIII,100.0,73.0,996.144895824855,13.63,205.0,9.648,2000.0,N.I.N.A. 3.2.0.2007 (x64),NGC 6997 Panel 2_Date_2025-09-12_Time_04-35-01_Type_LIGHT_Filter_OIII_Exp_600.00s_G_100_Off_10_Ecc_0.38_HFR_1.67px_FWHM_4.30_Temp_7.90_0069.xisf,1,8.9730140965334,20.916
LIGHT,2025-09-12T03:45:02.6307191,2025-09-12T04:45:02.6307191,2025-09-12T03:50:03.2024919,600.0,600.0,ZWO ASI6200MM Pro,ZWOptical_ZWO ASI6200MM Pro_,100,10,0.246657639741898,1,1,-10.0,-10.0,3.76,3.76,40,66.2,52.2483888888889,-0.12325,NP101is,540.0,5.4,315.43400427682,44.6823630172721,31.6141666666667,303.825527777778,1.90287462920614,East,NGC 6997 Panel 2,21 01 44,+44 40 51,90.0,FocusLynx Focuser 1,11637,11637,1.325,7.9,7.9,Manual Rotator,0.0,0.0,0.0,Ascom.SxUFW (v2) ,OIII,100.0,73.0,996.144895824855,13.63,205.0,9.648,2000.0,N.I.N.A. 3.2.0.2007 (x64),NGC 6997 Panel 2_Date_2025-09-12_Time_04-45-02_Type_LIGHT_Filter_OIII_Exp_600.00s_G_100_Off_10_Ecc_0.38_HFR_1.65px_FWHM_4.24_Temp_7.90_0070.xisf,1,8.9730140965334,20.916
LIGHT,2025-09-12T03:55:03.9525062,2025-09-12T04:55:03.9525062,2025-09-12T04:00:04.4983192,600.0,600.0,ZWO ASI6200MM Pro,ZWOptical_ZWO ASI6200MM Pro_,100,10,0.246657639741898,1,1,-10.0,-10.0,3.76,3.76,40,66.2,52.2483888888889,-0.12325,NP101is,540.0,5.4,315.434049388623,44.6823423543165,30.35073,305.28591,1.97353561103301,East,NGC 6997 Panel 2,21 01 44,+44 40 51,90.0,FocusLynx Focuser 1,11637,11637,1.325,8.0,8.0,Manual Rotator,0.0,0.0,0.0,Ascom.SxUFW (v2) ,OIII,100.0,73.0,996.144895824855,13.63,205.0,9.648,2000.0,N.I.N.A. 3.2.0.2007 (x64),NGC 6997 Panel 2_Date_2025-09-12_Time_04-55-03_Type_LIGHT_Filter_OIII_Exp_600.00s_G_100_Off_10_Ecc_0.38_HFR_1.66px_FWHM_4.30_Temp_8.00_0071.xisf,1,8.9730140965334,20.916
LIGHT,2025-08-10T22:56:39.3600949,2025-08-10T23:56:39.3600949,2025-08-10T23:01:39.9062659,600.0,600.0,ZWO ASI6200MM Pro,ZWO ASI6200MM Pro,100,10,0.246657639741898,1,1,-10.0,-10.0,3.76,3.76,40,66.2,52.2483888888889,-0.12325,NP101is,540.0,5.4,315.433731899966,44.6822085486502,80.2768,136.37931,1.01449394434785,West,NGC 6997 Panel 2,21 01 44,+44 40 51,90.0,FocusLynx Focuser 1,12012,12012,1.325,17.2,17.2,Manual Rotator,0.0,0.0,0.0,Ascom.SxUFW (v2) ,SII,4.0,44.0,1016.98059583713,24.38,173.0,1.62,2000.0,N.I.N.A. 3.2.0.2002 (x64),NGC 6997 Panel 2_Date_2025-08-10_Time_23-56-39_Type_LIGHT_Filter_SII_Exp_600.00s_G_100_Off_10_Ecc_0.41_HFR_1.65px_FWHM_4.00_Temp_17.20_0011.xisf,1,11.5682891129953,6.444
LIGHT,2025-08-10T22:06:17.9495641,2025-08-10T23:06:17.9495641,2025-08-10T22:11:18.5106262,600.0,600.0,ZWO ASI6200MM Pro,ZWO ASI6200MM Pro,100,10,0.246657639741898,1,1,-10.0,-10.0,3.76,3.76,40,66.2,52.2483888888889,-0.12325,NP101is,540.0,5.4,315.436385403766,44.6832566595737,73.67545,108.39914,1.04185179124227,West,NGC 6997 Panel 2,21 01 44,+44 40 51,90.0,FocusLynx Focuser 1,12012,12012,1.325,17.7,17.7,Manual Rotator,0.0,0.0,0.0,Ascom.SxUFW (v2) ,SII,4.0,44.0,1016.98059583713,24.38,173.0,1.62,2000.0,N.I.N.A. 3.2.0.2002 (x64),NGC 6997 Panel 2_Date_2025-08-10_Time_23-06-17_Type_LIGHT_Filter_SII_Exp_600.00s_G_100_Off_10_Ecc_0.39_HFR_1.64px_FWHM_4.00_Temp_17.70_0006.xisf,1,11.5682891129953,6.444
LIGHT,2025-08-10T21:45:44.8743859,2025-08-10T22:45:44.8743859,2025-08-10T21:50:45.3903031,600.0,600.0,ZWO ASI6200MM Pro,ZWO ASI6200MM Pro,100,10,0.246657639741898,1,1,-10.0,-10.0,3.76,3.76,40,66.2,52.2483888888889,-0.12325,NP101is,540.0,5.4,315.435714224657,44.6796788068654,70.62916,101.78493,1.05980307495644,West,NGC 6997 Panel 2,21 01 44,+44 40 51,90.0,FocusLynx Focuser 1,12012,12012,1.325,17.9,17.9,Manual Rotator,0.0,0.0,0.0,Ascom.SxUFW (v2) ,SII,4.0,44.0,1016.98059583713,24.38,173.0,1.62,2000.0,N.I.N.A. 3.2.0.2002 (x64),NGC 6997 Panel 2_Date_2025-08-10_Time_22-45-44_Type_LIGHT_Filter_SII_Exp_600.00s_G_100_Off_10_Ecc_0.39_HFR_1.63px_FWHM_4.04_Temp_17.90_0004.xisf,1,11.5682891129953,6.444
LIGHT,2025-08-10T22:26:20.4174654,2025-08-10T23:26:20.4174654,2025-08-10T22:31:20.9901204,600.0,600.0,ZWO ASI6200MM Pro,ZWO ASI6200MM Pro,100,10,0.246657639741898,1,1,-10.0,-9.9,3.76,3.76,40,66.2,52.2483888888889,-0.12325,NP101is,540.0,5.4,315.436280795859,44.6832657895249,76.51475,116.81092,1.02823083928615,West,NGC 6997 Panel 2,21 01 44,+44 40 51,90.0,FocusLynx Focuser 1,12012,12012,1.325,17.4,17.4,Manual Rotator,0.0,0.0,0.0,Ascom.SxUFW (v2) ,SII,4.0,44.0,1016.98059583713,24.38,173.0,1.62,2000.0,N.I.N.A. 3.2.0.2002 (x64),NGC 6997 Panel 2_Date_2025-08-10_Time_23-26-20_Type_LIGHT_Filter_SII_Exp_600.00s_G_100_Off_10_Ecc_0.39_HFR_1.64px_FWHM_4.00_Temp_17.40_0008.xisf,1,11.5682891129953,6.444
LIGHT,2025-08-10T21:30:22.9217571,2025-08-10T22:30:22.9217571,2025-08-10T21:35:23.4426254,600.0,600.0,ZWO ASI6200MM Pro,ZWO ASI6200MM Pro,100,10,0.246657639741898,1,1,-10.0,-10.0,3.76,3.76,40,66.2,52.2483888888889,-0.12325,NP101is,540.0,5.4,315.435774089055,44.679709509866,68.30557,97.67475,1.07598858319032,West,NGC 6997 Panel 2,21 01 44,+44 40 51,90.0,FocusLynx Focuser 1,12048,12048,1.325,18.0,18.0,Manual Rotator,0.0,0.0,0.0,Ascom.SxUFW (v2) ,SII,4.0,44.0,1016.98059583713,24.38,173.0,1.62,2000.0,N.I.N.A. 3.2.0.2002 (x64),NGC 6997 Panel 2_Date_2025-08-10_Time_22-30-22_Type_LIGHT_Filter_SII_Exp_600.00s_G_100_Off_10_Ecc_0.42_HFR_1.67px_FWHM_4.01_Temp_18.00_0003.xisf,1,11.5682891129953,6.444
LIGHT,2025-08-10T22:36:36.8410751,2025-08-10T23:36:36.8410751,2025-08-10T22:41:37.3846870,600.0,600.0,ZWO ASI6200MM Pro,ZWO ASI6200MM Pro,100,10,0.246657639741898,1,1,-10.0,-10.0,3.76,3.76,40,66.2,52.2483888888889,-0.12325,NP101is,540.0,5.4,315.433656988648,44.6822497287754,77.88829,122.28255,1.02266122159824,West,NGC 6997 Panel 2,21 01 44,+44 40 51,90.0,FocusLynx Focuser 1,12012,12012,1.325,17.4,17.4,Manual Rotator,0.0,0.0,0.0,Ascom.SxUFW (v2) ,SII,4.0,44.0,1016.98059583713,24.38,173.0,1.62,2000.0,N.I.N.A. 3.2.0.2002 (x64),NGC 6997 Panel 2_Date_2025-08-10_Time_23-36-36_Type_LIGHT_Filter_SII_Exp_600.00s_G_100_Off_10_Ecc_0.40_HFR_1.65px_FWHM_4.00_Temp_17.40_0009.xisf,1,11.5682891129953,6.444
LIGHT,2025-08-12T23:03:02.0686332,2025-08-13T00:03:02.0686332,2025-08-12T23:08:02.6457980,600.0,600.0,ZWO ASI6200MM Pro,ZWO ASI6200MM Pro,100,10,0.246657639741898,1,1,-1.0,-1.0,3.76,3.76,40,66.2,52.2483888888889,-0.12325,NP101is,540.0,5.4,315.435177665083,44.6806488673295,81.58598,150.17418,1.01081289032317,West,NGC 6997 Panel 2,21 01 44,+44 40 51,90.0,FocusLynx Focuser 1,12002,12002,1.325,18.3,18.3,Manual Rotator,0.0,0.0,0.0,Ascom.SxUFW (v2) ,SII,1.0,43.0,1006.06665773546,23.34,98.0,11.808,2000.0,N.I.N.A. 3.2.0.2002 (x64),NGC 6997 Panel 2_Date_2025-08-13_Time_00-03-02_Type_LIGHT_Filter_SII_Exp_600.00s_G_100_Off_10_Ecc_0.39_HFR_1.68px_FWHM_4.15_Temp_18.30_0047.xisf,1,10.2908364380792,19.476
LIGHT,2025-08-10T22:16:19.2545513,2025-08-10T23:16:19.2545513,2025-08-10T22:21:19.7869644,600.0,600.0,ZWO ASI6200MM Pro,ZWO ASI6200MM Pro,100,10,0.246657639741898,1,1,-10.0,-10.0,3.76,3.76,40,66.2,52.2483888888889,-0.12325,NP101is,540.0,5.4,315.436355577561,44.6832661859184,75.11709,112.29986,1.03457385314346,West,NGC 6997 Panel 2,21 01 44,+44 40 51,90.0,FocusLynx Focuser 1,12012,12012,1.325,17.6,17.6,Manual Rotator,0.0,0.0,0.0,Ascom.SxUFW (v2) ,SII,4.0,44.0,1016.98059583713,24.38,173.0,1.62,2000.0,N.I.N.A. 3.2.0.2002 (x64),NGC 6997 Panel 2_Date_2025-08-10_Time_23-16-19_Type_LIGHT_Filter_SII_Exp_600.00s_G_100_Off_10_Ecc_0.39_HFR_1.64px_FWHM_3.99_Temp_17.60_0007.xisf,1,11.5682891129953,6.444
LIGHT,2025-08-10T23:37:45.1434403,2025-08-11T00:37:45.1434403,2025-08-10T23:42:45.6948039,600.0,600.0,ZWO ASI6200MM Pro,ZWO ASI6200MM Pro,100,10,0.246657639741898,1,1,-10.0,-10.0,3.76,3.76,40,66.2,52.2483888888889,-0.12325,NP101is,540.0,5.4,315.434069677004,44.6801457686905,82.51432,184.64251,1.00853665515013,West,NGC 6997 Panel 2,21 01 44,+44 40 51,90.0,FocusLynx Focuser 1,12012,12012,1.325,16.7,16.7,Manual Rotator,0.0,0.0,0.0,Ascom.SxUFW (v2) ,SII,4.0,44.0,1016.98059583713,24.38,173.0,1.62,2000.0,N.I.N.A. 3.2.0.2002 (x64),NGC 6997 Panel 2_Date_2025-08-11_Time_00-37-45_Type_LIGHT_Filter_SII_Exp_600.00s_G_100_Off_10_Ecc_0.44_HFR_1.66px_FWHM_3.97_Temp_16.70_0015.xisf,1,11.5682891129953,6.444
LIGHT,2025-08-10T23:17:10.5571372,2025-08-11T00:17:10.5571372,2025-08-10T23:22:11.0952372,600.0,600.0,ZWO ASI6200MM Pro,ZWO ASI6200MM Pro,100,10,0.246657639741898,1,1,-10.0,-10.0,3.76,3.76,40,66.2,52.2483888888889,-0.12325,NP101is,540.0,5.4,315.434119063265,44.6815167933164,82.01409,157.44725,1.00972900541972,West,NGC 6997 Panel 2,21 01 44,+44 40 51,90.0,FocusLynx Focuser 1,12012,12012,1.325,17.0,17.0,Manual Rotator,0.0,0.0,0.0,Ascom.SxUFW (v2) ,SII,4.0,44.0,1016.98059583713,24.38,173.0,1.62,2000.0,N.I.N.A. 3.2.0.2002 (x64),NGC 6997 Panel 2_Date_2025-08-11_Time_00-17-10_Type_LIGHT_Filter_SII_Exp_600.00s_G_100_Off_10_Ecc_0.42_HFR_1.66px_FWHM_4.00_Temp_17.00_0013.xisf,1,11.5682891129953,6.444
LIGHT,2025-08-11T00:05:33.5751304,2025-08-11T01:05:33.5751304,2025-08-11T00:10:34.1302552,600.0,600.0,ZWO ASI6200MM Pro,ZWO ASI6200MM Pro,100,10,0.246657639741898,1,1,-10.0,-10.0,3.76,3.76,40,66.2,52.2483888888889,-0.12325,NP101is,540.0,5.4,315.433997908007,44.6809844548237,80.92951,217.72754,1.01258933124599,East,NGC 6997 Panel 2,21 01 44,+44 40 51,90.0,FocusLynx Focuser 1,11966,11966,1.325,16.2,16.2,Manual Rotator,0.0,0.0,0.0,Ascom.SxUFW (v2) ,SII,4.0,44.0,1016.98059583713,24.38,173.0,1.62,2000.0,N.I.N.A. 3.2.0.2002 (x64),NGC 6997 Panel 2_Date_2025-08-11_Time_01-05-33_Type_LIGHT_Filter_SII_Exp_600.00s_G_100_Off_10_Ecc_0.39_HFR_1.67px_FWHM_4.18_Temp_16.20_0017.xisf,1,11.5682891129953,6.444
LIGHT,2025-08-10T23:27:11.8559038,2025-08-11T00:27:11.8559038,2025-08-10T23:32:12.4000837,600.0,600.0,ZWO ASI6200MM Pro,ZWO ASI6200MM Pro,100,10,0.246657639741898,1,1,-10.0,-10.0,3.76,3.76,40,66.2,52.2483888888889,-0.12325,NP101is,540.0,5.4,315.434104178798,44.6815162943903,82.44304,170.25219,1.00870169423314,West,NGC 6997 Panel 2,21 01 44,+44 40 51,90.0,FocusLynx Focuser 1,12012,12012,1.325,16.8,16.8,Manual Rotator,0.0,0.0,0.0,Ascom.SxUFW (v2) ,SII,4.0,44.0,1016.98059583713,24.38,173.0,1.62,2000.0,N.I.N.A. 3.2.0.2002 (x64),NGC 6997 Panel 2_Date_2025-08-11_Time_00-27-11_Type_LIGHT_Filter_SII_Exp_600.00s_G_100_Off_10_Ecc_0.43_HFR_1.66px_FWHM_3.96_Temp_16.80_0014.xisf,1,11.5682891129953,6.444
LIGHT,2025-08-12T21:56:54.0164761,2025-08-12T22:56:54.0164761,2025-08-12T22:01:54.5854086,600.0,600.0,ZWO ASI6200MM Pro,ZWO ASI6200MM Pro,100,10,0.246657639741898,1,1,-1.0,-1.0,3.76,3.76,40,66.2,52.2483888888889,-0.12325,NP101is,540.0,5.4,315.434434027906,44.6822940076003,73.44602,107.83642,1.04308051740575,West,NGC 6997 Panel 2,21 01 44,+44 40 51,90.0,FocusLynx Focuser 1,12052,12052,1.325,19.4,19.4,Manual Rotator,0.0,0.0,0.0,Ascom.SxUFW (v2) ,SII,1.0,43.0,1006.06665773546,23.34,98.0,11.808,2000.0,N.I.N.A. 3.2.0.2002 (x64),NGC 6997 Panel 2_Date_2025-08-12_Time_22-56-54_Type_LIGHT_Filter_SII_Exp_600.00s_G_100_Off_10_Ecc_0.42_HFR_1.68px_FWHM_4.06_Temp_19.40_0041.xisf,1,10.2908364380792,19.476
LIGHT,2025-08-12T21:15:58.9610455,2025-08-12T22:15:58.9610455,2025-08-12T21:20:59.5316731,600.0,600.0,ZWO ASI6200MM Pro,ZWO ASI6200MM Pro,100,10,0.246657639741898,1,1,-1.0,-1.0,3.76,3.76,40,66.2,52.2483888888889,-0.12325,NP101is,540.0,5.4,315.433994948752,44.6809670930984,67.3093,96.07949,1.08363093454418,West,NGC 6997 Panel 2,21 01 44,+44 40 51,90.0,FocusLynx Focuser 1,12052,12052,1.325,20.6,20.6,Manual Rotator,0.0,0.0,0.0,Ascom.SxUFW (v2) ,SII,1.0,43.0,1006.06665773546,23.34,98.0,11.808,2000.0,N.I.N.A. 3.2.0.2002 (x64),NGC 6997 Panel 2_Date_2025-08-12_Time_22-15-58_Type_LIGHT_Filter_SII_Exp_600.00s_G_100_Off_10_Ecc_0.42_HFR_1.69px_FWHM_4.26_Temp_20.60_0037.xisf,1,10.2908364380792,19.476
LIGHT,2025-08-12T21:26:00.2160627,2025-08-12T22:26:00.2160627,2025-08-12T21:31:00.7464230,600.0,600.0,ZWO ASI6200MM Pro,ZWO ASI6200MM Pro,100,10,0.246657639741898,1,1,-1.0,-1.0,3.76,3.76,40,66.2,52.2483888888889,-0.12325,NP101is,540.0,5.4,315.434025009762,44.6809764657937,68.82929,98.5438,1.07214335445402,West,NGC 6997 Panel 2,21 01 44,+44 40 51,90.0,FocusLynx Focuser 1,12052,12052,1.325,20.3,20.3,Manual Rotator,0.0,0.0,0.0,Ascom.SxUFW (v2) ,SII,1.0,43.0,1006.06665773546,23.34,98.0,11.808,2000.0,N.I.N.A. 3.2.0.2002 (x64),NGC 6997 Panel 2_Date_2025-08-12_Time_22-26-00_Type_LIGHT_Filter_SII_Exp_600.00s_G_100_Off_10_Ecc_0.39_HFR_1.69px_FWHM_4.26_Temp_20.30_0038.xisf,1,10.2908364380792,19.476
LIGHT,2025-08-12T21:46:52.7247005,2025-08-12T22:46:52.7247005,2025-08-12T21:51:53.2704708,600.0,600.0,ZWO ASI6200MM Pro,ZWO ASI6200MM Pro,100,10,0.246657639741898,1,1,-1.0,-1.0,3.76,3.76,40,66.2,52.2483888888889,-0.12325,NP101is,540.0,5.4,315.434478905099,44.6823045075346,71.9744,104.48691,1.05143381641505,West,NGC 6997 Panel 2,21 01 44,+44 40 51,90.0,FocusLynx Focuser 1,12052,12052,1.325,19.6,19.6,Manual Rotator,0.0,0.0,0.0,Ascom.SxUFW (v2) ,SII,1.0,43.0,1006.06665773546,23.34,98.0,11.808,2000.0,N.I.N.A. 3.2.0.2002 (x64),NGC 6997 Panel 2_Date_2025-08-12_Time_22-46-52_Type_LIGHT_Filter_SII_Exp_600.00s_G_100_Off_10_Ecc_0.40_HFR_1.69px_FWHM_4.16_Temp_19.60_0040.xisf,1,10.2908364380792,19.476
LIGHT,2025-08-11T03:17:49.1092181,2025-08-11T04:17:49.1092181,2025-08-11T03:22:49.6511586,600.0,600.0,ZWO ASI6200MM Pro,ZWO ASI6200MM Pro,100,10,0.246657639741898,1,1,-10.0,-10.0,3.76,3.76,40,66.2,52.2483888888889,-0.12325,NP101is,540.0,5.4,315.434289319554,44.6824838986114,53.12719,281.30294,1.24930880440436,East,NGC 6997 Panel 2,21 01 44,+44 40 51,90.0,FocusLynx Focuser 1,11966,11966,1.325,14.7,14.7,Manual Rotator,0.0,0.0,0.0,Ascom.SxUFW (v2) ,SII,4.0,44.0,1016.98059583713,24.38,173.0,1.62,2000.0,N.I.N.A. 3.2.0.2002 (x64),NGC 6997 Panel 2_Date_2025-08-11_Time_04-17-49_Type_LIGHT_Filter_SII_Exp_600.00s_G_100_Off_10_Ecc_0.44_HFR_1.66px_FWHM_3.94_Temp_14.70_0036.xisf,1,11.5682891129953,6.444
LIGHT,2025-08-10T23:55:32.3731348,2025-08-11T00:55:32.3731348,2025-08-11T00:00:32.9031591,600.0,600.0,ZWO ASI6200MM Pro,ZWO ASI6200MM Pro,100,10,0.246657639741898,1,1,-10.0,-10.0,3.76,3.76,40,66.2,52.2483888888889,-0.12325,NP101is,540.0,5.4,315.433952861807,44.6809750569378,81.75685,207.21939,1.01037324563144,East,NGC 6997 Panel 2,21 01 44,+44 40 51,90.0,FocusLynx Focuser 1,11966,11966,1.325,16.4,16.4,Manual Rotator,0.0,0.0,0.0,Ascom.SxUFW (v2) ,SII,4.0,44.0,1016.98059583713,24.38,173.0,1.62,2000.0,N.I.N.A. 3.2.0.2002 (x64),NGC 6997 Panel 2_Date_2025-08-11_Time_00-55-32_Type_LIGHT_Filter_SII_Exp_600.00s_G_100_Off_10_Ecc_0.40_HFR_1.66px_FWHM_4.14_Temp_16.40_0016.xisf,1,11.5682891129953,6.444
LIGHT,2025-08-11T00:56:25.1676764,2025-08-11T01:56:25.1676764,2025-08-11T01:01:25.7401379,600.0,600.0,ZWO ASI6200MM Pro,ZWO ASI6200MM Pro,100,10,0.246657639741898,1,1,-10.0,-10.0,3.76,3.76,40,66.2,52.2483888888889,-0.12325,NP101is,540.0,5.4,315.433579101794,44.6809825047589,74.54384,249.31771,1.03737709999069,East,NGC 6997 Panel 2,21 01 44,+44 40 51,90.0,FocusLynx Focuser 1,11966,11966,1.325,16.3,16.3,Manual Rotator,0.0,0.0,0.0,Ascom.SxUFW (v2) ,SII,4.0,44.0,1016.98059583713,24.38,173.0,1.62,2000.0,N.I.N.A. 3.2.0.2002 (x64),NGC 6997 Panel 2_Date_2025-08-11_Time_01-56-25_Type_LIGHT_Filter_SII_Exp_600.00s_G_100_Off_10_Ecc_0.40_HFR_1.66px_FWHM_4.16_Temp_16.30_0022.xisf,1,11.5682891129953,6.444
LIGHT,2025-08-12T22:27:43.2777428,2025-08-12T23:27:43.2777428,2025-08-12T22:32:43.8229208,600.0,600.0,ZWO ASI6200MM Pro,ZWO ASI6200MM Pro,100,10,0.246657639741898,1,1,-1.0,-1.0,3.76,3.76,40,66.2,52.2483888888889,-0.12325,NP101is,540.0,5.4,315.43355984396,44.6805436877393,77.75034,121.68347,1.0231913757419,West,NGC 6997 Panel 2,21 01 44,+44 40 51,90.0,FocusLynx Focuser 1,12052,12052,1.325,18.9,18.9,Manual Rotator,0.0,0.0,0.0,Ascom.SxUFW (v2) ,SII,1.0,43.0,1006.06665773546,23.34,98.0,11.808,2000.0,N.I.N.A. 3.2.0.2002 (x64),NGC 6997 Panel 2_Date_2025-08-12_Time_23-27-43_Type_LIGHT_Filter_SII_Exp_600.00s_G_100_Off_10_Ecc_0.44_HFR_1.71px_FWHM_4.10_Temp_18.90_0044.xisf,1,10.2908364380792,19.476
LIGHT,2025-08-12T22:17:41.9776112,2025-08-12T23:17:41.9776112,2025-08-12T22:22:42.5369063,600.0,600.0,ZWO ASI6200MM Pro,ZWO ASI6200MM Pro,100,10,0.246657639741898,1,1,-1.0,-1.0,3.76,3.76,40,66.2,52.2483888888889,-0.12325,NP101is,540.0,5.4,315.43354499603,44.6806042950607,76.4044444444445,116.43481,1.02870642565724,West,NGC 6997 Panel 2,21 01 44,+44 40 51,90.0,FocusLynx Focuser 1,12052,12052,1.325,19.1,19.1,Manual Rotator,0.0,0.0,0.0,Ascom.SxUFW (v2) ,SII,1.0,43.0,1006.06665773546,23.34,98.0,11.808,2000.0,N.I.N.A. 3.2.0.2002 (x64),NGC 6997 Panel 2_Date_2025-08-12_Time_23-17-41_Type_LIGHT_Filter_SII_Exp_600.00s_G_100_Off_10_Ecc_0.43_HFR_1.70px_FWHM_4.08_Temp_19.10_0043.xisf,1,10.2908364380792,19.476
LIGHT,2025-08-12T21:36:01.3948933,2025-08-12T22:36:01.3948933,2025-08-12T21:41:01.9277519,600.0,600.0,ZWO ASI6200MM Pro,ZWO ASI6200MM Pro,100,10,0.246657639741898,1,1,-1.0,-1.1,3.76,3.76,40,66.2,52.2483888888889,-0.12325,NP101is,540.0,5.4,315.433965125909,44.680955988617,70.34757,101.2468,1.06164609036881,West,NGC 6997 Panel 2,21 01 44,+44 40 51,90.0,FocusLynx Focuser 1,12052,12052,1.325,19.9,19.9,Manual Rotator,0.0,0.0,0.0,Ascom.SxUFW (v2) ,SII,1.0,43.0,1006.06665773546,23.34,98.0,11.808,2000.0,N.I.N.A. 3.2.0.2002 (x64),NGC 6997 Panel 2_Date_2025-08-12_Time_22-36-01_Type_LIGHT_Filter_SII_Exp_600.00s_G_100_Off_10_Ecc_0.39_HFR_1.71px_FWHM_4.26_Temp_19.90_0039.xisf,1,10.2908364380792,19.476
LIGHT,2025-08-11T02:17:17.0981656,2025-08-11T03:17:17.0981656,2025-08-11T02:22:17.6659087,600.0,600.0,ZWO ASI6200MM Pro,ZWO ASI6200MM Pro,100,10,0.246657639741898,1,1,-10.0,-10.1,3.76,3.76,40,66.2,52.2483888888889,-0.12325,NP101is,540.0,5.4,315.432997734381,44.6815292720589,62.34818,270.82936,1.12856587214948,East,NGC 6997 Panel 2,21 01 44,+44 40 51,90.0,FocusLynx Focuser 1,11966,11966,1.325,15.2,15.2,Manual Rotator,0.0,0.0,0.0,Ascom.SxUFW (v2) ,SII,4.0,44.0,1016.98059583713,24.38,173.0,1.62,2000.0,N.I.N.A. 3.2.0.2002 (x64),NGC 6997 Panel 2_Date_2025-08-11_Time_03-17-17_Type_LIGHT_Filter_SII_Exp_600.00s_G_100_Off_10_Ecc_0.43_HFR_1.65px_FWHM_3.96_Temp_15.20_0030.xisf,1,11.5682891129953,6.444
LIGHT,2025-08-12T22:06:55.2571331,2025-08-12T23:06:55.2571331,2025-08-12T22:11:55.8219224,600.0,600.0,ZWO ASI6200MM Pro,ZWO ASI6200MM Pro,100,10,0.246657639741898,1,1,-1.0,-1.0,3.76,3.76,40,66.2,52.2483888888889,-0.12325,NP101is,540.0,5.4,315.434404192476,44.6823034794396,74.89434,111.65789,1.03564902246845,West,NGC 6997 Panel 2,21 01 44,+44 40 51,90.0,FocusLynx Focuser 1,12052,12052,1.325,19.2,19.2,Manual Rotator,0.0,0.0,0.0,Ascom.SxUFW (v2) ,SII,1.0,43.0,1006.06665773546,23.34,98.0,11.808,2000.0,N.I.N.A. 3.2.0.2002 (x64),NGC 6997 Panel 2_Date_2025-08-12_Time_23-06-55_Type_LIGHT_Filter_SII_Exp_600.00s_G_100_Off_10_Ecc_0.43_HFR_1.69px_FWHM_4.02_Temp_19.20_0042.xisf,1,10.2908364380792,19.476
LIGHT,2025-08-12T22:42:42.8240745,2025-08-12T23:42:42.8240745,2025-08-12T22:47:43.3785395,600.0,600.0,ZWO ASI6200MM Pro,ZWO ASI6200MM Pro,100,10,0.246657639741898,1,1,-1.0,-1.0,3.76,3.76,40,66.2,52.2483888888889,-0.12325,NP101is,540.0,5.4,315.433560061182,44.6805728207738,79.5987,131.4961,1.01662011637234,West,NGC 6997 Panel 2,21 01 44,+44 40 51,90.0,FocusLynx Focuser 1,12002,12002,1.325,18.8,18.8,Manual Rotator,0.0,0.0,0.0,Ascom.SxUFW (v2) ,SII,1.0,43.0,1006.06665773546,23.34,98.0,11.808,2000.0,N.I.N.A. 3.2.0.2002 (x64),NGC 6997 Panel 2_Date_2025-08-12_Time_23-42-42_Type_LIGHT_Filter_SII_Exp_600.00s_G_100_Off_10_Ecc_0.39_HFR_1.66px_FWHM_4.11_Temp_18.80_0045.xisf,1,10.2908364380792,19.476
LIGHT,2025-08-12T22:53:00.7398161,2025-08-12T23:53:00.7398161,2025-08-12T22:58:01.3093726,600.0,600.0,ZWO ASI6200MM Pro,ZWO ASI6200MM Pro,100,10,0.246657639741898,1,1,-1.0,-1.0,3.76,3.76,40,66.2,52.2483888888889,-0.12325,NP101is,540.0,5.4,315.435132599232,44.6806295249759,80.70514,140.08761,1.01322842252109,West,NGC 6997 Panel 2,21 01 44,+44 40 51,90.0,FocusLynx Focuser 1,12002,12002,1.325,18.4,18.4,Manual Rotator,0.0,0.0,0.0,Ascom.SxUFW (v2) ,SII,1.0,43.0,1006.06665773546,23.34,98.0,11.808,2000.0,N.I.N.A. 3.2.0.2002 (x64),NGC 6997 Panel 2_Date_2025-08-12_Time_23-53-00_Type_LIGHT_Filter_SII_Exp_600.00s_G_100_Off_10_Ecc_0.38_HFR_1.69px_FWHM_4.21_Temp_18.40_0046.xisf,1,10.2908364380792,19.476
LIGHT,2025-08-12T23:13:03.4270763,2025-08-13T00:13:03.4270763,2025-08-12T23:18:03.9673699,600.0,600.0,ZWO ASI6200MM Pro,ZWO ASI6200MM Pro,100,10,0.246657639741898,1,1,-1.0,-1.0,3.76,3.76,40,66.2,52.2483888888889,-0.12325,NP101is,540.0,5.4,315.435162699311,44.6806283121935,82.2102,162.02933,1.0092520601236,West,NGC 6997 Panel 2,21 01 44,+44 40 51,90.0,FocusLynx Focuser 1,12002,12002,1.325,18.2,18.2,Manual Rotator,0.0,0.0,0.0,Ascom.SxUFW (v2) ,SII,1.0,43.0,1006.06665773546,23.34,98.0,11.808,2000.0,N.I.N.A. 3.2.0.2002 (x64),NGC 6997 Panel 2_Date_2025-08-13_Time_00-13-03_Type_LIGHT_Filter_SII_Exp_600.00s_G_100_Off_10_Ecc_0.39_HFR_1.67px_FWHM_4.07_Temp_18.20_0048.xisf,1,10.2908364380792,19.476
LIGHT,2025-08-13T03:02:56.8488936,2025-08-13T04:02:56.8488936,2025-08-13T03:07:57.4011882,600.0,600.0,ZWO ASI6200MM Pro,ZWO ASI6200MM Pro,100,10,0.246657639741898,1,1,-1.0,-1.0,3.76,3.76,40,66.2,52.2483888888889,-0.12325,NP101is,540.0,5.4,315.434533987629,44.680185952656,54.18762,280.17757,1.23245778851686,East,NGC 6997 Panel 2,21 01 44,+44 40 51,90.0,FocusLynx Focuser 1,11896,11896,1.325,13.3,13.3,Manual Rotator,0.0,0.0,0.0,Ascom.SxUFW (v2) ,SII,1.0,43.0,1006.06665773546,23.34,98.0,11.808,2000.0,N.I.N.A. 3.2.0.2002 (x64),NGC 6997 Panel 2_Date_2025-08-13_Time_04-02-56_Type_LIGHT_Filter_SII_Exp_600.00s_G_100_Off_10_Ecc_0.42_HFR_1.67px_FWHM_4.18_Temp_13.30_0069.xisf,1,10.2908364380792,19.476
LIGHT,2025-08-13T03:13:11.9370849,2025-08-13T04:13:11.9370849,2025-08-13T03:18:12.4982040,600.0,600.0,ZWO ASI6200MM Pro,ZWO ASI6200MM Pro,100,10,0.246657639741898,1,1,-1.0,-0.9,3.76,3.76,40,66.2,52.2483888888889,-0.12325,NP101is,540.0,5.4,315.432387466753,44.6786190003376,52.64109,281.80545,1.25733289439271,East,NGC 6997 Panel 2,21 01 44,+44 40 51,90.0,FocusLynx Focuser 1,11896,11896,1.325,13.0,13.0,Manual Rotator,0.0,0.0,0.0,Ascom.SxUFW (v2) ,SII,1.0,43.0,1006.06665773546,23.34,98.0,11.808,2000.0,N.I.N.A. 3.2.0.2002 (x64),NGC 6997 Panel 2_Date_2025-08-13_Time_04-13-11_Type_LIGHT_Filter_SII_Exp_600.00s_G_100_Off_10_Ecc_0.38_HFR_1.68px_FWHM_4.25_Temp_13.00_0070.xisf,1,10.2908364380792,19.476
LIGHT,2025-08-12T23:59:46.9161493,2025-08-13T00:59:46.9161493,2025-08-13T00:04:47.4490645,600.0,600.0,ZWO ASI6200MM Pro,ZWO ASI6200MM Pro,100,10,0.246657639741898,1,1,-1.0,-0.9,3.76,3.76,40,66.2,52.2483888888889,-0.12325,NP101is,540.0,5.4,315.434249304847,44.680527162802,80.72985,219.67999,1.01315723875421,East,NGC 6997 Panel 2,21 01 44,+44 40 51,90.0,FocusLynx Focuser 1,11978,11978,1.325,17.6,17.6,Manual Rotator,0.0,0.0,0.0,Ascom.SxUFW (v2) ,SII,1.0,43.0,1006.06665773546,23.34,98.0,11.808,2000.0,N.I.N.A. 3.2.0.2002 (x64),NGC 6997 Panel 2_Date_2025-08-13_Time_00-59-46_Type_LIGHT_Filter_SII_Exp_600.00s_G_100_Off_10_Ecc_0.44_HFR_1.66px_FWHM_4.01_Temp_17.60_0052.xisf,1,10.2908364380792,19.476
LIGHT,2025-08-12T23:49:33.8191648,2025-08-13T00:49:33.8191648,2025-08-12T23:54:34.3687274,600.0,600.0,ZWO ASI6200MM Pro,ZWO ASI6200MM Pro,100,10,0.246657639741898,1,1,-1.0,-1.0,3.76,3.76,40,66.2,52.2483888888889,-0.12325,NP101is,540.0,5.4,315.433966219251,44.680968250226,81.61816,209.36312,1.01072937615166,East,NGC 6997 Panel 2,21 01 44,+44 40 51,90.0,FocusLynx Focuser 1,11978,11978,1.325,17.6,17.6,Manual Rotator,0.0,0.0,0.0,Ascom.SxUFW (v2) ,SII,1.0,43.0,1006.06665773546,23.34,98.0,11.808,2000.0,N.I.N.A. 3.2.0.2002 (x64),NGC 6997 Panel 2_Date_2025-08-13_Time_00-49-33_Type_LIGHT_Filter_SII_Exp_600.00s_G_100_Off_10_Ecc_0.42_HFR_1.66px_FWHM_4.05_Temp_17.60_0051.xisf,1,10.2908364380792,19.476
LIGHT,2025-08-13T00:19:49.4346838,2025-08-13T01:19:49.4346838,2025-08-13T00:24:49.9977804,600.0,600.0,ZWO ASI6200MM Pro,ZWO ASI6200MM Pro,100,10,0.246657639741898,1,1,-1.0,-1.0,3.76,3.76,40,66.2,52.2483888888889,-0.12325,NP101is,540.0,5.4,315.434234478969,44.680526021616,78.45744,235.01597,1.02054211320607,East,NGC 6997 Panel 2,21 01 44,+44 40 51,90.0,FocusLynx Focuser 1,11978,11978,1.325,17.2,17.2,Manual Rotator,0.0,0.0,0.0,Ascom.SxUFW (v2) ,SII,1.0,43.0,1006.06665773546,23.34,98.0,11.808,2000.0,N.I.N.A. 3.2.0.2002 (x64),NGC 6997 Panel 2_Date_2025-08-13_Time_01-19-49_Type_LIGHT_Filter_SII_Exp_600.00s_G_100_Off_10_Ecc_0.42_HFR_1.67px_FWHM_4.02_Temp_17.20_0054.xisf,1,10.2908364380792,19.476
LIGHT,2025-08-13T00:30:04.7000303,2025-08-13T01:30:04.7000303,2025-08-13T00:35:05.2716509,600.0,600.0,ZWO ASI6200MM Pro,ZWO ASI6200MM Pro,100,10,0.246657639741898,1,1,-1.0,-1.0,3.76,3.76,40,66.2,52.2483888888889,-0.12325,NP101is,540.0,5.4,315.4341609409,44.6808955566446,77.12002,240.92054,1.02569646394844,East,NGC 6997 Panel 2,21 01 44,+44 40 51,90.0,FocusLynx Focuser 1,11978,11978,1.325,16.8,16.8,Manual Rotator,0.0,0.0,0.0,Ascom.SxUFW (v2) ,SII,1.0,43.0,1006.06665773546,23.34,98.0,11.808,2000.0,N.I.N.A. 3.2.0.2002 (x64),NGC 6997 Panel 2_Date_2025-08-13_Time_01-30-04_Type_LIGHT_Filter_SII_Exp_600.00s_G_100_Off_10_Ecc_0.44_HFR_1.67px_FWHM_3.98_Temp_16.80_0055.xisf,1,10.2908364380792,19.476
LIGHT,2025-08-13T00:40:06.0094286,2025-08-13T01:40:06.0094286,2025-08-13T00:45:06.5638394,600.0,600.0,ZWO ASI6200MM Pro,ZWO ASI6200MM Pro,100,10,0.246657639741898,1,1,-1.0,-1.0,3.76,3.76,40,66.2,52.2483888888889,-0.12325,NP101is,540.0,5.4,315.434146006145,44.6808849984308,75.74695,245.76112,1.03162977548853,East,NGC 6997 Panel 2,21 01 44,+44 40 51,90.0,FocusLynx Focuser 1,11978,11978,1.325,16.5,16.5,Manual Rotator,0.0,0.0,0.0,Ascom.SxUFW (v2) ,SII,1.0,43.0,1006.06665773546,23.34,98.0,11.808,2000.0,N.I.N.A. 3.2.0.2002 (x64),NGC 6997 Panel 2_Date_2025-08-13_Time_01-40-06_Type_LIGHT_Filter_SII_Exp_600.00s_G_100_Off_10_Ecc_0.44_HFR_1.68px_FWHM_3.96_Temp_16.50_0056.xisf,1,10.2908364380792,19.476
LIGHT,2025-08-13T00:09:48.1927016,2025-08-13T01:09:48.1927016,2025-08-13T00:14:48.7596364,600.0,600.0,ZWO ASI6200MM Pro,ZWO ASI6200MM Pro,100,10,0.246657639741898,1,1,-1.0,-1.0,3.76,3.76,40,66.2,52.2483888888889,-0.12325,NP101is,540.0,5.4,315.434294232793,44.6805065014092,79.6611,228.09169,1.01641814444027,East,NGC 6997 Panel 2,21 01 44,+44 40 51,90.0,FocusLynx Focuser 1,11978,11978,1.325,17.4,17.4,Manual Rotator,0.0,0.0,0.0,Ascom.SxUFW (v2) ,SII,1.0,43.0,1006.06665773546,23.34,98.0,11.808,2000.0,N.I.N.A. 3.2.0.2002 (x64),NGC 6997 Panel 2_Date_2025-08-13_Time_01-09-48_Type_LIGHT_Filter_SII_Exp_600.00s_G_100_Off_10_Ecc_0.44_HFR_1.66px_FWHM_4.04_Temp_17.40_0053.xisf,1,10.2908364380792,19.476
LIGHT,2025-08-12T23:23:43.4390031,2025-08-13T00:23:43.4390031,2025-08-12T23:28:43.9782922,600.0,600.0,ZWO ASI6200MM Pro,ZWO ASI6200MM Pro,100,10,0.246657639741898,1,1,-1.0,-1.0,3.76,3.76,40,66.2,52.2483888888889,-0.12325,NP101is,540.0,5.4,315.434124764175,44.679209443587,82.52038,176.18293,1.00852269846735,West,NGC 6997 Panel 2,21 01 44,+44 40 51,90.0,FocusLynx Focuser 1,12002,12002,1.325,18.1,18.1,Manual Rotator,0.0,0.0,0.0,Ascom.SxUFW (v2) ,SII,1.0,43.0,1006.06665773546,23.34,98.0,11.808,2000.0,N.I.N.A. 3.2.0.2002 (x64),NGC 6997 Panel 2_Date_2025-08-13_Time_00-23-43_Type_LIGHT_Filter_SII_Exp_600.00s_G_100_Off_10_Ecc_0.40_HFR_1.67px_FWHM_4.07_Temp_18.10_0049.xisf,1,10.2908364380792,19.476
LIGHT,2025-08-13T00:50:07.2224361,2025-08-13T01:50:07.2224361,2025-08-13T00:55:07.7599947,600.0,600.0,ZWO ASI6200MM Pro,ZWO ASI6200MM Pro,100,10,0.246657639741898,1,1,-1.0,-1.0,3.76,3.76,40,66.2,52.2483888888889,-0.12325,NP101is,540.0,5.4,315.434086183409,44.6808845171436,74.3243,249.91336,1.03848223753269,East,NGC 6997 Panel 2,21 01 44,+44 40 51,90.0,FocusLynx Focuser 1,11978,11978,1.325,16.1,16.1,Manual Rotator,0.0,0.0,0.0,Ascom.SxUFW (v2) ,SII,1.0,43.0,1006.06665773546,23.34,98.0,11.808,2000.0,N.I.N.A. 3.2.0.2002 (x64),NGC 6997 Panel 2_Date_2025-08-13_Time_01-50-07_Type_LIGHT_Filter_SII_Exp_600.00s_G_100_Off_10_Ecc_0.43_HFR_1.71px_FWHM_4.14_Temp_16.10_0057.xisf,1,10.2908364380792,19.476
LIGHT,2025-08-13T01:26:16.1256088,2025-08-13T02:26:16.1256088,2025-08-13T01:31:16.6608380,600.0,600.0,ZWO ASI6200MM Pro,ZWO ASI6200MM Pro,100,10,0.246657639741898,1,1,-1.0,-1.0,3.76,3.76,40,66.2,52.2483888888889,-0.12325,NP101is,540.0,5.4,315.433606159572,44.6805532216229,68.9493888888889,261.25011,1.07127801443303,East,NGC 6997 Panel 2,21 01 44,+44 40 51,90.0,FocusLynx Focuser 1,11936,11936,1.325,15.3,15.3,Manual Rotator,0.0,0.0,0.0,Ascom.SxUFW (v2) ,SII,1.0,43.0,1006.06665773546,23.34,98.0,11.808,2000.0,N.I.N.A. 3.2.0.2002 (x64),NGC 6997 Panel 2_Date_2025-08-13_Time_02-26-16_Type_LIGHT_Filter_SII_Exp_600.00s_G_100_Off_10_Ecc_0.40_HFR_1.67px_FWHM_4.14_Temp_15.30_0060.xisf,1,10.2908364380792,19.476
LIGHT,2025-07-11T22:21:21.167,2025-07-11T23:21:21.167,2025-07-11T22:26:21.811,600.0,600.0,ZWO ASI6200MM Pro,ZWO ASI6200MM Pro,100,10,0.246657639741898,1,1,-10.0,-10.0,3.76,3.76,40,66.2,52.2483888888889,-0.12325,NP101is,540.0,5.4,312.638005470943,41.6260174659486,58.0918888888889,90.9986666666667,1.17748590016719,West,NGC 6997 Panel 3,20 50 33,+41 37 32,90.0,FocusLynx Focuser 1,12438,12438,1.325,19.9,19.9,Manual Rotator,0.0,0.0,0.0,Starlight Xpress Filter Wheels,Ha,0.0,62.0,1019.0,22.62,129.0,11.412,2000.0,N.I.N.A. 3.1.2.9001 (x64),NGC 6997 Panel 3_Date_2025-07-11_Time_23-21-21_Type_LIGHT_Filter_Ha_Exp_600.00s_G_100_Off_10_Ecc_0.43_HFR_1.69px_FWHM_4.02_Temp_19.90_0003.xisf,1,15.1041752961148,
LIGHT,2025-08-13T01:16:14.9324933,2025-08-13T02:16:14.9324933,2025-08-13T01:21:15.4614605,600.0,600.0,ZWO ASI6200MM Pro,ZWO ASI6200MM Pro,100,10,0.246657639741898,1,1,-1.0,-1.0,3.76,3.76,40,66.2,52.2483888888889,-0.12325,NP101is,540.0,5.4,315.433486297195,44.6805540133801,70.4637777777778,258.53228,1.0608816296455,East,NGC 6997 Panel 2,21 01 44,+44 40 51,90.0,FocusLynx Focuser 1,11936,11936,1.325,15.4,15.4,Manual Rotator,0.0,0.0,0.0,Ascom.SxUFW (v2) ,SII,1.0,43.0,1006.06665773546,23.34,98.0,11.808,2000.0,N.I.N.A. 3.2.0.2002 (x64),NGC 6997 Panel 2_Date_2025-08-13_Time_02-16-14_Type_LIGHT_Filter_SII_Exp_600.00s_G_100_Off_10_Ecc_0.40_HFR_1.67px_FWHM_4.18_Temp_15.40_0059.xisf,1,10.2908364380792,19.476
LIGHT,2025-08-16T21:49:53.0863914,2025-08-16T22:49:53.0863914,2025-08-16T21:54:53.6401275,600.0,600.0,ZWO ASI6200MM Pro,ZWO ASI6200MM Pro,100,10,0.246657639741898,1,1,-10.0,-10.0,3.76,3.76,40,66.2,52.2483888888889,-0.12325,NP101is,540.0,5.4,315.436998881073,44.6793535055508,74.70839,111.14349,1.03656027313917,West,NGC 6997 Panel 2,21 01 44,+44 40 51,90.0,FocusLynx Focuser 1,11894,11894,1.325,12.5,12.5,Manual Rotator,0.0,0.0,0.0,Ascom.SxUFW (v2) ,SII,4.0,62.0,1018.96494821925,19.42,21.0,16.092,2000.0,N.I.N.A. 3.2.0.2002 (x64),NGC 6997 Panel 2_Date_2025-08-16_Time_22-49-53_Type_LIGHT_Filter_SII_Exp_600.00s_G_100_Off_10_Ecc_0.42_HFR_1.66px_FWHM_3.92_Temp_12.50_0083.xisf,1,12.0878545745378,24.156
LIGHT,2025-08-13T01:56:31.3184726,2025-08-13T02:56:31.3184726,2025-08-13T02:01:31.8643068,600.0,600.0,ZWO ASI6200MM Pro,ZWO ASI6200MM Pro,100,10,0.246657639741898,1,1,-1.0,-1.0,3.76,3.76,40,66.2,52.2483888888889,-0.12325,NP101is,540.0,5.4,315.433426924485,44.6806217606203,64.33095,268.23303,1.10916832702262,East,NGC 6997 Panel 2,21 01 44,+44 40 51,90.0,FocusLynx Focuser 1,11936,11936,1.325,14.8,14.8,Manual Rotator,0.0,0.0,0.0,Ascom.SxUFW (v2) ,SII,1.0,43.0,1006.06665773546,23.34,98.0,11.808,2000.0,N.I.N.A. 3.2.0.2002 (x64),NGC 6997 Panel 2_Date_2025-08-13_Time_02-56-31_Type_LIGHT_Filter_SII_Exp_600.00s_G_100_Off_10_Ecc_0.40_HFR_1.68px_FWHM_4.10_Temp_14.80_0063.xisf,1,10.2908364380792,19.476
LIGHT,2025-08-13T02:17:05.5471507,2025-08-13T03:17:05.5471507,2025-08-13T02:22:06.0720784,600.0,600.0,ZWO ASI6200MM Pro,ZWO ASI6200MM Pro,100,10,0.246657639741898,1,1,-1.0,-1.0,3.76,3.76,40,66.2,52.2483888888889,-0.12325,NP101is,540.0,5.4,315.433428730964,44.681110562927,61.17825,272.2817,1.14098060161047,East,NGC 6997 Panel 2,21 01 44,+44 40 51,90.0,FocusLynx Focuser 1,11936,11936,1.325,14.2,14.2,Manual Rotator,0.0,0.0,0.0,Ascom.SxUFW (v2) ,SII,1.0,43.0,1006.06665773546,23.34,98.0,11.808,2000.0,N.I.N.A. 3.2.0.2002 (x64),NGC 6997 Panel 2_Date_2025-08-13_Time_03-17-05_Type_LIGHT_Filter_SII_Exp_600.00s_G_100_Off_10_Ecc_0.42_HFR_1.68px_FWHM_3.96_Temp_14.20_0065.xisf,1,10.2908364380792,19.476
LIGHT,2025-08-13T02:27:06.7956941,2025-08-13T03:27:06.7956941,2025-08-13T02:32:07.3282023,600.0,600.0,ZWO ASI6200MM Pro,ZWO ASI6200MM Pro,100,10,0.246657639741898,1,1,-1.0,-1.0,3.76,3.76,40,66.2,52.2483888888889,-0.12325,NP101is,540.0,5.4,315.433413860354,44.68112000067,59.64302,274.11729,1.15843279053054,East,NGC 6997 Panel 2,21 01 44,+44 40 51,90.0,FocusLynx Focuser 1,11936,11936,1.325,13.9,13.9,Manual Rotator,0.0,0.0,0.0,Ascom.SxUFW (v2) ,SII,1.0,43.0,1006.06665773546,23.34,98.0,11.808,2000.0,N.I.N.A. 3.2.0.2002 (x64),NGC 6997 Panel 2_Date_2025-08-13_Time_03-27-06_Type_LIGHT_Filter_SII_Exp_600.00s_G_100_Off_10_Ecc_0.47_HFR_1.68px_FWHM_3.96_Temp_13.90_0066.xisf,1,10.2908364380792,19.476
LIGHT,2025-08-13T01:46:30.0736317,2025-08-13T02:46:30.0736317,2025-08-13T01:51:30.6294221,600.0,600.0,ZWO ASI6200MM Pro,ZWO ASI6200MM Pro,100,10,0.246657639741898,1,1,-1.0,-0.9,3.76,3.76,40,66.2,52.2483888888889,-0.12325,NP101is,540.0,5.4,315.433366924816,44.6806124493617,65.86423,266.08563,1.09550395730843,East,NGC 6997 Panel 2,21 01 44,+44 40 51,90.0,FocusLynx Focuser 1,11936,11936,1.325,15.1,15.1,Manual Rotator,0.0,0.0,0.0,Ascom.SxUFW (v2) ,SII,1.0,43.0,1006.06665773546,23.34,98.0,11.808,2000.0,N.I.N.A. 3.2.0.2002 (x64),NGC 6997 Panel 2_Date_2025-08-13_Time_02-46-30_Type_LIGHT_Filter_SII_Exp_600.00s_G_100_Off_10_Ecc_0.41_HFR_1.68px_FWHM_4.18_Temp_15.10_0062.xisf,1,10.2908364380792,19.476
LIGHT,2025-08-13T02:07:04.2505993,2025-08-13T03:07:04.2505993,2025-08-13T02:12:04.7969832,600.0,600.0,ZWO ASI6200MM Pro,ZWO ASI6200MM Pro,100,10,0.246657639741898,1,1,-1.0,-1.1,3.76,3.76,40,66.2,52.2483888888889,-0.12325,NP101is,540.0,5.4,315.433503632554,44.6811410213463,62.71212,270.36591,1.1248536693717,East,NGC 6997 Panel 2,21 01 44,+44 40 51,90.0,FocusLynx Focuser 1,11936,11936,1.325,14.5,14.5,Manual Rotator,0.0,0.0,0.0,Ascom.SxUFW (v2) ,SII,1.0,43.0,1006.06665773546,23.34,98.0,11.808,2000.0,N.I.N.A. 3.2.0.2002 (x64),NGC 6997 Panel 2_Date_2025-08-13_Time_03-07-04_Type_LIGHT_Filter_SII_Exp_600.00s_G_100_Off_10_Ecc_0.41_HFR_1.67px_FWHM_4.03_Temp_14.50_0064.xisf,1,10.2908364380792,19.476
LIGHT,2025-08-10T23:07:09.3557209,2025-08-11T00:07:09.3557209,2025-08-10T23:12:09.9006153,600.0,600.0,ZWO ASI6200MM Pro,ZWO ASI6200MM Pro,100,10,0.246657639741898,1,1,-10.0,-10.0,3.76,3.76,40,66.2,52.2483888888889,-0.12325,NP101is,540.0,5.4,315.434104000012,44.6815173443412,81.28595,146.21656,1.01160755069042,West,NGC 6997 Panel 2,21 01 44,+44 40 51,90.0,FocusLynx Focuser 1,12012,12012,1.325,17.0,17.0,Manual Rotator,0.0,0.0,0.0,Ascom.SxUFW (v2) ,SII,4.0,44.0,1016.98059583713,24.38,173.0,1.62,2000.0,N.I.N.A. 3.2.0.2002 (x64),NGC 6997 Panel 2_Date_2025-08-11_Time_00-07-09_Type_LIGHT_Filter_SII_Exp_600.00s_G_100_Off_10_Ecc_0.40_HFR_1.65px_FWHM_4.00_Temp_17.00_0012.xisf,1,11.5682891129953,6.444
LIGHT,2025-08-12T23:33:44.6940346,2025-08-13T00:33:44.6940346,2025-08-12T23:38:45.2465474,600.0,600.0,ZWO ASI6200MM Pro,ZWO ASI6200MM Pro,100,10,0.246657639741898,1,1,-1.0,-1.0,3.76,3.76,40,66.2,52.2483888888889,-0.12325,NP101is,540.0,5.4,315.434139677463,44.6791688368205,82.44019,189.78095,1.00870832657396,West,NGC 6997 Panel 2,21 01 44,+44 40 51,90.0,FocusLynx Focuser 1,12002,12002,1.325,17.9,17.9,Manual Rotator,0.0,0.0,0.0,Ascom.SxUFW (v2) ,SII,1.0,43.0,1006.06665773546,23.34,98.0,11.808,2000.0,N.I.N.A. 3.2.0.2002 (x64),NGC 6997 Panel 2_Date_2025-08-13_Time_00-33-44_Type_LIGHT_Filter_SII_Exp_600.00s_G_100_Off_10_Ecc_0.42_HFR_1.65px_FWHM_3.97_Temp_17.90_0050.xisf,1,10.2908364380792,19.476
LIGHT,2025-08-13T02:47:28.2757783,2025-08-13T03:47:28.2757783,2025-08-13T02:52:28.8142079,600.0,600.0,ZWO ASI6200MM Pro,ZWO ASI6200MM Pro,100,10,0.246657639741898,1,1,-1.0,-1.0,3.76,3.76,40,66.2,52.2483888888889,-0.12325,NP101is,540.0,5.4,315.434518976731,44.6802068871656,56.52958,277.64568,1.19822022195812,East,NGC 6997 Panel 2,21 01 44,+44 40 51,90.0,FocusLynx Focuser 1,11936,11936,1.325,13.6,13.6,Manual Rotator,0.0,0.0,0.0,Ascom.SxUFW (v2) ,SII,1.0,43.0,1006.06665773546,23.34,98.0,11.808,2000.0,N.I.N.A. 3.2.0.2002 (x64),NGC 6997 Panel 2_Date_2025-08-13_Time_03-47-28_Type_LIGHT_Filter_SII_Exp_600.00s_G_100_Off_10_Ecc_0.43_HFR_1.70px_FWHM_4.01_Temp_13.60_0068.xisf,1,10.2908364380792,19.476
LIGHT,2025-08-16T21:19:16.0665247,2025-08-16T22:19:16.0665247,2025-08-16T21:24:16.6321249,600.0,600.0,ZWO ASI6200MM Pro,ZWO ASI6200MM Pro,100,10,0.246657639741898,1,1,-10.0,-10.0,3.76,3.76,40,66.2,52.2483888888889,-0.12325,NP101is,540.0,5.4,315.434219383439,44.6808605380499,70.19267,100.95686,1.06267359088526,West,NGC 6997 Panel 2,21 01 44,+44 40 51,90.0,FocusLynx Focuser 1,11894,11894,1.325,12.9,12.9,Manual Rotator,0.0,0.0,0.0,Ascom.SxUFW (v2) ,SII,4.0,62.0,1018.96494821925,19.42,21.0,16.092,2000.0,N.I.N.A. 3.2.0.2002 (x64),NGC 6997 Panel 2_Date_2025-08-16_Time_22-19-16_Type_LIGHT_Filter_SII_Exp_600.00s_G_100_Off_10_Ecc_0.41_HFR_1.64px_FWHM_3.92_Temp_12.90_0080.xisf,1,12.0878545745378,24.156
LIGHT,2025-08-16T20:58:27.8344291,2025-08-16T21:58:27.8344291,2025-08-16T21:03:28.4022744,600.0,600.0,ZWO ASI6200MM Pro,ZWO ASI6200MM Pro,100,10,0.246657639741898,1,1,-10.0,-10.0,3.76,3.76,40,66.2,52.2483888888889,-0.12325,NP101is,540.0,5.4,315.43396558921,44.6809824922205,67.03691,95.65778,1.08579661934123,West,NGC 6997 Panel 2,21 01 44,+44 40 51,90.0,FocusLynx Focuser 1,11894,11894,1.325,13.2,13.2,Manual Rotator,0.0,0.0,0.0,Ascom.SxUFW (v2) ,SII,4.0,62.0,1018.96494821925,19.42,21.0,16.092,2000.0,N.I.N.A. 3.2.0.2002 (x64),NGC 6997 Panel 2_Date_2025-08-16_Time_21-58-27_Type_LIGHT_Filter_SII_Exp_600.00s_G_100_Off_10_Ecc_0.40_HFR_1.64px_FWHM_3.98_Temp_13.20_0078.xisf,1,12.0878545745378,24.156
LIGHT,2025-08-16T20:48:26.5420150,2025-08-16T21:48:26.5420150,2025-08-16T20:53:27.1145351,600.0,600.0,ZWO ASI6200MM Pro,ZWO ASI6200MM Pro,100,10,0.246657639741898,1,1,-10.0,-10.0,3.76,3.76,40,66.2,52.2483888888889,-0.12325,NP101is,540.0,5.4,315.434010645552,44.6809731457396,65.50388,93.39483,1.09861456327015,West,NGC 6997 Panel 2,21 01 44,+44 40 51,90.0,FocusLynx Focuser 1,11894,11894,1.325,13.4,13.4,Manual Rotator,0.0,0.0,0.0,Ascom.SxUFW (v2) ,SII,4.0,62.0,1018.96494821925,19.42,21.0,16.092,2000.0,N.I.N.A. 3.2.0.2002 (x64),NGC 6997 Panel 2_Date_2025-08-16_Time_21-48-26_Type_LIGHT_Filter_SII_Exp_600.00s_G_100_Off_10_Ecc_0.41_HFR_1.63px_FWHM_3.99_Temp_13.40_0077.xisf,1,12.0878545745378,24.156
LIGHT,2025-08-16T21:39:18.5757806,2025-08-16T22:39:18.5757806,2025-08-16T21:44:19.1476851,600.0,600.0,ZWO ASI6200MM Pro,ZWO ASI6200MM Pro,100,10,0.246657639741898,1,1,-10.0,-10.0,3.76,3.76,40,66.2,52.2483888888889,-0.12325,NP101is,540.0,5.4,315.434234051575,44.6808690502547,73.17763,107.19444,1.04454283556143,West,NGC 6997 Panel 2,21 01 44,+44 40 51,90.0,FocusLynx Focuser 1,11894,11894,1.325,12.6,12.6,Manual Rotator,0.0,0.0,0.0,Ascom.SxUFW (v2) ,SII,4.0,62.0,1018.96494821925,19.42,21.0,16.092,2000.0,N.I.N.A. 3.2.0.2002 (x64),NGC 6997 Panel 2_Date_2025-08-16_Time_22-39-18_Type_LIGHT_Filter_SII_Exp_600.00s_G_100_Off_10_Ecc_0.42_HFR_1.65px_FWHM_3.91_Temp_12.60_0082.xisf,1,12.0878545745378,24.156
LIGHT,2025-08-16T21:08:29.1348699,2025-08-16T22:08:29.1348699,2025-08-16T21:13:29.6709339,600.0,600.0,ZWO ASI6200MM Pro,ZWO ASI6200MM Pro,100,10,0.246657639741898,1,1,-10.0,-10.0,3.76,3.76,40,66.2,52.2483888888889,-0.12325,NP101is,540.0,5.4,315.433980359789,44.6809717362337,68.5624,98.09379,1.07408826479705,West,NGC 6997 Panel 2,21 01 44,+44 40 51,90.0,FocusLynx Focuser 1,11894,11894,1.325,13.0,13.0,Manual Rotator,0.0,0.0,0.0,Ascom.SxUFW (v2) ,SII,4.0,62.0,1018.96494821925,19.42,21.0,16.092,2000.0,N.I.N.A. 3.2.0.2002 (x64),NGC 6997 Panel 2_Date_2025-08-16_Time_22-08-29_Type_LIGHT_Filter_SII_Exp_600.00s_G_100_Off_10_Ecc_0.41_HFR_1.63px_FWHM_3.94_Temp_13.00_0079.xisf,1,12.0878545745378,24.156
LIGHT,2025-07-12T00:11:40.028,2025-07-12T01:11:40.028,2025-07-12T00:16:40.600,600.0,600.0,ZWO ASI6200MM Pro,ZWO ASI6200MM Pro,100,10,0.246657639741898,1,1,-10.0,-10.0,3.76,3.76,40,66.2,52.2483888888889,-0.12325,NP101is,540.0,5.4,312.639161813985,41.6230142837923,74.1891388888889,124.827027777778,1.03917137826838,West,NGC 6997 Panel 3,20 50 33,+41 37 32,90.0,FocusLynx Focuser 1,12358,12358,1.325,17.4,17.4,Manual Rotator,0.0,0.0,0.0,Starlight Xpress Filter Wheels,Ha,0.0,62.0,1019.0,22.62,129.0,11.412,2000.0,N.I.N.A. 3.1.2.9001 (x64),NGC 6997 Panel 3_Date_2025-07-12_Time_01-11-40_Type_LIGHT_Filter_Ha_Exp_600.00s_G_100_Off_10_Ecc_0.41_HFR_1.66px_FWHM_3.99_Temp_17.40_0013.xisf,1,15.1041752961148,
LIGHT,2025-07-12T00:31:55.593,2025-07-12T01:31:55.593,2025-07-12T00:36:56.207,600.0,600.0,ZWO ASI6200MM Pro,ZWO ASI6200MM Pro,100,10,0.246657639741898,1,1,-10.0,-10.0,3.76,3.76,40,66.2,52.2483888888889,-0.12325,NP101is,540.0,5.4,312.63673516613,41.6243419452258,76.5563055555556,136.64297,1.02805277177477,West,NGC 6997 Panel 3,20 50 33,+41 37 32,90.0,FocusLynx Focuser 1,12358,12358,1.325,17.2,17.2,Manual Rotator,0.0,0.0,0.0,Starlight Xpress Filter Wheels,Ha,0.0,62.0,1019.0,22.62,129.0,11.412,2000.0,N.I.N.A. 3.1.2.9001 (x64),NGC 6997 Panel 3_Date_2025-07-12_Time_01-31-55_Type_LIGHT_Filter_Ha_Exp_600.00s_G_100_Off_10_Ecc_0.43_HFR_1.66px_FWHM_3.92_Temp_17.20_0015.xisf,1,15.1041752961148,
LIGHT,2025-08-16T21:29:17.3333900,2025-08-16T22:29:17.3333900,2025-08-16T21:34:17.8627396,600.0,600.0,ZWO ASI6200MM Pro,ZWO ASI6200MM Pro,100,10,0.246657639741898,1,1,-10.0,-10.0,3.76,3.76,40,66.2,52.2483888888889,-0.12325,NP101is,540.0,5.4,315.434264168711,44.6808697294154,71.69629,103.90565,1.05310572831032,West,NGC 6997 Panel 2,21 01 44,+44 40 51,90.0,FocusLynx Focuser 1,11894,11894,1.325,12.7,12.7,Manual Rotator,0.0,0.0,0.0,Ascom.SxUFW (v2) ,SII,4.0,62.0,1018.96494821925,19.42,21.0,16.092,2000.0,N.I.N.A. 3.2.0.2002 (x64),NGC 6997 Panel 2_Date_2025-08-16_Time_22-29-17_Type_LIGHT_Filter_SII_Exp_600.00s_G_100_Off_10_Ecc_0.40_HFR_1.65px_FWHM_3.93_Temp_12.70_0081.xisf,1,12.0878545745378,24.156
LIGHT,2025-07-11T21:51:04.861,2025-07-11T22:51:04.861,2025-07-11T21:56:05.499,600.0,600.0,ZWO ASI6200MM Pro,ZWO ASI6200MM Pro,100,10,0.246657639741898,1,1,-10.0,-10.2,3.76,3.76,40,66.2,52.2483888888889,-0.12325,NP101is,540.0,5.4,312.637055254127,41.6255609533436,53.45225,85.22006,1.24404940819619,West,NGC 6997 Panel 3,20 50 33,+41 37 32,90.0,FocusLynx Focuser 1,12438,12438,1.325,20.8,20.8,Manual Rotator,0.0,0.0,0.0,Starlight Xpress Filter Wheels,Ha,0.0,62.0,1019.0,22.62,129.0,11.412,2000.0,N.I.N.A. 3.1.2.9001 (x64),NGC 6997 Panel 3_Date_2025-07-11_Time_22-51-04_Type_LIGHT_Filter_Ha_Exp_600.00s_G_100_Off_10_Ecc_0.43_HFR_1.64px_FWHM_3.98_Temp_20.80_0000.xisf,1,15.1041752961148,
LIGHT,2025-07-11T22:36:10.991,2025-07-11T23:36:10.991,2025-07-11T22:41:11.611,600.0,600.0,ZWO ASI6200MM Pro,ZWO ASI6200MM Pro,100,10,0.246657639741898,1,1,-10.0,-10.0,3.76,3.76,40,66.2,52.2483888888889,-0.12325,NP101is,540.0,5.4,312.638136110288,41.6259941284486,60.3618055555556,94.10319,1.15009322994325,West,NGC 6997 Panel 3,20 50 33,+41 37 32,90.0,FocusLynx Focuser 1,12400,12400,1.325,19.4,19.4,Manual Rotator,0.0,0.0,0.0,Starlight Xpress Filter Wheels,Ha,0.0,62.0,1019.0,22.62,129.0,11.412,2000.0,N.I.N.A. 3.1.2.9001 (x64),NGC 6997 Panel 3_Date_2025-07-11_Time_23-36-10_Type_LIGHT_Filter_Ha_Exp_600.00s_G_100_Off_10_Ecc_0.40_HFR_1.65px_FWHM_3.97_Temp_19.40_0004.xisf,1,15.1041752961148,
LIGHT,2025-08-13T01:00:44.7898294,2025-08-13T02:00:44.7898294,2025-08-13T01:05:45.3435553,600.0,600.0,ZWO ASI6200MM Pro,ZWO ASI6200MM Pro,100,10,0.246657639741898,1,1,-1.0,-1.0,3.76,3.76,40,66.2,52.2483888888889,-0.12325,NP101is,540.0,5.4,315.433501295432,44.680594894705,72.77511,253.74076,1.04678673889352,East,NGC 6997 Panel 2,21 01 44,+44 40 51,90.0,FocusLynx Focuser 1,11978,11978,1.325,15.7,15.7,Manual Rotator,0.0,0.0,0.0,Ascom.SxUFW (v2) ,SII,1.0,43.0,1006.06665773546,23.34,98.0,11.808,2000.0,N.I.N.A. 3.2.0.2002 (x64),NGC 6997 Panel 2_Date_2025-08-13_Time_02-00-44_Type_LIGHT_Filter_SII_Exp_600.00s_G_100_Off_10_Ecc_0.42_HFR_1.74px_FWHM_4.24_Temp_15.70_0058.xisf,1,10.2908364380792,19.476
LIGHT,2025-08-13T01:36:28.7948098,2025-08-13T02:36:28.7948098,2025-08-13T01:41:29.3612233,600.0,600.0,ZWO ASI6200MM Pro,ZWO ASI6200MM Pro,100,10,0.246657639741898,1,1,-1.0,-1.0,3.76,3.76,40,66.2,52.2483888888889,-0.12325,NP101is,540.0,5.4,315.433381861796,44.6806230108403,67.3968,263.78339,1.08294226131056,East,NGC 6997 Panel 2,21 01 44,+44 40 51,90.0,FocusLynx Focuser 1,11936,11936,1.325,15.1,15.1,Manual Rotator,0.0,0.0,0.0,Ascom.SxUFW (v2) ,SII,1.0,43.0,1006.06665773546,23.34,98.0,11.808,2000.0,N.I.N.A. 3.2.0.2002 (x64),NGC 6997 Panel 2_Date_2025-08-13_Time_02-36-28_Type_LIGHT_Filter_SII_Exp_600.00s_G_100_Off_10_Ecc_0.41_HFR_1.68px_FWHM_4.16_Temp_15.10_0061.xisf,1,10.2908364380792,19.476
LIGHT,2025-07-11T22:11:07.496,2025-07-11T23:11:07.496,2025-07-11T22:16:08.092,600.0,600.0,ZWO ASI6200MM Pro,ZWO ASI6200MM Pro,100,10,0.246657639741898,1,1,-10.0,-10.0,3.76,3.76,40,66.2,52.2483888888889,-0.12325,NP101is,540.0,5.4,312.637015932972,41.6255598328621,56.5229444444444,88.97162,1.19831174875524,West,NGC 6997 Panel 3,20 50 33,+41 37 32,90.0,FocusLynx Focuser 1,12438,12438,1.325,20.1,20.1,Manual Rotator,0.0,0.0,0.0,Starlight Xpress Filter Wheels,Ha,0.0,62.0,1019.0,22.62,129.0,11.412,2000.0,N.I.N.A. 3.1.2.9001 (x64),NGC 6997 Panel 3_Date_2025-07-11_Time_23-11-07_Type_LIGHT_Filter_Ha_Exp_600.00s_G_100_Off_10_Ecc_0.41_HFR_1.69px_FWHM_4.07_Temp_20.10_0002.xisf,1,15.1041752961148,
LIGHT,2025-07-12T01:52:14.783,2025-07-12T02:52:14.783,2025-07-12T01:57:15.394,600.0,600.0,ZWO ASI6200MM Pro,ZWO ASI6200MM Pro,100,10,0.246657639741898,1,1,-10.0,-10.0,3.76,3.76,40,66.2,52.2483888888889,-0.12325,NP101is,540.0,5.4,312.637004650704,41.6255667803685,78.2303055555556,209.65565,1.02137467525923,East,NGC 6997 Panel 3,20 50 33,+41 37 32,90.0,FocusLynx Focuser 1,12305,12305,1.325,16.4,16.4,Manual Rotator,0.0,0.0,0.0,Starlight Xpress Filter Wheels,Ha,0.0,62.0,1019.0,22.62,129.0,11.412,2000.0,N.I.N.A. 3.1.2.9001 (x64),NGC 6997 Panel 3_Date_2025-07-12_Time_02-52-14_Type_LIGHT_Filter_Ha_Exp_600.00s_G_100_Off_10_Ecc_0.41_HFR_1.65px_FWHM_4.00_Temp_16.40_0022.xisf,1,15.1041752961148,
LIGHT,2025-07-11T22:01:06.270,2025-07-11T23:01:06.270,2025-07-11T22:06:06.853,600.0,600.0,ZWO ASI6200MM Pro,ZWO ASI6200MM Pro,100,10,0.246657639741898,1,1,-10.0,-10.0,3.76,3.76,40,66.2,52.2483888888889,-0.12325,NP101is,540.0,5.4,312.636956507088,41.6255505345769,54.9871944444444,87.06414,1.22032174390229,West,NGC 6997 Panel 3,20 50 33,+41 37 32,90.0,FocusLynx Focuser 1,12438,12438,1.325,20.4,20.4,Manual Rotator,0.0,0.0,0.0,Starlight Xpress Filter Wheels,Ha,0.0,62.0,1019.0,22.62,129.0,11.412,2000.0,N.I.N.A. 3.1.2.9001 (x64),NGC 6997 Panel 3_Date_2025-07-11_Time_23-01-06_Type_LIGHT_Filter_Ha_Exp_600.00s_G_100_Off_10_Ecc_0.41_HFR_1.67px_FWHM_4.00_Temp_20.40_0001.xisf,1,15.1041752961148,
LIGHT,2025-07-21T22:26:44.654,2025-07-21T23:26:44.654,2025-07-21T22:31:45.197,600.0,600.0,ZWO ASI6200MM Pro,ZWO ASI6200MM Pro,100,10,0.246657639741898,1,1,-10.0,-10.0,3.76,3.76,40,66.2,52.2483888888889,-0.12325,NP101is,540.0,5.4,312.638049896207,41.6255211230892,64.91074,101.22047,1.10386858057301,West,NGC 6997 Panel 3,20 50 33,+41 37 32,90.0,FocusLynx Focuser 1,12224,12224,1.325,14.1,14.1,Manual Rotator,0.0,0.0,0.0,Starlight Xpress Filter Wheels,Ha,100.0,76.0,1003.0,16.11,268.0,14.004,2000.0,N.I.N.A. 3.1.2.9001 (x64),NGC 6997 Panel 3_Date_2025-07-21_Time_23-26-44_Type_LIGHT_Filter_Ha_Exp_600.00s_G_100_Off_10_Ecc_0.42_HFR_1.67px_FWHM_4.04_Temp_14.10_0002.xisf,1,11.9578699820331,
LIGHT,2025-07-12T02:22:31.432,2025-07-12T03:22:31.432,2025-07-12T02:27:31.991,600.0,600.0,ZWO ASI6200MM Pro,ZWO ASI6200MM Pro,100,10,0.246657639741898,1,1,-10.0,-10.0,3.76,3.76,40,66.2,52.2483888888889,-0.12325,NP101is,540.0,5.4,312.636250950063,41.6255952423576,75.20313,230.75374,1.03416333001173,East,NGC 6997 Panel 3,20 50 33,+41 37 32,90.0,FocusLynx Focuser 1,12305,12305,1.325,15.4,15.4,Manual Rotator,0.0,0.0,0.0,Starlight Xpress Filter Wheels,Ha,0.0,62.0,1019.0,22.62,129.0,11.412,2000.0,N.I.N.A. 3.1.2.9001 (x64),NGC 6997 Panel 3_Date_2025-07-12_Time_03-22-31_Type_LIGHT_Filter_Ha_Exp_600.00s_G_100_Off_10_Ecc_0.43_HFR_1.65px_FWHM_3.96_Temp_15.40_0025.xisf,1,15.1041752961148,
LIGHT,2025-07-11T23:26:43.433,2025-07-12T00:26:43.433,2025-07-11T23:31:44.006,600.0,600.0,ZWO ASI6200MM Pro,ZWO ASI6200MM Pro,100,10,0.246657639741898,1,1,-10.0,-10.0,3.76,3.76,40,66.2,52.2483888888889,-0.12325,NP101is,540.0,5.4,312.637054962271,41.6249352513008,67.9821111111111,107.0957,1.0784223262751,West,NGC 6997 Panel 3,20 50 33,+41 37 32,90.0,FocusLynx Focuser 1,12400,12400,1.325,18.4,18.4,Manual Rotator,0.0,0.0,0.0,Starlight Xpress Filter Wheels,Ha,0.0,62.0,1019.0,22.62,129.0,11.412,2000.0,N.I.N.A. 3.1.2.9001 (x64),NGC 6997 Panel 3_Date_2025-07-12_Time_00-26-43_Type_LIGHT_Filter_Ha_Exp_600.00s_G_100_Off_10_Ecc_0.43_HFR_1.69px_FWHM_3.97_Temp_18.40_0009.xisf,1,15.1041752961148,
LIGHT,2025-07-11T23:51:24.008,2025-07-12T00:51:24.008,2025-07-11T23:56:24.580,600.0,600.0,ZWO ASI6200MM Pro,ZWO ASI6200MM Pro,100,10,0.246657639741898,1,1,-10.0,-10.0,3.76,3.76,40,66.2,52.2483888888889,-0.12325,NP101is,540.0,5.4,312.637128618333,41.6249436592288,71.5066,115.73327,1.05426338572054,West,NGC 6997 Panel 3,20 50 33,+41 37 32,90.0,FocusLynx Focuser 1,12358,12358,1.325,18.0,18.0,Manual Rotator,0.0,0.0,0.0,Starlight Xpress Filter Wheels,Ha,0.0,62.0,1019.0,22.62,129.0,11.412,2000.0,N.I.N.A. 3.1.2.9001 (x64),NGC 6997 Panel 3_Date_2025-07-12_Time_00-51-24_Type_LIGHT_Filter_Ha_Exp_600.00s_G_100_Off_10_Ecc_0.40_HFR_1.65px_FWHM_4.01_Temp_18.00_0011.xisf,1,15.1041752961148,
LIGHT,2025-07-21T21:49:09.173,2025-07-21T22:49:09.173,2025-07-21T21:54:09.749,600.0,600.0,ZWO ASI6200MM Pro,ZWO ASI6200MM Pro,100,10,0.246657639741898,1,1,-10.0,-10.0,3.76,3.76,40,66.2,52.2483888888889,-0.12325,NP101is,540.0,5.4,312.637093584824,41.6255656525157,59.18267,92.46028,1.1639342213782,West,NGC 6997 Panel 3,20 50 33,+41 37 32,90.0,FocusLynx Focuser 1,12224,12224,1.325,14.4,14.4,Manual Rotator,0.0,0.0,0.0,Starlight Xpress Filter Wheels,Ha,100.0,76.0,1003.0,16.11,268.0,14.004,2000.0,N.I.N.A. 3.1.2.9001 (x64),NGC 6997 Panel 3_Date_2025-07-21_Time_22-49-09_Type_LIGHT_Filter_Ha_Exp_600.00s_G_100_Off_10_Ecc_0.38_HFR_1.66px_FWHM_4.02_Temp_14.40_0001.xisf,1,11.9578699820331,
LIGHT,2025-07-11T23:06:28.151,2025-07-12T00:06:28.151,2025-07-11T23:11:28.774,600.0,600.0,ZWO ASI6200MM Pro,ZWO ASI6200MM Pro,100,10,0.246657639741898,1,1,-10.0,-10.0,3.76,3.76,40,66.2,52.2483888888889,-0.12325,NP101is,540.0,5.4,312.637132126759,41.6247996422522,64.9635,101.31678,1.10339441091163,West,NGC 6997 Panel 3,20 50 33,+41 37 32,90.0,FocusLynx Focuser 1,12400,12400,1.325,18.7,18.7,Manual Rotator,0.0,0.0,0.0,Starlight Xpress Filter Wheels,Ha,0.0,62.0,1019.0,22.62,129.0,11.412,2000.0,N.I.N.A. 3.1.2.9001 (x64),NGC 6997 Panel 3_Date_2025-07-12_Time_00-06-28_Type_LIGHT_Filter_Ha_Exp_600.00s_G_100_Off_10_Ecc_0.42_HFR_1.66px_FWHM_3.97_Temp_18.70_0007.xisf,1,15.1041752961148,
LIGHT,2025-07-12T00:01:38.634,2025-07-12T01:01:38.634,2025-07-12T00:06:39.291,600.0,600.0,ZWO ASI6200MM Pro,ZWO ASI6200MM Pro,100,10,0.246657639741898,1,1,-10.0,-10.0,3.76,3.76,40,66.2,52.2483888888889,-0.12325,NP101is,540.0,5.4,312.639053936126,41.6229495094187,72.8972222222222,120.069833333333,1.0460995396,West,NGC 6997 Panel 3,20 50 33,+41 37 32,90.0,FocusLynx Focuser 1,12358,12358,1.325,17.6,17.6,Manual Rotator,0.0,0.0,0.0,Starlight Xpress Filter Wheels,Ha,0.0,62.0,1019.0,22.62,129.0,11.412,2000.0,N.I.N.A. 3.1.2.9001 (x64),NGC 6997 Panel 3_Date_2025-07-12_Time_01-01-38_Type_LIGHT_Filter_Ha_Exp_600.00s_G_100_Off_10_Ecc_0.41_HFR_1.65px_FWHM_3.99_Temp_17.60_0012.xisf,1,15.1041752961148,
LIGHT,2025-08-13T02:37:27.0522798,2025-08-13T03:37:27.0522798,2025-08-13T02:42:27.5983242,600.0,600.0,ZWO ASI6200MM Pro,ZWO ASI6200MM Pro,100,10,0.246657639741898,1,1,-1.0,-1.0,3.76,3.76,40,66.2,52.2483888888889,-0.12325,NP101is,540.0,5.4,315.434503866165,44.6801875039439,58.06306,275.93461,1.17785414326899,East,NGC 6997 Panel 2,21 01 44,+44 40 51,90.0,FocusLynx Focuser 1,11936,11936,1.325,13.8,13.8,Manual Rotator,0.0,0.0,0.0,Ascom.SxUFW (v2) ,SII,1.0,43.0,1006.06665773546,23.34,98.0,11.808,2000.0,N.I.N.A. 3.2.0.2002 (x64),NGC 6997 Panel 2_Date_2025-08-13_Time_03-37-27_Type_LIGHT_Filter_SII_Exp_600.00s_G_100_Off_10_Ecc_0.43_HFR_1.69px_FWHM_3.95_Temp_13.80_0067.xisf,1,10.2908364380792,19.476
LIGHT,2025-07-12T01:12:12.385,2025-07-12T02:12:12.385,2025-07-12T01:17:12.997,600.0,600.0,ZWO ASI6200MM Pro,ZWO ASI6200MM Pro,100,10,0.246657639741898,1,1,-10.0,-9.8,3.76,3.76,40,66.2,52.2483888888889,-0.12325,NP101is,540.0,5.4,312.636790675087,41.6241261268164,79.3624722222222,170.84728,1.01739637639352,West,NGC 6997 Panel 3,20 50 33,+41 37 32,90.0,FocusLynx Focuser 1,12358,12358,1.325,16.6,16.6,Manual Rotator,0.0,0.0,0.0,Starlight Xpress Filter Wheels,Ha,0.0,62.0,1019.0,22.62,129.0,11.412,2000.0,N.I.N.A. 3.1.2.9001 (x64),NGC 6997 Panel 3_Date_2025-07-12_Time_02-12-12_Type_LIGHT_Filter_Ha_Exp_600.00s_G_100_Off_10_Ecc_0.46_HFR_1.68px_FWHM_3.90_Temp_16.60_0019.xisf,1,15.1041752961148,
LIGHT,2025-08-16T21:59:54.3054309,2025-08-16T22:59:54.3054309,2025-08-16T22:04:54.8847064,600.0,600.0,ZWO ASI6200MM Pro,ZWO ASI6200MM Pro,100,10,0.246657639741898,1,1,-10.0,-10.0,3.76,3.76,40,66.2,52.2483888888889,-0.12325,NP101is,540.0,5.4,315.436998812892,44.6793827753802,76.12076,115.46779,1.02994909409466,West,NGC 6997 Panel 2,21 01 44,+44 40 51,90.0,FocusLynx Focuser 1,11894,11894,1.325,12.4,12.4,Manual Rotator,0.0,0.0,0.0,Ascom.SxUFW (v2) ,SII,4.0,62.0,1018.96494821925,19.42,21.0,16.092,2000.0,N.I.N.A. 3.2.0.2002 (x64),NGC 6997 Panel 2_Date_2025-08-16_Time_22-59-54_Type_LIGHT_Filter_SII_Exp_600.00s_G_100_Off_10_Ecc_0.41_HFR_1.66px_FWHM_3.91_Temp_12.40_0084.xisf,1,12.0878545745378,24.156
LIGHT,2025-07-12T00:21:41.292,2025-07-12T01:21:41.292,2025-07-12T00:26:41.865,600.0,600.0,ZWO ASI6200MM Pro,ZWO ASI6200MM Pro,100,10,0.246657639741898,1,1,-10.0,-9.9,3.76,3.76,40,66.2,52.2483888888889,-0.12325,NP101is,540.0,5.4,312.639008165918,41.6230084098721,75.41408,130.28655,1.03316803935543,West,NGC 6997 Panel 3,20 50 33,+41 37 32,90.0,FocusLynx Focuser 1,12358,12358,1.325,17.4,17.4,Manual Rotator,0.0,0.0,0.0,Starlight Xpress Filter Wheels,Ha,0.0,62.0,1019.0,22.62,129.0,11.412,2000.0,N.I.N.A. 3.1.2.9001 (x64),NGC 6997 Panel 3_Date_2025-07-12_Time_01-21-41_Type_LIGHT_Filter_Ha_Exp_600.00s_G_100_Off_10_Ecc_0.43_HFR_1.66px_FWHM_3.97_Temp_17.40_0014.xisf,1,15.1041752961148,
LIGHT,2025-07-12T00:41:56.955,2025-07-12T01:41:56.955,2025-07-12T00:46:57.545,600.0,600.0,ZWO ASI6200MM Pro,ZWO ASI6200MM Pro,100,10,0.246657639741898,1,1,-10.0,-10.0,3.76,3.76,40,66.2,52.2483888888889,-0.12325,NP101is,540.0,5.4,312.636734622616,41.6243313551515,77.5398611111111,143.75589,1.02401275867201,West,NGC 6997 Panel 3,20 50 33,+41 37 32,90.0,FocusLynx Focuser 1,12358,12358,1.325,17.0,17.0,Manual Rotator,0.0,0.0,0.0,Starlight Xpress Filter Wheels,Ha,0.0,62.0,1019.0,22.62,129.0,11.412,2000.0,N.I.N.A. 3.1.2.9001 (x64),NGC 6997 Panel 3_Date_2025-07-12_Time_01-41-56_Type_LIGHT_Filter_Ha_Exp_600.00s_G_100_Off_10_Ecc_0.44_HFR_1.67px_FWHM_3.91_Temp_17.00_0016.xisf,1,15.1041752961148,
LIGHT,2025-07-12T02:02:16.068,2025-07-12T03:02:16.068,2025-07-12T02:07:16.684,600.0,600.0,ZWO ASI6200MM Pro,ZWO ASI6200MM Pro,100,10,0.246657639741898,1,1,-10.0,-10.0,3.76,3.76,40,66.2,52.2483888888889,-0.12325,NP101is,540.0,5.4,312.63694419437,41.625556296542,77.37425,217.603388888889,1.0246696917871,East,NGC 6997 Panel 3,20 50 33,+41 37 32,90.0,FocusLynx Focuser 1,12305,12305,1.325,16.1,16.1,Manual Rotator,0.0,0.0,0.0,Starlight Xpress Filter Wheels,Ha,0.0,62.0,1019.0,22.62,129.0,11.412,2000.0,N.I.N.A. 3.1.2.9001 (x64),NGC 6997 Panel 3_Date_2025-07-12_Time_03-02-16_Type_LIGHT_Filter_Ha_Exp_600.00s_G_100_Off_10_Ecc_0.42_HFR_1.65px_FWHM_3.95_Temp_16.10_0023.xisf,1,15.1041752961148,
LIGHT,2025-07-12T00:51:58.262,2025-07-12T01:51:58.262,2025-07-12T00:56:58.869,600.0,600.0,ZWO ASI6200MM Pro,ZWO ASI6200MM Pro,100,10,0.246657639741898,1,1,-10.0,-10.0,3.76,3.76,40,66.2,52.2483888888889,-0.12325,NP101is,540.0,5.4,312.636749120819,41.6243407370308,78.36136,151.85361,1.02089217327857,West,NGC 6997 Panel 3,20 50 33,+41 37 32,90.0,FocusLynx Focuser 1,12358,12358,1.325,16.8,16.8,Manual Rotator,0.0,0.0,0.0,Starlight Xpress Filter Wheels,Ha,0.0,62.0,1019.0,22.62,129.0,11.412,2000.0,N.I.N.A. 3.1.2.9001 (x64),NGC 6997 Panel 3_Date_2025-07-12_Time_01-51-58_Type_LIGHT_Filter_Ha_Exp_600.00s_G_100_Off_10_Ecc_0.43_HFR_1.67px_FWHM_3.94_Temp_16.80_0017.xisf,1,15.1041752961148,
LIGHT,2025-07-12T01:42:13.500,2025-07-12T02:42:13.500,2025-07-12T01:47:14.115,600.0,600.0,ZWO ASI6200MM Pro,ZWO ASI6200MM Pro,100,10,0.246657639741898,1,1,-10.0,-10.0,3.76,3.76,40,66.2,52.2483888888889,-0.12325,NP101is,540.0,5.4,312.636945243279,41.625567475814,78.8858611111111,200.80819,1.01901891169867,East,NGC 6997 Panel 3,20 50 33,+41 37 32,90.0,FocusLynx Focuser 1,12305,12305,1.325,16.5,16.5,Manual Rotator,0.0,0.0,0.0,Starlight Xpress Filter Wheels,Ha,0.0,62.0,1019.0,22.62,129.0,11.412,2000.0,N.I.N.A. 3.1.2.9001 (x64),NGC 6997 Panel 3_Date_2025-07-12_Time_02-42-13_Type_LIGHT_Filter_Ha_Exp_600.00s_G_100_Off_10_Ecc_0.42_HFR_1.64px_FWHM_3.93_Temp_16.50_0021.xisf,1,15.1041752961148,
LIGHT,2025-07-12T01:22:13.747,2025-07-12T02:22:13.747,2025-07-12T01:27:14.326,600.0,600.0,ZWO ASI6200MM Pro,ZWO ASI6200MM Pro,100,10,0.246657639741898,1,1,-10.0,-9.9,3.76,3.76,40,66.2,52.2483888888889,-0.12325,NP101is,540.0,5.4,312.636746872192,41.6241189480121,79.4712777777778,181.062305555556,1.0170365414086,West,NGC 6997 Panel 3,20 50 33,+41 37 32,90.0,FocusLynx Focuser 1,12358,12358,1.325,16.6,16.6,Manual Rotator,0.0,0.0,0.0,Starlight Xpress Filter Wheels,Ha,0.0,62.0,1019.0,22.62,129.0,11.412,2000.0,N.I.N.A. 3.1.2.9001 (x64),NGC 6997 Panel 3_Date_2025-07-12_Time_02-22-13_Type_LIGHT_Filter_Ha_Exp_600.00s_G_100_Off_10_Ecc_0.46_HFR_1.68px_FWHM_3.92_Temp_16.60_0020.xisf,1,15.1041752961148,
LIGHT,2025-07-11T22:46:12.306,2025-07-11T23:46:12.306,2025-07-11T22:51:12.916,600.0,600.0,ZWO ASI6200MM Pro,ZWO ASI6200MM Pro,100,10,0.246657639741898,1,1,-10.0,-10.0,3.76,3.76,40,66.2,52.2483888888889,-0.12325,NP101is,540.0,5.4,312.638109033489,41.6260158049434,61.89479,96.34688,1.13328893802867,West,NGC 6997 Panel 3,20 50 33,+41 37 32,90.0,FocusLynx Focuser 1,12400,12400,1.325,19.2,19.2,Manual Rotator,0.0,0.0,0.0,Starlight Xpress Filter Wheels,Ha,0.0,62.0,1019.0,22.62,129.0,11.412,2000.0,N.I.N.A. 3.1.2.9001 (x64),NGC 6997 Panel 3_Date_2025-07-11_Time_23-46-12_Type_LIGHT_Filter_Ha_Exp_600.00s_G_100_Off_10_Ecc_0.41_HFR_1.65px_FWHM_3.96_Temp_19.20_0005.xisf,1,15.1041752961148,
LIGHT,2025-07-12T02:12:29.891,2025-07-12T03:12:29.891,2025-07-12T02:17:30.587,600.0,600.0,ZWO ASI6200MM Pro,ZWO ASI6200MM Pro,100,10,0.246657639741898,1,1,-10.0,-10.1,3.76,3.76,40,66.2,52.2483888888889,-0.12325,NP101is,540.0,5.4,312.63625145542,41.6255958294041,76.3398333333333,224.698777777778,1.02898697295591,East,NGC 6997 Panel 3,20 50 33,+41 37 32,90.0,FocusLynx Focuser 1,12305,12305,1.325,15.8,15.8,Manual Rotator,0.0,0.0,0.0,Starlight Xpress Filter Wheels,Ha,0.0,62.0,1019.0,22.62,129.0,11.412,2000.0,N.I.N.A. 3.1.2.9001 (x64),NGC 6997 Panel 3_Date_2025-07-12_Time_03-12-29_Type_LIGHT_Filter_Ha_Exp_600.00s_G_100_Off_10_Ecc_0.42_HFR_1.66px_FWHM_3.98_Temp_15.80_0024.xisf,1,15.1041752961148,
LIGHT,2025-07-12T01:02:11.022,2025-07-12T02:02:11.022,2025-07-12T01:07:11.625,600.0,600.0,ZWO ASI6200MM Pro,ZWO ASI6200MM Pro,100,10,0.246657639741898,1,1,-10.0,-10.0,3.76,3.76,40,66.2,52.2483888888889,-0.12325,NP101is,540.0,5.4,312.636792957585,41.6241600489419,78.9880277777778,161.04659,1.01866473701144,West,NGC 6997 Panel 3,20 50 33,+41 37 32,90.0,FocusLynx Focuser 1,12358,12358,1.325,16.6,16.6,Manual Rotator,0.0,0.0,0.0,Starlight Xpress Filter Wheels,Ha,0.0,62.0,1019.0,22.62,129.0,11.412,2000.0,N.I.N.A. 3.1.2.9001 (x64),NGC 6997 Panel 3_Date_2025-07-12_Time_02-02-11_Type_LIGHT_Filter_Ha_Exp_600.00s_G_100_Off_10_Ecc_0.46_HFR_1.68px_FWHM_3.93_Temp_16.60_0018.xisf,1,15.1041752961148,
LIGHT,2025-07-21T21:39:07.849,2025-07-21T22:39:07.849,2025-07-21T21:44:08.472,600.0,600.0,ZWO ASI6200MM Pro,ZWO ASI6200MM Pro,100,10,0.246657639741898,1,1,-10.0,-10.0,3.76,3.76,40,66.2,52.2483888888889,-0.12325,NP101is,540.0,5.4,312.637034251232,41.6255665088689,57.6455555555556,90.41038,1.18324661627395,West,NGC 6997 Panel 3,20 50 33,+41 37 32,90.0,FocusLynx Focuser 1,12224,12224,1.325,14.6,14.6,Manual Rotator,0.0,0.0,0.0,Starlight Xpress Filter Wheels,Ha,100.0,76.0,1003.0,16.11,268.0,14.004,2000.0,N.I.N.A. 3.1.2.9001 (x64),NGC 6997 Panel 3_Date_2025-07-21_Time_22-39-07_Type_LIGHT_Filter_Ha_Exp_600.00s_G_100_Off_10_Ecc_0.39_HFR_1.66px_FWHM_4.01_Temp_14.60_0000.xisf,1,11.9578699820331,
LIGHT,2025-07-11T23:16:29.537,2025-07-12T00:16:29.537,2025-07-11T23:21:30.129,600.0,600.0,ZWO ASI6200MM Pro,ZWO ASI6200MM Pro,100,10,0.246657639741898,1,1,-10.0,-10.0,3.76,3.76,40,66.2,52.2483888888889,-0.12325,NP101is,540.0,5.4,312.637234782802,41.6247955279409,66.47017,104.06489,1.09040954863468,West,NGC 6997 Panel 3,20 50 33,+41 37 32,90.0,FocusLynx Focuser 1,12400,12400,1.325,18.6,18.6,Manual Rotator,0.0,0.0,0.0,Starlight Xpress Filter Wheels,Ha,0.0,62.0,1019.0,22.62,129.0,11.412,2000.0,N.I.N.A. 3.1.2.9001 (x64),NGC 6997 Panel 3_Date_2025-07-12_Time_00-16-29_Type_LIGHT_Filter_Ha_Exp_600.00s_G_100_Off_10_Ecc_0.44_HFR_1.67px_FWHM_3.92_Temp_18.60_0008.xisf,1,15.1041752961148,
LIGHT,2025-07-11T22:56:26.483,2025-07-11T23:56:26.483,2025-07-11T23:01:27.250,600.0,600.0,ZWO ASI6200MM Pro,ZWO ASI6200MM Pro,100,10,0.246657639741898,1,1,-10.0,-10.0,3.76,3.76,40,66.2,52.2483888888889,-0.12325,NP101is,540.0,5.4,312.636981020604,41.6247471703131,63.45569,98.78602,1.11748369054325,West,NGC 6997 Panel 3,20 50 33,+41 37 32,90.0,FocusLynx Focuser 1,12400,12400,1.325,18.9,18.9,Manual Rotator,0.0,0.0,0.0,Starlight Xpress Filter Wheels,Ha,0.0,62.0,1019.0,22.62,129.0,11.412,2000.0,N.I.N.A. 3.1.2.9001 (x64),NGC 6997 Panel 3_Date_2025-07-11_Time_23-56-26_Type_LIGHT_Filter_Ha_Exp_600.00s_G_100_Off_10_Ecc_0.42_HFR_1.66px_FWHM_3.95_Temp_18.90_0006.xisf,1,15.1041752961148,
LIGHT,2025-07-21T22:06:25.631,2025-07-21T23:06:25.631,2025-07-21T22:11:26.219,600.0,600.0,ZWO ASI6200MM Pro,ZWO ASI6200MM Pro,100,10,0.246657639741898,1,1,-10.0,-10.0,3.76,3.76,40,66.2,52.2483888888889,-0.12325,NP101is,540.0,5.4,312.637149195144,41.6255720378817,61.8290833333333,96.24588,1.13398258781799,West,NGC 6997 Panel 3,20 50 33,+41 37 32,90.0,FocusLynx Focuser 1,12224,12224,1.325,14.2,14.2,Manual Rotator,0.0,0.0,0.0,Starlight Xpress Filter Wheels,Ha,100.0,76.0,1003.0,16.11,268.0,14.004,2000.0,N.I.N.A. 3.1.2.9001 (x64),NGC 6997 Panel 3_Date_2025-07-21_Time_23-06-25_Type_LIGHT_Filter_Ha_Exp_600.00s_G_100_Off_10_Ecc_0.42_HFR_1.67px_FWHM_3.98_Temp_14.20_0000.xisf,1,11.9578699820331,
LIGHT,2025-07-26T01:06:56.1718757,2025-07-26T02:06:56.1718757,2025-07-26T01:11:56.7301789,600.0,600.0,ZWO ASI6200MM Pro,ZWO ASI6200MM Pro,100,10,0.246657639741898,1,1,-10.0,-10.0,3.76,3.76,40,66.2,52.2483888888889,-0.12325,NP101is,540.0,5.4,312.636982885938,41.6255506899003,77.40418,217.37453,1.02455027232706,East,NGC 6997 Panel 3,20 50 33,+41 37 32,90.0,FocusLynx Focuser 1,12193,12193,1.325,16.0,16.0,Manual Rotator,0.0,0.0,0.0,Ascom.SxUFW (v2) ,Ha,7.0,46.0,1008.05101011758,25.36,254.0,6.444,2000.0,N.I.N.A. 3.2.0.2001 (x64),NGC 6997 Panel 3_Date_2025-07-26_Time_02-06-56_Type_LIGHT_Filter_Ha_Exp_600.00s_G_100_Off_10_Ecc_0.39_HFR_1.64px_FWHM_4.01_Temp_16.00_0026.xisf,1,13.1191349224212,14.472
LIGHT,2025-07-21T22:57:01.688,2025-07-21T23:57:01.688,2025-07-21T23:02:02.231,600.0,600.0,ZWO ASI6200MM Pro,ZWO ASI6200MM Pro,100,10,0.246657639741898,1,1,-10.0,-10.0,3.76,3.76,40,66.2,52.2483888888889,-0.12325,NP101is,540.0,5.4,312.63749494989,41.625829872738,69.3809722222222,110.20609,1.06821844151229,West,NGC 6997 Panel 3,20 50 33,+41 37 32,90.0,FocusLynx Focuser 1,12224,12224,1.325,14.2,14.2,Manual Rotator,0.0,0.0,0.0,Starlight Xpress Filter Wheels,Ha,100.0,76.0,1003.0,16.11,268.0,14.004,2000.0,N.I.N.A. 3.1.2.9001 (x64),NGC 6997 Panel 3_Date_2025-07-21_Time_23-57-01_Type_LIGHT_Filter_Ha_Exp_600.00s_G_100_Off_10_Ecc_0.44_HFR_1.68px_FWHM_3.99_Temp_14.20_0005.xisf,1,11.9578699820331,
LIGHT,2025-07-21T22:16:43.267,2025-07-21T23:16:43.267,2025-07-21T22:21:43.884,600.0,600.0,ZWO ASI6200MM Pro,ZWO ASI6200MM Pro,100,10,0.246657639741898,1,1,-10.0,-10.0,3.76,3.76,40,66.2,52.2483888888889,-0.12325,NP101is,540.0,5.4,312.638125334973,41.6255117366748,63.3934444444444,98.6816111111111,1.11808974626305,West,NGC 6997 Panel 3,20 50 33,+41 37 32,90.0,FocusLynx Focuser 1,12224,12224,1.325,14.2,14.2,Manual Rotator,0.0,0.0,0.0,Starlight Xpress Filter Wheels,Ha,100.0,76.0,1003.0,16.11,268.0,14.004,2000.0,N.I.N.A. 3.1.2.9001 (x64),NGC 6997 Panel 3_Date_2025-07-21_Time_23-16-43_Type_LIGHT_Filter_Ha_Exp_600.00s_G_100_Off_10_Ecc_0.42_HFR_1.67px_FWHM_3.98_Temp_14.20_0001.xisf,1,11.9578699820331,
LIGHT,2025-07-11T23:36:44.709,2025-07-12T00:36:44.709,2025-07-11T23:41:45.331,600.0,600.0,ZWO ASI6200MM Pro,ZWO ASI6200MM Pro,100,10,0.246657639741898,1,1,-10.0,-10.0,3.76,3.76,40,66.2,52.2483888888889,-0.12325,NP101is,540.0,5.4,312.637129245116,41.6249045257345,69.4317222222222,110.33324,1.06786378351789,West,NGC 6997 Panel 3,20 50 33,+41 37 32,90.0,FocusLynx Focuser 1,12400,12400,1.325,18.3,18.3,Manual Rotator,0.0,0.0,0.0,Starlight Xpress Filter Wheels,Ha,0.0,62.0,1019.0,22.62,129.0,11.412,2000.0,N.I.N.A. 3.1.2.9001 (x64),NGC 6997 Panel 3_Date_2025-07-12_Time_00-36-44_Type_LIGHT_Filter_Ha_Exp_600.00s_G_100_Off_10_Ecc_0.46_HFR_1.69px_FWHM_3.92_Temp_18.30_0010.xisf,1,15.1041752961148,
LIGHT,2025-09-08T00:44:03.3606135,2025-09-08T01:44:03.3606135,2025-09-08T00:49:03.9037392,600.0,600.0,ZWO ASI6200MM Pro,ZWOptical_ZWO ASI6200MM Pro_,100,10,0.246657639741898,1,1,-10.0,-10.0,3.76,3.76,40,66.2,52.2483888888889,-0.12325,NP101is,540.0,5.4,312.635765242312,41.6267923715118,56.40315,271.19292,1.19996928927235,East,NGC 6997 Panel 3,20 50 33,+41 37 32,90.0,FocusLynx Focuser 1,11765,11765,1.325,13.7,13.7,Manual Rotator,0.0,0.0,0.0,Ascom.SxUFW (v2) ,OIII,100.0,75.0,1000.1136005891,21.79,179.0,11.268,2000.0,N.I.N.A. 3.2.0.2007 (x64),NGC 6997 Panel 3_Date_2025-09-08_Time_01-44-03_Type_LIGHT_Filter_OIII_Exp_600.00s_G_100_Off_10_Ecc_0.42_HFR_1.58px_FWHM_3.73_Temp_13.70_0005.xisf,1,17.2428847056378,22.536
LIGHT,2025-07-22T00:47:23.156,2025-07-22T01:47:23.156,2025-07-22T00:52:23.706,600.0,600.0,ZWO ASI6200MM Pro,ZWO ASI6200MM Pro,100,10,0.246657639741898,1,1,-10.0,-10.0,3.76,3.76,40,66.2,52.2483888888889,-0.12325,NP101is,540.0,5.4,312.638231894727,41.6240702741231,79.43317,185.55575,1.01716212316441,West,NGC 6997 Panel 3,20 50 33,+41 37 32,90.0,FocusLynx Focuser 1,12141,12141,1.325,14.1,14.1,Manual Rotator,0.0,0.0,0.0,Starlight Xpress Filter Wheels,Ha,100.0,76.0,1003.0,16.11,268.0,14.004,2000.0,N.I.N.A. 3.1.2.9001 (x64),NGC 6997 Panel 3_Date_2025-07-22_Time_01-47-23_Type_LIGHT_Filter_Ha_Exp_600.00s_G_100_Off_10_Ecc_0.39_HFR_1.66px_FWHM_4.31_Temp_14.10_0015.xisf,1,11.9578699820331,
LIGHT,2025-09-08T00:54:04.6172852,2025-09-08T01:54:04.6172852,2025-09-08T00:59:05.1698336,600.0,600.0,ZWO ASI6200MM Pro,ZWOptical_ZWO ASI6200MM Pro_,100,10,0.246657639741898,1,1,-10.0,-10.0,3.76,3.76,40,66.2,52.2483888888889,-0.12325,NP101is,540.0,5.4,312.635705019235,41.6265321087439,54.8676111111111,273.09338,1.22210653147327,East,NGC 6997 Panel 3,20 50 33,+41 37 32,90.0,FocusLynx Focuser 1,11765,11765,1.325,13.6,13.6,Manual Rotator,0.0,0.0,0.0,Ascom.SxUFW (v2) ,OIII,100.0,75.0,1000.1136005891,21.79,179.0,11.268,2000.0,N.I.N.A. 3.2.0.2007 (x64),NGC 6997 Panel 3_Date_2025-09-08_Time_01-54-04_Type_LIGHT_Filter_OIII_Exp_600.00s_G_100_Off_10_Ecc_0.41_HFR_1.58px_FWHM_3.71_Temp_13.60_0006.xisf,1,17.2428847056378,22.536
LIGHT,2025-07-22T00:27:20.562,2025-07-22T01:27:20.562,2025-07-22T00:32:21.201,600.0,600.0,ZWO ASI6200MM Pro,ZWO ASI6200MM Pro,100,10,0.246657639741898,1,1,-10.0,-10.0,3.76,3.76,40,66.2,52.2483888888889,-0.12325,NP101is,540.0,5.4,312.638218033831,41.6240617874609,79.18563,165.29933,1.01798958996709,West,NGC 6997 Panel 3,20 50 33,+41 37 32,90.0,FocusLynx Focuser 1,12141,12141,1.325,14.2,14.2,Manual Rotator,0.0,0.0,0.0,Starlight Xpress Filter Wheels,Ha,100.0,76.0,1003.0,16.11,268.0,14.004,2000.0,N.I.N.A. 3.1.2.9001 (x64),NGC 6997 Panel 3_Date_2025-07-22_Time_01-27-20_Type_LIGHT_Filter_Ha_Exp_600.00s_G_100_Off_10_Ecc_0.39_HFR_1.68px_FWHM_4.38_Temp_14.20_0013.xisf,1,11.9578699820331,
LIGHT,2025-07-22T01:03:10.651,2025-07-22T02:03:10.651,2025-07-22T01:08:11.182,600.0,600.0,ZWO ASI6200MM Pro,ZWO ASI6200MM Pro,100,10,0.246657639741898,1,1,-10.0,-10.0,3.76,3.76,40,66.2,52.2483888888889,-0.12325,NP101is,540.0,5.4,312.635763971116,41.6254435814015,78.8740277777778,201.028833333333,1.0190601586776,East,NGC 6997 Panel 3,20 50 33,+41 37 32,90.0,FocusLynx Focuser 1,12162,12162,1.325,13.9,13.9,Manual Rotator,0.0,0.0,0.0,Starlight Xpress Filter Wheels,Ha,100.0,76.0,1003.0,16.11,268.0,14.004,2000.0,N.I.N.A. 3.1.2.9001 (x64),NGC 6997 Panel 3_Date_2025-07-22_Time_02-03-10_Type_LIGHT_Filter_Ha_Exp_600.00s_G_100_Off_10_Ecc_0.41_HFR_1.65px_FWHM_3.99_Temp_13.90_0016.xisf,1,11.9578699820331,
LIGHT,2025-07-25T23:37:27.3541562,2025-07-26T00:37:27.3541562,2025-07-25T23:42:27.9027206,600.0,600.0,ZWO ASI6200MM Pro,ZWO ASI6200MM Pro,100,10,0.246657639741898,1,1,-10.0,-10.0,3.76,3.76,40,66.2,52.2483888888889,-0.12325,NP101is,540.0,5.4,312.637808083056,41.6253941728337,76.61518,137.00079,1.02780152191892,West,NGC 6997 Panel 3,20 50 33,+41 37 32,90.0,FocusLynx Focuser 1,12235,12235,1.325,16.9,16.9,Manual Rotator,0.0,0.0,0.0,Ascom.SxUFW (v2) ,Ha,7.0,46.0,1008.05101011758,25.36,254.0,6.444,2000.0,N.I.N.A. 3.2.0.2001 (x64),NGC 6997 Panel 3_Date_2025-07-26_Time_00-37-27_Type_LIGHT_Filter_Ha_Exp_600.00s_G_100_Off_10_Ecc_0.38_HFR_1.64px_FWHM_4.10_Temp_16.90_0018.xisf,1,13.1191349224212,14.472
LIGHT,2025-09-08T01:24:19.6524510,2025-09-08T02:24:19.6524510,2025-09-08T01:29:20.1882211,600.0,600.0,ZWO ASI6200MM Pro,ZWOptical_ZWO ASI6200MM Pro_,100,10,0.246657639741898,1,1,-10.0,-10.0,3.76,3.76,40,66.2,52.2483888888889,-0.12325,NP101is,540.0,5.4,312.635839950033,41.6260807332856,50.2477222222222,278.487111111111,1.29978276077524,East,NGC 6997 Panel 3,20 50 33,+41 37 32,90.0,FocusLynx Focuser 1,11765,11765,1.325,13.1,13.1,Manual Rotator,0.0,0.0,0.0,Ascom.SxUFW (v2) ,OIII,100.0,75.0,1000.1136005891,21.79,179.0,11.268,2000.0,N.I.N.A. 3.2.0.2007 (x64),NGC 6997 Panel 3_Date_2025-09-08_Time_02-24-19_Type_LIGHT_Filter_OIII_Exp_600.00s_G_100_Off_10_Ecc_0.43_HFR_1.59px_FWHM_3.72_Temp_13.10_0009.xisf,1,17.2428847056378,22.536
LIGHT,2025-07-25T23:47:28.5869824,2025-07-26T00:47:28.5869824,2025-07-25T23:52:29.1349315,600.0,600.0,ZWO ASI6200MM Pro,ZWO ASI6200MM Pro,100,10,0.246657639741898,1,1,-10.0,-10.0,3.76,3.76,40,66.2,52.2483888888889,-0.12325,NP101is,540.0,5.4,312.637717997686,41.6253937780433,77.59104,144.16632,1.02381164427504,West,NGC 6997 Panel 3,20 50 33,+41 37 32,90.0,FocusLynx Focuser 1,12235,12235,1.325,16.8,16.8,Manual Rotator,0.0,0.0,0.0,Ascom.SxUFW (v2) ,Ha,7.0,46.0,1008.05101011758,25.36,254.0,6.444,2000.0,N.I.N.A. 3.2.0.2001 (x64),NGC 6997 Panel 3_Date_2025-07-26_Time_00-47-28_Type_LIGHT_Filter_Ha_Exp_600.00s_G_100_Off_10_Ecc_0.37_HFR_1.65px_FWHM_4.13_Temp_16.80_0019.xisf,1,13.1191349224212,14.472
LIGHT,2025-07-26T00:07:44.4021601,2025-07-26T01:07:44.4021601,2025-07-26T00:12:44.9761168,600.0,600.0,ZWO ASI6200MM Pro,ZWO ASI6200MM Pro,100,10,0.246657639741898,1,1,-10.0,-10.0,3.76,3.76,40,66.2,52.2483888888889,-0.12325,NP101is,540.0,5.4,312.638077681968,41.6255920120194,79.01779,161.56716,1.01856221692586,West,NGC 6997 Panel 3,20 50 33,+41 37 32,90.0,FocusLynx Focuser 1,12235,12235,1.325,16.6,16.6,Manual Rotator,0.0,0.0,0.0,Ascom.SxUFW (v2) ,Ha,7.0,46.0,1008.05101011758,25.36,254.0,6.444,2000.0,N.I.N.A. 3.2.0.2001 (x64),NGC 6997 Panel 3_Date_2025-07-26_Time_01-07-44_Type_LIGHT_Filter_Ha_Exp_600.00s_G_100_Off_10_Ecc_0.41_HFR_1.65px_FWHM_4.04_Temp_16.60_0021.xisf,1,13.1191349224212,14.472
LIGHT,2025-07-26T00:17:45.7380203,2025-07-26T01:17:45.7380203,2025-07-26T00:22:46.2535789,600.0,600.0,ZWO ASI6200MM Pro,ZWO ASI6200MM Pro,100,10,0.246657639741898,1,1,-10.0,-10.0,3.76,3.76,40,66.2,52.2483888888889,-0.12325,NP101is,540.0,5.4,312.638092477433,41.6256014282862,79.3783611111111,171.40503,1.01734358521635,West,NGC 6997 Panel 3,20 50 33,+41 37 32,90.0,FocusLynx Focuser 1,12235,12235,1.325,16.4,16.4,Manual Rotator,0.0,0.0,0.0,Ascom.SxUFW (v2) ,Ha,7.0,46.0,1008.05101011758,25.36,254.0,6.444,2000.0,N.I.N.A. 3.2.0.2001 (x64),NGC 6997 Panel 3_Date_2025-07-26_Time_01-17-45_Type_LIGHT_Filter_Ha_Exp_600.00s_G_100_Off_10_Ecc_0.41_HFR_1.66px_FWHM_4.03_Temp_16.40_0022.xisf,1,13.1191349224212,14.472
LIGHT,2025-07-25T23:57:29.7744354,2025-07-26T00:57:29.7744354,2025-07-26T00:02:30.3260883,600.0,600.0,ZWO ASI6200MM Pro,ZWO ASI6200MM Pro,100,10,0.246657639741898,1,1,-10.0,-10.0,3.76,3.76,40,66.2,52.2483888888889,-0.12325,NP101is,540.0,5.4,312.63774777015,41.6254031671633,78.40234,152.31249,1.02074248575244,West,NGC 6997 Panel 3,20 50 33,+41 37 32,90.0,FocusLynx Focuser 1,12235,12235,1.325,16.7,16.7,Manual Rotator,0.0,0.0,0.0,Ascom.SxUFW (v2) ,Ha,7.0,46.0,1008.05101011758,25.36,254.0,6.444,2000.0,N.I.N.A. 3.2.0.2001 (x64),NGC 6997 Panel 3_Date_2025-07-26_Time_00-57-29_Type_LIGHT_Filter_Ha_Exp_600.00s_G_100_Off_10_Ecc_0.40_HFR_1.65px_FWHM_4.02_Temp_16.70_0020.xisf,1,13.1191349224212,14.472
LIGHT,2025-07-26T00:27:46.8620318,2025-07-26T01:27:46.8620318,2025-07-26T00:32:47.4106861,600.0,600.0,ZWO ASI6200MM Pro,ZWO ASI6200MM Pro,100,10,0.246657639741898,1,1,-10.0,-10.0,3.76,3.76,40,66.2,52.2483888888889,-0.12325,NP101is,540.0,5.4,312.638137261922,41.6256207907936,79.47203,181.63533,1.01703406734363,West,NGC 6997 Panel 3,20 50 33,+41 37 32,90.0,FocusLynx Focuser 1,12235,12235,1.325,16.3,16.3,Manual Rotator,0.0,0.0,0.0,Ascom.SxUFW (v2) ,Ha,7.0,46.0,1008.05101011758,25.36,254.0,6.444,2000.0,N.I.N.A. 3.2.0.2001 (x64),NGC 6997 Panel 3_Date_2025-07-26_Time_01-27-46_Type_LIGHT_Filter_Ha_Exp_600.00s_G_100_Off_10_Ecc_0.41_HFR_1.66px_FWHM_4.02_Temp_16.30_0023.xisf,1,13.1191349224212,14.472
LIGHT,2025-07-26T00:46:53.6545255,2025-07-26T01:46:53.6545255,2025-07-26T00:51:54.1768002,600.0,600.0,ZWO ASI6200MM Pro,ZWO ASI6200MM Pro,100,10,0.246657639741898,1,1,-10.0,-10.0,3.76,3.76,40,66.2,52.2483888888889,-0.12325,NP101is,540.0,5.4,312.636998256289,41.6255417752455,78.90355,200.52956,1.01895734142817,East,NGC 6997 Panel 3,20 50 33,+41 37 32,90.0,FocusLynx Focuser 1,12193,12193,1.325,16.2,16.2,Manual Rotator,0.0,0.0,0.0,Ascom.SxUFW (v2) ,Ha,7.0,46.0,1008.05101011758,25.36,254.0,6.444,2000.0,N.I.N.A. 3.2.0.2001 (x64),NGC 6997 Panel 3_Date_2025-07-26_Time_01-46-53_Type_LIGHT_Filter_Ha_Exp_600.00s_G_100_Off_10_Ecc_0.38_HFR_1.66px_FWHM_4.11_Temp_16.20_0024.xisf,1,13.1191349224212,14.472
LIGHT,2025-07-26T01:17:09.3663638,2025-07-26T02:17:09.3663638,2025-07-26T01:22:09.9762780,600.0,600.0,ZWO ASI6200MM Pro,ZWO ASI6200MM Pro,100,10,0.246657639741898,1,1,-10.0,-10.0,3.76,3.76,40,66.2,52.2483888888889,-0.12325,NP101is,540.0,5.4,312.63677416649,41.6259205095221,76.37546,224.49394,1.0288320981937,East,NGC 6997 Panel 3,20 50 33,+41 37 32,90.0,FocusLynx Focuser 1,12193,12193,1.325,15.8,15.8,Manual Rotator,0.0,0.0,0.0,Ascom.SxUFW (v2) ,Ha,7.0,46.0,1008.05101011758,25.36,254.0,6.444,2000.0,N.I.N.A. 3.2.0.2001 (x64),NGC 6997 Panel 3_Date_2025-07-26_Time_02-17-09_Type_LIGHT_Filter_Ha_Exp_600.00s_G_100_Off_10_Ecc_0.39_HFR_1.65px_FWHM_4.03_Temp_15.80_0027.xisf,1,13.1191349224212,14.472
LIGHT,2025-07-26T00:56:54.8462092,2025-07-26T01:56:54.8462092,2025-07-26T01:01:55.4148355,600.0,600.0,ZWO ASI6200MM Pro,ZWO ASI6200MM Pro,100,10,0.246657639741898,1,1,-10.0,-10.0,3.76,3.76,40,66.2,52.2483888888889,-0.12325,NP101is,540.0,5.4,312.636923184791,41.6255513530487,78.25149,209.43832,1.02129628806201,East,NGC 6997 Panel 3,20 50 33,+41 37 32,90.0,FocusLynx Focuser 1,12193,12193,1.325,16.2,16.2,Manual Rotator,0.0,0.0,0.0,Ascom.SxUFW (v2) ,Ha,7.0,46.0,1008.05101011758,25.36,254.0,6.444,2000.0,N.I.N.A. 3.2.0.2001 (x64),NGC 6997 Panel 3_Date_2025-07-26_Time_01-56-54_Type_LIGHT_Filter_Ha_Exp_600.00s_G_100_Off_10_Ecc_0.39_HFR_1.64px_FWHM_4.00_Temp_16.20_0025.xisf,1,13.1191349224212,14.472
LIGHT,2025-09-08T02:24:50.4537263,2025-09-08T03:24:50.4537263,2025-09-08T02:29:51.0116919,600.0,600.0,ZWO ASI6200MM Pro,ZWOptical_ZWO ASI6200MM Pro_,100,10,0.246657639741898,1,1,-10.0,-10.0,3.76,3.76,40,66.2,52.2483888888889,-0.12325,NP101is,540.0,5.4,312.635845208513,41.6267084509213,41.2381111111111,288.29339,1.51510807961437,East,NGC 6997 Panel 3,20 50 33,+41 37 32,90.0,FocusLynx Focuser 1,11765,11765,1.325,12.4,12.4,Manual Rotator,0.0,0.0,0.0,Ascom.SxUFW (v2) ,OIII,100.0,75.0,1000.1136005891,21.79,179.0,11.268,2000.0,N.I.N.A. 3.2.0.2007 (x64),NGC 6997 Panel 3_Date_2025-09-08_Time_03-24-50_Type_LIGHT_Filter_OIII_Exp_600.00s_G_100_Off_10_Ecc_0.44_HFR_1.62px_FWHM_3.91_Temp_12.40_0015.xisf,1,17.2428847056378,22.536
LIGHT,2025-07-21T22:36:45.794,2025-07-21T23:36:45.794,2025-07-21T22:41:46.336,600.0,600.0,ZWO ASI6200MM Pro,ZWO ASI6200MM Pro,100,10,0.246657639741898,1,1,-10.0,-10.0,3.76,3.76,40,66.2,52.2483888888889,-0.12325,NP101is,540.0,5.4,312.63802100334,41.6255126524137,66.40319,103.93207,1.09096436947721,West,NGC 6997 Panel 3,20 50 33,+41 37 32,90.0,FocusLynx Focuser 1,12224,12224,1.325,14.2,14.2,Manual Rotator,0.0,0.0,0.0,Starlight Xpress Filter Wheels,Ha,100.0,76.0,1003.0,16.11,268.0,14.004,2000.0,N.I.N.A. 3.1.2.9001 (x64),NGC 6997 Panel 3_Date_2025-07-21_Time_23-36-45_Type_LIGHT_Filter_Ha_Exp_600.00s_G_100_Off_10_Ecc_0.42_HFR_1.69px_FWHM_4.14_Temp_14.20_0003.xisf,1,11.9578699820331,
LIGHT,2025-09-08T02:49:21.2158362,2025-09-08T03:49:21.2158362,2025-09-08T02:54:21.7565119,600.0,600.0,ZWO ASI6200MM Pro,ZWOptical_ZWO ASI6200MM Pro_,100,10,0.246657639741898,1,1,-10.0,-10.0,3.76,3.76,40,66.2,52.2483888888889,-0.12325,NP101is,540.0,5.4,312.636100788985,41.6266070648781,37.70818,292.08768,1.63233163218763,East,NGC 6997 Panel 3,20 50 33,+41 37 32,90.0,FocusLynx Focuser 1,11743,11743,1.325,12.0,12.0,Manual Rotator,0.0,0.0,0.0,Ascom.SxUFW (v2) ,OIII,100.0,75.0,1000.1136005891,21.79,179.0,11.268,2000.0,N.I.N.A. 3.2.0.2007 (x64),NGC 6997 Panel 3_Date_2025-09-08_Time_03-49-21_Type_LIGHT_Filter_OIII_Exp_600.00s_G_100_Off_10_Ecc_0.38_HFR_1.62px_FWHM_4.05_Temp_12.00_0017.xisf,1,17.2428847056378,22.536
LIGHT,2025-07-21T23:31:44.908,2025-07-22T00:31:44.908,2025-07-21T23:36:45.467,600.0,600.0,ZWO ASI6200MM Pro,ZWO ASI6200MM Pro,100,10,0.246657639741898,1,1,-10.0,-10.0,3.76,3.76,40,66.2,52.2483888888889,-0.12325,NP101is,540.0,5.4,312.636722305396,41.6237286006095,74.1118055555555,124.507638888889,1.03956868609053,West,NGC 6997 Panel 3,20 50 33,+41 37 32,90.0,FocusLynx Focuser 1,12184,12184,1.325,14.1,14.1,Manual Rotator,0.0,0.0,0.0,Starlight Xpress Filter Wheels,Ha,100.0,76.0,1003.0,16.11,268.0,14.004,2000.0,N.I.N.A. 3.1.2.9001 (x64),NGC 6997 Panel 3_Date_2025-07-22_Time_00-31-44_Type_LIGHT_Filter_Ha_Exp_600.00s_G_100_Off_10_Ecc_0.41_HFR_1.64px_FWHM_4.00_Temp_14.10_0008.xisf,1,11.9578699820331,
LIGHT,2025-07-26T01:27:10.7890916,2025-07-26T02:27:10.7890916,2025-07-26T01:32:11.3113449,600.0,600.0,ZWO ASI6200MM Pro,ZWO ASI6200MM Pro,100,10,0.246657639741898,1,1,-10.0,-10.0,3.76,3.76,40,66.2,52.2483888888889,-0.12325,NP101is,540.0,5.4,312.636818858387,41.625909873079,75.24033,230.58612,1.03398665924812,East,NGC 6997 Panel 3,20 50 33,+41 37 32,90.0,FocusLynx Focuser 1,12193,12193,1.325,15.5,15.5,Manual Rotator,0.0,0.0,0.0,Ascom.SxUFW (v2) ,Ha,7.0,46.0,1008.05101011758,25.36,254.0,6.444,2000.0,N.I.N.A. 3.2.0.2001 (x64),NGC 6997 Panel 3_Date_2025-07-26_Time_02-27-10_Type_LIGHT_Filter_Ha_Exp_600.00s_G_100_Off_10_Ecc_0.41_HFR_1.65px_FWHM_4.00_Temp_15.50_0028.xisf,1,13.1191349224212,14.472
LIGHT,2025-07-29T00:44:59.8169278,2025-07-29T01:44:59.8169278,2025-07-29T00:50:00.3212596,600.0,600.0,ZWO ASI6200MM Pro,ZWO ASI6200MM Pro,100,10,0.246657639741898,1,1,-10.0,-10.0,3.76,3.76,40,66.2,52.2483888888889,-0.12325,NP101is,540.0,5.4,312.637063445018,41.625534530879,78.26003,209.34575,1.02126473099103,East,NGC 6997 Panel 3,20 50 33,+41 37 32,90.0,FocusLynx Focuser 1,12138,12138,1.325,13.4,13.4,Manual Rotator,0.0,0.0,0.0,Ascom.SxUFW (v2) ,Ha,78.0,66.0,1012.01971488183,18.3200000000001,343.0,14.184,2000.0,N.I.N.A. 3.2.0.2001 (x64),NGC 6997 Panel 3_Date_2025-07-29_Time_01-44-59_Type_LIGHT_Filter_Ha_Exp_600.00s_G_100_Off_10_Ecc_0.42_HFR_1.63px_FWHM_3.95_Temp_13.40_0021.xisf,1,11.9773242821181,30.024
LIGHT,2025-07-29T00:34:58.6106796,2025-07-29T01:34:58.6106796,2025-07-29T00:39:59.1543289,600.0,600.0,ZWO ASI6200MM Pro,ZWO ASI6200MM Pro,100,10,0.246657639741898,1,1,-10.0,-10.0,3.76,3.76,40,66.2,52.2483888888889,-0.12325,NP101is,540.0,5.4,312.637003592828,41.6255252084041,78.9081666666667,200.457638888889,1.01894128924079,East,NGC 6997 Panel 3,20 50 33,+41 37 32,90.0,FocusLynx Focuser 1,12138,12138,1.325,13.6,13.6,Manual Rotator,0.0,0.0,0.0,Ascom.SxUFW (v2) ,Ha,78.0,66.0,1012.01971488183,18.3200000000001,343.0,14.184,2000.0,N.I.N.A. 3.2.0.2001 (x64),NGC 6997 Panel 3_Date_2025-07-29_Time_01-34-58_Type_LIGHT_Filter_Ha_Exp_600.00s_G_100_Off_10_Ecc_0.41_HFR_1.64px_FWHM_3.96_Temp_13.60_0020.xisf,1,11.9773242821181,30.024
LIGHT,2025-09-08T01:14:18.3461789,2025-09-08T02:14:18.3461789,2025-09-08T01:19:18.9061544,600.0,600.0,ZWO ASI6200MM Pro,ZWOptical_ZWO ASI6200MM Pro_,100,10,0.246657639741898,1,1,-10.0,-10.0,3.76,3.76,40,66.2,52.2483888888889,-0.12325,NP101is,540.0,5.4,312.635944319446,41.6261009196614,51.77614,276.7463,1.27209611227829,East,NGC 6997 Panel 3,20 50 33,+41 37 32,90.0,FocusLynx Focuser 1,11765,11765,1.325,13.3,13.3,Manual Rotator,0.0,0.0,0.0,Ascom.SxUFW (v2) ,OIII,100.0,75.0,1000.1136005891,21.79,179.0,11.268,2000.0,N.I.N.A. 3.2.0.2007 (x64),NGC 6997 Panel 3_Date_2025-09-08_Time_02-14-18_Type_LIGHT_Filter_OIII_Exp_600.00s_G_100_Off_10_Ecc_0.43_HFR_1.58px_FWHM_3.71_Temp_13.30_0008.xisf,1,17.2428847056378,22.536
LIGHT,2025-07-29T00:55:01.0245554,2025-07-29T01:55:01.0245554,2025-07-29T01:00:01.5252412,600.0,600.0,ZWO ASI6200MM Pro,ZWO ASI6200MM Pro,100,10,0.246657639741898,1,1,-10.0,-10.0,3.76,3.76,40,66.2,52.2483888888889,-0.12325,NP101is,540.0,5.4,312.637018450166,41.6255440394822,77.41127,217.31999,1.02452202850875,East,NGC 6997 Panel 3,20 50 33,+41 37 32,90.0,FocusLynx Focuser 1,12138,12138,1.325,13.2,13.2,Manual Rotator,0.0,0.0,0.0,Ascom.SxUFW (v2) ,Ha,78.0,66.0,1012.01971488183,18.3200000000001,343.0,14.184,2000.0,N.I.N.A. 3.2.0.2001 (x64),NGC 6997 Panel 3_Date_2025-07-29_Time_01-55-01_Type_LIGHT_Filter_Ha_Exp_600.00s_G_100_Off_10_Ecc_0.42_HFR_1.64px_FWHM_3.95_Temp_13.20_0022.xisf,1,11.9773242821181,30.024
LIGHT,2025-07-22T00:37:21.896,2025-07-22T01:37:21.896,2025-07-22T00:42:22.451,600.0,600.0,ZWO ASI6200MM Pro,ZWO ASI6200MM Pro,100,10,0.246657639741898,1,1,-10.0,-10.0,3.76,3.76,40,66.2,52.2483888888889,-0.12325,NP101is,540.0,5.4,312.638217451973,41.6240588219417,79.44475,175.307722222222,1.01712391118833,West,NGC 6997 Panel 3,20 50 33,+41 37 32,90.0,FocusLynx Focuser 1,12141,12141,1.325,14.2,14.2,Manual Rotator,0.0,0.0,0.0,Starlight Xpress Filter Wheels,Ha,100.0,76.0,1003.0,16.11,268.0,14.004,2000.0,N.I.N.A. 3.1.2.9001 (x64),NGC 6997 Panel 3_Date_2025-07-22_Time_01-37-21_Type_LIGHT_Filter_Ha_Exp_600.00s_G_100_Off_10_Ecc_0.40_HFR_1.66px_FWHM_4.28_Temp_14.20_0014.xisf,1,11.9578699820331,
LIGHT,2025-09-08T01:44:33.9207400,2025-09-08T02:44:33.9207400,2025-09-08T01:49:34.4440584,600.0,600.0,ZWO ASI6200MM Pro,ZWOptical_ZWO ASI6200MM Pro_,100,10,0.246657639741898,1,1,-10.0,-10.0,3.76,3.76,40,66.2,52.2483888888889,-0.12325,NP101is,540.0,5.4,312.636683074605,41.6271084333316,47.19717,281.87052,1.3617982010696,East,NGC 6997 Panel 3,20 50 33,+41 37 32,90.0,FocusLynx Focuser 1,11765,11765,1.325,12.8,12.8,Manual Rotator,0.0,0.0,0.0,Ascom.SxUFW (v2) ,OIII,100.0,75.0,1000.1136005891,21.79,179.0,11.268,2000.0,N.I.N.A. 3.2.0.2007 (x64),NGC 6997 Panel 3_Date_2025-09-08_Time_02-44-33_Type_LIGHT_Filter_OIII_Exp_600.00s_G_100_Off_10_Ecc_0.43_HFR_1.60px_FWHM_3.78_Temp_12.80_0011.xisf,1,17.2428847056378,22.536
LIGHT,2025-09-08T01:04:05.8241298,2025-09-08T02:04:05.8241298,2025-09-08T01:09:06.3693463,600.0,600.0,ZWO ASI6200MM Pro,ZWOptical_ZWO ASI6200MM Pro_,100,10,0.246657639741898,1,1,-10.0,-10.0,3.76,3.76,40,66.2,52.2483888888889,-0.12325,NP101is,540.0,5.4,312.635825333233,41.6265215140426,53.3303333333333,274.93555,1.24601211588326,East,NGC 6997 Panel 3,20 50 33,+41 37 32,90.0,FocusLynx Focuser 1,11765,11765,1.325,13.5,13.5,Manual Rotator,0.0,0.0,0.0,Ascom.SxUFW (v2) ,OIII,100.0,75.0,1000.1136005891,21.79,179.0,11.268,2000.0,N.I.N.A. 3.2.0.2007 (x64),NGC 6997 Panel 3_Date_2025-09-08_Time_02-04-05_Type_LIGHT_Filter_OIII_Exp_600.00s_G_100_Off_10_Ecc_0.41_HFR_1.59px_FWHM_3.73_Temp_13.50_0007.xisf,1,17.2428847056378,22.536
LIGHT,2025-07-22T01:13:11.779,2025-07-22T02:13:11.779,2025-07-22T01:18:12.337,600.0,600.0,ZWO ASI6200MM Pro,ZWO ASI6200MM Pro,100,10,0.246657639741898,1,1,-10.0,-10.0,3.76,3.76,40,66.2,52.2483888888889,-0.12325,NP101is,540.0,5.4,312.635838318095,41.6254527009506,78.20884,209.90359,1.02145425719855,East,NGC 6997 Panel 3,20 50 33,+41 37 32,90.0,FocusLynx Focuser 1,12162,12162,1.325,13.8,13.8,Manual Rotator,0.0,0.0,0.0,Starlight Xpress Filter Wheels,Ha,100.0,76.0,1003.0,16.11,268.0,14.004,2000.0,N.I.N.A. 3.1.2.9001 (x64),NGC 6997 Panel 3_Date_2025-07-22_Time_02-13-11_Type_LIGHT_Filter_Ha_Exp_600.00s_G_100_Off_10_Ecc_0.42_HFR_1.64px_FWHM_3.95_Temp_13.80_0017.xisf,1,11.9578699820331,
LIGHT,2025-09-08T01:34:20.8380158,2025-09-08T02:34:20.8380158,2025-09-08T01:39:21.4060601,600.0,600.0,ZWO ASI6200MM Pro,ZWOptical_ZWO ASI6200MM Pro_,100,10,0.246657639741898,1,1,-10.0,-10.0,3.76,3.76,40,66.2,52.2483888888889,-0.12325,NP101is,540.0,5.4,312.635930405865,41.6261001939505,48.7335555555556,280.17752,1.32937404087775,East,NGC 6997 Panel 3,20 50 33,+41 37 32,90.0,FocusLynx Focuser 1,11765,11765,1.325,12.9,12.9,Manual Rotator,0.0,0.0,0.0,Ascom.SxUFW (v2) ,OIII,100.0,75.0,1000.1136005891,21.79,179.0,11.268,2000.0,N.I.N.A. 3.2.0.2007 (x64),NGC 6997 Panel 3_Date_2025-09-08_Time_02-34-20_Type_LIGHT_Filter_OIII_Exp_600.00s_G_100_Off_10_Ecc_0.42_HFR_1.60px_FWHM_3.79_Temp_12.90_0010.xisf,1,17.2428847056378,22.536
LIGHT,2025-09-08T02:04:36.4010804,2025-09-08T03:04:36.4010804,2025-09-08T02:09:36.9758909,600.0,600.0,ZWO ASI6200MM Pro,ZWOptical_ZWO ASI6200MM Pro_,100,10,0.246657639741898,1,1,-10.0,-10.0,3.76,3.76,40,66.2,52.2483888888889,-0.12325,NP101is,540.0,5.4,312.636758957494,41.6270875427846,44.20434,285.11307,1.43278651557537,East,NGC 6997 Panel 3,20 50 33,+41 37 32,90.0,FocusLynx Focuser 1,11765,11765,1.325,12.5,12.5,Manual Rotator,0.0,0.0,0.0,Ascom.SxUFW (v2) ,OIII,100.0,75.0,1000.1136005891,21.79,179.0,11.268,2000.0,N.I.N.A. 3.2.0.2007 (x64),NGC 6997 Panel 3_Date_2025-09-08_Time_03-04-36_Type_LIGHT_Filter_OIII_Exp_600.00s_G_100_Off_10_Ecc_0.44_HFR_1.61px_FWHM_3.74_Temp_12.50_0013.xisf,1,17.2428847056378,22.536
LIGHT,2025-07-29T00:19:10.9743143,2025-07-29T01:19:10.9743143,2025-07-29T00:24:11.4837418,600.0,600.0,ZWO ASI6200MM Pro,ZWO ASI6200MM Pro,100,10,0.246657639741898,1,1,-10.0,-10.0,3.76,3.76,40,66.2,52.2483888888889,-0.12325,NP101is,540.0,5.4,312.637033641,41.6255093863398,79.4439166666667,184.929416666667,1.01712665956082,West,NGC 6997 Panel 3,20 50 33,+41 37 32,90.0,FocusLynx Focuser 1,12159,12159,1.325,13.8,13.8,Manual Rotator,0.0,0.0,0.0,Ascom.SxUFW (v2) ,Ha,78.0,66.0,1012.01971488183,18.3200000000001,343.0,14.184,2000.0,N.I.N.A. 3.2.0.2001 (x64),NGC 6997 Panel 3_Date_2025-07-29_Time_01-19-10_Type_LIGHT_Filter_Ha_Exp_600.00s_G_100_Off_10_Ecc_0.41_HFR_1.64px_FWHM_3.94_Temp_13.80_0019.xisf,1,11.9773242821181,30.024
LIGHT,2025-07-29T00:09:09.7975399,2025-07-29T01:09:09.7975399,2025-07-29T00:14:10.3265881,600.0,600.0,ZWO ASI6200MM Pro,ZWO ASI6200MM Pro,100,10,0.246657639741898,1,1,-10.0,-10.0,3.76,3.76,40,66.2,52.2483888888889,-0.12325,NP101is,540.0,5.4,312.637093699468,41.6255265163938,79.4385555555556,174.67406,1.01714434625208,West,NGC 6997 Panel 3,20 50 33,+41 37 32,90.0,FocusLynx Focuser 1,12159,12159,1.325,14.0,14.0,Manual Rotator,0.0,0.0,0.0,Ascom.SxUFW (v2) ,Ha,78.0,66.0,1012.01971488183,18.3200000000001,343.0,14.184,2000.0,N.I.N.A. 3.2.0.2001 (x64),NGC 6997 Panel 3_Date_2025-07-29_Time_01-09-09_Type_LIGHT_Filter_Ha_Exp_600.00s_G_100_Off_10_Ecc_0.43_HFR_1.64px_FWHM_4.04_Temp_14.00_0018.xisf,1,11.9773242821181,30.024
LIGHT,2025-09-08T01:54:35.1523230,2025-09-08T02:54:35.1523230,2025-09-08T01:59:35.7309009,600.0,600.0,ZWO ASI6200MM Pro,ZWOptical_ZWO ASI6200MM Pro_,100,10,0.246657639741898,1,1,-10.0,-10.0,3.76,3.76,40,66.2,52.2483888888889,-0.12325,NP101is,540.0,5.4,312.636743448144,41.6270879477217,45.6965555555556,283.50251,1.39601764287193,East,NGC 6997 Panel 3,20 50 33,+41 37 32,90.0,FocusLynx Focuser 1,11765,11765,1.325,12.6,12.6,Manual Rotator,0.0,0.0,0.0,Ascom.SxUFW (v2) ,OIII,100.0,75.0,1000.1136005891,21.79,179.0,11.268,2000.0,N.I.N.A. 3.2.0.2007 (x64),NGC 6997 Panel 3_Date_2025-09-08_Time_02-54-35_Type_LIGHT_Filter_OIII_Exp_600.00s_G_100_Off_10_Ecc_0.44_HFR_1.61px_FWHM_3.73_Temp_12.60_0012.xisf,1,17.2428847056378,22.536
LIGHT,2025-09-08T23:55:28.1885096,2025-09-09T00:55:28.1885096,2025-09-09T00:00:28.7395345,600.0,600.0,ZWO ASI6200MM Pro,ZWOptical_ZWO ASI6200MM Pro_,100,10,0.246657639741898,1,1,-10.0,-9.8,3.76,3.76,40,66.2,52.2483888888889,-0.12325,NP101is,540.0,5.4,312.636901757136,41.6267161983164,63.23146,261.59384,1.11967618518387,East,NGC 6997 Panel 3,20 50 33,+41 37 32,90.0,FocusLynx Focuser 1,11677,11677,1.325,9.6,9.6,Manual Rotator,0.0,0.0,0.0,Ascom.SxUFW (v2) ,OIII,25.0,45.0,1008.05101011758,20.23,254.0,3.204,2000.0,N.I.N.A. 3.2.0.2007 (x64),NGC 6997 Panel 3_Date_2025-09-09_Time_00-55-28_Type_LIGHT_Filter_OIII_Exp_600.00s_G_100_Off_10_Ecc_0.42_HFR_1.61px_FWHM_3.77_Temp_9.60_0008.xisf,1,8.14045277666851,11.268
LIGHT,2025-09-08T02:14:49.2136087,2025-09-08T03:14:49.2136087,2025-09-08T02:19:49.7420744,600.0,600.0,ZWO ASI6200MM Pro,ZWOptical_ZWO ASI6200MM Pro_,100,10,0.246657639741898,1,1,-10.0,-10.0,3.76,3.76,40,66.2,52.2483888888889,-0.12325,NP101is,540.0,5.4,312.6359644929,41.6267086087655,42.69912,286.7285,1.47292233012173,East,NGC 6997 Panel 3,20 50 33,+41 37 32,90.0,FocusLynx Focuser 1,11765,11765,1.325,12.4,12.4,Manual Rotator,0.0,0.0,0.0,Ascom.SxUFW (v2) ,OIII,100.0,75.0,1000.1136005891,21.79,179.0,11.268,2000.0,N.I.N.A. 3.2.0.2007 (x64),NGC 6997 Panel 3_Date_2025-09-08_Time_03-14-49_Type_LIGHT_Filter_OIII_Exp_600.00s_G_100_Off_10_Ecc_0.44_HFR_1.60px_FWHM_3.77_Temp_12.40_0014.xisf,1,17.2428847056378,22.536
LIGHT,2025-09-08T03:09:23.6823085,2025-09-08T04:09:23.6823085,2025-09-08T03:14:24.2120476,600.0,600.0,ZWO ASI6200MM Pro,ZWOptical_ZWO ASI6200MM Pro_,100,10,0.246657639741898,1,1,-10.0,-10.0,3.76,3.76,40,66.2,52.2483888888889,-0.12325,NP101is,540.0,5.4,312.636086714054,41.6265563360725,34.88896,295.1603,1.74485901286669,East,NGC 6997 Panel 3,20 50 33,+41 37 32,90.0,FocusLynx Focuser 1,11743,11743,1.325,11.9,11.9,Manual Rotator,0.0,0.0,0.0,Ascom.SxUFW (v2) ,OIII,100.0,75.0,1000.1136005891,21.79,179.0,11.268,2000.0,N.I.N.A. 3.2.0.2007 (x64),NGC 6997 Panel 3_Date_2025-09-08_Time_04-09-23_Type_LIGHT_Filter_OIII_Exp_600.00s_G_100_Off_10_Ecc_0.39_HFR_1.60px_FWHM_3.98_Temp_11.90_0019.xisf,1,17.2428847056378,22.536
LIGHT,2025-09-08T02:59:22.3962448,2025-09-08T03:59:22.3962448,2025-09-08T03:04:22.9471106,600.0,600.0,ZWO ASI6200MM Pro,ZWOptical_ZWO ASI6200MM Pro_,100,10,0.246657639741898,1,1,-10.0,-10.0,3.76,3.76,40,66.2,52.2483888888889,-0.12325,NP101is,540.0,5.4,312.636056195724,41.6265467691251,36.29002,293.6264,1.68656004224635,East,NGC 6997 Panel 3,20 50 33,+41 37 32,90.0,FocusLynx Focuser 1,11743,11743,1.325,11.9,11.9,Manual Rotator,0.0,0.0,0.0,Ascom.SxUFW (v2) ,OIII,100.0,75.0,1000.1136005891,21.79,179.0,11.268,2000.0,N.I.N.A. 3.2.0.2007 (x64),NGC 6997 Panel 3_Date_2025-09-08_Time_03-59-22_Type_LIGHT_Filter_OIII_Exp_600.00s_G_100_Off_10_Ecc_0.38_HFR_1.61px_FWHM_4.01_Temp_11.90_0018.xisf,1,17.2428847056378,22.536
LIGHT,2025-09-08T03:19:36.8546849,2025-09-08T04:19:36.8546849,2025-09-08T03:24:37.4004589,600.0,600.0,ZWO ASI6200MM Pro,ZWOptical_ZWO ASI6200MM Pro_,100,10,0.246657639741898,1,1,-10.0,-10.0,3.76,3.76,40,66.2,52.2483888888889,-0.12325,NP101is,540.0,5.4,312.63568669294,41.6277266709409,33.4841388888889,296.71715,1.80860812079278,East,NGC 6997 Panel 3,20 50 33,+41 37 32,90.0,FocusLynx Focuser 1,11743,11743,1.325,11.8,11.8,Manual Rotator,0.0,0.0,0.0,Ascom.SxUFW (v2) ,OIII,100.0,75.0,1000.1136005891,21.79,179.0,11.268,2000.0,N.I.N.A. 3.2.0.2007 (x64),NGC 6997 Panel 3_Date_2025-09-08_Time_04-19-36_Type_LIGHT_Filter_OIII_Exp_600.00s_G_100_Off_10_Ecc_0.39_HFR_1.61px_FWHM_3.98_Temp_11.80_0020.xisf,1,17.2428847056378,22.536
LIGHT,2025-09-08T22:50:30.6928150,2025-09-08T23:50:30.6928150,2025-09-08T22:55:31.2169528,600.0,600.0,ZWO ASI6200MM Pro,ZWOptical_ZWO ASI6200MM Pro_,100,10,0.246657639741898,1,1,-10.0,-10.0,3.76,3.76,40,66.2,52.2483888888889,-0.12325,NP101is,540.0,5.4,312.638635348488,41.626605683978,72.67154,240.72339,1.04737402369656,East,NGC 6997 Panel 3,20 50 33,+41 37 32,90.0,FocusLynx Focuser 1,11706,11706,1.325,10.8,10.8,Manual Rotator,0.0,0.0,0.0,Ascom.SxUFW (v2) ,OIII,25.0,45.0,1008.05101011758,20.23,254.0,3.204,2000.0,N.I.N.A. 3.2.0.2007 (x64),NGC 6997 Panel 3_Date_2025-09-08_Time_23-50-30_Type_LIGHT_Filter_OIII_Exp_600.00s_G_100_Off_10_Ecc_0.46_HFR_1.61px_FWHM_3.71_Temp_10.80_0002.xisf,1,8.14045277666851,11.268
LIGHT,2025-09-08T03:29:38.1230236,2025-09-08T04:29:38.1230236,2025-09-08T03:34:38.6844805,600.0,600.0,ZWO ASI6200MM Pro,ZWOptical_ZWO ASI6200MM Pro_,100,10,0.246657639741898,1,1,-10.0,-10.0,3.76,3.76,40,66.2,52.2483888888889,-0.12325,NP101is,540.0,5.4,312.635597398063,41.627736455017,32.11793,298.25044,1.87633299452807,East,NGC 6997 Panel 3,20 50 33,+41 37 32,90.0,FocusLynx Focuser 1,11743,11743,1.325,11.6,11.6,Manual Rotator,0.0,0.0,0.0,Ascom.SxUFW (v2) ,OIII,100.0,75.0,1000.1136005891,21.79,179.0,11.268,2000.0,N.I.N.A. 3.2.0.2007 (x64),NGC 6997 Panel 3_Date_2025-09-08_Time_04-29-38_Type_LIGHT_Filter_OIII_Exp_600.00s_G_100_Off_10_Ecc_0.37_HFR_1.61px_FWHM_4.02_Temp_11.60_0021.xisf,1,17.2428847056378,22.536
LIGHT,2025-09-08T03:39:39.4377320,2025-09-08T04:39:39.4377320,2025-09-08T03:44:39.9849675,600.0,600.0,ZWO ASI6200MM Pro,ZWOptical_ZWO ASI6200MM Pro_,100,10,0.246657639741898,1,1,-10.0,-10.0,3.76,3.76,40,66.2,52.2483888888889,-0.12325,NP101is,540.0,5.4,312.635508004646,41.6277162399406,30.77327,299.78239,1.94922452248241,East,NGC 6997 Panel 3,20 50 33,+41 37 32,90.0,FocusLynx Focuser 1,11743,11743,1.325,11.5,11.5,Manual Rotator,0.0,0.0,0.0,Ascom.SxUFW (v2) ,OIII,100.0,75.0,1000.1136005891,21.79,179.0,11.268,2000.0,N.I.N.A. 3.2.0.2007 (x64),NGC 6997 Panel 3_Date_2025-09-08_Time_04-39-39_Type_LIGHT_Filter_OIII_Exp_600.00s_G_100_Off_10_Ecc_0.38_HFR_1.62px_FWHM_4.05_Temp_11.50_0022.xisf,1,17.2428847056378,22.536
LIGHT,2025-09-09T02:56:01.2999707,2025-09-09T03:56:01.2999707,2025-09-09T03:01:01.8301648,600.0,600.0,ZWO ASI6200MM Pro,ZWOptical_ZWO ASI6200MM Pro_,100,10,0.246657639741898,1,1,-10.0,-10.0,3.76,3.76,40,66.2,52.2483888888889,-0.12325,NP101is,540.0,5.4,312.638580721807,41.6289457151908,36.21448,293.71317,1.68957873220823,East,NGC 6997 Panel 3,20 50 33,+41 37 32,90.0,FocusLynx Focuser 1,11641,11641,1.325,7.5,7.5,Manual Rotator,0.0,0.0,0.0,Ascom.SxUFW (v2) ,OIII,25.0,45.0,1008.05101011758,20.23,254.0,3.204,2000.0,N.I.N.A. 3.2.0.2007 (x64),NGC 6997 Panel 3_Date_2025-09-09_Time_03-56-01_Type_LIGHT_Filter_OIII_Exp_600.00s_G_100_Off_10_Ecc_0.36_HFR_1.65px_FWHM_4.10_Temp_7.50_0025.xisf,1,8.14045277666851,11.268
LIGHT,2025-09-08T22:30:28.1059259,2025-09-08T23:30:28.1059259,2025-09-08T22:35:28.6612521,600.0,600.0,ZWO ASI6200MM Pro,ZWOptical_ZWO ASI6200MM Pro_,100,10,0.246657639741898,1,1,-10.0,-10.0,3.76,3.76,40,66.2,52.2483888888889,-0.12325,NP101is,540.0,5.4,312.638604455924,41.6266365525016,75.21815,230.7193,1.03409193714226,East,NGC 6997 Panel 3,20 50 33,+41 37 32,90.0,FocusLynx Focuser 1,11706,11706,1.325,11.0,11.0,Manual Rotator,0.0,0.0,0.0,Ascom.SxUFW (v2) ,OIII,25.0,45.0,1008.05101011758,20.23,254.0,3.204,2000.0,N.I.N.A. 3.2.0.2007 (x64),NGC 6997 Panel 3_Date_2025-09-08_Time_23-30-28_Type_LIGHT_Filter_OIII_Exp_600.00s_G_100_Off_10_Ecc_0.45_HFR_1.61px_FWHM_3.74_Temp_11.00_0000.xisf,1,8.14045277666851,11.268
LIGHT,2025-09-08T03:59:53.1876217,2025-09-08T04:59:53.1876217,2025-09-08T04:04:53.7544714,600.0,600.0,ZWO ASI6200MM Pro,ZWOptical_ZWO ASI6200MM Pro_,100,10,0.246657639741898,1,1,-10.0,-10.0,3.76,3.76,40,66.2,52.2483888888889,-0.12325,NP101is,540.0,5.4,312.634925277975,41.6278065368651,28.12412,302.88333,2.11429084142761,East,NGC 6997 Panel 3,20 50 33,+41 37 32,90.0,FocusLynx Focuser 1,11743,11743,1.325,11.3,11.3,Manual Rotator,0.0,0.0,0.0,Ascom.SxUFW (v2) ,OIII,100.0,75.0,1000.1136005891,21.79,179.0,11.268,2000.0,N.I.N.A. 3.2.0.2007 (x64),NGC 6997 Panel 3_Date_2025-09-08_Time_04-59-53_Type_LIGHT_Filter_OIII_Exp_600.00s_G_100_Off_10_Ecc_0.39_HFR_1.61px_FWHM_4.00_Temp_11.30_0024.xisf,1,17.2428847056378,22.536
LIGHT,2025-09-08T22:40:29.3972914,2025-09-08T23:40:29.3972914,2025-09-08T22:45:29.9467330,600.0,600.0,ZWO ASI6200MM Pro,ZWOptical_ZWO ASI6200MM Pro_,100,10,0.246657639741898,1,1,-10.0,-10.0,3.76,3.76,40,66.2,52.2483888888889,-0.12325,NP101is,540.0,5.4,312.638560044405,41.6266362271113,73.98194,236.04294,1.04024082755278,East,NGC 6997 Panel 3,20 50 33,+41 37 32,90.0,FocusLynx Focuser 1,11706,11706,1.325,10.9,10.9,Manual Rotator,0.0,0.0,0.0,Ascom.SxUFW (v2) ,OIII,25.0,45.0,1008.05101011758,20.23,254.0,3.204,2000.0,N.I.N.A. 3.2.0.2007 (x64),NGC 6997 Panel 3_Date_2025-09-08_Time_23-40-29_Type_LIGHT_Filter_OIII_Exp_600.00s_G_100_Off_10_Ecc_0.45_HFR_1.61px_FWHM_3.71_Temp_10.90_0001.xisf,1,8.14045277666851,11.268
LIGHT,2025-09-08T23:00:46.7485273,2025-09-09T00:00:46.7485273,2025-09-08T23:05:47.2719306,600.0,600.0,ZWO ASI6200MM Pro,ZWOptical_ZWO ASI6200MM Pro_,100,10,0.246657639741898,1,1,-10.0,-10.1,3.76,3.76,40,66.2,52.2483888888889,-0.12325,NP101is,540.0,5.4,312.639607574435,41.6260535029694,71.27029,244.96357,1.05572530906186,East,NGC 6997 Panel 3,20 50 33,+41 37 32,90.0,FocusLynx Focuser 1,11706,11706,1.325,10.6,10.6,Manual Rotator,0.0,0.0,0.0,Ascom.SxUFW (v2) ,OIII,25.0,45.0,1008.05101011758,20.23,254.0,3.204,2000.0,N.I.N.A. 3.2.0.2007 (x64),NGC 6997 Panel 3_Date_2025-09-09_Time_00-00-46_Type_LIGHT_Filter_OIII_Exp_600.00s_G_100_Off_10_Ecc_0.45_HFR_1.62px_FWHM_3.77_Temp_10.60_0003.xisf,1,8.14045277666851,11.268
LIGHT,2025-09-08T23:10:47.9808874,2025-09-09T00:10:47.9808874,2025-09-08T23:15:48.5296803,600.0,600.0,ZWO ASI6200MM Pro,ZWOptical_ZWO ASI6200MM Pro_,100,10,0.246657639741898,1,1,-10.0,-10.0,3.76,3.76,40,66.2,52.2483888888889,-0.12325,NP101is,540.0,5.4,312.639548217624,41.6260632040279,69.8558333333333,248.66711,1.06494168384654,East,NGC 6997 Panel 3,20 50 33,+41 37 32,90.0,FocusLynx Focuser 1,11706,11706,1.325,10.3,10.3,Manual Rotator,0.0,0.0,0.0,Ascom.SxUFW (v2) ,OIII,25.0,45.0,1008.05101011758,20.23,254.0,3.204,2000.0,N.I.N.A. 3.2.0.2007 (x64),NGC 6997 Panel 3_Date_2025-09-09_Time_00-10-47_Type_LIGHT_Filter_OIII_Exp_600.00s_G_100_Off_10_Ecc_0.46_HFR_1.65px_FWHM_3.90_Temp_10.30_0004.xisf,1,8.14045277666851,11.268
LIGHT,2025-09-08T23:20:49.2631360,2025-09-09T00:20:49.2631360,2025-09-08T23:25:49.8188067,600.0,600.0,ZWO ASI6200MM Pro,ZWOptical_ZWO ASI6200MM Pro_,100,10,0.246657639741898,1,1,-10.0,-10.0,3.76,3.76,40,66.2,52.2483888888889,-0.12325,NP101is,540.0,5.4,312.639608608191,41.6260526878209,68.41064,252.00537,1.07520773746375,East,NGC 6997 Panel 3,20 50 33,+41 37 32,90.0,FocusLynx Focuser 1,11706,11706,1.325,10.0,10.0,Manual Rotator,0.0,0.0,0.0,Ascom.SxUFW (v2) ,OIII,25.0,45.0,1008.05101011758,20.23,254.0,3.204,2000.0,N.I.N.A. 3.2.0.2007 (x64),NGC 6997 Panel 3_Date_2025-09-09_Time_00-20-49_Type_LIGHT_Filter_OIII_Exp_600.00s_G_100_Off_10_Ecc_0.45_HFR_1.68px_FWHM_4.01_Temp_10.00_0005.xisf,1,8.14045277666851,11.268
LIGHT,2025-09-08T02:34:51.6675160,2025-09-08T03:34:51.6675160,2025-09-08T02:39:52.1923154,600.0,600.0,ZWO ASI6200MM Pro,ZWOptical_ZWO ASI6200MM Pro_,100,10,0.246657639741898,1,1,-10.0,-10.0,3.76,3.76,40,66.2,52.2483888888889,-0.12325,NP101is,540.0,5.4,312.635860784078,41.6267280445113,39.78024,289.8568,1.5607124765773,East,NGC 6997 Panel 3,20 50 33,+41 37 32,90.0,FocusLynx Focuser 1,11765,11765,1.325,12.2,12.2,Manual Rotator,0.0,0.0,0.0,Ascom.SxUFW (v2) ,OIII,100.0,75.0,1000.1136005891,21.79,179.0,11.268,2000.0,N.I.N.A. 3.2.0.2007 (x64),NGC 6997 Panel 3_Date_2025-09-08_Time_03-34-51_Type_LIGHT_Filter_OIII_Exp_600.00s_G_100_Off_10_Ecc_0.41_HFR_1.67px_FWHM_4.21_Temp_12.20_0016.xisf,1,17.2428847056378,22.536
LIGHT,2025-09-08T23:35:25.6444195,2025-09-09T00:35:25.6444195,2025-09-08T23:40:26.2009355,600.0,600.0,ZWO ASI6200MM Pro,ZWOptical_ZWO ASI6200MM Pro_,100,10,0.246657639741898,1,1,-10.0,-10.0,3.76,3.76,40,66.2,52.2483888888889,-0.12325,NP101is,540.0,5.4,312.636721001826,41.6267173447573,66.25487,256.36472,1.09220027893049,East,NGC 6997 Panel 3,20 50 33,+41 37 32,90.0,FocusLynx Focuser 1,11677,11677,1.325,9.8,9.8,Manual Rotator,0.0,0.0,0.0,Ascom.SxUFW (v2) ,OIII,25.0,45.0,1008.05101011758,20.23,254.0,3.204,2000.0,N.I.N.A. 3.2.0.2007 (x64),NGC 6997 Panel 3_Date_2025-09-09_Time_00-35-25_Type_LIGHT_Filter_OIII_Exp_600.00s_G_100_Off_10_Ecc_0.39_HFR_1.63px_FWHM_3.89_Temp_9.80_0006.xisf,1,8.14045277666851,11.268
LIGHT,2025-09-08T23:45:26.8512076,2025-09-09T00:45:26.8512076,2025-09-08T23:50:27.4256572,600.0,600.0,ZWO ASI6200MM Pro,ZWOptical_ZWO ASI6200MM Pro_,100,10,0.246657639741898,1,1,-10.0,-10.0,3.76,3.76,40,66.2,52.2483888888889,-0.12325,NP101is,540.0,5.4,312.63685631014,41.6267166896461,64.7489,259.0754,1.10533147070009,East,NGC 6997 Panel 3,20 50 33,+41 37 32,90.0,FocusLynx Focuser 1,11677,11677,1.325,9.5,9.5,Manual Rotator,0.0,0.0,0.0,Ascom.SxUFW (v2) ,OIII,25.0,45.0,1008.05101011758,20.23,254.0,3.204,2000.0,N.I.N.A. 3.2.0.2007 (x64),NGC 6997 Panel 3_Date_2025-09-09_Time_00-45-26_Type_LIGHT_Filter_OIII_Exp_600.00s_G_100_Off_10_Ecc_0.42_HFR_1.63px_FWHM_3.86_Temp_9.50_0007.xisf,1,8.14045277666851,11.268
LIGHT,2025-09-09T03:30:39.5689790,2025-09-09T04:30:39.5689790,2025-09-09T03:35:40.1146552,600.0,600.0,ZWO ASI6200MM Pro,ZWOptical_ZWO ASI6200MM Pro_,100,10,0.246657639741898,1,1,-10.0,-10.0,3.76,3.76,40,66.2,52.2483888888889,-0.12325,NP101is,540.0,5.4,312.639824022237,41.6284720230407,31.4572777777778,299.00134,1.91132413486995,East,NGC 6997 Panel 3,20 50 33,+41 37 32,90.0,FocusLynx Focuser 1,11661,11661,1.325,7.7,7.7,Manual Rotator,0.0,0.0,0.0,Ascom.SxUFW (v2) ,OIII,25.0,45.0,1008.05101011758,20.23,254.0,3.204,2000.0,N.I.N.A. 3.2.0.2007 (x64),NGC 6997 Panel 3_Date_2025-09-09_Time_04-30-39_Type_LIGHT_Filter_OIII_Exp_600.00s_G_100_Off_10_Ecc_0.37_HFR_1.67px_FWHM_4.22_Temp_7.70_0028.xisf,1,8.14045277666851,11.268
LIGHT,2025-09-09T00:15:44.1947435,2025-09-09T01:15:44.1947435,2025-09-09T00:20:44.7561441,600.0,600.0,ZWO ASI6200MM Pro,ZWOptical_ZWO ASI6200MM Pro_,100,10,0.246657639741898,1,1,-10.0,-10.0,3.76,3.76,40,66.2,52.2483888888889,-0.12325,NP101is,540.0,5.4,312.638534857235,41.6265879568543,60.1449444444444,266.217611111111,1.15257760361684,East,NGC 6997 Panel 3,20 50 33,+41 37 32,90.0,FocusLynx Focuser 1,11677,11677,1.325,9.4,9.4,Manual Rotator,0.0,0.0,0.0,Ascom.SxUFW (v2) ,OIII,25.0,45.0,1008.05101011758,20.23,254.0,3.204,2000.0,N.I.N.A. 3.2.0.2007 (x64),NGC 6997 Panel 3_Date_2025-09-09_Time_01-15-44_Type_LIGHT_Filter_OIII_Exp_600.00s_G_100_Off_10_Ecc_0.43_HFR_1.61px_FWHM_3.75_Temp_9.40_0010.xisf,1,8.14045277666851,11.268
LIGHT,2025-09-09T01:10:39.7185397,2025-09-09T02:10:39.7185397,2025-09-09T01:15:40.2638898,600.0,600.0,ZWO ASI6200MM Pro,ZWOptical_ZWO ASI6200MM Pro_,100,10,0.246657639741898,1,1,-10.0,-9.8,3.76,3.76,40,66.2,52.2483888888889,-0.12325,NP101is,540.0,5.4,312.637708899839,41.6296316317544,51.736,276.79987,1.27279669552638,East,NGC 6997 Panel 3,20 50 33,+41 37 32,90.0,FocusLynx Focuser 1,11644,11644,1.325,8.0,8.0,Manual Rotator,0.0,0.0,0.0,Ascom.SxUFW (v2) ,OIII,25.0,45.0,1008.05101011758,20.23,254.0,3.204,2000.0,N.I.N.A. 3.2.0.2007 (x64),NGC 6997 Panel 3_Date_2025-09-09_Time_02-10-39_Type_LIGHT_Filter_OIII_Exp_600.00s_G_100_Off_10_Ecc_0.41_HFR_1.66px_FWHM_4.11_Temp_8.00_0015.xisf,1,8.14045277666851,11.268
LIGHT,2025-09-10T23:58:13.2187431,2025-09-11T00:58:13.2187431,2025-09-11T00:03:13.7516883,600.0,600.0,ZWO ASI6200MM Pro,ZWOptical_ZWO ASI6200MM Pro_,100,10,0.246657639741898,1,1,-10.0,-10.0,3.76,3.76,40,66.2,52.2483888888889,-0.12325,NP101is,540.0,5.4,312.636725993879,41.6246241908872,61.61923,264.07608,1.13621365479437,East,NGC 6997 Panel 3,20 50 33,+41 37 32,90.0,FocusLynx Focuser 1,11700,11700,1.325,11.2,11.2,Manual Rotator,0.0,0.0,0.0,Ascom.SxUFW (v2) ,OIII,77.0,92.0,990.191838678492,15.15,191.0,9.648,2000.0,N.I.N.A. 3.2.0.2007 (x64),NGC 6997 Panel 3_Date_2025-09-11_Time_00-58-13_Type_LIGHT_Filter_OIII_Exp_600.00s_G_100_Off_10_Ecc_0.42_HFR_1.62px_FWHM_3.75_Temp_11.20_0006.xisf,1,13.883467569856,19.296
LIGHT,2025-09-09T00:25:45.5059084,2025-09-09T01:25:45.5059084,2025-09-09T00:30:46.0595191,600.0,600.0,ZWO ASI6200MM Pro,ZWOptical_ZWO ASI6200MM Pro_,100,10,0.246657639741898,1,1,-10.0,-10.0,3.76,3.76,40,66.2,52.2483888888889,-0.12325,NP101is,540.0,5.4,312.638400595522,41.6265922373455,58.6119166666667,268.324722222222,1.17093323774124,East,NGC 6997 Panel 3,20 50 33,+41 37 32,90.0,FocusLynx Focuser 1,11677,11677,1.325,9.2,9.2,Manual Rotator,0.0,0.0,0.0,Ascom.SxUFW (v2) ,OIII,25.0,45.0,1008.05101011758,20.23,254.0,3.204,2000.0,N.I.N.A. 3.2.0.2007 (x64),NGC 6997 Panel 3_Date_2025-09-09_Time_01-25-45_Type_LIGHT_Filter_OIII_Exp_600.00s_G_100_Off_10_Ecc_0.46_HFR_1.62px_FWHM_3.77_Temp_9.20_0011.xisf,1,8.14045277666851,11.268
LIGHT,2025-09-09T00:35:58.8435382,2025-09-09T01:35:58.8435382,2025-09-09T00:40:59.4090638,600.0,600.0,ZWO ASI6200MM Pro,ZWOptical_ZWO ASI6200MM Pro_,100,10,0.246657639741898,1,1,-10.0,-10.0,3.76,3.76,40,66.2,52.2483888888889,-0.12325,NP101is,540.0,5.4,312.637685074378,41.6274631126849,57.0367777777778,270.38885,1.19131232409761,East,NGC 6997 Panel 3,20 50 33,+41 37 32,90.0,FocusLynx Focuser 1,11677,11677,1.325,9.0,9.0,Manual Rotator,0.0,0.0,0.0,Ascom.SxUFW (v2) ,OIII,25.0,45.0,1008.05101011758,20.23,254.0,3.204,2000.0,N.I.N.A. 3.2.0.2007 (x64),NGC 6997 Panel 3_Date_2025-09-09_Time_01-35-58_Type_LIGHT_Filter_OIII_Exp_600.00s_G_100_Off_10_Ecc_0.45_HFR_1.64px_FWHM_3.84_Temp_9.00_0012.xisf,1,8.14045277666851,11.268
LIGHT,2025-09-09T00:46:00.0754286,2025-09-09T01:46:00.0754286,2025-09-09T00:51:00.6215197,600.0,600.0,ZWO ASI6200MM Pro,ZWOptical_ZWO ASI6200MM Pro_,100,10,0.246657639741898,1,1,-10.0,-10.0,3.76,3.76,40,66.2,52.2483888888889,-0.12325,NP101is,540.0,5.4,312.63771554164,41.627462648295,55.50323,272.31722,1.21273936854308,East,NGC 6997 Panel 3,20 50 33,+41 37 32,90.0,FocusLynx Focuser 1,11677,11677,1.325,8.6,8.6,Manual Rotator,0.0,0.0,0.0,Ascom.SxUFW (v2) ,OIII,25.0,45.0,1008.05101011758,20.23,254.0,3.204,2000.0,N.I.N.A. 3.2.0.2007 (x64),NGC 6997 Panel 3_Date_2025-09-09_Time_01-46-00_Type_LIGHT_Filter_OIII_Exp_600.00s_G_100_Off_10_Ecc_0.44_HFR_1.66px_FWHM_3.98_Temp_8.60_0013.xisf,1,8.14045277666851,11.268
LIGHT,2025-09-09T01:30:42.0939327,2025-09-09T02:30:42.0939327,2025-09-09T01:35:42.6242851,600.0,600.0,ZWO ASI6200MM Pro,ZWOptical_ZWO ASI6200MM Pro_,100,10,0.246657639741898,1,1,-10.0,-10.0,3.76,3.76,40,66.2,52.2483888888889,-0.12325,NP101is,540.0,5.4,312.63761996892,41.629600972051,48.69628,280.22624,1.33013125894774,East,NGC 6997 Panel 3,20 50 33,+41 37 32,90.0,FocusLynx Focuser 1,11644,11644,1.325,7.7,7.7,Manual Rotator,0.0,0.0,0.0,Ascom.SxUFW (v2) ,OIII,25.0,45.0,1008.05101011758,20.23,254.0,3.204,2000.0,N.I.N.A. 3.2.0.2007 (x64),NGC 6997 Panel 3_Date_2025-09-09_Time_02-30-42_Type_LIGHT_Filter_OIII_Exp_600.00s_G_100_Off_10_Ecc_0.41_HFR_1.61px_FWHM_3.83_Temp_7.70_0017.xisf,1,8.14045277666851,11.268
LIGHT,2025-09-09T00:56:01.3614409,2025-09-09T01:56:01.3614409,2025-09-09T01:01:01.9058297,600.0,600.0,ZWO ASI6200MM Pro,ZWOptical_ZWO ASI6200MM Pro_,100,10,0.246657639741898,1,1,-10.0,-10.0,3.76,3.76,40,66.2,52.2483888888889,-0.12325,NP101is,540.0,5.4,312.637761018069,41.6274721560627,53.9705,274.17747,1.23583664510706,East,NGC 6997 Panel 3,20 50 33,+41 37 32,90.0,FocusLynx Focuser 1,11677,11677,1.325,8.2,8.2,Manual Rotator,0.0,0.0,0.0,Ascom.SxUFW (v2) ,OIII,25.0,45.0,1008.05101011758,20.23,254.0,3.204,2000.0,N.I.N.A. 3.2.0.2007 (x64),NGC 6997 Panel 3_Date_2025-09-09_Time_01-56-01_Type_LIGHT_Filter_OIII_Exp_600.00s_G_100_Off_10_Ecc_0.46_HFR_1.69px_FWHM_4.06_Temp_8.20_0014.xisf,1,8.14045277666851,11.268
LIGHT,2025-09-09T02:11:12.1555588,2025-09-09T03:11:12.1555588,2025-09-09T02:16:12.7232750,600.0,600.0,ZWO ASI6200MM Pro,ZWOptical_ZWO ASI6200MM Pro_,100,10,0.246657639741898,1,1,-10.0,-9.9,3.76,3.76,40,66.2,52.2483888888889,-0.12325,NP101is,540.0,5.4,312.639151589518,41.6301865137936,42.66106,286.77578,1.47397953744456,East,NGC 6997 Panel 3,20 50 33,+41 37 32,90.0,FocusLynx Focuser 1,11644,11644,1.325,7.2,7.2,Manual Rotator,0.0,0.0,0.0,Ascom.SxUFW (v2) ,OIII,25.0,45.0,1008.05101011758,20.23,254.0,3.204,2000.0,N.I.N.A. 3.2.0.2007 (x64),NGC 6997 Panel 3_Date_2025-09-09_Time_03-11-12_Type_LIGHT_Filter_OIII_Exp_600.00s_G_100_Off_10_Ecc_0.40_HFR_1.67px_FWHM_4.11_Temp_7.20_0021.xisf,1,8.14045277666851,11.268
LIGHT,2025-09-09T02:00:58.0367095,2025-09-09T03:00:58.0367095,2025-09-09T02:05:58.5758907,600.0,600.0,ZWO ASI6200MM Pro,ZWOptical_ZWO ASI6200MM Pro_,100,10,0.246657639741898,1,1,-10.0,-10.0,3.76,3.76,40,66.2,52.2483888888889,-0.12325,NP101is,540.0,5.4,312.638382529526,41.628738347664,44.16775,285.156361111111,1.43372468095392,East,NGC 6997 Panel 3,20 50 33,+41 37 32,90.0,FocusLynx Focuser 1,11644,11644,1.325,7.3,7.3,Manual Rotator,0.0,0.0,0.0,Ascom.SxUFW (v2) ,OIII,25.0,45.0,1008.05101011758,20.23,254.0,3.204,2000.0,N.I.N.A. 3.2.0.2007 (x64),NGC 6997 Panel 3_Date_2025-09-09_Time_03-00-58_Type_LIGHT_Filter_OIII_Exp_600.00s_G_100_Off_10_Ecc_0.39_HFR_1.64px_FWHM_4.00_Temp_7.30_0020.xisf,1,8.14045277666851,11.268
LIGHT,2025-09-09T02:25:44.4754119,2025-09-09T03:25:44.4754119,2025-09-09T02:30:45.0072856,600.0,600.0,ZWO ASI6200MM Pro,ZWOptical_ZWO ASI6200MM Pro_,100,10,0.246657639741898,1,1,-10.0,-9.9,3.76,3.76,40,66.2,52.2483888888889,-0.12325,NP101is,540.0,5.4,312.639242193511,41.6301857491388,40.53682,289.05167,1.53658544545912,East,NGC 6997 Panel 3,20 50 33,+41 37 32,90.0,FocusLynx Focuser 1,11641,11641,1.325,7.4,7.4,Manual Rotator,0.0,0.0,0.0,Ascom.SxUFW (v2) ,OIII,25.0,45.0,1008.05101011758,20.23,254.0,3.204,2000.0,N.I.N.A. 3.2.0.2007 (x64),NGC 6997 Panel 3_Date_2025-09-09_Time_03-25-44_Type_LIGHT_Filter_OIII_Exp_600.00s_G_100_Off_10_Ecc_0.39_HFR_1.61px_FWHM_3.92_Temp_7.40_0022.xisf,1,8.14045277666851,11.268
LIGHT,2025-09-09T02:46:00.0578140,2025-09-09T03:46:00.0578140,2025-09-09T02:51:00.5909176,600.0,600.0,ZWO ASI6200MM Pro,ZWOptical_ZWO ASI6200MM Pro_,100,10,0.246657639741898,1,1,-10.0,-9.8,3.76,3.76,40,66.2,52.2483888888889,-0.12325,NP101is,540.0,5.4,312.638565235847,41.628946155912,37.62499,292.18201,1.63538927672,East,NGC 6997 Panel 3,20 50 33,+41 37 32,90.0,FocusLynx Focuser 1,11641,11641,1.325,7.3,7.3,Manual Rotator,0.0,0.0,0.0,Ascom.SxUFW (v2) ,OIII,25.0,45.0,1008.05101011758,20.23,254.0,3.204,2000.0,N.I.N.A. 3.2.0.2007 (x64),NGC 6997 Panel 3_Date_2025-09-09_Time_03-46-00_Type_LIGHT_Filter_OIII_Exp_600.00s_G_100_Off_10_Ecc_0.36_HFR_1.69px_FWHM_4.28_Temp_7.30_0024.xisf,1,8.14045277666851,11.268
LIGHT,2025-09-09T02:35:45.7452725,2025-09-09T03:35:45.7452725,2025-09-09T02:40:46.3251360,600.0,600.0,ZWO ASI6200MM Pro,ZWOptical_ZWO ASI6200MM Pro_,100,10,0.246657639741898,1,1,-10.0,-10.0,3.76,3.76,40,66.2,52.2483888888889,-0.12325,NP101is,540.0,5.4,312.639167821099,41.6301854715455,39.09204,290.60241,1.58356680623109,East,NGC 6997 Panel 3,20 50 33,+41 37 32,90.0,FocusLynx Focuser 1,11641,11641,1.325,7.4,7.4,Manual Rotator,0.0,0.0,0.0,Ascom.SxUFW (v2) ,OIII,25.0,45.0,1008.05101011758,20.23,254.0,3.204,2000.0,N.I.N.A. 3.2.0.2007 (x64),NGC 6997 Panel 3_Date_2025-09-09_Time_03-35-45_Type_LIGHT_Filter_OIII_Exp_600.00s_G_100_Off_10_Ecc_0.37_HFR_1.67px_FWHM_4.17_Temp_7.40_0023.xisf,1,8.14045277666851,11.268
LIGHT,2025-09-08T03:49:51.8809034,2025-09-08T04:49:51.8809034,2025-09-08T03:54:52.4386411,600.0,600.0,ZWO ASI6200MM Pro,ZWOptical_ZWO ASI6200MM Pro_,100,10,0.246657639741898,1,1,-10.0,-10.0,3.76,3.76,40,66.2,52.2483888888889,-0.12325,NP101is,540.0,5.4,312.634954731544,41.6278168616279,29.42712,301.34316,2.02922619663554,East,NGC 6997 Panel 3,20 50 33,+41 37 32,90.0,FocusLynx Focuser 1,11743,11743,1.325,11.4,11.4,Manual Rotator,0.0,0.0,0.0,Ascom.SxUFW (v2) ,OIII,100.0,75.0,1000.1136005891,21.79,179.0,11.268,2000.0,N.I.N.A. 3.2.0.2007 (x64),NGC 6997 Panel 3_Date_2025-09-08_Time_04-49-51_Type_LIGHT_Filter_OIII_Exp_600.00s_G_100_Off_10_Ecc_0.38_HFR_1.62px_FWHM_4.03_Temp_11.40_0023.xisf,1,17.2428847056378,22.536
LIGHT,2025-09-09T01:40:55.5356447,2025-09-09T02:40:55.5356447,2025-09-09T01:45:56.0993135,600.0,600.0,ZWO ASI6200MM Pro,ZWOptical_ZWO ASI6200MM Pro_,100,10,0.246657639741898,1,1,-10.0,-10.0,3.76,3.76,40,66.2,52.2483888888889,-0.12325,NP101is,540.0,5.4,312.638441379116,41.628729063913,47.1533611111111,281.92143,1.36276035979071,East,NGC 6997 Panel 3,20 50 33,+41 37 32,90.0,FocusLynx Focuser 1,11644,11644,1.325,7.5,7.5,Manual Rotator,0.0,0.0,0.0,Ascom.SxUFW (v2) ,OIII,25.0,45.0,1008.05101011758,20.23,254.0,3.204,2000.0,N.I.N.A. 3.2.0.2007 (x64),NGC 6997 Panel 3_Date_2025-09-09_Time_02-40-55_Type_LIGHT_Filter_OIII_Exp_600.00s_G_100_Off_10_Ecc_0.40_HFR_1.63px_FWHM_3.92_Temp_7.50_0018.xisf,1,8.14045277666851,11.268
LIGHT,2025-09-09T01:50:56.8500603,2025-09-09T02:50:56.8500603,2025-09-09T01:55:57.3940929,600.0,600.0,ZWO ASI6200MM Pro,ZWOptical_ZWO ASI6200MM Pro_,100,10,0.246657639741898,1,1,-10.0,-10.0,3.76,3.76,40,66.2,52.2483888888889,-0.12325,NP101is,540.0,5.4,312.638367104812,41.6287587881108,45.65826,283.54777,1.39692599565383,East,NGC 6997 Panel 3,20 50 33,+41 37 32,90.0,FocusLynx Focuser 1,11644,11644,1.325,7.4,7.4,Manual Rotator,0.0,0.0,0.0,Ascom.SxUFW (v2) ,OIII,25.0,45.0,1008.05101011758,20.23,254.0,3.204,2000.0,N.I.N.A. 3.2.0.2007 (x64),NGC 6997 Panel 3_Date_2025-09-09_Time_02-50-56_Type_LIGHT_Filter_OIII_Exp_600.00s_G_100_Off_10_Ecc_0.41_HFR_1.63px_FWHM_3.95_Temp_7.40_0019.xisf,1,8.14045277666851,11.268
LIGHT,2025-08-16T22:36:38.6910013,2025-08-16T23:36:38.6910013,2025-08-16T22:41:39.2387144,600.0,600.0,ZWO ASI6200MM Pro,ZWO ASI6200MM Pro,100,10,0.246657639741898,1,1,-10.0,-10.0,3.76,3.76,40,66.2,52.2483888888889,-0.12325,NP101is,540.0,5.4,312.63370900956,41.6294200785349,78.78015,157.3562,1.01938904266943,West,NGC 6997 Panel 3,20 50 33,+41 37 32,90.0,FocusLynx Focuser 1,11862,11862,1.325,12.0,12.0,Manual Rotator,0.0,0.0,0.0,Ascom.SxUFW (v2) ,SII,4.0,62.0,1018.96494821925,19.42,21.0,16.092,2000.0,N.I.N.A. 3.2.0.2002 (x64),NGC 6997 Panel 3_Date_2025-08-16_Time_23-36-38_Type_LIGHT_Filter_SII_Exp_600.00s_G_100_Off_10_Ecc_0.42_HFR_1.69px_FWHM_4.06_Temp_12.00_0002.xisf,1,12.0878545745378,24.156
LIGHT,2025-09-09T00:05:43.0104789,2025-09-09T01:05:43.0104789,2025-09-09T00:10:43.5547084,600.0,600.0,ZWO ASI6200MM Pro,ZWOptical_ZWO ASI6200MM Pro_,100,10,0.246657639741898,1,1,-10.0,-10.0,3.76,3.76,40,66.2,52.2483888888889,-0.12325,NP101is,540.0,5.4,312.638594230818,41.6265827017312,61.67541,263.99714,1.13561402410322,East,NGC 6997 Panel 3,20 50 33,+41 37 32,90.0,FocusLynx Focuser 1,11677,11677,1.325,9.5,9.5,Manual Rotator,0.0,0.0,0.0,Ascom.SxUFW (v2) ,OIII,25.0,45.0,1008.05101011758,20.23,254.0,3.204,2000.0,N.I.N.A. 3.2.0.2007 (x64),NGC 6997 Panel 3_Date_2025-09-09_Time_01-05-43_Type_LIGHT_Filter_OIII_Exp_600.00s_G_100_Off_10_Ecc_0.42_HFR_1.61px_FWHM_3.77_Temp_9.50_0009.xisf,1,8.14045277666851,11.268
LIGHT,2025-09-10T23:00:21.4880739,2025-09-11T00:00:21.4880739,2025-09-10T23:05:22.0060495,600.0,600.0,ZWO ASI6200MM Pro,ZWOptical_ZWO ASI6200MM Pro_,100,10,0.246657639741898,1,1,-10.0,-10.0,3.76,3.76,40,66.2,52.2483888888889,-0.12325,NP101is,540.0,5.4,312.636869920555,41.6234968936349,70.21993,247.75108,1.06249206022397,East,NGC 6997 Panel 3,20 50 33,+41 37 32,90.0,FocusLynx Focuser 1,11742,11742,1.325,11.9,11.9,Manual Rotator,0.0,0.0,0.0,Ascom.SxUFW (v2) ,OIII,77.0,92.0,990.191838678492,15.15,191.0,9.648,2000.0,N.I.N.A. 3.2.0.2007 (x64),NGC 6997 Panel 3_Date_2025-09-11_Time_00-00-21_Type_LIGHT_Filter_OIII_Exp_600.00s_G_100_Off_10_Ecc_0.48_HFR_1.66px_FWHM_3.82_Temp_11.90_0001.xisf,1,13.883467569856,19.296
LIGHT,2025-09-09T03:20:38.3229187,2025-09-09T04:20:38.3229187,2025-09-09T03:25:38.8952376,600.0,600.0,ZWO ASI6200MM Pro,ZWOptical_ZWO ASI6200MM Pro_,100,10,0.246657639741898,1,1,-10.0,-10.0,3.76,3.76,40,66.2,52.2483888888889,-0.12325,NP101is,540.0,5.4,312.639868638998,41.628532355565,32.80872,297.47446,1.84133994035927,East,NGC 6997 Panel 3,20 50 33,+41 37 32,90.0,FocusLynx Focuser 1,11661,11661,1.325,7.7,7.7,Manual Rotator,0.0,0.0,0.0,Ascom.SxUFW (v2) ,OIII,25.0,45.0,1008.05101011758,20.23,254.0,3.204,2000.0,N.I.N.A. 3.2.0.2007 (x64),NGC 6997 Panel 3_Date_2025-09-09_Time_04-20-38_Type_LIGHT_Filter_OIII_Exp_600.00s_G_100_Off_10_Ecc_0.36_HFR_1.65px_FWHM_4.10_Temp_7.70_0027.xisf,1,8.14045277666851,11.268
LIGHT,2025-09-10T22:49:59.9277092,2025-09-10T23:49:59.9277092,2025-09-10T22:55:00.4623867,600.0,600.0,ZWO ASI6200MM Pro,ZWOptical_ZWO ASI6200MM Pro_,100,10,0.246657639741898,1,1,-10.0,-10.0,3.76,3.76,40,66.2,52.2483888888889,-0.12325,NP101is,540.0,5.4,312.636936055396,41.625527279619,71.67242,243.81027,1.0532506306081,East,NGC 6997 Panel 3,20 50 33,+41 37 32,90.0,FocusLynx Focuser 1,11742,11742,1.325,12.1,12.1,Manual Rotator,0.0,0.0,0.0,Ascom.SxUFW (v2) ,OIII,77.0,92.0,990.191838678492,15.15,191.0,9.648,2000.0,N.I.N.A. 3.2.0.2007 (x64),NGC 6997 Panel 3_Date_2025-09-10_Time_23-49-59_Type_LIGHT_Filter_OIII_Exp_600.00s_G_100_Off_10_Ecc_0.48_HFR_1.66px_FWHM_3.78_Temp_12.10_0000.xisf,1,13.883467569856,19.296
LIGHT,2025-09-11T00:18:27.4295175,2025-09-11T01:18:27.4295175,2025-09-11T00:23:27.9661923,600.0,600.0,ZWO ASI6200MM Pro,ZWOptical_ZWO ASI6200MM Pro_,100,10,0.246657639741898,1,1,-10.0,-10.0,3.76,3.76,40,66.2,52.2483888888889,-0.12325,NP101is,540.0,5.4,312.636906823396,41.624732823091,58.51729,268.44633,1.17211300151558,East,NGC 6997 Panel 3,20 50 33,+41 37 32,90.0,FocusLynx Focuser 1,11700,11700,1.325,10.9,10.9,Manual Rotator,0.0,0.0,0.0,Ascom.SxUFW (v2) ,OIII,77.0,92.0,990.191838678492,15.15,191.0,9.648,2000.0,N.I.N.A. 3.2.0.2007 (x64),NGC 6997 Panel 3_Date_2025-09-11_Time_01-18-27_Type_LIGHT_Filter_OIII_Exp_600.00s_G_100_Off_10_Ecc_0.44_HFR_1.62px_FWHM_3.70_Temp_10.90_0008.xisf,1,13.883467569856,19.296
LIGHT,2025-09-10T23:27:50.8380238,2025-09-11T00:27:50.8380238,2025-09-10T23:32:51.3683261,600.0,600.0,ZWO ASI6200MM Pro,ZWOptical_ZWO ASI6200MM Pro_,100,10,0.246657639741898,1,1,-10.0,-10.0,3.76,3.76,40,66.2,52.2483888888889,-0.12325,NP101is,540.0,5.4,312.636915943363,41.623515407604,66.20624,256.44629,1.09260770078611,East,NGC 6997 Panel 3,20 50 33,+41 37 32,90.0,FocusLynx Focuser 1,11700,11700,1.325,11.5,11.5,Manual Rotator,0.0,0.0,0.0,Ascom.SxUFW (v2) ,OIII,77.0,92.0,990.191838678492,15.15,191.0,9.648,2000.0,N.I.N.A. 3.2.0.2007 (x64),NGC 6997 Panel 3_Date_2025-09-11_Time_00-27-50_Type_LIGHT_Filter_OIII_Exp_600.00s_G_100_Off_10_Ecc_0.41_HFR_1.61px_FWHM_3.70_Temp_11.50_0003.xisf,1,13.883467569856,19.296
LIGHT,2025-09-09T03:50:56.5224382,2025-09-09T04:50:56.5224382,2025-09-09T03:55:57.0916512,600.0,600.0,ZWO ASI6200MM Pro,ZWOptical_ZWO ASI6200MM Pro_,100,10,0.246657639741898,1,1,-10.0,-10.0,3.76,3.76,40,66.2,52.2483888888889,-0.12325,NP101is,540.0,5.4,312.637263578418,41.6283358431632,28.77589,302.11048,2.07073937754972,East,NGC 6997 Panel 3,20 50 33,+41 37 32,90.0,FocusLynx Focuser 1,11661,11661,1.325,7.4,7.4,Manual Rotator,0.0,0.0,0.0,Ascom.SxUFW (v2) ,OIII,25.0,45.0,1008.05101011758,20.23,254.0,3.204,2000.0,N.I.N.A. 3.2.0.2007 (x64),NGC 6997 Panel 3_Date_2025-09-09_Time_04-50-56_Type_LIGHT_Filter_OIII_Exp_600.00s_G_100_Off_10_Ecc_0.38_HFR_1.62px_FWHM_4.02_Temp_7.40_0030.xisf,1,8.14045277666851,11.268
LIGHT,2025-09-09T01:20:40.9269553,2025-09-09T02:20:40.9269553,2025-09-09T01:25:41.4632994,600.0,600.0,ZWO ASI6200MM Pro,ZWOptical_ZWO ASI6200MM Pro_,100,10,0.246657639741898,1,1,-10.0,-10.0,3.76,3.76,40,66.2,52.2483888888889,-0.12325,NP101is,540.0,5.4,312.637739172503,41.6295711656507,50.20985,278.53612,1.30049588814336,East,NGC 6997 Panel 3,20 50 33,+41 37 32,90.0,FocusLynx Focuser 1,11644,11644,1.325,7.9,7.9,Manual Rotator,0.0,0.0,0.0,Ascom.SxUFW (v2) ,OIII,25.0,45.0,1008.05101011758,20.23,254.0,3.204,2000.0,N.I.N.A. 3.2.0.2007 (x64),NGC 6997 Panel 3_Date_2025-09-09_Time_02-20-40_Type_LIGHT_Filter_OIII_Exp_600.00s_G_100_Off_10_Ecc_0.39_HFR_1.63px_FWHM_3.93_Temp_7.90_0016.xisf,1,8.14045277666851,11.268
LIGHT,2025-09-11T00:28:28.5950013,2025-09-11T01:28:28.5950013,2025-09-11T00:33:29.1491885,600.0,600.0,ZWO ASI6200MM Pro,ZWOptical_ZWO ASI6200MM Pro_,100,10,0.246657639741898,1,1,-10.0,-10.0,3.76,3.76,40,66.2,52.2483888888889,-0.12325,NP101is,540.0,5.4,312.63693721175,41.6247522548919,56.98234,270.45316,1.19204548115925,East,NGC 6997 Panel 3,20 50 33,+41 37 32,90.0,FocusLynx Focuser 1,11700,11700,1.325,10.8,10.8,Manual Rotator,0.0,0.0,0.0,Ascom.SxUFW (v2) ,OIII,77.0,92.0,990.191838678492,15.15,191.0,9.648,2000.0,N.I.N.A. 3.2.0.2007 (x64),NGC 6997 Panel 3_Date_2025-09-11_Time_01-28-28_Type_LIGHT_Filter_OIII_Exp_600.00s_G_100_Off_10_Ecc_0.43_HFR_1.62px_FWHM_3.73_Temp_10.80_0009.xisf,1,13.883467569856,19.296
LIGHT,2025-09-09T03:40:40.8376541,2025-09-09T04:40:40.8376541,2025-09-09T03:45:41.4158752,600.0,600.0,ZWO ASI6200MM Pro,ZWOptical_ZWO ASI6200MM Pro_,100,10,0.246657639741898,1,1,-10.0,-10.1,3.76,3.76,40,66.2,52.2483888888889,-0.12325,NP101is,540.0,5.4,312.639824728164,41.6285316050687,30.1213888888889,300.53595,1.9870306190795,East,NGC 6997 Panel 3,20 50 33,+41 37 32,90.0,FocusLynx Focuser 1,11661,11661,1.325,7.6,7.6,Manual Rotator,0.0,0.0,0.0,Ascom.SxUFW (v2) ,OIII,25.0,45.0,1008.05101011758,20.23,254.0,3.204,2000.0,N.I.N.A. 3.2.0.2007 (x64),NGC 6997 Panel 3_Date_2025-09-09_Time_04-40-40_Type_LIGHT_Filter_OIII_Exp_600.00s_G_100_Off_10_Ecc_0.37_HFR_1.68px_FWHM_4.28_Temp_7.60_0029.xisf,1,8.14045277666851,11.268
LIGHT,2025-09-10T23:38:10.8012354,2025-09-11T00:38:10.8012354,2025-09-10T23:43:11.3378735,600.0,600.0,ZWO ASI6200MM Pro,ZWOptical_ZWO ASI6200MM Pro_,100,10,0.246657639741898,1,1,-10.0,-10.0,3.76,3.76,40,66.2,52.2483888888889,-0.12325,NP101is,540.0,5.4,312.636785058295,41.6245951073142,64.65889,259.22429,1.10615057509345,East,NGC 6997 Panel 3,20 50 33,+41 37 32,90.0,FocusLynx Focuser 1,11700,11700,1.325,11.4,11.4,Manual Rotator,0.0,0.0,0.0,Ascom.SxUFW (v2) ,OIII,77.0,92.0,990.191838678492,15.15,191.0,9.648,2000.0,N.I.N.A. 3.2.0.2007 (x64),NGC 6997 Panel 3_Date_2025-09-11_Time_00-38-10_Type_LIGHT_Filter_OIII_Exp_600.00s_G_100_Off_10_Ecc_0.42_HFR_1.61px_FWHM_3.69_Temp_11.40_0004.xisf,1,13.883467569856,19.296
LIGHT,2025-09-10T23:48:12.0596265,2025-09-11T00:48:12.0596265,2025-09-10T23:53:12.5867612,600.0,600.0,ZWO ASI6200MM Pro,ZWOptical_ZWO ASI6200MM Pro_,100,10,0.246657639741898,1,1,-10.0,-10.0,3.76,3.76,40,66.2,52.2483888888889,-0.12325,NP101is,540.0,5.4,312.636770454904,41.6245946212293,63.1403333333333,261.73293,1.12057457081567,East,NGC 6997 Panel 3,20 50 33,+41 37 32,90.0,FocusLynx Focuser 1,11700,11700,1.325,11.3,11.3,Manual Rotator,0.0,0.0,0.0,Ascom.SxUFW (v2) ,OIII,77.0,92.0,990.191838678492,15.15,191.0,9.648,2000.0,N.I.N.A. 3.2.0.2007 (x64),NGC 6997 Panel 3_Date_2025-09-11_Time_00-48-12_Type_LIGHT_Filter_OIII_Exp_600.00s_G_100_Off_10_Ecc_0.42_HFR_1.62px_FWHM_3.72_Temp_11.30_0005.xisf,1,13.883467569856,19.296
LIGHT,2025-09-11T00:08:26.1098066,2025-09-11T01:08:26.1098066,2025-09-11T00:13:26.6706602,600.0,600.0,ZWO ASI6200MM Pro,ZWOptical_ZWO ASI6200MM Pro_,100,10,0.246657639741898,1,1,-10.0,-9.9,3.76,3.76,40,66.2,52.2483888888889,-0.12325,NP101is,540.0,5.4,312.636846643566,41.6247634453769,60.05289,266.3426,1.15364042219044,East,NGC 6997 Panel 3,20 50 33,+41 37 32,90.0,FocusLynx Focuser 1,11700,11700,1.325,11.1,11.1,Manual Rotator,0.0,0.0,0.0,Ascom.SxUFW (v2) ,OIII,77.0,92.0,990.191838678492,15.15,191.0,9.648,2000.0,N.I.N.A. 3.2.0.2007 (x64),NGC 6997 Panel 3_Date_2025-09-11_Time_01-08-26_Type_LIGHT_Filter_OIII_Exp_600.00s_G_100_Off_10_Ecc_0.43_HFR_1.62px_FWHM_3.70_Temp_11.10_0007.xisf,1,13.883467569856,19.296
LIGHT,2025-08-16T22:10:50.0285606,2025-08-16T23:10:50.0285606,2025-08-16T22:15:50.5632562,600.0,600.0,ZWO ASI6200MM Pro,ZWO ASI6200MM Pro,100,10,0.246657639741898,1,1,-10.0,-10.0,3.76,3.76,40,66.2,52.2483888888889,-0.12325,NP101is,540.0,5.4,312.63706682872,41.625555782319,76.60952,136.94812,1.02782562384286,West,NGC 6997 Panel 3,20 50 33,+41 37 32,90.0,FocusLynx Focuser 1,11894,11894,1.325,12.3,12.3,Manual Rotator,0.0,0.0,0.0,Ascom.SxUFW (v2) ,SII,4.0,62.0,1018.96494821925,19.42,21.0,16.092,2000.0,N.I.N.A. 3.2.0.2002 (x64),NGC 6997 Panel 3_Date_2025-08-16_Time_23-10-50_Type_LIGHT_Filter_SII_Exp_600.00s_G_100_Off_10_Ecc_0.44_HFR_1.69px_FWHM_3.97_Temp_12.30_0000.xisf,1,12.0878545745378,24.156
LIGHT,2025-08-16T22:46:39.8889622,2025-08-16T23:46:39.8889622,2025-08-16T22:51:40.4559559,600.0,600.0,ZWO ASI6200MM Pro,ZWO ASI6200MM Pro,100,10,0.246657639741898,1,1,-10.0,-10.0,3.76,3.76,40,66.2,52.2483888888889,-0.12325,NP101is,540.0,5.4,312.633708903674,41.629429377784,79.25227,166.86156,1.01776482892638,West,NGC 6997 Panel 3,20 50 33,+41 37 32,90.0,FocusLynx Focuser 1,11862,11862,1.325,11.9,11.9,Manual Rotator,0.0,0.0,0.0,Ascom.SxUFW (v2) ,SII,4.0,62.0,1018.96494821925,19.42,21.0,16.092,2000.0,N.I.N.A. 3.2.0.2002 (x64),NGC 6997 Panel 3_Date_2025-08-16_Time_23-46-39_Type_LIGHT_Filter_SII_Exp_600.00s_G_100_Off_10_Ecc_0.43_HFR_1.68px_FWHM_4.01_Temp_11.90_0003.xisf,1,12.0878545745378,24.156
LIGHT,2025-08-16T22:57:24.3314889,2025-08-16T23:57:24.3314889,2025-08-16T23:02:24.8794806,600.0,600.0,ZWO ASI6200MM Pro,ZWO ASI6200MM Pro,100,10,0.246657639741898,1,1,-10.0,-10.0,3.76,3.76,40,66.2,52.2483888888889,-0.12325,NP101is,540.0,5.4,312.633918213157,41.6293582454102,79.4743333333333,177.69962,1.01702649282566,West,NGC 6997 Panel 3,20 50 33,+41 37 32,90.0,FocusLynx Focuser 1,11862,11862,1.325,11.8,11.8,Manual Rotator,0.0,0.0,0.0,Ascom.SxUFW (v2) ,SII,4.0,62.0,1018.96494821925,19.42,21.0,16.092,2000.0,N.I.N.A. 3.2.0.2002 (x64),NGC 6997 Panel 3_Date_2025-08-16_Time_23-57-24_Type_LIGHT_Filter_SII_Exp_600.00s_G_100_Off_10_Ecc_0.42_HFR_1.68px_FWHM_4.00_Temp_11.80_0004.xisf,1,12.0878545745378,24.156
LIGHT,2025-08-16T23:23:22.0029602,2025-08-17T00:23:22.0029602,2025-08-16T23:28:22.5792955,600.0,600.0,ZWO ASI6200MM Pro,ZWO ASI6200MM Pro,100,10,0.246657639741898,1,1,-10.0,-10.0,3.76,3.76,40,66.2,52.2483888888889,-0.12325,NP101is,540.0,5.4,312.63697589546,41.6255308587085,78.73216,203.30978,1.01955830544663,East,NGC 6997 Panel 3,20 50 33,+41 37 32,90.0,FocusLynx Focuser 1,11841,11841,1.325,11.6,11.6,Manual Rotator,0.0,0.0,0.0,Ascom.SxUFW (v2) ,SII,4.0,62.0,1018.96494821925,19.42,21.0,16.092,2000.0,N.I.N.A. 3.2.0.2002 (x64),NGC 6997 Panel 3_Date_2025-08-17_Time_00-23-22_Type_LIGHT_Filter_SII_Exp_600.00s_G_100_Off_10_Ecc_0.42_HFR_1.68px_FWHM_3.99_Temp_11.60_0006.xisf,1,12.0878545745378,24.156
LIGHT,2025-08-16T23:07:25.5711988,2025-08-17T00:07:25.5711988,2025-08-16T23:12:26.1183168,600.0,600.0,ZWO ASI6200MM Pro,ZWO ASI6200MM Pro,100,10,0.246657639741898,1,1,-10.0,-10.0,3.76,3.76,40,66.2,52.2483888888889,-0.12325,NP101is,540.0,5.4,312.63388812315,41.629358708965,79.3990555555556,187.911416666667,1.01727495286846,West,NGC 6997 Panel 3,20 50 33,+41 37 32,90.0,FocusLynx Focuser 1,11862,11862,1.325,11.7,11.7,Manual Rotator,0.0,0.0,0.0,Ascom.SxUFW (v2) ,SII,4.0,62.0,1018.96494821925,19.42,21.0,16.092,2000.0,N.I.N.A. 3.2.0.2002 (x64),NGC 6997 Panel 3_Date_2025-08-17_Time_00-07-25_Type_LIGHT_Filter_SII_Exp_600.00s_G_100_Off_10_Ecc_0.43_HFR_1.69px_FWHM_3.97_Temp_11.70_0005.xisf,1,12.0878545745378,24.156
LIGHT,2025-08-16T23:33:36.7216815,2025-08-17T00:33:36.7216815,2025-08-16T23:38:37.2872509,600.0,600.0,ZWO ASI6200MM Pro,ZWO ASI6200MM Pro,100,10,0.246657639741898,1,1,-10.0,-10.0,3.76,3.76,40,66.2,52.2483888888889,-0.12325,NP101is,540.0,5.4,312.635970843395,41.6250919495527,78.00129,212.08672,1.02223177007672,East,NGC 6997 Panel 3,20 50 33,+41 37 32,90.0,FocusLynx Focuser 1,11841,11841,1.325,11.4,11.4,Manual Rotator,0.0,0.0,0.0,Ascom.SxUFW (v2) ,SII,4.0,62.0,1018.96494821925,19.42,21.0,16.092,2000.0,N.I.N.A. 3.2.0.2002 (x64),NGC 6997 Panel 3_Date_2025-08-17_Time_00-33-36_Type_LIGHT_Filter_SII_Exp_600.00s_G_100_Off_10_Ecc_0.42_HFR_1.69px_FWHM_4.02_Temp_11.40_0007.xisf,1,12.0878545745378,24.156
LIGHT,2025-09-09T03:10:25.1676005,2025-09-09T04:10:25.1676005,2025-09-09T03:15:25.7285080,600.0,600.0,ZWO ASI6200MM Pro,ZWOptical_ZWO ASI6200MM Pro_,100,10,0.246657639741898,1,1,-10.0,-10.0,3.76,3.76,40,66.2,52.2483888888889,-0.12325,NP101is,540.0,5.4,312.638506670006,41.6289752540241,34.20918,295.91496,1.77500544341842,East,NGC 6997 Panel 3,20 50 33,+41 37 32,90.0,FocusLynx Focuser 1,11661,11661,1.325,7.6,7.6,Manual Rotator,0.0,0.0,0.0,Ascom.SxUFW (v2) ,OIII,25.0,45.0,1008.05101011758,20.23,254.0,3.204,2000.0,N.I.N.A. 3.2.0.2007 (x64),NGC 6997 Panel 3_Date_2025-09-09_Time_04-10-25_Type_LIGHT_Filter_OIII_Exp_600.00s_G_100_Off_10_Ecc_0.36_HFR_1.65px_FWHM_4.10_Temp_7.60_0026.xisf,1,8.14045277666851,11.268
LIGHT,2025-08-16T22:21:06.8555577,2025-08-16T23:21:06.8555577,2025-08-16T22:26:07.4260741,600.0,600.0,ZWO ASI6200MM Pro,ZWO ASI6200MM Pro,100,10,0.246657639741898,1,1,-10.0,-10.0,3.76,3.76,40,66.2,52.2483888888889,-0.12325,NP101is,540.0,5.4,312.633739211502,41.6294311154893,77.61231,144.28935,1.02372832414388,West,NGC 6997 Panel 3,20 50 33,+41 37 32,90.0,FocusLynx Focuser 1,11894,11894,1.325,12.2,12.2,Manual Rotator,0.0,0.0,0.0,Ascom.SxUFW (v2) ,SII,4.0,62.0,1018.96494821925,19.42,21.0,16.092,2000.0,N.I.N.A. 3.2.0.2002 (x64),NGC 6997 Panel 3_Date_2025-08-16_Time_23-21-06_Type_LIGHT_Filter_SII_Exp_600.00s_G_100_Off_10_Ecc_0.44_HFR_1.70px_FWHM_3.96_Temp_12.20_0001.xisf,1,12.0878545745378,24.156
LIGHT,2025-08-16T23:43:37.9742187,2025-08-17T00:43:37.9742187,2025-08-16T23:48:38.5068067,600.0,600.0,ZWO ASI6200MM Pro,ZWO ASI6200MM Pro,100,10,0.246657639741898,1,1,-10.0,-10.1,3.76,3.76,40,66.2,52.2483888888889,-0.12325,NP101is,540.0,5.4,312.63600065866,41.6250911925264,77.0980277777778,219.723111111111,1.02578633023692,East,NGC 6997 Panel 3,20 50 33,+41 37 32,90.0,FocusLynx Focuser 1,11841,11841,1.325,11.2,11.2,Manual Rotator,0.0,0.0,0.0,Ascom.SxUFW (v2) ,SII,4.0,62.0,1018.96494821925,19.42,21.0,16.092,2000.0,N.I.N.A. 3.2.0.2002 (x64),NGC 6997 Panel 3_Date_2025-08-17_Time_00-43-37_Type_LIGHT_Filter_SII_Exp_600.00s_G_100_Off_10_Ecc_0.42_HFR_1.69px_FWHM_4.01_Temp_11.20_0008.xisf,1,12.0878545745378,24.156
LIGHT,2025-08-17T03:10:38.5366695,2025-08-17T04:10:38.5366695,2025-08-17T03:15:39.1169854,600.0,600.0,ZWO ASI6200MM Pro,ZWO ASI6200MM Pro,100,10,0.246657639741898,1,1,-10.0,-10.0,3.76,3.76,40,66.2,52.2483888888889,-0.12325,NP101is,540.0,5.4,312.639540170465,41.6274703298233,47.2582,281.80175,1.36046139947709,East,NGC 6997 Panel 3,20 50 33,+41 37 32,90.0,FocusLynx Focuser 1,11806,11806,1.325,7.9,7.9,Manual Rotator,0.0,0.0,0.0,Ascom.SxUFW (v2) ,SII,4.0,62.0,1018.96494821925,19.42,21.0,16.092,2000.0,N.I.N.A. 3.2.0.2002 (x64),NGC 6997 Panel 3_Date_2025-08-17_Time_04-10-38_Type_LIGHT_Filter_SII_Exp_600.00s_G_100_Off_10_Ecc_0.47_HFR_1.71px_FWHM_3.89_Temp_7.90_0028.xisf,1,12.0878545745378,24.156
LIGHT,2025-08-17T00:13:56.3685190,2025-08-17T01:13:56.3685190,2025-08-17T00:18:56.9330261,600.0,600.0,ZWO ASI6200MM Pro,ZWO ASI6200MM Pro,100,10,0.246657639741898,1,1,-10.0,-10.0,3.76,3.76,40,66.2,52.2483888888889,-0.12325,NP101is,540.0,5.4,312.638503987738,41.6258645584218,73.58856,237.52327,1.04231483171314,East,NGC 6997 Panel 3,20 50 33,+41 37 32,90.0,FocusLynx Focuser 1,11841,11841,1.325,10.7,10.7,Manual Rotator,0.0,0.0,0.0,Ascom.SxUFW (v2) ,SII,4.0,62.0,1018.96494821925,19.42,21.0,16.092,2000.0,N.I.N.A. 3.2.0.2002 (x64),NGC 6997 Panel 3_Date_2025-08-17_Time_01-13-56_Type_LIGHT_Filter_SII_Exp_600.00s_G_100_Off_10_Ecc_0.44_HFR_1.69px_FWHM_3.95_Temp_10.70_0011.xisf,1,12.0878545745378,24.156
LIGHT,2025-08-17T00:03:55.1487624,2025-08-17T01:03:55.1487624,2025-08-17T00:08:55.7095122,600.0,600.0,ZWO ASI6200MM Pro,ZWO ASI6200MM Pro,100,10,0.246657639741898,1,1,-10.0,-10.0,3.76,3.76,40,66.2,52.2483888888889,-0.12325,NP101is,540.0,5.4,312.638519235171,41.6259052380294,74.85479,232.38342,1.03584179143516,East,NGC 6997 Panel 3,20 50 33,+41 37 32,90.0,FocusLynx Focuser 1,11841,11841,1.325,10.8,10.8,Manual Rotator,0.0,0.0,0.0,Ascom.SxUFW (v2) ,SII,4.0,62.0,1018.96494821925,19.42,21.0,16.092,2000.0,N.I.N.A. 3.2.0.2002 (x64),NGC 6997 Panel 3_Date_2025-08-17_Time_01-03-55_Type_LIGHT_Filter_SII_Exp_600.00s_G_100_Off_10_Ecc_0.43_HFR_1.69px_FWHM_3.98_Temp_10.80_0010.xisf,1,12.0878545745378,24.156
LIGHT,2025-08-17T00:34:14.0602923,2025-08-17T01:34:14.0602923,2025-08-17T00:39:14.6045728,600.0,600.0,ZWO ASI6200MM Pro,ZWO ASI6200MM Pro,100,10,0.246657639741898,1,1,-10.0,-10.0,3.76,3.76,40,66.2,52.2483888888889,-0.12325,NP101is,540.0,5.4,312.63610121038,41.6239774510813,70.84772,246.10794,1.05839456613559,East,NGC 6997 Panel 3,20 50 33,+41 37 32,90.0,FocusLynx Focuser 1,11841,11841,1.325,10.4,10.4,Manual Rotator,0.0,0.0,0.0,Ascom.SxUFW (v2) ,SII,4.0,62.0,1018.96494821925,19.42,21.0,16.092,2000.0,N.I.N.A. 3.2.0.2002 (x64),NGC 6997 Panel 3_Date_2025-08-17_Time_01-34-14_Type_LIGHT_Filter_SII_Exp_600.00s_G_100_Off_10_Ecc_0.44_HFR_1.70px_FWHM_3.98_Temp_10.40_0013.xisf,1,12.0878545745378,24.156
LIGHT,2025-08-17T00:44:15.2872000,2025-08-17T01:44:15.2872000,2025-08-17T00:49:15.8370392,600.0,600.0,ZWO ASI6200MM Pro,ZWO ASI6200MM Pro,100,10,0.246657639741898,1,1,-10.0,-10.0,3.76,3.76,40,66.2,52.2483888888889,-0.12325,NP101is,540.0,5.4,312.636086027133,41.6239567719196,69.41503,249.71422,1.06798031604444,East,NGC 6997 Panel 3,20 50 33,+41 37 32,90.0,FocusLynx Focuser 1,11841,11841,1.325,10.1,10.1,Manual Rotator,0.0,0.0,0.0,Ascom.SxUFW (v2) ,SII,4.0,62.0,1018.96494821925,19.42,21.0,16.092,2000.0,N.I.N.A. 3.2.0.2002 (x64),NGC 6997 Panel 3_Date_2025-08-17_Time_01-44-15_Type_LIGHT_Filter_SII_Exp_600.00s_G_100_Off_10_Ecc_0.45_HFR_1.71px_FWHM_3.97_Temp_10.10_0014.xisf,1,12.0878545745378,24.156
LIGHT,2025-08-17T00:23:57.6862214,2025-08-17T01:23:57.6862214,2025-08-17T00:28:58.2502327,600.0,600.0,ZWO ASI6200MM Pro,ZWO ASI6200MM Pro,100,10,0.246657639741898,1,1,-10.0,-10.0,3.76,3.76,40,66.2,52.2483888888889,-0.12325,NP101is,540.0,5.4,312.638548844884,41.6258837772534,72.26325,242.01739,1.04972905318585,East,NGC 6997 Panel 3,20 50 33,+41 37 32,90.0,FocusLynx Focuser 1,11841,11841,1.325,10.7,10.7,Manual Rotator,0.0,0.0,0.0,Ascom.SxUFW (v2) ,SII,4.0,62.0,1018.96494821925,19.42,21.0,16.092,2000.0,N.I.N.A. 3.2.0.2002 (x64),NGC 6997 Panel 3_Date_2025-08-17_Time_01-23-57_Type_LIGHT_Filter_SII_Exp_600.00s_G_100_Off_10_Ecc_0.43_HFR_1.69px_FWHM_3.97_Temp_10.70_0012.xisf,1,12.0878545745378,24.156
LIGHT,2025-08-17T01:29:28.1642487,2025-08-17T02:29:28.1642487,2025-08-17T01:34:28.7153754,600.0,600.0,ZWO ASI6200MM Pro,ZWO ASI6200MM Pro,100,10,0.246657639741898,1,1,-10.0,-10.0,3.76,3.76,40,66.2,52.2483888888889,-0.12325,NP101is,540.0,5.4,312.636251467658,41.6243633111788,62.68788,262.44138,1.125098752759,East,NGC 6997 Panel 3,20 50 33,+41 37 32,90.0,FocusLynx Focuser 1,11806,11806,1.325,9.3,9.3,Manual Rotator,0.0,0.0,0.0,Ascom.SxUFW (v2) ,SII,4.0,62.0,1018.96494821925,19.42,21.0,16.092,2000.0,N.I.N.A. 3.2.0.2002 (x64),NGC 6997 Panel 3_Date_2025-08-17_Time_02-29-28_Type_LIGHT_Filter_SII_Exp_600.00s_G_100_Off_10_Ecc_0.41_HFR_1.69px_FWHM_4.10_Temp_9.30_0018.xisf,1,12.0878545745378,24.156
LIGHT,2025-08-17T02:19:58.9786274,2025-08-17T03:19:58.9786274,2025-08-17T02:24:59.5288712,600.0,600.0,ZWO ASI6200MM Pro,ZWO ASI6200MM Pro,100,10,0.246657639741898,1,1,-10.0,-10.0,3.76,3.76,40,66.2,52.2483888888889,-0.12325,NP101is,540.0,5.4,312.636417895526,41.6250994802601,54.95213,272.98458,1.22084399335657,East,NGC 6997 Panel 3,20 50 33,+41 37 32,90.0,FocusLynx Focuser 1,11806,11806,1.325,8.4,8.4,Manual Rotator,0.0,0.0,0.0,Ascom.SxUFW (v2) ,SII,4.0,62.0,1018.96494821925,19.42,21.0,16.092,2000.0,N.I.N.A. 3.2.0.2002 (x64),NGC 6997 Panel 3_Date_2025-08-17_Time_03-19-58_Type_LIGHT_Filter_SII_Exp_600.00s_G_100_Off_10_Ecc_0.44_HFR_1.69px_FWHM_3.95_Temp_8.40_0023.xisf,1,12.0878545745378,24.156
LIGHT,2025-08-17T01:49:42.7924021,2025-08-17T02:49:42.7924021,2025-08-17T01:54:43.3402438,600.0,600.0,ZWO ASI6200MM Pro,ZWO ASI6200MM Pro,100,10,0.246657639741898,1,1,-10.0,-10.0,3.76,3.76,40,66.2,52.2483888888889,-0.12325,NP101is,540.0,5.4,312.637257351171,41.6251900885861,59.5969444444444,266.97472,1.15897771963281,East,NGC 6997 Panel 3,20 50 33,+41 37 32,90.0,FocusLynx Focuser 1,11806,11806,1.325,8.8,8.8,Manual Rotator,0.0,0.0,0.0,Ascom.SxUFW (v2) ,SII,4.0,62.0,1018.96494821925,19.42,21.0,16.092,2000.0,N.I.N.A. 3.2.0.2002 (x64),NGC 6997 Panel 3_Date_2025-08-17_Time_02-49-42_Type_LIGHT_Filter_SII_Exp_600.00s_G_100_Off_10_Ecc_0.42_HFR_1.69px_FWHM_4.03_Temp_8.80_0020.xisf,1,12.0878545745378,24.156
LIGHT,2025-08-17T02:09:57.6846046,2025-08-17T03:09:57.6846046,2025-08-17T02:14:58.2394154,600.0,600.0,ZWO ASI6200MM Pro,ZWO ASI6200MM Pro,100,10,0.246657639741898,1,1,-10.0,-10.0,3.76,3.76,40,66.2,52.2483888888889,-0.12325,NP101is,540.0,5.4,312.636463002207,41.625110102545,56.49205,271.07362,1.19873828301355,East,NGC 6997 Panel 3,20 50 33,+41 37 32,90.0,FocusLynx Focuser 1,11806,11806,1.325,8.5,8.5,Manual Rotator,0.0,0.0,0.0,Ascom.SxUFW (v2) ,SII,4.0,62.0,1018.96494821925,19.42,21.0,16.092,2000.0,N.I.N.A. 3.2.0.2002 (x64),NGC 6997 Panel 3_Date_2025-08-17_Time_03-09-57_Type_LIGHT_Filter_SII_Exp_600.00s_G_100_Off_10_Ecc_0.44_HFR_1.70px_FWHM_3.99_Temp_8.50_0022.xisf,1,12.0878545745378,24.156
LIGHT,2025-08-17T01:39:41.4975337,2025-08-17T02:39:41.4975337,2025-08-17T01:44:42.0447795,600.0,600.0,ZWO ASI6200MM Pro,ZWO ASI6200MM Pro,100,10,0.246657639741898,1,1,-10.0,-10.0,3.76,3.76,40,66.2,52.2483888888889,-0.12325,NP101is,540.0,5.4,312.637287447225,41.6251907354105,61.12825,264.79746,1.141527886657,East,NGC 6997 Panel 3,20 50 33,+41 37 32,90.0,FocusLynx Focuser 1,11806,11806,1.325,9.0,9.0,Manual Rotator,0.0,0.0,0.0,Ascom.SxUFW (v2) ,SII,4.0,62.0,1018.96494821925,19.42,21.0,16.092,2000.0,N.I.N.A. 3.2.0.2002 (x64),NGC 6997 Panel 3_Date_2025-08-17_Time_02-39-41_Type_LIGHT_Filter_SII_Exp_600.00s_G_100_Off_10_Ecc_0.41_HFR_1.71px_FWHM_4.13_Temp_9.00_0019.xisf,1,12.0878545745378,24.156
LIGHT,2025-08-17T00:54:16.5245922,2025-08-17T01:54:16.5245922,2025-08-17T00:59:17.0969348,600.0,600.0,ZWO ASI6200MM Pro,ZWO ASI6200MM Pro,100,10,0.246657639741898,1,1,-10.0,-10.0,3.76,3.76,40,66.2,52.2483888888889,-0.12325,NP101is,540.0,5.4,312.63613081932,41.6239559908581,67.9624722222222,252.95193,1.07857155205848,East,NGC 6997 Panel 3,20 50 33,+41 37 32,90.0,FocusLynx Focuser 1,11841,11841,1.325,9.9,9.9,Manual Rotator,0.0,0.0,0.0,Ascom.SxUFW (v2) ,SII,4.0,62.0,1018.96494821925,19.42,21.0,16.092,2000.0,N.I.N.A. 3.2.0.2002 (x64),NGC 6997 Panel 3_Date_2025-08-17_Time_01-54-16_Type_LIGHT_Filter_SII_Exp_600.00s_G_100_Off_10_Ecc_0.46_HFR_1.71px_FWHM_3.94_Temp_9.90_0015.xisf,1,12.0878545745378,24.156
LIGHT,2025-09-01T21:51:43.1430056,2025-09-01T22:51:43.1430056,2025-09-01T21:56:43.6737937,600.0,600.0,ZWO ASI6200MM Pro,ZWO ASI6200MM Pro,100,10,0.246657639741898,1,1,-10.0,-10.0,3.76,3.76,40,66.2,52.2483888888889,-0.12325,NP101is,540.0,5.4,312.636186789014,41.6249661228893,79.44166,174.72433,1.0171341033073,West,NGC 6997 Panel 3,20 50 33,+41 37 32,90.0,FocusLynx Focuser 1,11838,11838,1.325,12.4,12.4,Manual Rotator,0.0,0.0,0.0,Ascom.SxUFW (v2) ,SII,29.0,81.0,994.160543442734,16.3200000000001,193.0,9.648,2000.0,N.I.N.A. 3.2.0.2002 (x64),NGC 6997 Panel 3_Date_2025-09-01_Time_22-51-43_Type_LIGHT_Filter_SII_Exp_600.00s_G_100_Off_10_Ecc_0.42_HFR_1.69px_FWHM_4.06_Temp_12.40_0035.xisf,1,13.1141808826101,16.092
LIGHT,2025-08-17T01:14:33.7611702,2025-08-17T02:14:33.7611702,2025-08-17T01:19:34.2981541,600.0,600.0,ZWO ASI6200MM Pro,ZWO ASI6200MM Pro,100,10,0.246657639741898,1,1,-10.0,-10.0,3.76,3.76,40,66.2,52.2483888888889,-0.12325,NP101is,540.0,5.4,312.636296480943,41.6243242754167,64.9463888888889,258.72019,1.10354804656067,East,NGC 6997 Panel 3,20 50 33,+41 37 32,90.0,FocusLynx Focuser 1,11841,11841,1.325,9.6,9.6,Manual Rotator,0.0,0.0,0.0,Ascom.SxUFW (v2) ,SII,4.0,62.0,1018.96494821925,19.42,21.0,16.092,2000.0,N.I.N.A. 3.2.0.2002 (x64),NGC 6997 Panel 3_Date_2025-08-17_Time_02-14-33_Type_LIGHT_Filter_SII_Exp_600.00s_G_100_Off_10_Ecc_0.48_HFR_1.73px_FWHM_3.96_Temp_9.60_0017.xisf,1,12.0878545745378,24.156
LIGHT,2025-08-17T01:59:44.0093630,2025-08-17T02:59:44.0093630,2025-08-17T02:04:44.5744989,600.0,600.0,ZWO ASI6200MM Pro,ZWO ASI6200MM Pro,100,10,0.246657639741898,1,1,-10.0,-10.0,3.76,3.76,40,66.2,52.2483888888889,-0.12325,NP101is,540.0,5.4,312.637332129353,41.6251992524571,58.06246,269.04726,1.1778618129173,East,NGC 6997 Panel 3,20 50 33,+41 37 32,90.0,FocusLynx Focuser 1,11806,11806,1.325,8.6,8.6,Manual Rotator,0.0,0.0,0.0,Ascom.SxUFW (v2) ,SII,4.0,62.0,1018.96494821925,19.42,21.0,16.092,2000.0,N.I.N.A. 3.2.0.2002 (x64),NGC 6997 Panel 3_Date_2025-08-17_Time_02-59-44_Type_LIGHT_Filter_SII_Exp_600.00s_G_100_Off_10_Ecc_0.43_HFR_1.70px_FWHM_4.05_Temp_8.60_0021.xisf,1,12.0878545745378,24.156
LIGHT,2025-08-17T02:30:00.1784650,2025-08-17T03:30:00.1784650,2025-08-17T02:35:00.7510352,600.0,600.0,ZWO ASI6200MM Pro,ZWO ASI6200MM Pro,100,10,0.246657639741898,1,1,-10.0,-9.9,3.76,3.76,40,66.2,52.2483888888889,-0.12325,NP101is,540.0,5.4,312.636522660818,41.6251185917778,53.4225833333333,274.82049,1.24452591903066,East,NGC 6997 Panel 3,20 50 33,+41 37 32,90.0,FocusLynx Focuser 1,11806,11806,1.325,8.3,8.3,Manual Rotator,0.0,0.0,0.0,Ascom.SxUFW (v2) ,SII,4.0,62.0,1018.96494821925,19.42,21.0,16.092,2000.0,N.I.N.A. 3.2.0.2002 (x64),NGC 6997 Panel 3_Date_2025-08-17_Time_03-30-00_Type_LIGHT_Filter_SII_Exp_600.00s_G_100_Off_10_Ecc_0.45_HFR_1.70px_FWHM_3.93_Temp_8.30_0024.xisf,1,12.0878545745378,24.156
LIGHT,2025-08-17T02:50:17.9567473,2025-08-17T03:50:17.9567473,2025-08-17T02:55:18.5289871,600.0,600.0,ZWO ASI6200MM Pro,ZWO ASI6200MM Pro,100,10,0.246657639741898,1,1,-10.0,-10.0,3.76,3.76,40,66.2,52.2483888888889,-0.12325,NP101is,540.0,5.4,312.638723186026,41.6248431971673,50.33169,278.38639,1.29820645795036,East,NGC 6997 Panel 3,20 50 33,+41 37 32,90.0,FocusLynx Focuser 1,11806,11806,1.325,8.0,8.0,Manual Rotator,0.0,0.0,0.0,Ascom.SxUFW (v2) ,SII,4.0,62.0,1018.96494821925,19.42,21.0,16.092,2000.0,N.I.N.A. 3.2.0.2002 (x64),NGC 6997 Panel 3_Date_2025-08-17_Time_03-50-17_Type_LIGHT_Filter_SII_Exp_600.00s_G_100_Off_10_Ecc_0.46_HFR_1.72px_FWHM_3.90_Temp_8.00_0026.xisf,1,12.0878545745378,24.156
LIGHT,2025-08-17T03:00:19.1959425,2025-08-17T04:00:19.1959425,2025-08-17T03:05:19.7509244,600.0,600.0,ZWO ASI6200MM Pro,ZWO ASI6200MM Pro,100,10,0.246657639741898,1,1,-10.0,-9.9,3.76,3.76,40,66.2,52.2483888888889,-0.12325,NP101is,540.0,5.4,312.638767911347,41.6248224135768,48.8118611111111,280.08561,1.32778795876157,East,NGC 6997 Panel 3,20 50 33,+41 37 32,90.0,FocusLynx Focuser 1,11806,11806,1.325,8.0,8.0,Manual Rotator,0.0,0.0,0.0,Ascom.SxUFW (v2) ,SII,4.0,62.0,1018.96494821925,19.42,21.0,16.092,2000.0,N.I.N.A. 3.2.0.2002 (x64),NGC 6997 Panel 3_Date_2025-08-17_Time_04-00-19_Type_LIGHT_Filter_SII_Exp_600.00s_G_100_Off_10_Ecc_0.48_HFR_1.71px_FWHM_3.88_Temp_8.00_0027.xisf,1,12.0878545745378,24.156
LIGHT,2025-08-17T02:40:16.6807821,2025-08-17T03:40:16.6807821,2025-08-17T02:45:17.2370641,600.0,600.0,ZWO ASI6200MM Pro,ZWO ASI6200MM Pro,100,10,0.246657639741898,1,1,-10.0,-10.0,3.76,3.76,40,66.2,52.2483888888889,-0.12325,NP101is,540.0,5.4,312.638738208466,41.6248138700701,51.85283,276.65245,1.27076147017349,East,NGC 6997 Panel 3,20 50 33,+41 37 32,90.0,FocusLynx Focuser 1,11806,11806,1.325,8.2,8.2,Manual Rotator,0.0,0.0,0.0,Ascom.SxUFW (v2) ,SII,4.0,62.0,1018.96494821925,19.42,21.0,16.092,2000.0,N.I.N.A. 3.2.0.2002 (x64),NGC 6997 Panel 3_Date_2025-08-17_Time_03-40-16_Type_LIGHT_Filter_SII_Exp_600.00s_G_100_Off_10_Ecc_0.46_HFR_1.71px_FWHM_3.91_Temp_8.20_0025.xisf,1,12.0878545745378,24.156
LIGHT,2025-09-01T21:26:18.2462424,2025-09-01T22:26:18.2462424,2025-09-01T21:31:18.8188347,600.0,600.0,ZWO ASI6200MM Pro,ZWO ASI6200MM Pro,100,10,0.246657639741898,1,1,-10.0,-10.0,3.76,3.76,40,66.2,52.2483888888889,-0.12325,NP101is,540.0,5.4,312.635275779304,41.6258891820692,78.266,150.68021,1.02124268522074,West,NGC 6997 Panel 3,20 50 33,+41 37 32,90.0,FocusLynx Focuser 1,11865,11865,1.325,12.6,12.6,Manual Rotator,0.0,0.0,0.0,Ascom.SxUFW (v2) ,SII,29.0,81.0,994.160543442734,16.3200000000001,193.0,9.648,2000.0,N.I.N.A. 3.2.0.2002 (x64),NGC 6997 Panel 3_Date_2025-09-01_Time_22-26-18_Type_LIGHT_Filter_SII_Exp_600.00s_G_100_Off_10_Ecc_0.41_HFR_1.69px_FWHM_3.99_Temp_12.60_0033.xisf,1,13.1141808826101,16.092
LIGHT,2025-09-01T21:16:16.9648277,2025-09-01T22:16:16.9648277,2025-09-01T21:21:17.5050418,600.0,600.0,ZWO ASI6200MM Pro,ZWO ASI6200MM Pro,100,10,0.246657639741898,1,1,-10.0,-10.0,3.76,3.76,40,66.2,52.2483888888889,-0.12325,NP101is,540.0,5.4,312.635275685457,41.6259097378312,77.42024,142.7208,1.02448632018209,West,NGC 6997 Panel 3,20 50 33,+41 37 32,90.0,FocusLynx Focuser 1,11865,11865,1.325,12.7,12.7,Manual Rotator,0.0,0.0,0.0,Ascom.SxUFW (v2) ,SII,29.0,81.0,994.160543442734,16.3200000000001,193.0,9.648,2000.0,N.I.N.A. 3.2.0.2002 (x64),NGC 6997 Panel 3_Date_2025-09-01_Time_22-16-16_Type_LIGHT_Filter_SII_Exp_600.00s_G_100_Off_10_Ecc_0.42_HFR_1.70px_FWHM_4.00_Temp_12.70_0032.xisf,1,13.1141808826101,16.092
LIGHT,2025-08-16T23:53:39.2224560,2025-08-17T00:53:39.2224560,2025-08-16T23:58:39.7739656,600.0,600.0,ZWO ASI6200MM Pro,ZWO ASI6200MM Pro,100,10,0.246657639741898,1,1,-10.0,-10.0,3.76,3.76,40,66.2,52.2483888888889,-0.12325,NP101is,540.0,5.4,312.636030474074,41.6250904370781,76.04883,226.40448,1.03026866956656,East,NGC 6997 Panel 3,20 50 33,+41 37 32,90.0,FocusLynx Focuser 1,11841,11841,1.325,10.8,10.8,Manual Rotator,0.0,0.0,0.0,Ascom.SxUFW (v2) ,SII,4.0,62.0,1018.96494821925,19.42,21.0,16.092,2000.0,N.I.N.A. 3.2.0.2002 (x64),NGC 6997 Panel 3_Date_2025-08-17_Time_00-53-39_Type_LIGHT_Filter_SII_Exp_600.00s_G_100_Off_10_Ecc_0.41_HFR_1.69px_FWHM_4.04_Temp_10.80_0009.xisf,1,12.0878545745378,24.156
LIGHT,2025-09-01T22:01:44.3491017,2025-09-01T23:01:44.3491017,2025-09-01T22:06:44.8835629,600.0,600.0,ZWO ASI6200MM Pro,ZWO ASI6200MM Pro,100,10,0.246657639741898,1,1,-10.0,-9.9,3.76,3.76,40,66.2,52.2483888888889,-0.12325,NP101is,540.0,5.4,312.636231944237,41.6249854857139,79.44566,184.98048,1.01712091022806,West,NGC 6997 Panel 3,20 50 33,+41 37 32,90.0,FocusLynx Focuser 1,11838,11838,1.325,12.3,12.3,Manual Rotator,0.0,0.0,0.0,Ascom.SxUFW (v2) ,SII,29.0,81.0,994.160543442734,16.3200000000001,193.0,9.648,2000.0,N.I.N.A. 3.2.0.2002 (x64),NGC 6997 Panel 3_Date_2025-09-01_Time_23-01-44_Type_LIGHT_Filter_SII_Exp_600.00s_G_100_Off_10_Ecc_0.42_HFR_1.68px_FWHM_4.05_Temp_12.30_0036.xisf,1,13.1141808826101,16.092
LIGHT,2025-09-01T22:17:47.0273758,2025-09-01T23:17:47.0273758,2025-09-01T22:22:47.5419972,600.0,600.0,ZWO ASI6200MM Pro,ZWO ASI6200MM Pro,100,10,0.246657639741898,1,1,-10.0,-10.0,3.76,3.76,40,66.2,52.2483888888889,-0.12325,NP101is,540.0,5.4,312.636907817264,41.6254933713443,78.89557,200.72452,1.01898510473107,East,NGC 6997 Panel 3,20 50 33,+41 37 32,90.0,FocusLynx Focuser 1,11824,11824,1.325,12.2,12.2,Manual Rotator,0.0,0.0,0.0,Ascom.SxUFW (v2) ,SII,29.0,81.0,994.160543442734,16.3200000000001,193.0,9.648,2000.0,N.I.N.A. 3.2.0.2002 (x64),NGC 6997 Panel 3_Date_2025-09-01_Time_23-17-47_Type_LIGHT_Filter_SII_Exp_600.00s_G_100_Off_10_Ecc_0.40_HFR_1.69px_FWHM_4.06_Temp_12.20_0037.xisf,1,13.1141808826101,16.092
LIGHT,2025-09-01T22:28:43.5827293,2025-09-01T23:28:43.5827293,2025-09-01T22:33:44.1228739,600.0,600.0,ZWO ASI6200MM Pro,ZWO ASI6200MM Pro,100,10,0.246657639741898,1,1,-10.0,-10.0,3.76,3.76,40,66.2,52.2483888888889,-0.12325,NP101is,540.0,5.4,312.637671295739,41.6253313820663,78.17039,210.3606,1.02159719682805,East,NGC 6997 Panel 3,20 50 33,+41 37 32,90.0,FocusLynx Focuser 1,11824,11824,1.325,12.0,12.0,Manual Rotator,0.0,0.0,0.0,Ascom.SxUFW (v2) ,SII,29.0,81.0,994.160543442734,16.3200000000001,193.0,9.648,2000.0,N.I.N.A. 3.2.0.2002 (x64),NGC 6997 Panel 3_Date_2025-09-01_Time_23-28-43_Type_LIGHT_Filter_SII_Exp_600.00s_G_100_Off_10_Ecc_0.40_HFR_1.69px_FWHM_4.05_Temp_12.00_0038.xisf,1,13.1141808826101,16.092
LIGHT,2025-09-01T21:41:29.0282868,2025-09-01T22:41:29.0282868,2025-09-01T21:46:29.5690503,600.0,600.0,ZWO ASI6200MM Pro,ZWO ASI6200MM Pro,100,10,0.246657639741898,1,1,-10.0,-10.0,3.76,3.76,40,66.2,52.2483888888889,-0.12325,NP101is,540.0,5.4,312.635306006133,41.6258982872187,79.15744,164.47882,1.01808511225415,West,NGC 6997 Panel 3,20 50 33,+41 37 32,90.0,FocusLynx Focuser 1,11838,11838,1.325,12.5,12.5,Manual Rotator,0.0,0.0,0.0,Ascom.SxUFW (v2) ,SII,29.0,81.0,994.160543442734,16.3200000000001,193.0,9.648,2000.0,N.I.N.A. 3.2.0.2002 (x64),NGC 6997 Panel 3_Date_2025-09-01_Time_22-41-29_Type_LIGHT_Filter_SII_Exp_600.00s_G_100_Off_10_Ecc_0.42_HFR_1.69px_FWHM_4.09_Temp_12.50_0034.xisf,1,13.1141808826101,16.092
LIGHT,2025-08-17T01:04:32.3818278,2025-08-17T02:04:32.3818278,2025-08-17T01:09:32.9699570,600.0,600.0,ZWO ASI6200MM Pro,ZWO ASI6200MM Pro,100,10,0.246657639741898,1,1,-10.0,-9.9,3.76,3.76,40,66.2,52.2483888888889,-0.12325,NP101is,540.0,5.4,312.636236808494,41.6243550838147,66.44295,255.99614,1.09063477475132,East,NGC 6997 Panel 3,20 50 33,+41 37 32,90.0,FocusLynx Focuser 1,11841,11841,1.325,9.9,9.9,Manual Rotator,0.0,0.0,0.0,Ascom.SxUFW (v2) ,SII,4.0,62.0,1018.96494821925,19.42,21.0,16.092,2000.0,N.I.N.A. 3.2.0.2002 (x64),NGC 6997 Panel 3_Date_2025-08-17_Time_02-04-32_Type_LIGHT_Filter_SII_Exp_600.00s_G_100_Off_10_Ecc_0.47_HFR_1.70px_FWHM_3.90_Temp_9.90_0016.xisf,1,12.0878545745378,24.156
LIGHT,2025-09-01T22:59:31.7857859,2025-09-01T23:59:31.7857859,2025-09-01T23:04:32.3303182,600.0,600.0,ZWO ASI6200MM Pro,ZWO ASI6200MM Pro,100,10,0.246657639741898,1,1,-10.0,-10.0,3.76,3.76,40,66.2,52.2483888888889,-0.12325,NP101is,540.0,5.4,312.638241203138,41.6254186481856,75.05147,231.49259,1.03488873261752,East,NGC 6997 Panel 3,20 50 33,+41 37 32,90.0,FocusLynx Focuser 1,11824,11824,1.325,11.7,11.7,Manual Rotator,0.0,0.0,0.0,Ascom.SxUFW (v2) ,SII,29.0,81.0,994.160543442734,16.3200000000001,193.0,9.648,2000.0,N.I.N.A. 3.2.0.2002 (x64),NGC 6997 Panel 3_Date_2025-09-01_Time_23-59-31_Type_LIGHT_Filter_SII_Exp_600.00s_G_100_Off_10_Ecc_0.42_HFR_1.69px_FWHM_3.99_Temp_11.70_0041.xisf,1,13.1141808826101,16.092
LIGHT,2025-09-01T22:38:44.8562303,2025-09-01T23:38:44.8562303,2025-09-01T22:43:45.3774271,600.0,600.0,ZWO ASI6200MM Pro,ZWO ASI6200MM Pro,100,10,0.246657639741898,1,1,-10.0,-10.0,3.76,3.76,40,66.2,52.2483888888889,-0.12325,NP101is,540.0,5.4,312.637701409703,41.6253307732222,77.30269,218.19955,1.0249564588891,East,NGC 6997 Panel 3,20 50 33,+41 37 32,90.0,FocusLynx Focuser 1,11824,11824,1.325,11.9,11.9,Manual Rotator,0.0,0.0,0.0,Ascom.SxUFW (v2) ,SII,29.0,81.0,994.160543442734,16.3200000000001,193.0,9.648,2000.0,N.I.N.A. 3.2.0.2002 (x64),NGC 6997 Panel 3_Date_2025-09-01_Time_23-38-44_Type_LIGHT_Filter_SII_Exp_600.00s_G_100_Off_10_Ecc_0.41_HFR_1.69px_FWHM_4.01_Temp_11.90_0039.xisf,1,13.1141808826101,16.092
LIGHT,2025-09-01T22:48:46.0819781,2025-09-01T23:48:46.0819781,2025-09-01T22:53:46.6224767,600.0,600.0,ZWO ASI6200MM Pro,ZWO ASI6200MM Pro,100,10,0.246657639741898,1,1,-10.0,-10.0,3.76,3.76,40,66.2,52.2483888888889,-0.12325,NP101is,540.0,5.4,312.637686592972,41.6253302464175,76.27984,225.08483,1.02924877732382,East,NGC 6997 Panel 3,20 50 33,+41 37 32,90.0,FocusLynx Focuser 1,11824,11824,1.325,11.8,11.8,Manual Rotator,0.0,0.0,0.0,Ascom.SxUFW (v2) ,SII,29.0,81.0,994.160543442734,16.3200000000001,193.0,9.648,2000.0,N.I.N.A. 3.2.0.2002 (x64),NGC 6997 Panel 3_Date_2025-09-01_Time_23-48-46_Type_LIGHT_Filter_SII_Exp_600.00s_G_100_Off_10_Ecc_0.42_HFR_1.69px_FWHM_4.00_Temp_11.80_0040.xisf,1,13.1141808826101,16.092
LIGHT,2025-09-01T23:40:27.2244665,2025-09-02T00:40:27.2244665,2025-09-01T23:45:27.7722255,600.0,600.0,ZWO ASI6200MM Pro,ZWO ASI6200MM Pro,100,10,0.246657639741898,1,1,-10.0,-10.0,3.76,3.76,40,66.2,52.2483888888889,-0.12325,NP101is,540.0,5.4,312.638226201668,41.6252064172618,69.57089,249.35318,1.06689672450843,East,NGC 6997 Panel 3,20 50 33,+41 37 32,90.0,FocusLynx Focuser 1,11824,11824,1.325,11.2,11.2,Manual Rotator,0.0,0.0,0.0,Ascom.SxUFW (v2) ,SII,29.0,81.0,994.160543442734,16.3200000000001,193.0,9.648,2000.0,N.I.N.A. 3.2.0.2002 (x64),NGC 6997 Panel 3_Date_2025-09-02_Time_00-40-27_Type_LIGHT_Filter_SII_Exp_600.00s_G_100_Off_10_Ecc_0.43_HFR_1.70px_FWHM_4.01_Temp_11.20_0045.xisf,1,13.1141808826101,16.092
LIGHT,2025-09-01T23:50:28.4304589,2025-09-02T00:50:28.4304589,2025-09-01T23:55:28.9706058,600.0,600.0,ZWO ASI6200MM Pro,ZWO ASI6200MM Pro,100,10,0.246657639741898,1,1,-10.0,-10.0,3.76,3.76,40,66.2,52.2483888888889,-0.12325,NP101is,540.0,5.4,312.638271293994,41.625205782581,68.11537,252.63735,1.0774141857725,East,NGC 6997 Panel 3,20 50 33,+41 37 32,90.0,FocusLynx Focuser 1,11824,11824,1.325,11.0,11.0,Manual Rotator,0.0,0.0,0.0,Ascom.SxUFW (v2) ,SII,29.0,81.0,994.160543442734,16.3200000000001,193.0,9.648,2000.0,N.I.N.A. 3.2.0.2002 (x64),NGC 6997 Panel 3_Date_2025-09-02_Time_00-50-28_Type_LIGHT_Filter_SII_Exp_600.00s_G_100_Off_10_Ecc_0.44_HFR_1.71px_FWHM_3.99_Temp_11.00_0046.xisf,1,13.1141808826101,16.092
LIGHT,2025-09-02T00:01:18.6583900,2025-09-02T01:01:18.6583900,2025-09-02T00:06:19.2382872,600.0,600.0,ZWO ASI6200MM Pro,ZWO ASI6200MM Pro,100,10,0.246657639741898,1,1,-10.0,-10.0,3.76,3.76,40,66.2,52.2483888888889,-0.12325,NP101is,540.0,5.4,312.637747373461,41.6252361363732,66.51572,255.8641,1.09003341190739,East,NGC 6997 Panel 3,20 50 33,+41 37 32,90.0,FocusLynx Focuser 1,11824,11824,1.325,10.9,10.9,Manual Rotator,0.0,0.0,0.0,Ascom.SxUFW (v2) ,SII,29.0,81.0,994.160543442734,16.3200000000001,193.0,9.648,2000.0,N.I.N.A. 3.2.0.2002 (x64),NGC 6997 Panel 3_Date_2025-09-02_Time_01-01-18_Type_LIGHT_Filter_SII_Exp_600.00s_G_100_Off_10_Ecc_0.45_HFR_1.71px_FWHM_3.97_Temp_10.90_0047.xisf,1,13.1141808826101,16.092
LIGHT,2025-09-01T23:19:34.3681031,2025-09-02T00:19:34.3681031,2025-09-01T23:24:34.9133723,600.0,600.0,ZWO ASI6200MM Pro,ZWO ASI6200MM Pro,100,10,0.246657639741898,1,1,-10.0,-10.0,3.76,3.76,40,66.2,52.2483888888889,-0.12325,NP101is,540.0,5.4,312.638331419072,41.6254273764563,72.48206,241.33009,1.04845902367366,East,NGC 6997 Panel 3,20 50 33,+41 37 32,90.0,FocusLynx Focuser 1,11824,11824,1.325,11.5,11.5,Manual Rotator,0.0,0.0,0.0,Ascom.SxUFW (v2) ,SII,29.0,81.0,994.160543442734,16.3200000000001,193.0,9.648,2000.0,N.I.N.A. 3.2.0.2002 (x64),NGC 6997 Panel 3_Date_2025-09-02_Time_00-19-34_Type_LIGHT_Filter_SII_Exp_600.00s_G_100_Off_10_Ecc_0.43_HFR_1.69px_FWHM_3.97_Temp_11.50_0043.xisf,1,13.1141808826101,16.092
LIGHT,2025-09-02T00:21:21.1461933,2025-09-02T01:21:21.1461933,2025-09-02T00:26:21.7165595,600.0,600.0,ZWO ASI6200MM Pro,ZWO ASI6200MM Pro,100,10,0.246657639741898,1,1,-10.0,-10.0,3.76,3.76,40,66.2,52.2483888888889,-0.12325,NP101is,540.0,5.4,312.637687691874,41.6252051421154,63.50445,261.14921,1.11701031438638,East,NGC 6997 Panel 3,20 50 33,+41 37 32,90.0,FocusLynx Focuser 1,11824,11824,1.325,10.6,10.6,Manual Rotator,0.0,0.0,0.0,Ascom.SxUFW (v2) ,SII,29.0,81.0,994.160543442734,16.3200000000001,193.0,9.648,2000.0,N.I.N.A. 3.2.0.2002 (x64),NGC 6997 Panel 3_Date_2025-09-02_Time_01-21-21_Type_LIGHT_Filter_SII_Exp_600.00s_G_100_Off_10_Ecc_0.45_HFR_1.72px_FWHM_3.99_Temp_10.60_0049.xisf,1,13.1141808826101,16.092
LIGHT,2025-09-02T00:11:19.9450353,2025-09-02T01:11:19.9450353,2025-09-02T00:16:20.4774473,600.0,600.0,ZWO ASI6200MM Pro,ZWO ASI6200MM Pro,100,10,0.246657639741898,1,1,-10.0,-10.0,3.76,3.76,40,66.2,52.2483888888889,-0.12325,NP101is,540.0,5.4,312.637702571976,41.6252256659065,65.01612,258.60545,1.10292283417679,East,NGC 6997 Panel 3,20 50 33,+41 37 32,90.0,FocusLynx Focuser 1,11824,11824,1.325,10.8,10.8,Manual Rotator,0.0,0.0,0.0,Ascom.SxUFW (v2) ,SII,29.0,81.0,994.160543442734,16.3200000000001,193.0,9.648,2000.0,N.I.N.A. 3.2.0.2002 (x64),NGC 6997 Panel 3_Date_2025-09-02_Time_01-11-19_Type_LIGHT_Filter_SII_Exp_600.00s_G_100_Off_10_Ecc_0.45_HFR_1.72px_FWHM_4.00_Temp_10.80_0048.xisf,1,13.1141808826101,16.092
LIGHT,2025-09-01T23:30:25.8996289,2025-09-02T00:30:25.8996289,2025-09-01T23:35:26.4635638,600.0,600.0,ZWO ASI6200MM Pro,ZWO ASI6200MM Pro,100,10,0.246657639741898,1,1,-10.0,-10.0,3.76,3.76,40,66.2,52.2483888888889,-0.12325,NP101is,540.0,5.4,312.638211063524,41.6252069973875,70.9926666666667,245.727083333333,1.05747098559664,East,NGC 6997 Panel 3,20 50 33,+41 37 32,90.0,FocusLynx Focuser 1,11824,11824,1.325,11.4,11.4,Manual Rotator,0.0,0.0,0.0,Ascom.SxUFW (v2) ,SII,29.0,81.0,994.160543442734,16.3200000000001,193.0,9.648,2000.0,N.I.N.A. 3.2.0.2002 (x64),NGC 6997 Panel 3_Date_2025-09-02_Time_00-30-25_Type_LIGHT_Filter_SII_Exp_600.00s_G_100_Off_10_Ecc_0.42_HFR_1.69px_FWHM_3.97_Temp_11.40_0044.xisf,1,13.1141808826101,16.092
LIGHT,2025-09-01T23:09:33.0612682,2025-09-02T00:09:33.0612682,2025-09-01T23:14:33.6176563,600.0,600.0,ZWO ASI6200MM Pro,ZWO ASI6200MM Pro,100,10,0.246657639741898,1,1,-10.0,-10.0,3.76,3.76,40,66.2,52.2483888888889,-0.12325,NP101is,540.0,5.4,312.638316313468,41.62543795809,73.80393,236.72048,1.04117224901884,East,NGC 6997 Panel 3,20 50 33,+41 37 32,90.0,FocusLynx Focuser 1,11824,11824,1.325,11.6,11.6,Manual Rotator,0.0,0.0,0.0,Ascom.SxUFW (v2) ,SII,29.0,81.0,994.160543442734,16.3200000000001,193.0,9.648,2000.0,N.I.N.A. 3.2.0.2002 (x64),NGC 6997 Panel 3_Date_2025-09-02_Time_00-09-33_Type_LIGHT_Filter_SII_Exp_600.00s_G_100_Off_10_Ecc_0.42_HFR_1.69px_FWHM_3.99_Temp_11.60_0042.xisf,1,13.1141808826101,16.092
LIGHT,2025-09-02T00:31:37.3773527,2025-09-02T01:31:37.3773527,2025-09-02T00:36:37.9420392,600.0,600.0,ZWO ASI6200MM Pro,ZWO ASI6200MM Pro,100,10,0.246657639741898,1,1,-10.0,-10.0,3.76,3.76,40,66.2,52.2483888888889,-0.12325,NP101is,540.0,5.4,312.637191671466,41.6246054783707,61.94185,263.59059,1.1327935708684,East,NGC 6997 Panel 3,20 50 33,+41 37 32,90.0,FocusLynx Focuser 1,11824,11824,1.325,10.5,10.5,Manual Rotator,0.0,0.0,0.0,Ascom.SxUFW (v2) ,SII,29.0,81.0,994.160543442734,16.3200000000001,193.0,9.648,2000.0,N.I.N.A. 3.2.0.2002 (x64),NGC 6997 Panel 3_Date_2025-09-02_Time_01-31-37_Type_LIGHT_Filter_SII_Exp_600.00s_G_100_Off_10_Ecc_0.46_HFR_1.72px_FWHM_3.98_Temp_10.50_0050.xisf,1,13.1141808826101,16.092
LIGHT,2025-09-02T01:26:34.5973534,2025-09-02T02:26:34.5973534,2025-09-02T01:31:35.1342209,600.0,600.0,ZWO ASI6200MM Pro,ZWO ASI6200MM Pro,100,10,0.246657639741898,1,1,-10.0,-10.0,3.76,3.76,40,66.2,52.2483888888889,-0.12325,NP101is,540.0,5.4,312.637708306236,41.6266115156677,53.52235,274.70848,1.24292621636689,East,NGC 6997 Panel 3,20 50 33,+41 37 32,90.0,FocusLynx Focuser 1,11793,11793,1.325,10.0,10.0,Manual Rotator,0.0,0.0,0.0,Ascom.SxUFW (v2) ,SII,29.0,81.0,994.160543442734,16.3200000000001,193.0,9.648,2000.0,N.I.N.A. 3.2.0.2002 (x64),NGC 6997 Panel 3_Date_2025-09-02_Time_02-26-34_Type_LIGHT_Filter_SII_Exp_600.00s_G_100_Off_10_Ecc_0.41_HFR_1.70px_FWHM_4.10_Temp_10.00_0055.xisf,1,13.1141808826101,16.092
LIGHT,2025-09-02T00:41:38.6179576,2025-09-02T01:41:38.6179576,2025-09-02T00:46:39.1489471,600.0,600.0,ZWO ASI6200MM Pro,ZWO ASI6200MM Pro,100,10,0.246657639741898,1,1,-10.0,-10.0,3.76,3.76,40,66.2,52.2483888888889,-0.12325,NP101is,540.0,5.4,312.637101972175,41.6246050903273,60.41173,265.83343,1.14952513149813,East,NGC 6997 Panel 3,20 50 33,+41 37 32,90.0,FocusLynx Focuser 1,11824,11824,1.325,10.3,10.3,Manual Rotator,0.0,0.0,0.0,Ascom.SxUFW (v2) ,SII,29.0,81.0,994.160543442734,16.3200000000001,193.0,9.648,2000.0,N.I.N.A. 3.2.0.2002 (x64),NGC 6997 Panel 3_Date_2025-09-02_Time_01-41-38_Type_LIGHT_Filter_SII_Exp_600.00s_G_100_Off_10_Ecc_0.47_HFR_1.73px_FWHM_3.99_Temp_10.30_0051.xisf,1,13.1141808826101,16.092
LIGHT,2025-09-02T01:47:26.3277645,2025-09-02T02:47:26.3277645,2025-09-02T01:52:26.8585159,600.0,600.0,ZWO ASI6200MM Pro,ZWO ASI6200MM Pro,100,10,0.246657639741898,1,1,-10.0,-9.9,3.76,3.76,40,66.2,52.2483888888889,-0.12325,NP101is,540.0,5.4,312.63725839738,41.6263211886437,50.34406,278.37763,1.29797479677022,East,NGC 6997 Panel 3,20 50 33,+41 37 32,90.0,FocusLynx Focuser 1,11793,11793,1.325,10.0,10.0,Manual Rotator,0.0,0.0,0.0,Ascom.SxUFW (v2) ,SII,29.0,81.0,994.160543442734,16.3200000000001,193.0,9.648,2000.0,N.I.N.A. 3.2.0.2002 (x64),NGC 6997 Panel 3_Date_2025-09-02_Time_02-47-26_Type_LIGHT_Filter_SII_Exp_600.00s_G_100_Off_10_Ecc_0.41_HFR_1.70px_FWHM_4.13_Temp_10.00_0057.xisf,1,13.1141808826101,16.092
LIGHT,2025-09-02T01:06:32.1301223,2025-09-02T02:06:32.1301223,2025-09-02T01:11:32.6736027,600.0,600.0,ZWO ASI6200MM Pro,ZWO ASI6200MM Pro,100,10,0.246657639741898,1,1,-10.0,-10.0,3.76,3.76,40,66.2,52.2483888888889,-0.12325,NP101is,540.0,5.4,312.637782831693,41.6266024818736,56.59575,270.94846,1.19730915272326,East,NGC 6997 Panel 3,20 50 33,+41 37 32,90.0,FocusLynx Focuser 1,11793,11793,1.325,10.2,10.2,Manual Rotator,0.0,0.0,0.0,Ascom.SxUFW (v2) ,SII,29.0,81.0,994.160543442734,16.3200000000001,193.0,9.648,2000.0,N.I.N.A. 3.2.0.2002 (x64),NGC 6997 Panel 3_Date_2025-09-02_Time_02-06-32_Type_LIGHT_Filter_SII_Exp_600.00s_G_100_Off_10_Ecc_0.41_HFR_1.68px_FWHM_4.06_Temp_10.20_0053.xisf,1,13.1141808826101,16.092
LIGHT,2025-09-02T01:37:25.0350926,2025-09-02T02:37:25.0350926,2025-09-02T01:42:25.5987852,600.0,600.0,ZWO ASI6200MM Pro,ZWO ASI6200MM Pro,100,10,0.246657639741898,1,1,-10.0,-9.9,3.76,3.76,40,66.2,52.2483888888889,-0.12325,NP101is,540.0,5.4,312.637168339851,41.6263119008118,51.86601,276.64268,1.27053260755773,East,NGC 6997 Panel 3,20 50 33,+41 37 32,90.0,FocusLynx Focuser 1,11793,11793,1.325,10.0,10.0,Manual Rotator,0.0,0.0,0.0,Ascom.SxUFW (v2) ,SII,29.0,81.0,994.160543442734,16.3200000000001,193.0,9.648,2000.0,N.I.N.A. 3.2.0.2002 (x64),NGC 6997 Panel 3_Date_2025-09-02_Time_02-37-25_Type_LIGHT_Filter_SII_Exp_600.00s_G_100_Off_10_Ecc_0.41_HFR_1.70px_FWHM_4.13_Temp_10.00_0056.xisf,1,13.1141808826101,16.092
LIGHT,2025-09-02T02:07:42.5395388,2025-09-02T03:07:42.5395388,2025-09-02T02:12:43.0941959,600.0,600.0,ZWO ASI6200MM Pro,ZWO ASI6200MM Pro,100,10,0.246657639741898,1,1,-10.0,-10.0,3.76,3.76,40,66.2,52.2483888888889,-0.12325,NP101is,540.0,5.4,312.640360089256,41.6266644494735,47.28401,281.77425,1.3598973071961,East,NGC 6997 Panel 3,20 50 33,+41 37 32,90.0,FocusLynx Focuser 1,11793,11793,1.325,9.8,9.8,Manual Rotator,0.0,0.0,0.0,Ascom.SxUFW (v2) ,SII,29.0,81.0,994.160543442734,16.3200000000001,193.0,9.648,2000.0,N.I.N.A. 3.2.0.2002 (x64),NGC 6997 Panel 3_Date_2025-09-02_Time_03-07-42_Type_LIGHT_Filter_SII_Exp_600.00s_G_100_Off_10_Ecc_0.41_HFR_1.70px_FWHM_4.12_Temp_9.80_0059.xisf,1,13.1141808826101,16.092
LIGHT,2025-09-02T01:16:33.3995846,2025-09-02T02:16:33.3995846,2025-09-02T01:21:33.9514887,600.0,600.0,ZWO ASI6200MM Pro,ZWO ASI6200MM Pro,100,10,0.246657639741898,1,1,-10.0,-10.0,3.76,3.76,40,66.2,52.2483888888889,-0.12325,NP101is,540.0,5.4,312.637738031378,41.6265920134348,55.06078,272.85776,1.2192286906954,East,NGC 6997 Panel 3,20 50 33,+41 37 32,90.0,FocusLynx Focuser 1,11793,11793,1.325,10.1,10.1,Manual Rotator,0.0,0.0,0.0,Ascom.SxUFW (v2) ,SII,29.0,81.0,994.160543442734,16.3200000000001,193.0,9.648,2000.0,N.I.N.A. 3.2.0.2002 (x64),NGC 6997 Panel 3_Date_2025-09-02_Time_02-16-33_Type_LIGHT_Filter_SII_Exp_600.00s_G_100_Off_10_Ecc_0.41_HFR_1.69px_FWHM_4.09_Temp_10.10_0054.xisf,1,13.1141808826101,16.092
LIGHT,2025-09-02T02:18:01.5305842,2025-09-02T03:18:01.5305842,2025-09-02T02:23:02.0834793,600.0,600.0,ZWO ASI6200MM Pro,ZWO ASI6200MM Pro,100,10,0.246657639741898,1,1,-10.0,-10.0,3.76,3.76,40,66.2,52.2483888888889,-0.12325,NP101is,540.0,5.4,312.637031647266,41.6255199255109,45.73666,283.45616,1.3950683120962,East,NGC 6997 Panel 3,20 50 33,+41 37 32,90.0,FocusLynx Focuser 1,11793,11793,1.325,9.8,9.8,Manual Rotator,0.0,0.0,0.0,Ascom.SxUFW (v2) ,SII,29.0,81.0,994.160543442734,16.3200000000001,193.0,9.648,2000.0,N.I.N.A. 3.2.0.2002 (x64),NGC 6997 Panel 3_Date_2025-09-02_Time_03-18-01_Type_LIGHT_Filter_SII_Exp_600.00s_G_100_Off_10_Ecc_0.40_HFR_1.72px_FWHM_4.23_Temp_9.80_0060.xisf,1,13.1141808826101,16.092
LIGHT,2025-09-02T00:56:18.0010749,2025-09-02T01:56:18.0010749,2025-09-02T01:01:18.5423928,600.0,600.0,ZWO ASI6200MM Pro,ZWO ASI6200MM Pro,100,10,0.246657639741898,1,1,-10.0,-10.0,3.76,3.76,40,66.2,52.2483888888889,-0.12325,NP101is,540.0,5.4,312.637266989016,41.6246139843312,58.16283,268.91623,1.17658198380886,East,NGC 6997 Panel 3,20 50 33,+41 37 32,90.0,FocusLynx Focuser 1,11793,11793,1.325,10.2,10.2,Manual Rotator,0.0,0.0,0.0,Ascom.SxUFW (v2) ,SII,29.0,81.0,994.160543442734,16.3200000000001,193.0,9.648,2000.0,N.I.N.A. 3.2.0.2002 (x64),NGC 6997 Panel 3_Date_2025-09-02_Time_01-56-18_Type_LIGHT_Filter_SII_Exp_600.00s_G_100_Off_10_Ecc_0.42_HFR_1.69px_FWHM_4.11_Temp_10.20_0052.xisf,1,13.1141808826101,16.092
LIGHT,2025-09-02T02:43:09.8779222,2025-09-02T03:43:09.8779222,2025-09-02T02:48:10.4160301,600.0,600.0,ZWO ASI6200MM Pro,ZWO ASI6200MM Pro,100,10,0.246657639741898,1,1,-10.0,-10.0,3.76,3.76,40,66.2,52.2483888888889,-0.12325,NP101is,540.0,5.4,312.635144870222,41.6254919736286,42.0216388888889,287.45155,1.49206896114996,East,NGC 6997 Panel 3,20 50 33,+41 37 32,90.0,FocusLynx Focuser 1,11799,11799,1.325,9.8,9.8,Manual Rotator,0.0,0.0,0.0,Ascom.SxUFW (v2) ,SII,29.0,81.0,994.160543442734,16.3200000000001,193.0,9.648,2000.0,N.I.N.A. 3.2.0.2002 (x64),NGC 6997 Panel 3_Date_2025-09-02_Time_03-43-09_Type_LIGHT_Filter_SII_Exp_600.00s_G_100_Off_10_Ecc_0.41_HFR_1.71px_FWHM_4.18_Temp_9.80_0062.xisf,1,13.1141808826101,16.092
LIGHT,2025-09-02T01:57:27.6226495,2025-09-02T02:57:27.6226495,2025-09-02T02:02:28.1730661,600.0,600.0,ZWO ASI6200MM Pro,ZWO ASI6200MM Pro,100,10,0.246657639741898,1,1,-10.0,-10.0,3.76,3.76,40,66.2,52.2483888888889,-0.12325,NP101is,540.0,5.4,312.637003920959,41.6263111015256,48.82803,280.07314,1.3274612354082,East,NGC 6997 Panel 3,20 50 33,+41 37 32,90.0,FocusLynx Focuser 1,11793,11793,1.325,9.9,9.9,Manual Rotator,0.0,0.0,0.0,Ascom.SxUFW (v2) ,SII,29.0,81.0,994.160543442734,16.3200000000001,193.0,9.648,2000.0,N.I.N.A. 3.2.0.2002 (x64),NGC 6997 Panel 3_Date_2025-09-02_Time_02-57-27_Type_LIGHT_Filter_SII_Exp_600.00s_G_100_Off_10_Ecc_0.41_HFR_1.71px_FWHM_4.15_Temp_9.90_0058.xisf,1,13.1141808826101,16.092
LIGHT,2025-09-02T03:14:05.1569311,2025-09-02T04:14:05.1569311,2025-09-02T03:19:05.7032110,600.0,600.0,ZWO ASI6200MM Pro,ZWO ASI6200MM Pro,100,10,0.246657639741898,1,1,-10.0,-10.0,3.76,3.76,40,66.2,52.2483888888889,-0.12325,NP101is,540.0,5.4,312.633600971199,41.6249430862599,37.56245,292.24211,1.63769772645355,East,NGC 6997 Panel 3,20 50 33,+41 37 32,90.0,FocusLynx Focuser 1,11799,11799,1.325,9.5,9.5,Manual Rotator,0.0,0.0,0.0,Ascom.SxUFW (v2) ,SII,29.0,81.0,994.160543442734,16.3200000000001,193.0,9.648,2000.0,N.I.N.A. 3.2.0.2002 (x64),NGC 6997 Panel 3_Date_2025-09-02_Time_04-14-05_Type_LIGHT_Filter_SII_Exp_600.00s_G_100_Off_10_Ecc_0.41_HFR_1.71px_FWHM_4.17_Temp_9.50_0065.xisf,1,13.1141808826101,16.092
LIGHT,2025-09-02T03:44:24.2931145,2025-09-02T04:44:24.2931145,2025-09-02T03:49:24.8261685,600.0,600.0,ZWO ASI6200MM Pro,ZWO ASI6200MM Pro,100,10,0.246657639741898,1,1,-10.0,-10.0,3.76,3.76,40,66.2,52.2483888888889,-0.12325,NP101is,540.0,5.4,312.636523468052,41.6253961267832,33.33494,296.87974,1.81571688233639,East,NGC 6997 Panel 3,20 50 33,+41 37 32,90.0,FocusLynx Focuser 1,11799,11799,1.325,9.2,9.2,Manual Rotator,0.0,0.0,0.0,Ascom.SxUFW (v2) ,SII,29.0,81.0,994.160543442734,16.3200000000001,193.0,9.648,2000.0,N.I.N.A. 3.2.0.2002 (x64),NGC 6997 Panel 3_Date_2025-09-02_Time_04-44-24_Type_LIGHT_Filter_SII_Exp_600.00s_G_100_Off_10_Ecc_0.40_HFR_1.73px_FWHM_4.24_Temp_9.20_0068.xisf,1,13.1141808826101,16.092
LIGHT,2025-07-10T22:33:05.946,2025-07-10T23:33:05.946,2025-07-10T22:38:06.565,600.0,600.0,ZWO ASI6200MM Pro,ZWO ASI6200MM Pro,100,10,0.246657639741898,1,1,-10.0,-10.0,3.76,3.76,40,66.2,52.2483888888889,-0.12325,NP101is,540.0,5.4,312.564955994065,44.6820342592263,60.9994444444444,87.5185,1.1429441777717,West,NGC 6997 Panel 4,20 50 16,+44 40 51,90.0,FocusLynx Focuser 1,12402,12402,1.325,18.1,18.1,Manual Rotator,0.0,0.0,0.0,Starlight Xpress Filter Wheels,Ha,0.0,0.0,0.0,0.0,0.0,0.0,2000.0,N.I.N.A. 3.1.2.9001 (x64),NGC 6997 Panel 4_Date_2025-07-10_Time_23-33-05_Type_LIGHT_Filter_Ha_Exp_600.00s_G_100_Off_10_Ecc_0.41_HFR_1.64px_FWHM_3.97_Temp_18.10_0004.xisf,1,,
LIGHT,2025-09-02T03:34:07.6593618,2025-09-02T04:34:07.6593618,2025-09-02T03:39:08.1860722,600.0,600.0,ZWO ASI6200MM Pro,ZWO ASI6200MM Pro,100,10,0.246657639741898,1,1,-10.0,-9.9,3.76,3.76,40,66.2,52.2483888888889,-0.12325,NP101is,540.0,5.4,312.633586455961,41.6249820186039,34.75135,295.30886,1.75085928794489,East,NGC 6997 Panel 3,20 50 33,+41 37 32,90.0,FocusLynx Focuser 1,11799,11799,1.325,9.3,9.3,Manual Rotator,0.0,0.0,0.0,Ascom.SxUFW (v2) ,SII,29.0,81.0,994.160543442734,16.3200000000001,193.0,9.648,2000.0,N.I.N.A. 3.2.0.2002 (x64),NGC 6997 Panel 3_Date_2025-09-02_Time_04-34-07_Type_LIGHT_Filter_SII_Exp_600.00s_G_100_Off_10_Ecc_0.41_HFR_1.73px_FWHM_4.23_Temp_9.30_0067.xisf,1,13.1141808826101,16.092
LIGHT,2025-09-02T03:03:12.3594197,2025-09-02T04:03:12.3594197,2025-09-02T03:08:12.8915124,600.0,600.0,ZWO ASI6200MM Pro,ZWO ASI6200MM Pro,100,10,0.246657639741898,1,1,-10.0,-10.0,3.76,3.76,40,66.2,52.2483888888889,-0.12325,NP101is,540.0,5.4,312.634995464114,41.6255011484105,39.11489,290.56908,1.58279361315005,East,NGC 6997 Panel 3,20 50 33,+41 37 32,90.0,FocusLynx Focuser 1,11799,11799,1.325,9.6,9.6,Manual Rotator,0.0,0.0,0.0,Ascom.SxUFW (v2) ,SII,29.0,81.0,994.160543442734,16.3200000000001,193.0,9.648,2000.0,N.I.N.A. 3.2.0.2002 (x64),NGC 6997 Panel 3_Date_2025-09-02_Time_04-03-12_Type_LIGHT_Filter_SII_Exp_600.00s_G_100_Off_10_Ecc_0.41_HFR_1.71px_FWHM_4.18_Temp_9.60_0064.xisf,1,13.1141808826101,16.092
LIGHT,2025-09-02T03:24:06.3487315,2025-09-02T04:24:06.3487315,2025-09-02T03:29:06.9141257,600.0,600.0,ZWO ASI6200MM Pro,ZWO ASI6200MM Pro,100,10,0.246657639741898,1,1,-10.0,-10.0,3.76,3.76,40,66.2,52.2483888888889,-0.12325,NP101is,540.0,5.4,312.633631058335,41.6249324847692,36.1485555555556,293.77715,1.69222437914152,East,NGC 6997 Panel 3,20 50 33,+41 37 32,90.0,FocusLynx Focuser 1,11799,11799,1.325,9.4,9.4,Manual Rotator,0.0,0.0,0.0,Ascom.SxUFW (v2) ,SII,29.0,81.0,994.160543442734,16.3200000000001,193.0,9.648,2000.0,N.I.N.A. 3.2.0.2002 (x64),NGC 6997 Panel 3_Date_2025-09-02_Time_04-24-06_Type_LIGHT_Filter_SII_Exp_600.00s_G_100_Off_10_Ecc_0.41_HFR_1.72px_FWHM_4.19_Temp_9.40_0066.xisf,1,13.1141808826101,16.092
LIGHT,2025-07-10T21:52:48.249,2025-07-10T22:52:48.249,2025-07-10T21:57:48.838,600.0,600.0,ZWO ASI6200MM Pro,ZWO ASI6200MM Pro,100,10,0.246657639741898,1,1,-10.0,-10.0,3.76,3.76,40,66.2,52.2483888888889,-0.12325,NP101is,540.0,5.4,312.566345146051,44.6812743422095,54.85047,80.54509,1.22236322625109,West,NGC 6997 Panel 4,20 50 16,+44 40 51,90.0,FocusLynx Focuser 1,12402,12402,1.325,19.2,19.2,Manual Rotator,0.0,0.0,0.0,Starlight Xpress Filter Wheels,Ha,0.0,0.0,0.0,0.0,0.0,0.0,2000.0,N.I.N.A. 3.1.2.9001 (x64),NGC 6997 Panel 4_Date_2025-07-10_Time_22-52-48_Type_LIGHT_Filter_Ha_Exp_600.00s_G_100_Off_10_Ecc_0.42_HFR_1.62px_FWHM_4.05_Temp_19.20_0000.xisf,1,,
LIGHT,2025-07-10T22:12:50.745,2025-07-10T23:12:50.745,2025-07-10T22:17:51.348,600.0,600.0,ZWO ASI6200MM Pro,ZWO ASI6200MM Pro,100,10,0.246657639741898,1,1,-10.0,-10.0,3.76,3.76,40,66.2,52.2483888888889,-0.12325,NP101is,540.0,5.4,312.565237881448,44.6818850577149,57.8999722222222,83.89481,1.17994728865885,West,NGC 6997 Panel 4,20 50 16,+44 40 51,90.0,FocusLynx Focuser 1,12402,12402,1.325,18.6,18.6,Manual Rotator,0.0,0.0,0.0,Starlight Xpress Filter Wheels,Ha,0.0,0.0,0.0,0.0,0.0,0.0,2000.0,N.I.N.A. 3.1.2.9001 (x64),NGC 6997 Panel 4_Date_2025-07-10_Time_23-12-50_Type_LIGHT_Filter_Ha_Exp_600.00s_G_100_Off_10_Ecc_0.39_HFR_1.63px_FWHM_3.90_Temp_18.60_0002.xisf,1,,
LIGHT,2025-07-10T23:13:23.262,2025-07-11T00:13:23.262,2025-07-10T23:18:23.879,600.0,600.0,ZWO ASI6200MM Pro,ZWO ASI6200MM Pro,100,10,0.246657639741898,1,1,-10.0,-10.0,3.76,3.76,40,66.2,52.2483888888889,-0.12325,NP101is,540.0,5.4,312.562297495433,44.683816505314,67.1750833333333,95.88671,1.08469390901246,West,NGC 6997 Panel 4,20 50 16,+44 40 51,90.0,FocusLynx Focuser 1,12402,12402,1.325,17.5,17.5,Manual Rotator,0.0,0.0,0.0,Starlight Xpress Filter Wheels,Ha,0.0,0.0,0.0,0.0,0.0,0.0,2000.0,N.I.N.A. 3.1.2.9001 (x64),NGC 6997 Panel 4_Date_2025-07-11_Time_00-13-23_Type_LIGHT_Filter_Ha_Exp_600.00s_G_100_Off_10_Ecc_0.45_HFR_1.66px_FWHM_4.00_Temp_17.50_0008.xisf,1,,
LIGHT,2025-07-10T22:02:49.497,2025-07-10T23:02:49.497,2025-07-10T22:07:50.091,600.0,600.0,ZWO ASI6200MM Pro,ZWO ASI6200MM Pro,100,10,0.246657639741898,1,1,-10.0,-10.0,3.76,3.76,40,66.2,52.2483888888889,-0.12325,NP101is,540.0,5.4,312.565788033113,44.6815369261126,56.3719444444444,82.19512,1.20040267833546,West,NGC 6997 Panel 4,20 50 16,+44 40 51,90.0,FocusLynx Focuser 1,12402,12402,1.325,18.9,18.9,Manual Rotator,0.0,0.0,0.0,Starlight Xpress Filter Wheels,Ha,0.0,0.0,0.0,0.0,0.0,0.0,2000.0,N.I.N.A. 3.1.2.9001 (x64),NGC 6997 Panel 4_Date_2025-07-10_Time_23-02-49_Type_LIGHT_Filter_Ha_Exp_600.00s_G_100_Off_10_Ecc_0.37_HFR_1.61px_FWHM_3.98_Temp_18.90_0001.xisf,1,,
LIGHT,2025-07-11T01:29:12.652,2025-07-11T02:29:12.652,2025-07-11T01:34:13.204,600.0,600.0,ZWO ASI6200MM Pro,ZWO ASI6200MM Pro,100,10,0.246657639741898,1,1,-10.0,-10.0,3.76,3.76,40,66.2,52.2483888888889,-0.12325,NP101is,540.0,5.4,312.563520441762,44.6906958594556,82.50311,185.97098,1.0085625034428,West,NGC 6997 Panel 4,20 50 16,+44 40 51,90.0,FocusLynx Focuser 1,12358,12358,1.325,16.4,16.4,Manual Rotator,0.0,0.0,0.0,Starlight Xpress Filter Wheels,Ha,0.0,0.0,0.0,0.0,0.0,0.0,2000.0,N.I.N.A. 3.1.2.9001 (x64),NGC 6997 Panel 4_Date_2025-07-11_Time_02-29-12_Type_LIGHT_Filter_Ha_Exp_600.00s_G_100_Off_10_Ecc_0.45_HFR_1.63px_FWHM_3.87_Temp_16.40_0021.xisf,1,,
LIGHT,2025-07-10T23:03:21.960,2025-07-11T00:03:21.960,2025-07-10T23:08:22.538,600.0,600.0,ZWO ASI6200MM Pro,ZWO ASI6200MM Pro,100,10,0.246657639741898,1,1,-10.0,-10.0,3.76,3.76,40,66.2,52.2483888888889,-0.12325,NP101is,540.0,5.4,312.562544783619,44.6834666943475,65.6419444444444,93.6084,1.09741556050277,West,NGC 6997 Panel 4,20 50 16,+44 40 51,90.0,FocusLynx Focuser 1,12402,12402,1.325,17.6,17.6,Manual Rotator,0.0,0.0,0.0,Starlight Xpress Filter Wheels,Ha,0.0,0.0,0.0,0.0,0.0,0.0,2000.0,N.I.N.A. 3.1.2.9001 (x64),NGC 6997 Panel 4_Date_2025-07-11_Time_00-03-21_Type_LIGHT_Filter_Ha_Exp_600.00s_G_100_Off_10_Ecc_0.46_HFR_1.66px_FWHM_3.94_Temp_17.60_0007.xisf,1,,
LIGHT,2025-07-10T22:53:20.525,2025-07-10T23:53:20.525,2025-07-10T22:58:21.174,600.0,600.0,ZWO ASI6200MM Pro,ZWO ASI6200MM Pro,100,10,0.246657639741898,1,1,-10.0,-10.0,3.76,3.76,40,66.2,52.2483888888889,-0.12325,NP101is,540.0,5.4,312.56308672483,44.6831496905775,64.09873,91.46819,1.11133724558313,West,NGC 6997 Panel 4,20 50 16,+44 40 51,90.0,FocusLynx Focuser 1,12402,12402,1.325,17.8,17.8,Manual Rotator,0.0,0.0,0.0,Starlight Xpress Filter Wheels,Ha,0.0,0.0,0.0,0.0,0.0,0.0,2000.0,N.I.N.A. 3.1.2.9001 (x64),NGC 6997 Panel 4_Date_2025-07-10_Time_23-53-20_Type_LIGHT_Filter_Ha_Exp_600.00s_G_100_Off_10_Ecc_0.45_HFR_1.65px_FWHM_4.01_Temp_17.80_0006.xisf,1,,
LIGHT,2025-07-11T02:26:22.971,2025-07-11T03:26:22.971,2025-07-11T02:31:23.555,600.0,600.0,ZWO ASI6200MM Pro,ZWO ASI6200MM Pro,100,10,0.246657639741898,1,1,-10.0,-10.0,3.76,3.76,40,66.2,52.2483888888889,-0.12325,NP101is,540.0,5.4,312.566001547632,44.6817973721232,77.3814166666667,239.83062,1.0246410691169,East,NGC 6997 Panel 4,20 50 16,+44 40 51,90.0,FocusLynx Focuser 1,12314,12314,1.325,15.8,15.8,Manual Rotator,0.0,0.0,0.0,Starlight Xpress Filter Wheels,Ha,0.0,0.0,0.0,0.0,0.0,0.0,2000.0,N.I.N.A. 3.1.2.9001 (x64),NGC 6997 Panel 4_Date_2025-07-11_Time_03-26-22_Type_LIGHT_Filter_Ha_Exp_600.00s_G_100_Off_10_Ecc_0.44_HFR_1.61px_FWHM_4.01_Temp_15.80_0026.xisf,1,,
LIGHT,2025-07-10T23:38:13.685,2025-07-11T00:38:13.685,2025-07-10T23:43:14.260,600.0,600.0,ZWO ASI6200MM Pro,ZWO ASI6200MM Pro,100,10,0.246657639741898,1,1,-10.0,-10.0,3.76,3.76,40,66.2,52.2483888888889,-0.12325,NP101is,540.0,5.4,312.563596255285,44.6849226185365,70.9345,102.38543,1.05784061002187,West,NGC 6997 Panel 4,20 50 16,+44 40 51,90.0,FocusLynx Focuser 1,12358,12358,1.325,17.2,17.2,Manual Rotator,0.0,0.0,0.0,Starlight Xpress Filter Wheels,Ha,0.0,0.0,0.0,0.0,0.0,0.0,2000.0,N.I.N.A. 3.1.2.9001 (x64),NGC 6997 Panel 4_Date_2025-07-11_Time_00-38-13_Type_LIGHT_Filter_Ha_Exp_600.00s_G_100_Off_10_Ecc_0.41_HFR_1.61px_FWHM_3.87_Temp_17.20_0010.xisf,1,,
LIGHT,2025-07-10T22:43:07.242,2025-07-10T23:43:07.242,2025-07-10T22:48:07.833,600.0,600.0,ZWO ASI6200MM Pro,ZWO ASI6200MM Pro,100,10,0.246657639741898,1,1,-10.0,-10.0,3.76,3.76,40,66.2,52.2483888888889,-0.12325,NP101is,540.0,5.4,312.564518901632,44.6823544123735,62.5319166666667,89.4220833333333,1.12668302533292,West,NGC 6997 Panel 4,20 50 16,+44 40 51,90.0,FocusLynx Focuser 1,12402,12402,1.325,17.9,17.9,Manual Rotator,0.0,0.0,0.0,Starlight Xpress Filter Wheels,Ha,0.0,0.0,0.0,0.0,0.0,0.0,2000.0,N.I.N.A. 3.1.2.9001 (x64),NGC 6997 Panel 4_Date_2025-07-10_Time_23-43-07_Type_LIGHT_Filter_Ha_Exp_600.00s_G_100_Off_10_Ecc_0.43_HFR_1.65px_FWHM_3.98_Temp_17.90_0005.xisf,1,,
LIGHT,2025-07-10T23:58:29.759,2025-07-11T00:58:29.759,2025-07-11T00:03:30.362,600.0,600.0,ZWO ASI6200MM Pro,ZWO ASI6200MM Pro,100,10,0.246657639741898,1,1,-10.0,-10.0,3.76,3.76,40,66.2,52.2483888888889,-0.12325,NP101is,540.0,5.4,312.561227240168,44.6877601291182,73.9292,109.05633,1.0405155655809,West,NGC 6997 Panel 4,20 50 16,+44 40 51,90.0,FocusLynx Focuser 1,12358,12358,1.325,17.0,17.0,Manual Rotator,0.0,0.0,0.0,Starlight Xpress Filter Wheels,Ha,0.0,0.0,0.0,0.0,0.0,0.0,2000.0,N.I.N.A. 3.1.2.9001 (x64),NGC 6997 Panel 4_Date_2025-07-11_Time_00-58-29_Type_LIGHT_Filter_Ha_Exp_600.00s_G_100_Off_10_Ecc_0.42_HFR_1.62px_FWHM_3.91_Temp_17.00_0012.xisf,1,,
LIGHT,2025-07-10T23:48:14.978,2025-07-11T00:48:14.978,2025-07-10T23:53:15.564,600.0,600.0,ZWO ASI6200MM Pro,ZWO ASI6200MM Pro,100,10,0.246657639741898,1,1,-10.0,-10.0,3.76,3.76,40,66.2,52.2483888888889,-0.12325,NP101is,540.0,5.4,312.563492254118,44.6853221765543,72.4269166666667,105.48837,1.04877736067853,West,NGC 6997 Panel 4,20 50 16,+44 40 51,90.0,FocusLynx Focuser 1,12358,12358,1.325,17.1,17.1,Manual Rotator,0.0,0.0,0.0,Starlight Xpress Filter Wheels,Ha,0.0,0.0,0.0,0.0,0.0,0.0,2000.0,N.I.N.A. 3.1.2.9001 (x64),NGC 6997 Panel 4_Date_2025-07-11_Time_00-48-14_Type_LIGHT_Filter_Ha_Exp_600.00s_G_100_Off_10_Ecc_0.41_HFR_1.62px_FWHM_3.90_Temp_17.10_0011.xisf,1,,
LIGHT,2025-07-11T00:38:49.278,2025-07-11T01:38:49.278,2025-07-11T00:43:49.824,600.0,600.0,ZWO ASI6200MM Pro,ZWO ASI6200MM Pro,100,10,0.246657639741898,1,1,-10.0,-10.0,3.76,3.76,40,66.2,52.2483888888889,-0.12325,NP101is,540.0,5.4,312.56280224929,44.686782443187,79.34571,129.90928,1.01745215991371,West,NGC 6997 Panel 4,20 50 16,+44 40 51,90.0,FocusLynx Focuser 1,12358,12358,1.325,16.8,16.8,Manual Rotator,0.0,0.0,0.0,Starlight Xpress Filter Wheels,Ha,0.0,0.0,0.0,0.0,0.0,0.0,2000.0,N.I.N.A. 3.1.2.9001 (x64),NGC 6997 Panel 4_Date_2025-07-11_Time_01-38-49_Type_LIGHT_Filter_Ha_Exp_600.00s_G_100_Off_10_Ecc_0.44_HFR_1.63px_FWHM_3.85_Temp_16.80_0016.xisf,1,,
LIGHT,2025-07-11T00:08:31.026,2025-07-11T01:08:31.026,2025-07-11T00:13:31.611,600.0,600.0,ZWO ASI6200MM Pro,ZWO ASI6200MM Pro,100,10,0.246657639741898,1,1,-10.0,-10.0,3.76,3.76,40,66.2,52.2483888888889,-0.12325,NP101is,540.0,5.4,312.561228035399,44.6881483889137,75.3615,113.0444,1.03341463074709,West,NGC 6997 Panel 4,20 50 16,+44 40 51,90.0,FocusLynx Focuser 1,12358,12358,1.325,16.9,16.9,Manual Rotator,0.0,0.0,0.0,Starlight Xpress Filter Wheels,Ha,0.0,0.0,0.0,0.0,0.0,0.0,2000.0,N.I.N.A. 3.1.2.9001 (x64),NGC 6997 Panel 4_Date_2025-07-11_Time_01-08-31_Type_LIGHT_Filter_Ha_Exp_600.00s_G_100_Off_10_Ecc_0.42_HFR_1.63px_FWHM_3.90_Temp_16.90_0013.xisf,1,,
LIGHT,2025-07-11T00:18:32.328,2025-07-11T01:18:32.328,2025-07-11T00:23:32.937,600.0,600.0,ZWO ASI6200MM Pro,ZWO ASI6200MM Pro,100,10,0.246657639741898,1,1,-10.0,-10.0,3.76,3.76,40,66.2,52.2483888888889,-0.12325,NP101is,540.0,5.4,312.56110419461,44.6885846478506,76.75852,117.7085,1.02719485144187,West,NGC 6997 Panel 4,20 50 16,+44 40 51,90.0,FocusLynx Focuser 1,12358,12358,1.325,16.8,16.8,Manual Rotator,0.0,0.0,0.0,Starlight Xpress Filter Wheels,Ha,0.0,0.0,0.0,0.0,0.0,0.0,2000.0,N.I.N.A. 3.1.2.9001 (x64),NGC 6997 Panel 4_Date_2025-07-11_Time_01-18-32_Type_LIGHT_Filter_Ha_Exp_600.00s_G_100_Off_10_Ecc_0.43_HFR_1.62px_FWHM_3.83_Temp_16.80_0014.xisf,1,,
LIGHT,2025-07-11T00:59:08.788,2025-07-11T01:59:08.788,2025-07-11T01:04:09.372,600.0,600.0,ZWO ASI6200MM Pro,ZWO ASI6200MM Pro,100,10,0.246657639741898,1,1,-10.0,-10.0,3.76,3.76,40,66.2,52.2483888888889,-0.12325,NP101is,540.0,5.4,312.562932932176,44.6892387823649,81.4143888888889,147.828722222222,1.01126382251483,West,NGC 6997 Panel 4,20 50 16,+44 40 51,90.0,FocusLynx Focuser 1,12358,12358,1.325,16.6,16.6,Manual Rotator,0.0,0.0,0.0,Starlight Xpress Filter Wheels,Ha,0.0,0.0,0.0,0.0,0.0,0.0,2000.0,N.I.N.A. 3.1.2.9001 (x64),NGC 6997 Panel 4_Date_2025-07-11_Time_01-59-08_Type_LIGHT_Filter_Ha_Exp_600.00s_G_100_Off_10_Ecc_0.46_HFR_1.62px_FWHM_3.80_Temp_16.60_0018.xisf,1,,
LIGHT,2025-07-11T00:28:48.050,2025-07-11T01:28:48.050,2025-07-11T00:33:48.635,600.0,600.0,ZWO ASI6200MM Pro,ZWO ASI6200MM Pro,100,10,0.246657639741898,1,1,-10.0,-10.0,3.76,3.76,40,66.2,52.2483888888889,-0.12325,NP101is,540.0,5.4,312.562669840822,44.686351084065,78.1142222222222,123.33874,1.02180690140069,West,NGC 6997 Panel 4,20 50 16,+44 40 51,90.0,FocusLynx Focuser 1,12358,12358,1.325,16.8,16.8,Manual Rotator,0.0,0.0,0.0,Starlight Xpress Filter Wheels,Ha,0.0,0.0,0.0,0.0,0.0,0.0,2000.0,N.I.N.A. 3.1.2.9001 (x64),NGC 6997 Panel 4_Date_2025-07-11_Time_01-28-48_Type_LIGHT_Filter_Ha_Exp_600.00s_G_100_Off_10_Ecc_0.44_HFR_1.63px_FWHM_3.81_Temp_16.80_0015.xisf,1,,
LIGHT,2025-07-11T00:48:50.526,2025-07-11T01:48:50.526,2025-07-11T00:53:51.146,600.0,600.0,ZWO ASI6200MM Pro,ZWO ASI6200MM Pro,100,10,0.246657639741898,1,1,-10.0,-10.0,3.76,3.76,40,66.2,52.2483888888889,-0.12325,NP101is,540.0,5.4,312.562956414693,44.687249318057,80.4589444444444,137.90917,1.01394849689875,West,NGC 6997 Panel 4,20 50 16,+44 40 51,90.0,FocusLynx Focuser 1,12358,12358,1.325,16.7,16.7,Manual Rotator,0.0,0.0,0.0,Starlight Xpress Filter Wheels,Ha,0.0,0.0,0.0,0.0,0.0,0.0,2000.0,N.I.N.A. 3.1.2.9001 (x64),NGC 6997 Panel 4_Date_2025-07-11_Time_01-48-50_Type_LIGHT_Filter_Ha_Exp_600.00s_G_100_Off_10_Ecc_0.45_HFR_1.64px_FWHM_3.89_Temp_16.70_0017.xisf,1,,
LIGHT,2025-07-10T22:23:04.589,2025-07-10T23:23:04.589,2025-07-10T22:28:05.195,600.0,600.0,ZWO ASI6200MM Pro,ZWO ASI6200MM Pro,100,10,0.246657639741898,1,1,-10.0,-10.0,3.76,3.76,40,66.2,52.2483888888889,-0.12325,NP101is,540.0,5.4,312.56532978868,44.6816942254529,59.45611,85.68139,1.16065117684459,West,NGC 6997 Panel 4,20 50 16,+44 40 51,90.0,FocusLynx Focuser 1,12402,12402,1.325,18.3,18.3,Manual Rotator,0.0,0.0,0.0,Starlight Xpress Filter Wheels,Ha,0.0,0.0,0.0,0.0,0.0,0.0,2000.0,N.I.N.A. 3.1.2.9001 (x64),NGC 6997 Panel 4_Date_2025-07-10_Time_23-23-04_Type_LIGHT_Filter_Ha_Exp_600.00s_G_100_Off_10_Ecc_0.41_HFR_1.63px_FWHM_3.92_Temp_18.30_0003.xisf,1,,
LIGHT,2025-07-11T01:55:45.369,2025-07-11T02:55:45.369,2025-07-11T02:00:45.928,600.0,600.0,ZWO ASI6200MM Pro,ZWO ASI6200MM Pro,100,10,0.246657639741898,1,1,-10.0,-10.0,3.76,3.76,40,66.2,52.2483888888889,-0.12325,NP101is,540.0,5.4,312.566399755589,44.6819097321402,80.94337,217.5016,1.01255038774981,East,NGC 6997 Panel 4,20 50 16,+44 40 51,90.0,FocusLynx Focuser 1,12314,12314,1.325,16.1,16.1,Manual Rotator,0.0,0.0,0.0,Starlight Xpress Filter Wheels,Ha,0.0,0.0,0.0,0.0,0.0,0.0,2000.0,N.I.N.A. 3.1.2.9001 (x64),NGC 6997 Panel 4_Date_2025-07-11_Time_02-55-45_Type_LIGHT_Filter_Ha_Exp_600.00s_G_100_Off_10_Ecc_0.43_HFR_1.62px_FWHM_3.99_Temp_16.10_0023.xisf,1,,
LIGHT,2025-07-11T01:09:10.018,2025-07-11T02:09:10.018,2025-07-11T01:14:10.611,600.0,600.0,ZWO ASI6200MM Pro,ZWO ASI6200MM Pro,100,10,0.246657639741898,1,1,-10.0,-10.0,3.76,3.76,40,66.2,52.2483888888889,-0.12325,NP101is,540.0,5.4,312.563143742778,44.6897244457634,82.1022,159.3437,1.00951320164729,West,NGC 6997 Panel 4,20 50 16,+44 40 51,90.0,FocusLynx Focuser 1,12358,12358,1.325,16.5,16.5,Manual Rotator,0.0,0.0,0.0,Starlight Xpress Filter Wheels,Ha,0.0,0.0,0.0,0.0,0.0,0.0,2000.0,N.I.N.A. 3.1.2.9001 (x64),NGC 6997 Panel 4_Date_2025-07-11_Time_02-09-10_Type_LIGHT_Filter_Ha_Exp_600.00s_G_100_Off_10_Ecc_0.45_HFR_1.64px_FWHM_3.84_Temp_16.50_0019.xisf,1,,
LIGHT,2025-07-11T01:19:11.336,2025-07-11T02:19:11.336,2025-07-11T01:24:11.919,600.0,600.0,ZWO ASI6200MM Pro,ZWO ASI6200MM Pro,100,10,0.246657639741898,1,1,-10.0,-10.0,3.76,3.76,40,66.2,52.2483888888889,-0.12325,NP101is,540.0,5.4,312.563414447692,44.6902066691531,82.48059,172.3853,1.00861455121166,West,NGC 6997 Panel 4,20 50 16,+44 40 51,90.0,FocusLynx Focuser 1,12358,12358,1.325,16.5,16.5,Manual Rotator,0.0,0.0,0.0,Starlight Xpress Filter Wheels,Ha,0.0,0.0,0.0,0.0,0.0,0.0,2000.0,N.I.N.A. 3.1.2.9001 (x64),NGC 6997 Panel 4_Date_2025-07-11_Time_02-19-11_Type_LIGHT_Filter_Ha_Exp_600.00s_G_100_Off_10_Ecc_0.46_HFR_1.64px_FWHM_3.84_Temp_16.50_0020.xisf,1,,
LIGHT,2025-07-16T00:34:30.240,2025-07-16T01:34:30.240,2025-07-16T00:39:30.830,600.0,600.0,ZWO ASI6200MM Pro,ZWO ASI6200MM Pro,100,10,0.246657639741898,1,1,-10.0,-10.0,3.76,3.76,40,66.2,52.2483888888889,-0.12325,NP101is,540.0,5.4,312.567150260398,44.6809407489273,80.9701944444444,142.7806,1.01247519370583,West,NGC 6997 Panel 4,20 50 16,+44 40 51,90.0,FocusLynx Focuser 1,12178,12178,1.325,13.4,13.4,Manual Rotator,0.0,0.0,0.0,Starlight Xpress Filter Wheels,Ha,86.0,82.0,1012.0,15.95,212.0,12.888,2000.0,N.I.N.A. 3.1.2.9001 (x64),NGC 6997 Panel 4_Date_2025-07-16_Time_01-34-30_Type_LIGHT_Filter_Ha_Exp_600.00s_G_100_Off_10_Ecc_0.39_HFR_1.62px_FWHM_4.07_Temp_13.40_0001.xisf,1,12.9374743467347,
LIGHT,2025-07-11T02:16:21.756,2025-07-11T03:16:21.756,2025-07-11T02:21:22.337,600.0,600.0,ZWO ASI6200MM Pro,ZWO ASI6200MM Pro,100,10,0.246657639741898,1,1,-10.0,-10.0,3.76,3.76,40,66.2,52.2483888888889,-0.12325,NP101is,540.0,5.4,312.566521477071,44.6813770625605,78.67083,233.87147,1.01977574131658,East,NGC 6997 Panel 4,20 50 16,+44 40 51,90.0,FocusLynx Focuser 1,12314,12314,1.325,15.9,15.9,Manual Rotator,0.0,0.0,0.0,Starlight Xpress Filter Wheels,Ha,0.0,0.0,0.0,0.0,0.0,0.0,2000.0,N.I.N.A. 3.1.2.9001 (x64),NGC 6997 Panel 4_Date_2025-07-11_Time_03-16-21_Type_LIGHT_Filter_Ha_Exp_600.00s_G_100_Off_10_Ecc_0.43_HFR_1.62px_FWHM_4.01_Temp_15.90_0025.xisf,1,,
LIGHT,2025-07-16T00:24:29.126,2025-07-16T01:24:29.126,2025-07-16T00:29:29.645,600.0,600.0,ZWO ASI6200MM Pro,ZWO ASI6200MM Pro,100,10,0.246657639741898,1,1,-10.0,-10.0,3.76,3.76,40,66.2,52.2483888888889,-0.12325,NP101is,540.0,5.4,312.567067369411,44.6809414885298,79.94499,133.94107,1.01551546201969,West,NGC 6997 Panel 4,20 50 16,+44 40 51,90.0,FocusLynx Focuser 1,12178,12178,1.325,13.4,13.4,Manual Rotator,0.0,0.0,0.0,Starlight Xpress Filter Wheels,Ha,86.0,82.0,1012.0,15.95,212.0,12.888,2000.0,N.I.N.A. 3.1.2.9001 (x64),NGC 6997 Panel 4_Date_2025-07-16_Time_01-24-29_Type_LIGHT_Filter_Ha_Exp_600.00s_G_100_Off_10_Ecc_0.39_HFR_1.62px_FWHM_4.06_Temp_13.40_0000.xisf,1,12.9374743467347,
LIGHT,2025-07-11T01:45:44.144,2025-07-11T02:45:44.144,2025-07-11T01:50:44.730,600.0,600.0,ZWO ASI6200MM Pro,ZWO ASI6200MM Pro,100,10,0.246657639741898,1,1,-10.0,-10.0,3.76,3.76,40,66.2,52.2483888888889,-0.12325,NP101is,540.0,5.4,312.566731663767,44.6814930948912,81.7656388888889,206.94215,1.01035088509047,East,NGC 6997 Panel 4,20 50 16,+44 40 51,90.0,FocusLynx Focuser 1,12314,12314,1.325,16.2,16.2,Manual Rotator,0.0,0.0,0.0,Starlight Xpress Filter Wheels,Ha,0.0,0.0,0.0,0.0,0.0,0.0,2000.0,N.I.N.A. 3.1.2.9001 (x64),NGC 6997 Panel 4_Date_2025-07-11_Time_02-45-44_Type_LIGHT_Filter_Ha_Exp_600.00s_G_100_Off_10_Ecc_0.43_HFR_1.62px_FWHM_4.03_Temp_16.20_0022.xisf,1,,
LIGHT,2025-07-16T00:44:31.554,2025-07-16T01:44:31.554,2025-07-16T00:49:32.122,600.0,600.0,ZWO ASI6200MM Pro,ZWO ASI6200MM Pro,100,10,0.246657639741898,1,1,-10.0,-10.0,3.76,3.76,40,66.2,52.2483888888889,-0.12325,NP101is,540.0,5.4,312.567025249731,44.6809681633234,81.78366,153.35547,1.01030511346012,West,NGC 6997 Panel 4,20 50 16,+44 40 51,90.0,FocusLynx Focuser 1,12178,12178,1.325,13.3,13.3,Manual Rotator,0.0,0.0,0.0,Starlight Xpress Filter Wheels,Ha,86.0,82.0,1012.0,15.95,212.0,12.888,2000.0,N.I.N.A. 3.1.2.9001 (x64),NGC 6997 Panel 4_Date_2025-07-16_Time_01-44-31_Type_LIGHT_Filter_Ha_Exp_600.00s_G_100_Off_10_Ecc_0.38_HFR_1.63px_FWHM_4.10_Temp_13.30_0002.xisf,1,12.9374743467347,
LIGHT,2025-07-11T02:05:58.945,2025-07-11T03:05:58.945,2025-07-11T02:10:59.564,600.0,600.0,ZWO ASI6200MM Pro,ZWO ASI6200MM Pro,100,10,0.246657639741898,1,1,-10.0,-10.0,3.76,3.76,40,66.2,52.2483888888889,-0.12325,NP101is,540.0,5.4,312.565200725431,44.6836901930688,79.89338,226.4502,1.01567759423207,East,NGC 6997 Panel 4,20 50 16,+44 40 51,90.0,FocusLynx Focuser 1,12314,12314,1.325,16.0,16.0,Manual Rotator,0.0,0.0,0.0,Starlight Xpress Filter Wheels,Ha,0.0,0.0,0.0,0.0,0.0,0.0,2000.0,N.I.N.A. 3.1.2.9001 (x64),NGC 6997 Panel 4_Date_2025-07-11_Time_03-05-58_Type_LIGHT_Filter_Ha_Exp_600.00s_G_100_Off_10_Ecc_0.43_HFR_1.62px_FWHM_4.00_Temp_16.00_0024.xisf,1,,
LIGHT,2025-07-10T23:28:12.376,2025-07-11T00:28:12.376,2025-07-10T23:33:12.999,600.0,600.0,ZWO ASI6200MM Pro,ZWO ASI6200MM Pro,100,10,0.246657639741898,1,1,-10.0,-10.0,3.76,3.76,40,66.2,52.2483888888889,-0.12325,NP101is,540.0,5.4,312.563880115103,44.6845627406578,69.4240555555556,99.58463,1.06791729201728,West,NGC 6997 Panel 4,20 50 16,+44 40 51,90.0,FocusLynx Focuser 1,12358,12358,1.325,17.4,17.4,Manual Rotator,0.0,0.0,0.0,Starlight Xpress Filter Wheels,Ha,0.0,0.0,0.0,0.0,0.0,0.0,2000.0,N.I.N.A. 3.1.2.9001 (x64),NGC 6997 Panel 4_Date_2025-07-11_Time_00-28-12_Type_LIGHT_Filter_Ha_Exp_600.00s_G_100_Off_10_Ecc_0.43_HFR_1.61px_FWHM_3.87_Temp_17.40_0009.xisf,1,,
LIGHT,2025-07-16T21:46:38.490,2025-07-16T22:46:38.490,2025-07-16T21:51:39.055,600.0,600.0,ZWO ASI6200MM Pro,ZWO ASI6200MM Pro,100,10,0.246657639741898,1,1,-10.0,-10.0,3.76,3.76,40,66.2,52.2483888888889,-0.12325,NP101is,540.0,5.4,312.567036567576,44.6809680073051,57.49267,83.43809,1.18524938555538,West,NGC 6997 Panel 4,20 50 16,+44 40 51,90.0,FocusLynx Focuser 1,12270,12270,1.325,16.0,16.0,Manual Rotator,0.0,0.0,0.0,Starlight Xpress Filter Wheels,Ha,0.0,0.0,0.0,0.0,0.0,0.0,2000.0,N.I.N.A. 3.1.2.9001 (x64),NGC 6997 Panel 4_Date_2025-07-16_Time_22-46-38_Type_LIGHT_Filter_Ha_Exp_600.00s_G_100_Off_10_Ecc_0.40_HFR_1.62px_FWHM_4.01_Temp_16.00_0000.xisf,1,,
LIGHT,2025-07-16T01:04:45.968,2025-07-16T02:04:45.968,2025-07-16T01:09:46.519,600.0,600.0,ZWO ASI6200MM Pro,ZWO ASI6200MM Pro,100,10,0.246657639741898,1,1,-10.0,-10.0,3.76,3.76,40,66.2,52.2483888888889,-0.12325,NP101is,540.0,5.4,312.566297653298,44.6810249452855,82.52858,179.45266,1.00850383174769,West,NGC 6997 Panel 4,20 50 16,+44 40 51,90.0,FocusLynx Focuser 1,12178,12178,1.325,13.2,13.2,Manual Rotator,0.0,0.0,0.0,Starlight Xpress Filter Wheels,Ha,86.0,82.0,1012.0,15.95,212.0,12.888,2000.0,N.I.N.A. 3.1.2.9001 (x64),NGC 6997 Panel 4_Date_2025-07-16_Time_02-04-45_Type_LIGHT_Filter_Ha_Exp_600.00s_G_100_Off_10_Ecc_0.38_HFR_1.63px_FWHM_4.13_Temp_13.20_0004.xisf,1,12.9374743467347,
LIGHT,2025-07-16T02:00:53.948,2025-07-16T03:00:53.948,2025-07-16T02:05:54.548,600.0,600.0,ZWO ASI6200MM Pro,ZWO ASI6200MM Pro,100,10,0.246657639741898,1,1,-10.0,-10.0,3.76,3.76,40,66.2,52.2483888888889,-0.12325,NP101is,540.0,5.4,312.56759990198,44.6813193021157,78.1373333333333,236.522555555556,1.02172048598489,East,NGC 6997 Panel 4,20 50 16,+44 40 51,90.0,FocusLynx Focuser 1,12168,12168,1.325,12.8,12.8,Manual Rotator,0.0,0.0,0.0,Starlight Xpress Filter Wheels,Ha,86.0,82.0,1012.0,15.95,212.0,12.888,2000.0,N.I.N.A. 3.1.2.9001 (x64),NGC 6997 Panel 4_Date_2025-07-16_Time_03-00-53_Type_LIGHT_Filter_Ha_Exp_600.00s_G_100_Off_10_Ecc_0.40_HFR_1.64px_FWHM_4.12_Temp_12.80_0009.xisf,1,12.9374743467347,
LIGHT,2025-07-16T22:06:41.047,2025-07-16T23:06:41.047,2025-07-16T22:11:41.635,600.0,600.0,ZWO ASI6200MM Pro,ZWO ASI6200MM Pro,100,10,0.246657639741898,1,1,-10.0,-10.0,3.76,3.76,40,66.2,52.2483888888889,-0.12325,NP101is,540.0,5.4,312.56702586789,44.6809567608783,60.55938,86.98769,1.14785335780443,West,NGC 6997 Panel 4,20 50 16,+44 40 51,90.0,FocusLynx Focuser 1,12270,12270,1.325,15.4,15.4,Manual Rotator,0.0,0.0,0.0,Starlight Xpress Filter Wheels,Ha,0.0,0.0,0.0,0.0,0.0,0.0,2000.0,N.I.N.A. 3.1.2.9001 (x64),NGC 6997 Panel 4_Date_2025-07-16_Time_23-06-41_Type_LIGHT_Filter_Ha_Exp_600.00s_G_100_Off_10_Ecc_0.42_HFR_1.64px_FWHM_3.88_Temp_15.40_0002.xisf,1,,
LIGHT,2025-07-16T01:50:40.603,2025-07-16T02:50:40.603,2025-07-16T01:55:41.216,600.0,600.0,ZWO ASI6200MM Pro,ZWO ASI6200MM Pro,100,10,0.246657639741898,1,1,-10.0,-10.0,3.76,3.76,40,66.2,52.2483888888889,-0.12325,NP101is,540.0,5.4,312.567179396311,44.6809006457209,79.3941111111111,229.749777777778,1.01729133803673,East,NGC 6997 Panel 4,20 50 16,+44 40 51,90.0,FocusLynx Focuser 1,12168,12168,1.325,13.0,13.0,Manual Rotator,0.0,0.0,0.0,Starlight Xpress Filter Wheels,Ha,86.0,82.0,1012.0,15.95,212.0,12.888,2000.0,N.I.N.A. 3.1.2.9001 (x64),NGC 6997 Panel 4_Date_2025-07-16_Time_02-50-40_Type_LIGHT_Filter_Ha_Exp_600.00s_G_100_Off_10_Ecc_0.39_HFR_1.64px_FWHM_4.15_Temp_13.00_0008.xisf,1,12.9374743467347,
LIGHT,2025-07-16T01:30:38.264,2025-07-16T02:30:38.264,2025-07-16T01:35:38.806,600.0,600.0,ZWO ASI6200MM Pro,ZWO ASI6200MM Pro,100,10,0.246657639741898,1,1,-10.0,-10.0,3.76,3.76,40,66.2,52.2483888888889,-0.12325,NP101is,540.0,5.4,312.567190029588,44.6809095915524,81.42561,211.91372,1.01123404479287,East,NGC 6997 Panel 4,20 50 16,+44 40 51,90.0,FocusLynx Focuser 1,12168,12168,1.325,13.2,13.2,Manual Rotator,0.0,0.0,0.0,Starlight Xpress Filter Wheels,Ha,86.0,82.0,1012.0,15.95,212.0,12.888,2000.0,N.I.N.A. 3.1.2.9001 (x64),NGC 6997 Panel 4_Date_2025-07-16_Time_02-30-38_Type_LIGHT_Filter_Ha_Exp_600.00s_G_100_Off_10_Ecc_0.40_HFR_1.63px_FWHM_4.11_Temp_13.20_0006.xisf,1,12.9374743467347,
LIGHT,2025-07-16T01:14:47.239,2025-07-16T02:14:47.239,2025-07-16T01:19:47.776,600.0,600.0,ZWO ASI6200MM Pro,ZWO ASI6200MM Pro,100,10,0.246657639741898,1,1,-10.0,-10.0,3.76,3.76,40,66.2,52.2483888888889,-0.12325,NP101is,540.0,5.4,312.566327117908,44.6809742986519,82.3605277777778,193.00298,1.0088947560982,West,NGC 6997 Panel 4,20 50 16,+44 40 51,90.0,FocusLynx Focuser 1,12178,12178,1.325,13.2,13.2,Manual Rotator,0.0,0.0,0.0,Starlight Xpress Filter Wheels,Ha,86.0,82.0,1012.0,15.95,212.0,12.888,2000.0,N.I.N.A. 3.1.2.9001 (x64),NGC 6997 Panel 4_Date_2025-07-16_Time_02-14-47_Type_LIGHT_Filter_Ha_Exp_600.00s_G_100_Off_10_Ecc_0.37_HFR_1.63px_FWHM_4.15_Temp_13.20_0005.xisf,1,12.9374743467347,
LIGHT,2025-07-16T01:40:39.402,2025-07-16T02:40:39.402,2025-07-16T01:45:39.977,600.0,600.0,ZWO ASI6200MM Pro,ZWO ASI6200MM Pro,100,10,0.246657639741898,1,1,-10.0,-10.0,3.76,3.76,40,66.2,52.2483888888889,-0.12325,NP101is,540.0,5.4,312.567231361681,44.6809211451277,80.49724,221.69869,1.01383519413224,East,NGC 6997 Panel 4,20 50 16,+44 40 51,90.0,FocusLynx Focuser 1,12168,12168,1.325,13.0,13.0,Manual Rotator,0.0,0.0,0.0,Starlight Xpress Filter Wheels,Ha,86.0,82.0,1012.0,15.95,212.0,12.888,2000.0,N.I.N.A. 3.1.2.9001 (x64),NGC 6997 Panel 4_Date_2025-07-16_Time_02-40-39_Type_LIGHT_Filter_Ha_Exp_600.00s_G_100_Off_10_Ecc_0.39_HFR_1.63px_FWHM_4.11_Temp_13.00_0007.xisf,1,12.9374743467347,
LIGHT,2025-07-16T21:56:39.727,2025-07-16T22:56:39.727,2025-07-16T22:01:40.315,600.0,600.0,ZWO ASI6200MM Pro,ZWO ASI6200MM Pro,100,10,0.246657639741898,1,1,-10.0,-10.0,3.76,3.76,40,66.2,52.2483888888889,-0.12325,NP101is,540.0,5.4,312.566859865377,44.6809743567768,59.0287777777778,85.1857222222222,1.16580176795128,West,NGC 6997 Panel 4,20 50 16,+44 40 51,90.0,FocusLynx Focuser 1,12270,12270,1.325,15.6,15.6,Manual Rotator,0.0,0.0,0.0,Starlight Xpress Filter Wheels,Ha,0.0,0.0,0.0,0.0,0.0,0.0,2000.0,N.I.N.A. 3.1.2.9001 (x64),NGC 6997 Panel 4_Date_2025-07-16_Time_22-56-39_Type_LIGHT_Filter_Ha_Exp_600.00s_G_100_Off_10_Ecc_0.39_HFR_1.62px_FWHM_3.93_Temp_15.60_0001.xisf,1,,
LIGHT,2025-07-16T22:26:55.106,2025-07-16T23:26:55.106,2025-07-16T22:31:55.709,600.0,600.0,ZWO ASI6200MM Pro,ZWO ASI6200MM Pro,100,10,0.246657639741898,1,1,-10.0,-10.0,3.76,3.76,40,66.2,52.2483888888889,-0.12325,NP101is,540.0,5.4,312.567150039641,44.6809719265131,63.6662,90.89535,1.11544863194774,West,NGC 6997 Panel 4,20 50 16,+44 40 51,90.0,FocusLynx Focuser 1,12270,12270,1.325,14.7,14.7,Manual Rotator,0.0,0.0,0.0,Starlight Xpress Filter Wheels,Ha,0.0,0.0,0.0,0.0,0.0,0.0,2000.0,N.I.N.A. 3.1.2.9001 (x64),NGC 6997 Panel 4_Date_2025-07-16_Time_23-26-55_Type_LIGHT_Filter_Ha_Exp_600.00s_G_100_Off_10_Ecc_0.43_HFR_1.65px_FWHM_3.92_Temp_14.70_0004.xisf,1,,
LIGHT,2025-07-16T22:16:53.834,2025-07-16T23:16:53.834,2025-07-16T22:21:54.390,600.0,600.0,ZWO ASI6200MM Pro,ZWO ASI6200MM Pro,100,10,0.246657639741898,1,1,-10.0,-10.0,3.76,3.76,40,66.2,52.2483888888889,-0.12325,NP101is,540.0,5.4,312.567233483511,44.6809446336796,62.12154,88.90493,1.13091307087801,West,NGC 6997 Panel 4,20 50 16,+44 40 51,90.0,FocusLynx Focuser 1,12270,12270,1.325,15.0,15.0,Manual Rotator,0.0,0.0,0.0,Starlight Xpress Filter Wheels,Ha,0.0,0.0,0.0,0.0,0.0,0.0,2000.0,N.I.N.A. 3.1.2.9001 (x64),NGC 6997 Panel 4_Date_2025-07-16_Time_23-16-53_Type_LIGHT_Filter_Ha_Exp_600.00s_G_100_Off_10_Ecc_0.43_HFR_1.64px_FWHM_3.93_Temp_15.00_0003.xisf,1,,
LIGHT,2025-07-16T22:47:10.390,2025-07-16T23:47:10.390,2025-07-16T22:52:10.989,600.0,600.0,ZWO ASI6200MM Pro,ZWO ASI6200MM Pro,100,10,0.246657639741898,1,1,-10.0,-10.0,3.76,3.76,40,66.2,52.2483888888889,-0.12325,NP101is,540.0,5.4,312.566878784608,44.6792844054348,66.7648888888889,95.27183,1.08799257078226,West,NGC 6997 Panel 4,20 50 16,+44 40 51,90.0,FocusLynx Focuser 1,12270,12270,1.325,14.2,14.2,Manual Rotator,0.0,0.0,0.0,Starlight Xpress Filter Wheels,Ha,0.0,0.0,0.0,0.0,0.0,0.0,2000.0,N.I.N.A. 3.1.2.9001 (x64),NGC 6997 Panel 4_Date_2025-07-16_Time_23-47-10_Type_LIGHT_Filter_Ha_Exp_600.00s_G_100_Off_10_Ecc_0.47_HFR_1.68px_FWHM_3.96_Temp_14.20_0006.xisf,1,,
LIGHT,2025-09-05T02:42:51.1153001,2025-09-05T03:42:51.1153001,2025-09-05T02:47:51.7054763,600.0,600.0,ZWO ASI6200MM Pro,ZWOptical_ZWO ASI6200MM Pro_,100,10,0.246657639741898,1,1,-10.0,-10.0,3.76,3.76,40,66.2,52.2483888888889,-0.12325,NP101is,540.0,5.4,312.566868901561,44.6836653816247,42.18088,292.50223,1.48750540441398,East,NGC 6997 Panel 4,20 50 16,+44 40 51,90.0,FocusLynx Focuser 1,11739,11739,1.325,9.1,9.1,Manual Rotator,0.0,0.0,0.0,Ascom.SxUFW (v2) ,OIII,35.0,68.0,1000.1136005891,17.15,284.0,1.62,2000.0,N.I.N.A. 3.2.0.2007 (x64),NGC 6997 Panel 4_Date_2025-09-05_Time_03-42-51_Type_LIGHT_Filter_OIII_Exp_600.00s_G_100_Off_10_Ecc_0.40_HFR_1.65px_FWHM_4.05_Temp_9.10_0001.xisf,1,11.3063209138594,9.648
LIGHT,2025-07-16T22:36:56.458,2025-07-16T23:36:56.458,2025-07-16T22:41:57.065,600.0,600.0,ZWO ASI6200MM Pro,ZWO ASI6200MM Pro,100,10,0.246657639741898,1,1,-10.0,-10.0,3.76,3.76,40,66.2,52.2483888888889,-0.12325,NP101is,540.0,5.4,312.567149699607,44.680971295545,65.2003333333333,92.98669,1.1012823925009,West,NGC 6997 Panel 4,20 50 16,+44 40 51,90.0,FocusLynx Focuser 1,12270,12270,1.325,14.5,14.5,Manual Rotator,0.0,0.0,0.0,Starlight Xpress Filter Wheels,Ha,0.0,0.0,0.0,0.0,0.0,0.0,2000.0,N.I.N.A. 3.1.2.9001 (x64),NGC 6997 Panel 4_Date_2025-07-16_Time_23-36-56_Type_LIGHT_Filter_Ha_Exp_600.00s_G_100_Off_10_Ecc_0.45_HFR_1.66px_FWHM_3.91_Temp_14.50_0005.xisf,1,,
LIGHT,2025-07-17T02:24:12.877,2025-07-17T03:24:12.877,2025-07-17T02:29:13.496,600.0,600.0,ZWO ASI6200MM Pro,ZWO ASI6200MM Pro,100,10,0.246657639741898,1,1,-10.0,-10.0,3.76,3.76,40,66.2,52.2483888888889,-0.12325,NP101is,540.0,5.4,312.568926042264,44.6796480429758,74.4033333333333,249.65946,1.03808236852253,East,NGC 6997 Panel 4,20 50 16,+44 40 51,90.0,FocusLynx Focuser 1,12160,12160,1.325,13.0,13.0,Manual Rotator,0.0,0.0,0.0,Starlight Xpress Filter Wheels,Ha,0.0,0.0,0.0,0.0,0.0,0.0,2000.0,N.I.N.A. 3.1.2.9001 (x64),NGC 6997 Panel 4_Date_2025-07-17_Time_03-24-12_Type_LIGHT_Filter_Ha_Exp_600.00s_G_100_Off_10_Ecc_0.40_HFR_1.61px_FWHM_4.07_Temp_13.00_0026.xisf,1,,
LIGHT,2025-07-17T01:43:53.973,2025-07-17T02:43:53.973,2025-07-17T01:48:54.562,600.0,600.0,ZWO ASI6200MM Pro,ZWO ASI6200MM Pro,100,10,0.246657639741898,1,1,-10.0,-10.0,3.76,3.76,40,66.2,52.2483888888889,-0.12325,NP101is,540.0,5.4,312.566685228959,44.6813035986356,79.7264444444444,227.59182,1.01620801860651,East,NGC 6997 Panel 4,20 50 16,+44 40 51,90.0,FocusLynx Focuser 1,12160,12160,1.325,12.7,12.7,Manual Rotator,0.0,0.0,0.0,Starlight Xpress Filter Wheels,Ha,0.0,0.0,0.0,0.0,0.0,0.0,2000.0,N.I.N.A. 3.1.2.9001 (x64),NGC 6997 Panel 4_Date_2025-07-17_Time_02-43-53_Type_LIGHT_Filter_Ha_Exp_600.00s_G_100_Off_10_Ecc_0.37_HFR_1.69px_FWHM_4.43_Temp_12.70_0022.xisf,1,,
LIGHT,2025-07-17T00:06:58.425,2025-07-17T01:06:58.425,2025-07-17T00:11:58.998,600.0,600.0,ZWO ASI6200MM Pro,ZWO ASI6200MM Pro,100,10,0.246657639741898,1,1,-10.0,-10.0,3.76,3.76,40,66.2,52.2483888888889,-0.12325,NP101is,540.0,5.4,312.567150026952,44.680518906704,78.3310555555556,124.41038,1.02100323009957,West,NGC 6997 Panel 4,20 50 16,+44 40 51,90.0,FocusLynx Focuser 1,12193,12193,1.325,13.0,13.0,Manual Rotator,0.0,0.0,0.0,Starlight Xpress Filter Wheels,Ha,0.0,0.0,0.0,0.0,0.0,0.0,2000.0,N.I.N.A. 3.1.2.9001 (x64),NGC 6997 Panel 4_Date_2025-07-17_Time_01-06-58_Type_LIGHT_Filter_Ha_Exp_600.00s_G_100_Off_10_Ecc_0.40_HFR_1.64px_FWHM_4.01_Temp_13.00_0013.xisf,1,,
LIGHT,2025-07-17T01:53:55.285,2025-07-17T02:53:55.285,2025-07-17T01:58:55.837,600.0,600.0,ZWO ASI6200MM Pro,ZWO ASI6200MM Pro,100,10,0.246657639741898,1,1,-10.0,-9.9,3.76,3.76,40,66.2,52.2483888888889,-0.12325,NP101is,540.0,5.4,312.566610034536,44.6813130906704,78.52318,234.63677,1.02030438388967,East,NGC 6997 Panel 4,20 50 16,+44 40 51,90.0,FocusLynx Focuser 1,12160,12160,1.325,12.8,12.8,Manual Rotator,0.0,0.0,0.0,Starlight Xpress Filter Wheels,Ha,0.0,0.0,0.0,0.0,0.0,0.0,2000.0,N.I.N.A. 3.1.2.9001 (x64),NGC 6997 Panel 4_Date_2025-07-17_Time_02-53-55_Type_LIGHT_Filter_Ha_Exp_600.00s_G_100_Off_10_Ecc_0.38_HFR_1.66px_FWHM_4.26_Temp_12.80_0023.xisf,1,,
LIGHT,2025-07-16T23:36:42.924,2025-07-17T00:36:42.924,2025-07-16T23:41:43.519,600.0,600.0,ZWO ASI6200MM Pro,ZWO ASI6200MM Pro,100,10,0.246657639741898,1,1,-10.0,-10.0,3.76,3.76,40,66.2,52.2483888888889,-0.12325,NP101is,540.0,5.4,312.567106035968,44.6809609243483,74.1837222222222,109.74549,1.03919913547849,West,NGC 6997 Panel 4,20 50 16,+44 40 51,90.0,FocusLynx Focuser 1,12193,12193,1.325,13.2,13.2,Manual Rotator,0.0,0.0,0.0,Starlight Xpress Filter Wheels,Ha,0.0,0.0,0.0,0.0,0.0,0.0,2000.0,N.I.N.A. 3.1.2.9001 (x64),NGC 6997 Panel 4_Date_2025-07-17_Time_00-36-42_Type_LIGHT_Filter_Ha_Exp_600.00s_G_100_Off_10_Ecc_0.37_HFR_1.63px_FWHM_4.13_Temp_13.20_0010.xisf,1,,
LIGHT,2025-07-17T02:14:11.616,2025-07-17T03:14:11.616,2025-07-17T02:19:12.180,600.0,600.0,ZWO ASI6200MM Pro,ZWO ASI6200MM Pro,100,10,0.246657639741898,1,1,-10.0,-10.0,3.76,3.76,40,66.2,52.2483888888889,-0.12325,NP101is,540.0,5.4,312.568879759951,44.6796376562619,75.8245,245.468861111111,1.0312770476822,East,NGC 6997 Panel 4,20 50 16,+44 40 51,90.0,FocusLynx Focuser 1,12160,12160,1.325,13.0,13.0,Manual Rotator,0.0,0.0,0.0,Starlight Xpress Filter Wheels,Ha,0.0,0.0,0.0,0.0,0.0,0.0,2000.0,N.I.N.A. 3.1.2.9001 (x64),NGC 6997 Panel 4_Date_2025-07-17_Time_03-14-11_Type_LIGHT_Filter_Ha_Exp_600.00s_G_100_Off_10_Ecc_0.40_HFR_1.62px_FWHM_4.07_Temp_13.00_0025.xisf,1,,
LIGHT,2025-07-16T23:22:06.965,2025-07-17T00:22:06.965,2025-07-16T23:27:07.569,600.0,600.0,ZWO ASI6200MM Pro,ZWO ASI6200MM Pro,100,10,0.246657639741898,1,1,-10.0,-10.0,3.76,3.76,40,66.2,52.2483888888889,-0.12325,NP101is,540.0,5.4,312.567014791907,44.6799619759601,72.04238,104.67019,1.05102970651227,West,NGC 6997 Panel 4,20 50 16,+44 40 51,90.0,FocusLynx Focuser 1,12215,12215,1.325,13.6,13.6,Manual Rotator,0.0,0.0,0.0,Starlight Xpress Filter Wheels,Ha,0.0,0.0,0.0,0.0,0.0,0.0,2000.0,N.I.N.A. 3.1.2.9001 (x64),NGC 6997 Panel 4_Date_2025-07-17_Time_00-22-06_Type_LIGHT_Filter_Ha_Exp_600.00s_G_100_Off_10_Ecc_0.38_HFR_1.64px_FWHM_4.07_Temp_13.60_0009.xisf,1,,
LIGHT,2025-07-17T02:34:26.597,2025-07-17T03:34:26.597,2025-07-17T02:39:27.174,600.0,600.0,ZWO ASI6200MM Pro,ZWO ASI6200MM Pro,100,10,0.246657639741898,1,1,-10.0,-10.0,3.76,3.76,40,66.2,52.2483888888889,-0.12325,NP101is,540.0,5.4,312.567082601648,44.6798295936381,72.91401,253.387,1.04600550605191,East,NGC 6997 Panel 4,20 50 16,+44 40 51,90.0,FocusLynx Focuser 1,12160,12160,1.325,13.0,13.0,Manual Rotator,0.0,0.0,0.0,Starlight Xpress Filter Wheels,Ha,0.0,0.0,0.0,0.0,0.0,0.0,2000.0,N.I.N.A. 3.1.2.9001 (x64),NGC 6997 Panel 4_Date_2025-07-17_Time_03-34-26_Type_LIGHT_Filter_Ha_Exp_600.00s_G_100_Off_10_Ecc_0.40_HFR_1.61px_FWHM_4.04_Temp_13.00_0027.xisf,1,,
LIGHT,2025-07-16T23:11:53.137,2025-07-17T00:11:53.137,2025-07-16T23:16:53.718,600.0,600.0,ZWO ASI6200MM Pro,ZWO ASI6200MM Pro,100,10,0.246657639741898,1,1,-10.0,-10.1,3.76,3.76,40,66.2,52.2483888888889,-0.12325,NP101is,540.0,5.4,312.566851387522,44.6793028896802,70.51825,101.601,1.0605251674176,West,NGC 6997 Panel 4,20 50 16,+44 40 51,90.0,FocusLynx Focuser 1,12215,12215,1.325,13.8,13.8,Manual Rotator,0.0,0.0,0.0,Starlight Xpress Filter Wheels,Ha,0.0,0.0,0.0,0.0,0.0,0.0,2000.0,N.I.N.A. 3.1.2.9001 (x64),NGC 6997 Panel 4_Date_2025-07-17_Time_00-11-53_Type_LIGHT_Filter_Ha_Exp_600.00s_G_100_Off_10_Ecc_0.38_HFR_1.64px_FWHM_4.09_Temp_13.80_0008.xisf,1,,
LIGHT,2025-07-16T23:46:44.182,2025-07-17T00:46:44.182,2025-07-16T23:51:44.752,600.0,600.0,ZWO ASI6200MM Pro,ZWO ASI6200MM Pro,100,10,0.246657639741898,1,1,-10.0,-10.0,3.76,3.76,40,66.2,52.2483888888889,-0.12325,NP101is,540.0,5.4,312.567047380856,44.6809403922988,75.6141111111111,113.85604,1.03223893076346,West,NGC 6997 Panel 4,20 50 16,+44 40 51,90.0,FocusLynx Focuser 1,12193,12193,1.325,13.0,13.0,Manual Rotator,0.0,0.0,0.0,Starlight Xpress Filter Wheels,Ha,0.0,0.0,0.0,0.0,0.0,0.0,2000.0,N.I.N.A. 3.1.2.9001 (x64),NGC 6997 Panel 4_Date_2025-07-17_Time_00-46-44_Type_LIGHT_Filter_Ha_Exp_600.00s_G_100_Off_10_Ecc_0.37_HFR_1.64px_FWHM_4.12_Temp_13.00_0011.xisf,1,,
LIGHT,2025-09-06T23:55:28.4086511,2025-09-07T00:55:28.4086511,2025-09-07T00:00:28.9412551,600.0,600.0,ZWO ASI6200MM Pro,ZWOptical_ZWO ASI6200MM Pro_,100,10,0.246657639741898,1,1,-10.0,-10.0,3.76,3.76,40,66.2,52.2483888888889,-0.12325,NP101is,540.0,5.4,312.566119920757,44.6813472133965,66.06103,265.79293,1.09383076448492,East,NGC 6997 Panel 4,20 50 16,+44 40 51,90.0,FocusLynx Focuser 1,11812,11812,1.325,15.0,15.0,Manual Rotator,0.0,0.0,0.0,Ascom.SxUFW (v2) ,OIII,,,,,,,2000.0,N.I.N.A. 3.2.0.2007 (x64),NGC 6997 Panel 4_Date_2025-09-07_Time_00-55-28_Type_LIGHT_Filter_OIII_Exp_600.00s_G_100_Off_10_Ecc_0.36_HFR_1.68px_FWHM_4.26_Temp_15.00_0070.xisf,1,,
LIGHT,2025-07-16T23:56:57.208,2025-07-17T00:56:57.208,2025-07-17T00:01:57.788,600.0,600.0,ZWO ASI6200MM Pro,ZWO ASI6200MM Pro,100,10,0.246657639741898,1,1,-10.0,-9.9,3.76,3.76,40,66.2,52.2483888888889,-0.12325,NP101is,540.0,5.4,312.567135430147,44.6805295691064,77.0221944444444,118.74472,1.02609748533246,West,NGC 6997 Panel 4,20 50 16,+44 40 51,90.0,FocusLynx Focuser 1,12193,12193,1.325,13.1,13.1,Manual Rotator,0.0,0.0,0.0,Starlight Xpress Filter Wheels,Ha,0.0,0.0,0.0,0.0,0.0,0.0,2000.0,N.I.N.A. 3.1.2.9001 (x64),NGC 6997 Panel 4_Date_2025-07-17_Time_00-56-57_Type_LIGHT_Filter_Ha_Exp_600.00s_G_100_Off_10_Ecc_0.38_HFR_1.64px_FWHM_4.05_Temp_13.10_0012.xisf,1,,
LIGHT,2025-09-05T02:32:49.8807010,2025-09-05T03:32:49.8807010,2025-09-05T02:37:50.4349943,600.0,600.0,ZWO ASI6200MM Pro,ZWOptical_ZWO ASI6200MM Pro_,100,10,0.246657639741898,1,1,-10.0,-10.0,3.76,3.76,40,66.2,52.2483888888889,-0.12325,NP101is,540.0,5.4,312.566838664252,44.6836958717711,43.60486,291.04906,1.44838785417148,East,NGC 6997 Panel 4,20 50 16,+44 40 51,90.0,FocusLynx Focuser 1,11739,11739,1.325,9.2,9.2,Manual Rotator,0.0,0.0,0.0,Ascom.SxUFW (v2) ,OIII,35.0,68.0,1000.1136005891,17.15,284.0,1.62,2000.0,N.I.N.A. 3.2.0.2007 (x64),NGC 6997 Panel 4_Date_2025-09-05_Time_03-32-49_Type_LIGHT_Filter_OIII_Exp_600.00s_G_100_Off_10_Ecc_0.39_HFR_1.65px_FWHM_4.13_Temp_9.20_0000.xisf,1,11.3063209138594,9.648
LIGHT,2025-09-05T03:13:08.9393114,2025-09-05T04:13:08.9393114,2025-09-05T03:18:09.5178999,600.0,600.0,ZWO ASI6200MM Pro,ZWOptical_ZWO ASI6200MM Pro_,100,10,0.246657639741898,1,1,-10.0,-10.0,3.76,3.76,40,66.2,52.2483888888889,-0.12325,NP101is,540.0,5.4,312.5665253752,44.6835746873076,37.95606,296.88178,1.62330812311291,East,NGC 6997 Panel 4,20 50 16,+44 40 51,90.0,FocusLynx Focuser 1,11739,11739,1.325,9.0,9.0,Manual Rotator,0.0,0.0,0.0,Ascom.SxUFW (v2) ,OIII,35.0,68.0,1000.1136005891,17.15,284.0,1.62,2000.0,N.I.N.A. 3.2.0.2007 (x64),NGC 6997 Panel 4_Date_2025-09-05_Time_04-13-08_Type_LIGHT_Filter_OIII_Exp_600.00s_G_100_Off_10_Ecc_0.40_HFR_1.64px_FWHM_4.01_Temp_9.00_0004.xisf,1,11.3063209138594,9.648
LIGHT,2025-09-05T02:52:52.4806925,2025-09-05T03:52:52.4806925,2025-09-05T02:57:53.0093190,600.0,600.0,ZWO ASI6200MM Pro,ZWOptical_ZWO ASI6200MM Pro_,100,10,0.246657639741898,1,1,-10.0,-10.0,3.76,3.76,40,66.2,52.2483888888889,-0.12325,NP101is,540.0,5.4,312.566854326392,44.6836649708348,40.76445,293.95694,1.52952286155501,East,NGC 6997 Panel 4,20 50 16,+44 40 51,90.0,FocusLynx Focuser 1,11739,11739,1.325,9.1,9.1,Manual Rotator,0.0,0.0,0.0,Ascom.SxUFW (v2) ,OIII,35.0,68.0,1000.1136005891,17.15,284.0,1.62,2000.0,N.I.N.A. 3.2.0.2007 (x64),NGC 6997 Panel 4_Date_2025-09-05_Time_03-52-52_Type_LIGHT_Filter_OIII_Exp_600.00s_G_100_Off_10_Ecc_0.39_HFR_1.68px_FWHM_4.20_Temp_9.10_0002.xisf,1,11.3063209138594,9.648
LIGHT,2025-09-05T03:23:10.2813711,2025-09-05T04:23:10.2813711,2025-09-05T03:28:11.4736280,600.0,600.0,ZWO ASI6200MM Pro,ZWOptical_ZWO ASI6200MM Pro_,100,10,0.246657639741898,1,1,-10.0,-10.0,3.76,3.76,40,66.2,52.2483888888889,-0.12325,NP101is,540.0,5.4,312.56658585327,44.6836241407055,36.59238,298.32821,1.67461299740486,East,NGC 6997 Panel 4,20 50 16,+44 40 51,90.0,FocusLynx Focuser 1,11739,11739,1.325,8.9,8.9,Manual Rotator,0.0,0.0,0.0,Ascom.SxUFW (v2) ,OIII,35.0,68.0,1000.1136005891,17.15,284.0,1.62,2000.0,N.I.N.A. 3.2.0.2007 (x64),NGC 6997 Panel 4_Date_2025-09-05_Time_04-23-10_Type_LIGHT_Filter_OIII_Exp_600.00s_G_100_Off_10_Ecc_0.41_HFR_1.64px_FWHM_3.98_Temp_8.90_0005.xisf,1,11.3063209138594,9.648
LIGHT,2025-09-05T03:33:28.1800358,2025-09-05T04:33:28.1800358,2025-09-05T03:38:28.7084591,600.0,600.0,ZWO ASI6200MM Pro,ZWOptical_ZWO ASI6200MM Pro_,100,10,0.246657639741898,1,1,-10.0,-10.0,3.76,3.76,40,66.2,52.2483888888889,-0.12325,NP101is,540.0,5.4,312.567366328717,44.6840122769083,35.2172777777778,299.80875,1.73074722774275,East,NGC 6997 Panel 4,20 50 16,+44 40 51,90.0,FocusLynx Focuser 1,11739,11739,1.325,8.8,8.8,Manual Rotator,0.0,0.0,0.0,Ascom.SxUFW (v2) ,OIII,35.0,68.0,1000.1136005891,17.15,284.0,1.62,2000.0,N.I.N.A. 3.2.0.2007 (x64),NGC 6997 Panel 4_Date_2025-09-05_Time_04-33-28_Type_LIGHT_Filter_OIII_Exp_600.00s_G_100_Off_10_Ecc_0.40_HFR_1.65px_FWHM_4.01_Temp_8.80_0006.xisf,1,11.3063209138594,9.648
LIGHT,2025-09-06T22:34:39.5853697,2025-09-06T23:34:39.5853697,2025-09-06T22:39:40.1349265,600.0,600.0,ZWO ASI6200MM Pro,ZWOptical_ZWO ASI6200MM Pro_,100,10,0.246657639741898,1,1,-10.0,-10.0,3.76,3.76,40,66.2,52.2483888888889,-0.12325,NP101is,540.0,5.4,312.56702755126,44.6809286697209,77.8727,237.76004,1.02272081103194,East,NGC 6997 Panel 4,20 50 16,+44 40 51,90.0,FocusLynx Focuser 1,11812,11812,1.325,15.1,15.1,Manual Rotator,0.0,0.0,0.0,Ascom.SxUFW (v2) ,OIII,,,,,,,2000.0,N.I.N.A. 3.2.0.2007 (x64),NGC 6997 Panel 4_Date_2025-09-06_Time_23-34-39_Type_LIGHT_Filter_OIII_Exp_600.00s_G_100_Off_10_Ecc_0.38_HFR_1.64px_FWHM_4.07_Temp_15.10_0062.xisf,1,,
LIGHT,2025-09-06T22:24:38.4207117,2025-09-06T23:24:38.4207117,2025-09-06T22:29:38.9542035,600.0,600.0,ZWO ASI6200MM Pro,ZWOptical_ZWO ASI6200MM Pro_,100,10,0.246657639741898,1,1,-10.0,-10.0,3.76,3.76,40,66.2,52.2483888888889,-0.12325,NP101is,540.0,5.4,312.567131842555,44.6809288641197,79.12313,231.41193,1.01820172870917,East,NGC 6997 Panel 4,20 50 16,+44 40 51,90.0,FocusLynx Focuser 1,11812,11812,1.325,15.0,15.0,Manual Rotator,0.0,0.0,0.0,Ascom.SxUFW (v2) ,OIII,,,,,,,2000.0,N.I.N.A. 3.2.0.2007 (x64),NGC 6997 Panel 4_Date_2025-09-06_Time_23-24-38_Type_LIGHT_Filter_OIII_Exp_600.00s_G_100_Off_10_Ecc_0.38_HFR_1.66px_FWHM_4.10_Temp_15.00_0061.xisf,1,,
LIGHT,2025-09-05T03:43:29.4196498,2025-09-05T04:43:29.4196498,2025-09-05T03:48:29.9881774,600.0,600.0,ZWO ASI6200MM Pro,ZWOptical_ZWO ASI6200MM Pro_,100,10,0.246657639741898,1,1,-10.0,-10.0,3.76,3.76,40,66.2,52.2483888888889,-0.12325,NP101is,540.0,5.4,312.567367268461,44.6841618405635,33.8944166666667,301.25696,1.78940444824386,East,NGC 6997 Panel 4,20 50 16,+44 40 51,90.0,FocusLynx Focuser 1,11739,11739,1.325,8.8,8.8,Manual Rotator,0.0,0.0,0.0,Ascom.SxUFW (v2) ,OIII,35.0,68.0,1000.1136005891,17.15,284.0,1.62,2000.0,N.I.N.A. 3.2.0.2007 (x64),NGC 6997 Panel 4_Date_2025-09-05_Time_04-43-29_Type_LIGHT_Filter_OIII_Exp_600.00s_G_100_Off_10_Ecc_0.40_HFR_1.64px_FWHM_4.00_Temp_8.80_0007.xisf,1,11.3063209138594,9.648
LIGHT,2025-09-06T22:54:55.9458718,2025-09-06T23:54:55.9458718,2025-09-06T22:59:56.4879901,600.0,600.0,ZWO ASI6200MM Pro,ZWOptical_ZWO ASI6200MM Pro_,100,10,0.246657639741898,1,1,-10.0,-10.0,3.76,3.76,40,66.2,52.2483888888889,-0.12325,NP101is,540.0,5.4,312.567746958468,44.6808065825778,75.10253,247.71712,1.03464358617913,East,NGC 6997 Panel 4,20 50 16,+44 40 51,90.0,FocusLynx Focuser 1,11812,11812,1.325,15.0,15.0,Manual Rotator,0.0,0.0,0.0,Ascom.SxUFW (v2) ,OIII,,,,,,,2000.0,N.I.N.A. 3.2.0.2007 (x64),NGC 6997 Panel 4_Date_2025-09-06_Time_23-54-55_Type_LIGHT_Filter_OIII_Exp_600.00s_G_100_Off_10_Ecc_0.39_HFR_1.65px_FWHM_4.13_Temp_15.00_0064.xisf,1,,
LIGHT,2025-09-07T02:46:00.6216620,2025-09-07T03:46:00.6216620,2025-09-07T02:51:01.1553183,600.0,600.0,ZWO ASI6200MM Pro,ZWOptical_ZWO ASI6200MM Pro_,100,10,0.246657639741898,1,1,-10.0,-10.0,3.76,3.76,40,66.2,52.2483888888889,-0.12325,NP101is,540.0,5.4,312.567014282914,44.6818290433696,40.62469,294.09786,1.53384858665048,East,NGC 6997 Panel 4,20 50 16,+44 40 51,90.0,FocusLynx Focuser 1,11810,11810,1.325,14.6,14.6,Manual Rotator,0.0,0.0,0.0,Ascom.SxUFW (v2) ,OIII,,,,,,,2000.0,N.I.N.A. 3.2.0.2007 (x64),NGC 6997 Panel 4_Date_2025-09-07_Time_03-46-00_Type_LIGHT_Filter_OIII_Exp_600.00s_G_100_Off_10_Ecc_0.35_HFR_1.66px_FWHM_4.27_Temp_14.60_0086.xisf,1,,
LIGHT,2025-09-05T03:03:07.6731380,2025-09-05T04:03:07.6731380,2025-09-05T03:08:08.2167132,600.0,600.0,ZWO ASI6200MM Pro,ZWOptical_ZWO ASI6200MM Pro_,100,10,0.246657639741898,1,1,-10.0,-10.0,3.76,3.76,40,66.2,52.2483888888889,-0.12325,NP101is,540.0,5.4,312.566510110439,44.6836051493622,39.33225,295.4406,1.57548853338463,East,NGC 6997 Panel 4,20 50 16,+44 40 51,90.0,FocusLynx Focuser 1,11739,11739,1.325,9.0,9.0,Manual Rotator,0.0,0.0,0.0,Ascom.SxUFW (v2) ,OIII,35.0,68.0,1000.1136005891,17.15,284.0,1.62,2000.0,N.I.N.A. 3.2.0.2007 (x64),NGC 6997 Panel 4_Date_2025-09-05_Time_04-03-07_Type_LIGHT_Filter_OIII_Exp_600.00s_G_100_Off_10_Ecc_0.39_HFR_1.64px_FWHM_4.04_Temp_9.00_0003.xisf,1,11.3063209138594,9.648
LIGHT,2025-09-06T23:04:57.1380699,2025-09-07T00:04:57.1380699,2025-09-06T23:09:57.6824665,600.0,600.0,ZWO ASI6200MM Pro,ZWOptical_ZWO ASI6200MM Pro_,100,10,0.246657639741898,1,1,-10.0,-10.0,3.76,3.76,40,66.2,52.2483888888889,-0.12325,NP101is,540.0,5.4,312.567687627712,44.6808163060117,73.6624166666667,251.60966,1.04192106765446,East,NGC 6997 Panel 4,20 50 16,+44 40 51,90.0,FocusLynx Focuser 1,11812,11812,1.325,15.0,15.0,Manual Rotator,0.0,0.0,0.0,Ascom.SxUFW (v2) ,OIII,,,,,,,2000.0,N.I.N.A. 3.2.0.2007 (x64),NGC 6997 Panel 4_Date_2025-09-07_Time_00-04-57_Type_LIGHT_Filter_OIII_Exp_600.00s_G_100_Off_10_Ecc_0.38_HFR_1.64px_FWHM_4.07_Temp_15.00_0065.xisf,1,,
LIGHT,2025-09-06T22:44:40.8715040,2025-09-06T23:44:40.8715040,2025-09-06T22:49:41.3987966,600.0,600.0,ZWO ASI6200MM Pro,ZWOptical_ZWO ASI6200MM Pro_,100,10,0.246657639741898,1,1,-10.0,-10.0,3.76,3.76,40,66.2,52.2483888888889,-0.12325,NP101is,540.0,5.4,312.566983195829,44.6809383645489,76.5320555555556,243.09748,1.02815661102767,East,NGC 6997 Panel 4,20 50 16,+44 40 51,90.0,FocusLynx Focuser 1,11812,11812,1.325,15.1,15.1,Manual Rotator,0.0,0.0,0.0,Ascom.SxUFW (v2) ,OIII,,,,,,,2000.0,N.I.N.A. 3.2.0.2007 (x64),NGC 6997 Panel 4_Date_2025-09-06_Time_23-44-40_Type_LIGHT_Filter_OIII_Exp_600.00s_G_100_Off_10_Ecc_0.38_HFR_1.65px_FWHM_4.11_Temp_15.10_0063.xisf,1,,
LIGHT,2025-09-06T23:14:58.4092875,2025-09-07T00:14:58.4092875,2025-09-06T23:19:58.9642674,600.0,600.0,ZWO ASI6200MM Pro,ZWOptical_ZWO ASI6200MM Pro_,100,10,0.246657639741898,1,1,-10.0,-10.0,3.76,3.76,40,66.2,52.2483888888889,-0.12325,NP101is,540.0,5.4,312.567628263901,44.6808160277379,72.18493,255.04354,1.05018811032501,East,NGC 6997 Panel 4,20 50 16,+44 40 51,90.0,FocusLynx Focuser 1,11812,11812,1.325,14.9,14.9,Manual Rotator,0.0,0.0,0.0,Ascom.SxUFW (v2) ,OIII,,,,,,,2000.0,N.I.N.A. 3.2.0.2007 (x64),NGC 6997 Panel 4_Date_2025-09-07_Time_00-14-58_Type_LIGHT_Filter_OIII_Exp_600.00s_G_100_Off_10_Ecc_0.37_HFR_1.65px_FWHM_4.18_Temp_14.90_0066.xisf,1,,
LIGHT,2025-09-06T23:45:14.1871601,2025-09-07T00:45:14.1871601,2025-09-06T23:50:14.7388404,600.0,600.0,ZWO ASI6200MM Pro,ZWOptical_ZWO ASI6200MM Pro_,100,10,0.246657639741898,1,1,-10.0,-9.8,3.76,3.76,40,66.2,52.2483888888889,-0.12325,NP101is,540.0,5.4,312.56712063786,44.6807857889269,67.62503,263.41619,1.08116190654712,East,NGC 6997 Panel 4,20 50 16,+44 40 51,90.0,FocusLynx Focuser 1,11812,11812,1.325,15.0,15.0,Manual Rotator,0.0,0.0,0.0,Ascom.SxUFW (v2) ,OIII,,,,,,,2000.0,N.I.N.A. 3.2.0.2007 (x64),NGC 6997 Panel 4_Date_2025-09-07_Time_00-45-14_Type_LIGHT_Filter_OIII_Exp_600.00s_G_100_Off_10_Ecc_0.37_HFR_1.66px_FWHM_4.17_Temp_15.00_0069.xisf,1,,
LIGHT,2025-09-06T23:35:12.9337241,2025-09-07T00:35:12.9337241,2025-09-06T23:40:13.4623477,600.0,600.0,ZWO ASI6200MM Pro,ZWOptical_ZWO ASI6200MM Pro_,100,10,0.246657639741898,1,1,-10.0,-10.0,3.76,3.76,40,66.2,52.2483888888889,-0.12325,NP101is,540.0,5.4,312.567105202109,44.6808062023616,69.15077,260.8958,1.06984066704331,East,NGC 6997 Panel 4,20 50 16,+44 40 51,90.0,FocusLynx Focuser 1,11812,11812,1.325,14.9,14.9,Manual Rotator,0.0,0.0,0.0,Ascom.SxUFW (v2) ,OIII,,,,,,,2000.0,N.I.N.A. 3.2.0.2007 (x64),NGC 6997 Panel 4_Date_2025-09-07_Time_00-35-12_Type_LIGHT_Filter_OIII_Exp_600.00s_G_100_Off_10_Ecc_0.38_HFR_1.67px_FWHM_4.19_Temp_14.90_0068.xisf,1,,
LIGHT,2025-09-07T01:05:00.7912310,2025-09-07T02:05:00.7912310,2025-09-07T01:10:01.3599181,600.0,600.0,ZWO ASI6200MM Pro,ZWOptical_ZWO ASI6200MM Pro_,100,10,0.246657639741898,1,1,-10.0,-10.0,3.76,3.76,40,66.2,52.2483888888889,-0.12325,NP101is,540.0,5.4,312.567696607726,44.6815316774707,55.4280555555556,278.84331,1.21383198161359,East,NGC 6997 Panel 4,20 50 16,+44 40 51,90.0,FocusLynx Focuser 1,11810,11810,1.325,15.0,15.0,Manual Rotator,0.0,0.0,0.0,Ascom.SxUFW (v2) ,OIII,,,,,,,2000.0,N.I.N.A. 3.2.0.2007 (x64),NGC 6997 Panel 4_Date_2025-09-07_Time_02-05-00_Type_LIGHT_Filter_OIII_Exp_600.00s_G_100_Off_10_Ecc_0.35_HFR_1.69px_FWHM_4.34_Temp_15.00_0076.xisf,1,,
LIGHT,2025-09-07T00:05:29.5817665,2025-09-07T01:05:29.5817665,2025-09-07T00:10:30.1133216,600.0,600.0,ZWO ASI6200MM Pro,ZWOptical_ZWO ASI6200MM Pro_,100,10,0.246657639741898,1,1,-10.0,-10.0,3.76,3.76,40,66.2,52.2483888888889,-0.12325,NP101is,540.0,5.4,312.566060520232,44.6813369372736,64.52789,267.95859,1.10734974340605,East,NGC 6997 Panel 4,20 50 16,+44 40 51,90.0,FocusLynx Focuser 1,11812,11812,1.325,15.1,15.1,Manual Rotator,0.0,0.0,0.0,Ascom.SxUFW (v2) ,OIII,,,,,,,2000.0,N.I.N.A. 3.2.0.2007 (x64),NGC 6997 Panel 4_Date_2025-09-07_Time_01-05-29_Type_LIGHT_Filter_OIII_Exp_600.00s_G_100_Off_10_Ecc_0.37_HFR_1.68px_FWHM_4.26_Temp_15.10_0071.xisf,1,,
LIGHT,2025-09-07T01:15:02.0749455,2025-09-07T02:15:02.0749455,2025-09-07T01:20:02.6053159,600.0,600.0,ZWO ASI6200MM Pro,ZWOptical_ZWO ASI6200MM Pro_,100,10,0.246657639741898,1,1,-10.0,-10.0,3.76,3.76,40,66.2,52.2483888888889,-0.12325,NP101is,540.0,5.4,312.56786185947,44.68153099297,53.9141111111111,280.4642,1.23672010802295,East,NGC 6997 Panel 4,20 50 16,+44 40 51,90.0,FocusLynx Focuser 1,11810,11810,1.325,14.9,14.9,Manual Rotator,0.0,0.0,0.0,Ascom.SxUFW (v2) ,OIII,,,,,,,2000.0,N.I.N.A. 3.2.0.2007 (x64),NGC 6997 Panel 4_Date_2025-09-07_Time_02-15-02_Type_LIGHT_Filter_OIII_Exp_600.00s_G_100_Off_10_Ecc_0.34_HFR_1.73px_FWHM_4.49_Temp_14.90_0077.xisf,1,,
LIGHT,2025-09-07T00:50:20.5199902,2025-09-07T01:50:20.5199902,2025-09-07T00:55:21.0640565,600.0,600.0,ZWO ASI6200MM Pro,ZWOptical_ZWO ASI6200MM Pro_,100,10,0.246657639741898,1,1,-10.0,-10.0,3.76,3.76,40,66.2,52.2483888888889,-0.12325,NP101is,540.0,5.4,312.567036598286,44.6814334401183,57.65603,276.38965,1.18310995805357,East,NGC 6997 Panel 4,20 50 16,+44 40 51,90.0,FocusLynx Focuser 1,11803,11803,1.325,15.0,15.0,Manual Rotator,0.0,0.0,0.0,Ascom.SxUFW (v2) ,OIII,,,,,,,2000.0,N.I.N.A. 3.2.0.2007 (x64),NGC 6997 Panel 4_Date_2025-09-07_Time_01-50-20_Type_LIGHT_Filter_OIII_Exp_600.00s_G_100_Off_10_Ecc_0.35_HFR_1.68px_FWHM_4.29_Temp_15.00_0075.xisf,1,,
LIGHT,2025-07-16T23:01:51.883,2025-07-17T00:01:51.883,2025-07-16T23:06:52.475,600.0,600.0,ZWO ASI6200MM Pro,ZWO ASI6200MM Pro,100,10,0.246657639741898,1,1,-10.0,-10.0,3.76,3.76,40,66.2,52.2483888888889,-0.12325,NP101is,540.0,5.4,312.566818449502,44.6793035832851,69.00614,98.87503,1.07087122882915,West,NGC 6997 Panel 4,20 50 16,+44 40 51,90.0,FocusLynx Focuser 1,12215,12215,1.325,14.1,14.1,Manual Rotator,0.0,0.0,0.0,Starlight Xpress Filter Wheels,Ha,0.0,0.0,0.0,0.0,0.0,0.0,2000.0,N.I.N.A. 3.1.2.9001 (x64),NGC 6997 Panel 4_Date_2025-07-17_Time_00-01-51_Type_LIGHT_Filter_Ha_Exp_600.00s_G_100_Off_10_Ecc_0.39_HFR_1.61px_FWHM_3.97_Temp_14.10_0007.xisf,1,,
LIGHT,2025-09-07T01:35:19.6645521,2025-09-07T02:35:19.6645521,2025-09-07T01:40:20.2236491,600.0,600.0,ZWO ASI6200MM Pro,ZWOptical_ZWO ASI6200MM Pro_,100,10,0.246657639741898,1,1,-10.0,-10.0,3.76,3.76,40,66.2,52.2483888888889,-0.12325,NP101is,540.0,5.4,312.565558709599,44.6820343990012,50.86341,283.65171,1.28837626702162,East,NGC 6997 Panel 4,20 50 16,+44 40 51,90.0,FocusLynx Focuser 1,11810,11810,1.325,14.9,14.9,Manual Rotator,0.0,0.0,0.0,Ascom.SxUFW (v2) ,OIII,,,,,,,2000.0,N.I.N.A. 3.2.0.2007 (x64),NGC 6997 Panel 4_Date_2025-09-07_Time_02-35-19_Type_LIGHT_Filter_OIII_Exp_600.00s_G_100_Off_10_Ecc_0.36_HFR_1.66px_FWHM_4.22_Temp_14.90_0079.xisf,1,,
LIGHT,2025-09-07T02:15:42.0628919,2025-09-07T03:15:42.0628919,2025-09-07T02:20:42.6287708,600.0,600.0,ZWO ASI6200MM Pro,ZWOptical_ZWO ASI6200MM Pro_,100,10,0.246657639741898,1,1,-10.0,-10.0,3.76,3.76,40,66.2,52.2483888888889,-0.12325,NP101is,540.0,5.4,312.567326286806,44.6815996396454,44.9398888888889,289.688916666667,1.41430435625992,East,NGC 6997 Panel 4,20 50 16,+44 40 51,90.0,FocusLynx Focuser 1,11810,11810,1.325,14.7,14.7,Manual Rotator,0.0,0.0,0.0,Ascom.SxUFW (v2) ,OIII,,,,,,,2000.0,N.I.N.A. 3.2.0.2007 (x64),NGC 6997 Panel 4_Date_2025-09-07_Time_03-15-42_Type_LIGHT_Filter_OIII_Exp_600.00s_G_100_Off_10_Ecc_0.35_HFR_1.66px_FWHM_4.26_Temp_14.70_0083.xisf,1,,
LIGHT,2025-09-07T01:45:20.9859563,2025-09-07T02:45:20.9859563,2025-09-07T01:50:21.5403781,600.0,600.0,ZWO ASI6200MM Pro,ZWOptical_ZWO ASI6200MM Pro_,100,10,0.246657639741898,1,1,-10.0,-10.0,3.76,3.76,40,66.2,52.2483888888889,-0.12325,NP101is,540.0,5.4,312.565529260864,44.6820240687805,49.37655,285.17802,1.31653319827971,East,NGC 6997 Panel 4,20 50 16,+44 40 51,90.0,FocusLynx Focuser 1,11810,11810,1.325,14.8,14.8,Manual Rotator,0.0,0.0,0.0,Ascom.SxUFW (v2) ,OIII,,,,,,,2000.0,N.I.N.A. 3.2.0.2007 (x64),NGC 6997 Panel 4_Date_2025-09-07_Time_02-45-20_Type_LIGHT_Filter_OIII_Exp_600.00s_G_100_Off_10_Ecc_0.35_HFR_1.67px_FWHM_4.25_Temp_14.80_0080.xisf,1,,
LIGHT,2025-09-08T21:19:42.6983465,2025-09-08T22:19:42.6983465,2025-09-08T21:24:43.2661503,600.0,600.0,ZWO ASI6200MM Pro,ZWOptical_ZWO ASI6200MM Pro_,100,10,0.246657639741898,1,1,-10.0,-9.9,3.76,3.76,40,66.2,52.2483888888889,-0.12325,NP101is,540.0,5.4,312.566974116801,44.6812281622031,82.38029,167.56496,1.00884831938602,West,NGC 6997 Panel 4,20 50 16,+44 40 51,90.0,FocusLynx Focuser 1,11741,11741,1.325,11.8,11.8,Manual Rotator,0.0,0.0,0.0,Ascom.SxUFW (v2) ,OIII,25.0,45.0,1008.05101011758,20.23,254.0,3.204,2000.0,N.I.N.A. 3.2.0.2007 (x64),NGC 6997 Panel 4_Date_2025-09-08_Time_22-19-42_Type_LIGHT_Filter_OIII_Exp_600.00s_G_100_Off_10_Ecc_0.44_HFR_1.61px_FWHM_3.67_Temp_11.80_0106.xisf,1,8.14045277666851,11.268
LIGHT,2025-09-07T01:55:22.2990030,2025-09-07T02:55:22.2990030,2025-09-07T02:00:22.8535610,600.0,600.0,ZWO ASI6200MM Pro,ZWOptical_ZWO ASI6200MM Pro_,100,10,0.246657639741898,1,1,-10.0,-10.0,3.76,3.76,40,66.2,52.2483888888889,-0.12325,NP101is,540.0,5.4,312.565514822455,44.6820237114115,47.9006111111111,286.68256,1.34663901690181,East,NGC 6997 Panel 4,20 50 16,+44 40 51,90.0,FocusLynx Focuser 1,11810,11810,1.325,14.8,14.8,Manual Rotator,0.0,0.0,0.0,Ascom.SxUFW (v2) ,OIII,,,,,,,2000.0,N.I.N.A. 3.2.0.2007 (x64),NGC 6997 Panel 4_Date_2025-09-07_Time_02-55-22_Type_LIGHT_Filter_OIII_Exp_600.00s_G_100_Off_10_Ecc_0.35_HFR_1.66px_FWHM_4.21_Temp_14.80_0081.xisf,1,,
LIGHT,2025-09-07T02:05:40.7866855,2025-09-07T03:05:40.7866855,2025-09-07T02:10:41.3326335,600.0,600.0,ZWO ASI6200MM Pro,ZWOptical_ZWO ASI6200MM Pro_,100,10,0.246657639741898,1,1,-10.0,-10.0,3.76,3.76,40,66.2,52.2483888888889,-0.12325,NP101is,540.0,5.4,312.567355697738,44.6815999705488,46.39396,288.21257,1.37978591795366,East,NGC 6997 Panel 4,20 50 16,+44 40 51,90.0,FocusLynx Focuser 1,11810,11810,1.325,14.7,14.7,Manual Rotator,0.0,0.0,0.0,Ascom.SxUFW (v2) ,OIII,,,,,,,2000.0,N.I.N.A. 3.2.0.2007 (x64),NGC 6997 Panel 4_Date_2025-09-07_Time_03-05-40_Type_LIGHT_Filter_OIII_Exp_600.00s_G_100_Off_10_Ecc_0.35_HFR_1.67px_FWHM_4.29_Temp_14.70_0082.xisf,1,,
LIGHT,2025-09-07T02:56:01.9174769,2025-09-07T03:56:01.9174769,2025-09-07T03:01:02.4667402,600.0,600.0,ZWO ASI6200MM Pro,ZWOptical_ZWO ASI6200MM Pro_,100,10,0.246657639741898,1,1,-10.0,-10.0,3.76,3.76,40,66.2,52.2483888888889,-0.12325,NP101is,540.0,5.4,312.566999774834,44.6818086860507,39.23105,295.54285,1.57887848802082,East,NGC 6997 Panel 4,20 50 16,+44 40 51,90.0,FocusLynx Focuser 1,11810,11810,1.325,14.5,14.5,Manual Rotator,0.0,0.0,0.0,Ascom.SxUFW (v2) ,OIII,,,,,,,2000.0,N.I.N.A. 3.2.0.2007 (x64),NGC 6997 Panel 4_Date_2025-09-07_Time_03-56-01_Type_LIGHT_Filter_OIII_Exp_600.00s_G_100_Off_10_Ecc_0.36_HFR_1.68px_FWHM_4.33_Temp_14.50_0087.xisf,1,,
LIGHT,2025-09-07T02:35:59.2887515,2025-09-07T03:35:59.2887515,2025-09-07T02:40:59.8608718,600.0,600.0,ZWO ASI6200MM Pro,ZWOptical_ZWO ASI6200MM Pro_,100,10,0.246657639741898,1,1,-10.0,-10.0,3.76,3.76,40,66.2,52.2483888888889,-0.12325,NP101is,540.0,5.4,312.567058522928,44.6817893476457,42.03683,292.64635,1.49163191162079,East,NGC 6997 Panel 4,20 50 16,+44 40 51,90.0,FocusLynx Focuser 1,11810,11810,1.325,14.6,14.6,Manual Rotator,0.0,0.0,0.0,Ascom.SxUFW (v2) ,OIII,,,,,,,2000.0,N.I.N.A. 3.2.0.2007 (x64),NGC 6997 Panel 4_Date_2025-09-07_Time_03-35-59_Type_LIGHT_Filter_OIII_Exp_600.00s_G_100_Off_10_Ecc_0.35_HFR_1.67px_FWHM_4.37_Temp_14.60_0085.xisf,1,,
LIGHT,2025-09-06T23:25:11.7457398,2025-09-07T00:25:11.7457398,2025-09-06T23:30:12.2835592,600.0,600.0,ZWO ASI6200MM Pro,ZWOptical_ZWO ASI6200MM Pro_,100,10,0.246657639741898,1,1,-10.0,-9.9,3.76,3.76,40,66.2,52.2483888888889,-0.12325,NP101is,540.0,5.4,312.567059748143,44.6808066691256,70.65966,258.15061,1.0596053682586,East,NGC 6997 Panel 4,20 50 16,+44 40 51,90.0,FocusLynx Focuser 1,11812,11812,1.325,14.9,14.9,Manual Rotator,0.0,0.0,0.0,Ascom.SxUFW (v2) ,OIII,,,,,,,2000.0,N.I.N.A. 3.2.0.2007 (x64),NGC 6997 Panel 4_Date_2025-09-07_Time_00-25-11_Type_LIGHT_Filter_OIII_Exp_600.00s_G_100_Off_10_Ecc_0.38_HFR_1.65px_FWHM_4.17_Temp_14.90_0067.xisf,1,,
LIGHT,2025-09-07T02:25:43.3874240,2025-09-07T03:25:43.3874240,2025-09-07T02:30:43.9301877,600.0,600.0,ZWO ASI6200MM Pro,ZWOptical_ZWO ASI6200MM Pro_,100,10,0.246657639741898,1,1,-10.0,-10.0,3.76,3.76,40,66.2,52.2483888888889,-0.12325,NP101is,540.0,5.4,312.567342014752,44.6816592264649,43.4983611111111,291.15356,1.45121162622561,East,NGC 6997 Panel 4,20 50 16,+44 40 51,90.0,FocusLynx Focuser 1,11810,11810,1.325,14.7,14.7,Manual Rotator,0.0,0.0,0.0,Ascom.SxUFW (v2) ,OIII,,,,,,,2000.0,N.I.N.A. 3.2.0.2007 (x64),NGC 6997 Panel 4_Date_2025-09-07_Time_03-25-43_Type_LIGHT_Filter_OIII_Exp_600.00s_G_100_Off_10_Ecc_0.36_HFR_1.66px_FWHM_4.24_Temp_14.70_0084.xisf,1,,
LIGHT,2025-09-07T04:01:13.7588079,2025-09-07T05:01:13.7588079,2025-09-07T04:06:14.3206869,600.0,600.0,ZWO ASI6200MM Pro,ZWOptical_ZWO ASI6200MM Pro_,100,10,0.246657639741898,1,1,-10.0,-10.0,3.76,3.76,40,66.2,52.2483888888889,-0.12325,NP101is,540.0,5.4,312.566879884965,44.68496639294,30.60604,304.98272,1.95876192666137,East,NGC 6997 Panel 4,20 50 16,+44 40 51,90.0,FocusLynx Focuser 1,11816,11816,1.325,13.8,13.8,Manual Rotator,0.0,0.0,0.0,Ascom.SxUFW (v2) ,OIII,,,,,,,2000.0,N.I.N.A. 3.2.0.2007 (x64),NGC 6997 Panel 4_Date_2025-09-07_Time_05-01-13_Type_LIGHT_Filter_OIII_Exp_600.00s_G_100_Off_10_Ecc_0.33_HFR_1.97px_FWHM_5.47_Temp_13.80_0093.xisf,1,,
LIGHT,2025-09-07T03:36:38.4911558,2025-09-07T04:36:38.4911558,2025-09-07T03:41:39.0294778,600.0,600.0,ZWO ASI6200MM Pro,ZWOptical_ZWO ASI6200MM Pro_,100,10,0.246657639741898,1,1,-10.0,-10.0,3.76,3.76,40,66.2,52.2483888888889,-0.12325,NP101is,540.0,5.4,312.566848503034,44.6849373921838,33.75938,301.4075,1.79566994550227,East,NGC 6997 Panel 4,20 50 16,+44 40 51,90.0,FocusLynx Focuser 1,11810,11810,1.325,14.1,14.1,Manual Rotator,0.0,0.0,0.0,Ascom.SxUFW (v2) ,OIII,,,,,,,2000.0,N.I.N.A. 3.2.0.2007 (x64),NGC 6997 Panel 4_Date_2025-09-07_Time_04-36-38_Type_LIGHT_Filter_OIII_Exp_600.00s_G_100_Off_10_Ecc_0.35_HFR_1.75px_FWHM_4.58_Temp_14.10_0091.xisf,1,,
LIGHT,2025-09-07T03:26:25.0408247,2025-09-07T04:26:25.0408247,2025-09-07T03:31:25.5700710,600.0,600.0,ZWO ASI6200MM Pro,ZWOptical_ZWO ASI6200MM Pro_,100,10,0.246657639741898,1,1,-10.0,-10.0,3.76,3.76,40,66.2,52.2483888888889,-0.12325,NP101is,540.0,5.4,312.568473924025,44.6832048343334,35.10493,299.92949,1.73554412873068,East,NGC 6997 Panel 4,20 50 16,+44 40 51,90.0,FocusLynx Focuser 1,11810,11810,1.325,14.2,14.2,Manual Rotator,0.0,0.0,0.0,Ascom.SxUFW (v2) ,OIII,,,,,,,2000.0,N.I.N.A. 3.2.0.2007 (x64),NGC 6997 Panel 4_Date_2025-09-07_Time_04-26-25_Type_LIGHT_Filter_OIII_Exp_600.00s_G_100_Off_10_Ecc_0.35_HFR_1.71px_FWHM_4.45_Temp_14.20_0090.xisf,1,,
LIGHT,2025-09-07T03:51:12.5576182,2025-09-07T04:51:12.5576182,2025-09-07T03:56:13.0982147,600.0,600.0,ZWO ASI6200MM Pro,ZWOptical_ZWO ASI6200MM Pro_,100,10,0.246657639741898,1,1,-10.0,-10.0,3.76,3.76,40,66.2,52.2483888888889,-0.12325,NP101is,540.0,5.4,312.566789463848,44.6849569407647,31.8737,303.52345,1.88908985829114,East,NGC 6997 Panel 4,20 50 16,+44 40 51,90.0,FocusLynx Focuser 1,11816,11816,1.325,14.0,14.0,Manual Rotator,0.0,0.0,0.0,Ascom.SxUFW (v2) ,OIII,,,,,,,2000.0,N.I.N.A. 3.2.0.2007 (x64),NGC 6997 Panel 4_Date_2025-09-07_Time_04-51-12_Type_LIGHT_Filter_OIII_Exp_600.00s_G_100_Off_10_Ecc_0.33_HFR_2.05px_FWHM_5.72_Temp_14.00_0092.xisf,1,,
LIGHT,2025-09-07T03:16:23.7225562,2025-09-07T04:16:23.7225562,2025-09-07T03:21:24.2718340,600.0,600.0,ZWO ASI6200MM Pro,ZWOptical_ZWO ASI6200MM Pro_,100,10,0.246657639741898,1,1,-10.0,-10.0,3.76,3.76,40,66.2,52.2483888888889,-0.12325,NP101is,540.0,5.4,312.568578203244,44.6832050295498,36.4483888888889,298.48074,1.68027555339091,East,NGC 6997 Panel 4,20 50 16,+44 40 51,90.0,FocusLynx Focuser 1,11810,11810,1.325,14.4,14.4,Manual Rotator,0.0,0.0,0.0,Ascom.SxUFW (v2) ,OIII,,,,,,,2000.0,N.I.N.A. 3.2.0.2007 (x64),NGC 6997 Panel 4_Date_2025-09-07_Time_04-16-23_Type_LIGHT_Filter_OIII_Exp_600.00s_G_100_Off_10_Ecc_0.36_HFR_1.67px_FWHM_4.30_Temp_14.40_0089.xisf,1,,
LIGHT,2025-09-07T03:06:22.4058123,2025-09-07T04:06:22.4058123,2025-09-07T03:11:22.9699133,600.0,600.0,ZWO ASI6200MM Pro,ZWOptical_ZWO ASI6200MM Pro_,100,10,0.246657639741898,1,1,-10.0,-10.0,3.76,3.76,40,66.2,52.2483888888889,-0.12325,NP101is,540.0,5.4,312.568547750573,44.6832154696435,37.81094,297.03396,1.62857509807226,East,NGC 6997 Panel 4,20 50 16,+44 40 51,90.0,FocusLynx Focuser 1,11810,11810,1.325,14.5,14.5,Manual Rotator,0.0,0.0,0.0,Ascom.SxUFW (v2) ,OIII,,,,,,,2000.0,N.I.N.A. 3.2.0.2007 (x64),NGC 6997 Panel 4_Date_2025-09-07_Time_04-06-22_Type_LIGHT_Filter_OIII_Exp_600.00s_G_100_Off_10_Ecc_0.35_HFR_1.68px_FWHM_4.33_Temp_14.50_0088.xisf,1,,
LIGHT,2025-09-07T19:48:58.0422855,2025-09-07T20:48:58.0422855,2025-09-07T19:53:58.6072337,600.0,600.0,ZWO ASI6200MM Pro,ZWOptical_ZWO ASI6200MM Pro_,100,10,0.246657639741898,1,1,0.0,0.0,3.76,3.76,40,66.2,52.2483888888889,-0.12325,NP101is,540.0,5.4,312.567037597127,44.6809696528897,71.34261,103.19306,1.0552755699029,West,NGC 6997 Panel 4,20 50 16,+44 40 51,90.0,FocusLynx Focuser 1,11880,11880,1.325,18.4,18.4,Manual Rotator,0.0,0.0,0.0,Ascom.SxUFW (v2) ,OIII,100.0,75.0,1000.1136005891,21.79,179.0,11.268,2000.0,N.I.N.A. 3.2.0.2007 (x64),NGC 6997 Panel 4_Date_2025-09-07_Time_20-48-58_Type_LIGHT_Filter_OIII_Exp_600.00s_G_100_Off_10_Ecc_0.42_HFR_1.60px_FWHM_3.65_Temp_18.40_0097.xisf,1,17.2428847056378,22.536
LIGHT,2025-09-07T19:58:59.3237494,2025-09-07T20:58:59.3237494,2025-09-07T20:03:59.9251377,600.0,600.0,ZWO ASI6200MM Pro,ZWOptical_ZWO ASI6200MM Pro_,100,10,0.246657639741898,1,1,-1.0,-0.3,3.76,3.76,40,66.2,52.2483888888889,-0.12325,NP101is,540.0,5.4,312.567098017485,44.6809591536678,72.8295,106.39463,1.0464799557021,West,NGC 6997 Panel 4,20 50 16,+44 40 51,90.0,FocusLynx Focuser 1,11880,11880,1.325,18.3,18.3,Manual Rotator,0.0,0.0,0.0,Ascom.SxUFW (v2) ,OIII,100.0,75.0,1000.1136005891,21.79,179.0,11.268,2000.0,N.I.N.A. 3.2.0.2007 (x64),NGC 6997 Panel 4_Date_2025-09-07_Time_20-58-59_Type_LIGHT_Filter_OIII_Exp_600.00s_G_100_Off_10_Ecc_0.42_HFR_1.60px_FWHM_3.69_Temp_18.30_0098.xisf,1,17.2428847056378,22.536
LIGHT,2025-09-07T21:34:12.3026342,2025-09-07T22:34:12.3026342,2025-09-07T21:39:12.8724381,600.0,600.0,ZWO ASI6200MM Pro,ZWOptical_ZWO ASI6200MM Pro_,100,10,0.246657639741898,1,1,-10.0,-10.0,3.76,3.76,40,66.2,52.2483888888889,-0.12325,NP101is,540.0,5.4,312.567252393678,44.680765169157,82.52979,181.88445,1.00850104956335,West,NGC 6997 Panel 4,20 50 16,+44 40 51,90.0,FocusLynx Focuser 1,11836,11836,1.325,16.7,16.7,Manual Rotator,0.0,0.0,0.0,Ascom.SxUFW (v2) ,OIII,100.0,75.0,1000.1136005891,21.79,179.0,11.268,2000.0,N.I.N.A. 3.2.0.2007 (x64),NGC 6997 Panel 4_Date_2025-09-07_Time_22-34-12_Type_LIGHT_Filter_OIII_Exp_600.00s_G_100_Off_10_Ecc_0.41_HFR_1.59px_FWHM_3.77_Temp_16.70_0107.xisf,1,17.2428847056378,22.536
LIGHT,2025-09-07T22:03:40.3534525,2025-09-07T23:03:40.3534525,2025-09-07T22:08:40.8936588,600.0,600.0,ZWO ASI6200MM Pro,ZWOptical_ZWO ASI6200MM Pro_,100,10,0.246657639741898,1,1,-10.0,-10.0,3.76,3.76,40,66.2,52.2483888888889,-0.12325,NP101is,540.0,5.4,312.567030650421,44.6811044220968,80.9570277777778,217.40991,1.01251207328643,East,NGC 6997 Panel 4,20 50 16,+44 40 51,90.0,FocusLynx Focuser 1,11805,11805,1.325,16.0,16.0,Manual Rotator,0.0,0.0,0.0,Ascom.SxUFW (v2) ,OIII,100.0,75.0,1000.1136005891,21.79,179.0,11.268,2000.0,N.I.N.A. 3.2.0.2007 (x64),NGC 6997 Panel 4_Date_2025-09-07_Time_23-03-40_Type_LIGHT_Filter_OIII_Exp_600.00s_G_100_Off_10_Ecc_0.40_HFR_1.58px_FWHM_3.72_Temp_16.00_0109.xisf,1,17.2428847056378,22.536
LIGHT,2025-09-07T21:13:58.5365651,2025-09-07T22:13:58.5365651,2025-09-07T21:18:59.0770905,600.0,600.0,ZWO ASI6200MM Pro,ZWOptical_ZWO ASI6200MM Pro_,100,10,0.246657639741898,1,1,-10.0,-10.1,3.76,3.76,40,66.2,52.2483888888889,-0.12325,NP101is,540.0,5.4,312.567191617268,44.6808360681283,81.90719,155.43824,1.0099941594294,West,NGC 6997 Panel 4,20 50 16,+44 40 51,90.0,FocusLynx Focuser 1,11836,11836,1.325,17.4,17.4,Manual Rotator,0.0,0.0,0.0,Ascom.SxUFW (v2) ,OIII,100.0,75.0,1000.1136005891,21.79,179.0,11.268,2000.0,N.I.N.A. 3.2.0.2007 (x64),NGC 6997 Panel 4_Date_2025-09-07_Time_22-13-58_Type_LIGHT_Filter_OIII_Exp_600.00s_G_100_Off_10_Ecc_0.41_HFR_1.58px_FWHM_3.62_Temp_17.40_0105.xisf,1,17.2428847056378,22.536
LIGHT,2025-09-07T20:19:14.6351221,2025-09-07T21:19:14.6351221,2025-09-07T20:24:15.2078537,600.0,600.0,ZWO ASI6200MM Pro,ZWOptical_ZWO ASI6200MM Pro_,100,10,0.246657639741898,1,1,-10.0,-10.0,3.76,3.76,40,66.2,52.2483888888889,-0.12325,NP101is,540.0,5.4,312.568954621725,44.680584991546,75.7424722222222,114.24044,1.03165020719915,West,NGC 6997 Panel 4,20 50 16,+44 40 51,90.0,FocusLynx Focuser 1,11880,11880,1.325,18.1,18.1,Manual Rotator,0.0,0.0,0.0,Ascom.SxUFW (v2) ,OIII,100.0,75.0,1000.1136005891,21.79,179.0,11.268,2000.0,N.I.N.A. 3.2.0.2007 (x64),NGC 6997 Panel 4_Date_2025-09-07_Time_21-19-14_Type_LIGHT_Filter_OIII_Exp_600.00s_G_100_Off_10_Ecc_0.44_HFR_1.60px_FWHM_3.65_Temp_18.10_0100.xisf,1,17.2428847056378,22.536
LIGHT,2025-09-07T21:53:28.0116059,2025-09-07T22:53:28.0116059,2025-09-07T21:58:28.5749540,600.0,600.0,ZWO ASI6200MM Pro,ZWOptical_ZWO ASI6200MM Pro_,100,10,0.246657639741898,1,1,-10.0,-10.0,3.76,3.76,40,66.2,52.2483888888889,-0.12325,NP101is,540.0,5.4,312.567119312471,44.6809346604816,81.79137,206.59954,1.01028556267817,East,NGC 6997 Panel 4,20 50 16,+44 40 51,90.0,FocusLynx Focuser 1,11805,11805,1.325,16.2,16.2,Manual Rotator,0.0,0.0,0.0,Ascom.SxUFW (v2) ,OIII,100.0,75.0,1000.1136005891,21.79,179.0,11.268,2000.0,N.I.N.A. 3.2.0.2007 (x64),NGC 6997 Panel 4_Date_2025-09-07_Time_22-53-28_Type_LIGHT_Filter_OIII_Exp_600.00s_G_100_Off_10_Ecc_0.40_HFR_1.58px_FWHM_3.75_Temp_16.20_0108.xisf,1,17.2428847056378,22.536
LIGHT,2025-09-07T21:24:11.0221739,2025-09-07T22:24:11.0221739,2025-09-07T21:29:11.5827939,600.0,600.0,ZWO ASI6200MM Pro,ZWOptical_ZWO ASI6200MM Pro_,100,10,0.246657639741898,1,1,-10.0,-10.0,3.76,3.76,40,66.2,52.2483888888889,-0.12325,NP101is,540.0,5.4,312.567311695066,44.6807554515048,82.39777,168.30906,1.00880734887363,West,NGC 6997 Panel 4,20 50 16,+44 40 51,90.0,FocusLynx Focuser 1,11836,11836,1.325,17.0,17.0,Manual Rotator,0.0,0.0,0.0,Ascom.SxUFW (v2) ,OIII,100.0,75.0,1000.1136005891,21.79,179.0,11.268,2000.0,N.I.N.A. 3.2.0.2007 (x64),NGC 6997 Panel 4_Date_2025-09-07_Time_22-24-11_Type_LIGHT_Filter_OIII_Exp_600.00s_G_100_Off_10_Ecc_0.41_HFR_1.58px_FWHM_3.58_Temp_17.00_0106.xisf,1,17.2428847056378,22.536
LIGHT,2025-09-08T19:54:18.7151620,2025-09-08T20:54:18.7151620,2025-09-08T19:59:19.2928692,600.0,600.0,ZWO ASI6200MM Pro,ZWOptical_ZWO ASI6200MM Pro_,100,10,0.246657639741898,1,1,-10.0,-10.0,3.76,3.76,40,66.2,52.2483888888889,-0.12325,NP101is,540.0,5.4,312.567103213852,44.6809515143227,72.71802,106.13931,1.04710995873299,West,NGC 6997 Panel 4,20 50 16,+44 40 51,90.0,FocusLynx Focuser 1,11787,11787,1.325,13.9,13.9,Manual Rotator,0.0,0.0,0.0,Ascom.SxUFW (v2) ,OIII,25.0,45.0,1008.05101011758,20.23,254.0,3.204,2000.0,N.I.N.A. 3.2.0.2007 (x64),NGC 6997 Panel 4_Date_2025-09-08_Time_20-54-18_Type_LIGHT_Filter_OIII_Exp_600.00s_G_100_Off_10_Ecc_0.44_HFR_1.61px_FWHM_3.77_Temp_13.90_0098.xisf,1,8.14045277666851,11.268
LIGHT,2025-09-08T21:09:29.1250187,2025-09-08T22:09:29.1250187,2025-09-08T21:14:29.6555207,600.0,600.0,ZWO ASI6200MM Pro,ZWOptical_ZWO ASI6200MM Pro_,100,10,0.246657639741898,1,1,-10.0,-9.9,3.76,3.76,40,66.2,52.2483888888889,-0.12325,NP101is,540.0,5.4,312.567875034842,44.6820669491584,81.87195,154.77123,1.01008236905008,West,NGC 6997 Panel 4,20 50 16,+44 40 51,90.0,FocusLynx Focuser 1,11741,11741,1.325,11.9,11.9,Manual Rotator,0.0,0.0,0.0,Ascom.SxUFW (v2) ,OIII,25.0,45.0,1008.05101011758,20.23,254.0,3.204,2000.0,N.I.N.A. 3.2.0.2007 (x64),NGC 6997 Panel 4_Date_2025-09-08_Time_22-09-29_Type_LIGHT_Filter_OIII_Exp_600.00s_G_100_Off_10_Ecc_0.42_HFR_1.61px_FWHM_3.74_Temp_11.90_0105.xisf,1,8.14045277666851,11.268
LIGHT,2025-09-07T01:25:03.3272026,2025-09-07T02:25:03.3272026,2025-09-07T01:30:03.8937573,600.0,600.0,ZWO ASI6200MM Pro,ZWOptical_ZWO ASI6200MM Pro_,100,10,0.246657639741898,1,1,-10.0,-9.9,3.76,3.76,40,66.2,52.2483888888889,-0.12325,NP101is,540.0,5.4,312.567742601718,44.6815308250409,52.4048888888889,282.05159,1.26130197684748,East,NGC 6997 Panel 4,20 50 16,+44 40 51,90.0,FocusLynx Focuser 1,11810,11810,1.325,14.9,14.9,Manual Rotator,0.0,0.0,0.0,Ascom.SxUFW (v2) ,OIII,,,,,,,2000.0,N.I.N.A. 3.2.0.2007 (x64),NGC 6997 Panel 4_Date_2025-09-07_Time_02-25-03_Type_LIGHT_Filter_OIII_Exp_600.00s_G_100_Off_10_Ecc_0.34_HFR_1.71px_FWHM_4.43_Temp_14.90_0078.xisf,1,,
LIGHT,2025-09-08T20:24:40.2127653,2025-09-08T21:24:40.2127653,2025-09-08T20:29:40.7361250,600.0,600.0,ZWO ASI6200MM Pro,ZWOptical_ZWO ASI6200MM Pro_,100,10,0.246657639741898,1,1,-10.0,-10.1,3.76,3.76,40,66.2,52.2483888888889,-0.12325,NP101is,540.0,5.4,312.567915026733,44.6813787640317,77.02389,118.72055,1.02609050653492,West,NGC 6997 Panel 4,20 50 16,+44 40 51,90.0,FocusLynx Focuser 1,11787,11787,1.325,12.9,12.9,Manual Rotator,0.0,0.0,0.0,Ascom.SxUFW (v2) ,OIII,25.0,45.0,1008.05101011758,20.23,254.0,3.204,2000.0,N.I.N.A. 3.2.0.2007 (x64),NGC 6997 Panel 4_Date_2025-09-08_Time_21-24-40_Type_LIGHT_Filter_OIII_Exp_600.00s_G_100_Off_10_Ecc_0.48_HFR_1.65px_FWHM_3.96_Temp_12.90_0101.xisf,1,8.14045277666851,11.268
LIGHT,2025-09-08T20:04:20.0586083,2025-09-08T21:04:20.0586083,2025-09-08T20:09:20.5831666,600.0,600.0,ZWO ASI6200MM Pro,ZWOptical_ZWO ASI6200MM Pro_,100,10,0.246657639741898,1,1,-10.0,-10.0,3.76,3.76,40,66.2,52.2483888888889,-0.12325,NP101is,540.0,5.4,312.567013952033,44.6809612575743,74.1794722222222,109.71353,1.03922092174536,West,NGC 6997 Panel 4,20 50 16,+44 40 51,90.0,FocusLynx Focuser 1,11787,11787,1.325,13.5,13.5,Manual Rotator,0.0,0.0,0.0,Ascom.SxUFW (v2) ,OIII,25.0,45.0,1008.05101011758,20.23,254.0,3.204,2000.0,N.I.N.A. 3.2.0.2007 (x64),NGC 6997 Panel 4_Date_2025-09-08_Time_21-04-20_Type_LIGHT_Filter_OIII_Exp_600.00s_G_100_Off_10_Ecc_0.42_HFR_1.62px_FWHM_3.82_Temp_13.50_0099.xisf,1,8.14045277666851,11.268
LIGHT,2025-09-08T21:29:43.9411651,2025-09-08T22:29:43.9411651,2025-09-08T21:34:44.4672207,600.0,600.0,ZWO ASI6200MM Pro,ZWOptical_ZWO ASI6200MM Pro_,100,10,0.246657639741898,1,1,-10.0,-10.1,3.76,3.76,40,66.2,52.2483888888889,-0.12325,NP101is,540.0,5.4,312.566944678056,44.6812177939018,82.5325833333333,181.11626,1.0084946285545,West,NGC 6997 Panel 4,20 50 16,+44 40 51,90.0,FocusLynx Focuser 1,11741,11741,1.325,11.7,11.7,Manual Rotator,0.0,0.0,0.0,Ascom.SxUFW (v2) ,OIII,25.0,45.0,1008.05101011758,20.23,254.0,3.204,2000.0,N.I.N.A. 3.2.0.2007 (x64),NGC 6997 Panel 4_Date_2025-09-08_Time_22-29-43_Type_LIGHT_Filter_OIII_Exp_600.00s_G_100_Off_10_Ecc_0.41_HFR_1.61px_FWHM_3.79_Temp_11.70_0107.xisf,1,8.14045277666851,11.268
LIGHT,2025-09-08T21:49:35.1283230,2025-09-08T22:49:35.1283230,2025-09-08T21:54:35.6720388,600.0,600.0,ZWO ASI6200MM Pro,ZWOptical_ZWO ASI6200MM Pro_,100,10,0.246657639741898,1,1,-10.0,-10.1,3.76,3.76,40,66.2,52.2483888888889,-0.12325,NP101is,540.0,5.4,312.567034596609,44.6809367943354,81.78775,206.65901,1.01029473979284,East,NGC 6997 Panel 4,20 50 16,+44 40 51,90.0,FocusLynx Focuser 1,11706,11706,1.325,11.5,11.5,Manual Rotator,0.0,0.0,0.0,Ascom.SxUFW (v2) ,OIII,25.0,45.0,1008.05101011758,20.23,254.0,3.204,2000.0,N.I.N.A. 3.2.0.2007 (x64),NGC 6997 Panel 4_Date_2025-09-08_Time_22-49-35_Type_LIGHT_Filter_OIII_Exp_600.00s_G_100_Off_10_Ecc_0.40_HFR_1.60px_FWHM_3.85_Temp_11.50_0108.xisf,1,8.14045277666851,11.268
LIGHT,2025-09-08T22:09:53.0315789,2025-09-08T23:09:53.0315789,2025-09-08T22:14:53.5998482,600.0,600.0,ZWO ASI6200MM Pro,ZWOptical_ZWO ASI6200MM Pro_,100,10,0.246657639741898,1,1,-10.0,-9.9,3.76,3.76,40,66.2,52.2483888888889,-0.12325,NP101is,540.0,5.4,312.565620783502,44.6788985201396,79.9156944444445,226.29273,1.01560738628899,East,NGC 6997 Panel 4,20 50 16,+44 40 51,90.0,FocusLynx Focuser 1,11706,11706,1.325,11.3,11.3,Manual Rotator,0.0,0.0,0.0,Ascom.SxUFW (v2) ,OIII,25.0,45.0,1008.05101011758,20.23,254.0,3.204,2000.0,N.I.N.A. 3.2.0.2007 (x64),NGC 6997 Panel 4_Date_2025-09-08_Time_23-09-53_Type_LIGHT_Filter_OIII_Exp_600.00s_G_100_Off_10_Ecc_0.42_HFR_1.60px_FWHM_3.77_Temp_11.30_0110.xisf,1,8.14045277666851,11.268
LIGHT,2025-09-10T21:59:17.9617896,2025-09-10T22:59:17.9617896,2025-09-10T22:04:18.5123007,600.0,600.0,ZWO ASI6200MM Pro,ZWOptical_ZWO ASI6200MM Pro_,100,10,0.246657639741898,1,1,-10.0,-10.0,3.76,3.76,40,66.2,52.2483888888889,-0.12325,NP101is,540.0,5.4,312.567009598019,44.6809200882319,80.2150277777778,224.06936,1.01468138702255,East,NGC 6997 Panel 4,20 50 16,+44 40 51,90.0,FocusLynx Focuser 1,11742,11742,1.325,12.8,12.8,Manual Rotator,0.0,0.0,0.0,Ascom.SxUFW (v2) ,OIII,77.0,92.0,990.191838678492,15.15,191.0,9.648,2000.0,N.I.N.A. 3.2.0.2007 (x64),NGC 6997 Panel 4_Date_2025-09-10_Time_22-59-17_Type_LIGHT_Filter_OIII_Exp_600.00s_G_100_Off_10_Ecc_0.42_HFR_1.61px_FWHM_3.77_Temp_12.80_0097.xisf,1,13.883467569856,19.296
LIGHT,2025-09-08T22:19:54.3407685,2025-09-08T23:19:54.3407685,2025-09-08T22:24:54.8799301,600.0,600.0,ZWO ASI6200MM Pro,ZWOptical_ZWO ASI6200MM Pro_,100,10,0.246657639741898,1,1,-10.0,-10.0,3.76,3.76,40,66.2,52.2483888888889,-0.12325,NP101is,540.0,5.4,312.565666249417,44.678898014791,78.7413333333333,233.51748,1.01952589112496,East,NGC 6997 Panel 4,20 50 16,+44 40 51,90.0,FocusLynx Focuser 1,11706,11706,1.325,11.2,11.2,Manual Rotator,0.0,0.0,0.0,Ascom.SxUFW (v2) ,OIII,25.0,45.0,1008.05101011758,20.23,254.0,3.204,2000.0,N.I.N.A. 3.2.0.2007 (x64),NGC 6997 Panel 4_Date_2025-09-08_Time_23-19-54_Type_LIGHT_Filter_OIII_Exp_600.00s_G_100_Off_10_Ecc_0.41_HFR_1.61px_FWHM_3.81_Temp_11.20_0111.xisf,1,8.14045277666851,11.268
LIGHT,2025-09-03T23:54:27.5237227,2025-09-04T00:54:27.5237227,2025-09-03T23:59:28.0951129,600.0,600.0,ZWO ASI6200MM Pro,ZWOptical_ZWO ASI6200MM Pro_,100,10,0.246657639741898,1,1,0.0,0.0,3.76,3.76,40,66.2,52.2483888888889,-0.12325,NP101is,540.0,5.4,312.567380519092,44.679308531028,68.01702,262.78429,1.07815748562369,East,NGC 6997 Panel 4,20 50 16,+44 40 51,90.0,FocusLynx Focuser 1,11830,11830,1.325,12.6,12.6,Manual Rotator,0.0,0.0,0.0,Ascom.SxUFW (v2) ,SII,0.0,84.0,991.184014869552,16.04,257.0,3.204,2000.0,N.I.N.A. 3.2.0.2007 (x64),NGC 6997 Panel 4_Date_2025-09-04_Time_00-54-27_Type_LIGHT_Filter_SII_Exp_600.00s_G_100_Off_10_Ecc_0.44_HFR_1.70px_FWHM_4.02_Temp_12.60_0017.xisf,1,13.3874990892292,12.888
LIGHT,2025-09-08T21:59:51.7537372,2025-09-08T22:59:51.7537372,2025-09-08T22:04:52.3025604,600.0,600.0,ZWO ASI6200MM Pro,ZWOptical_ZWO ASI6200MM Pro_,100,10,0.246657639741898,1,1,-10.0,-10.0,3.76,3.76,40,66.2,52.2483888888889,-0.12325,NP101is,540.0,5.4,312.565620238983,44.6788989441859,80.94389,217.52253,1.01254892787669,East,NGC 6997 Panel 4,20 50 16,+44 40 51,90.0,FocusLynx Focuser 1,11706,11706,1.325,11.3,11.3,Manual Rotator,0.0,0.0,0.0,Ascom.SxUFW (v2) ,OIII,25.0,45.0,1008.05101011758,20.23,254.0,3.204,2000.0,N.I.N.A. 3.2.0.2007 (x64),NGC 6997 Panel 4_Date_2025-09-08_Time_22-59-51_Type_LIGHT_Filter_OIII_Exp_600.00s_G_100_Off_10_Ecc_0.40_HFR_1.61px_FWHM_3.88_Temp_11.30_0109.xisf,1,8.14045277666851,11.268
LIGHT,2025-09-10T22:39:38.8574203,2025-09-10T23:39:38.8574203,2025-09-10T22:44:39.3927463,600.0,600.0,ZWO ASI6200MM Pro,ZWOptical_ZWO ASI6200MM Pro_,100,10,0.246657639741898,1,1,-10.0,-10.0,3.76,3.76,40,66.2,52.2483888888889,-0.12325,NP101is,540.0,5.4,312.5670493456,44.6831878739334,75.03618,247.92385,1.03496232446347,East,NGC 6997 Panel 4,20 50 16,+44 40 51,90.0,FocusLynx Focuser 1,11742,11742,1.325,12.2,12.2,Manual Rotator,0.0,0.0,0.0,Ascom.SxUFW (v2) ,OIII,77.0,92.0,990.191838678492,15.15,191.0,9.648,2000.0,N.I.N.A. 3.2.0.2007 (x64),NGC 6997 Panel 4_Date_2025-09-10_Time_23-39-38_Type_LIGHT_Filter_OIII_Exp_600.00s_G_100_Off_10_Ecc_0.46_HFR_1.62px_FWHM_3.71_Temp_12.20_0101.xisf,1,13.883467569856,19.296
LIGHT,2025-09-10T22:19:20.5084979,2025-09-10T23:19:20.5084979,2025-09-10T22:24:21.0493252,600.0,600.0,ZWO ASI6200MM Pro,ZWOptical_ZWO ASI6200MM Pro_,100,10,0.246657639741898,1,1,-10.0,-10.0,3.76,3.76,40,66.2,52.2483888888889,-0.12325,NP101is,540.0,5.4,312.567175084378,44.6809087325662,77.81656,238.01056,1.02293607852706,East,NGC 6997 Panel 4,20 50 16,+44 40 51,90.0,FocusLynx Focuser 1,11742,11742,1.325,12.7,12.7,Manual Rotator,0.0,0.0,0.0,Ascom.SxUFW (v2) ,OIII,77.0,92.0,990.191838678492,15.15,191.0,9.648,2000.0,N.I.N.A. 3.2.0.2007 (x64),NGC 6997 Panel 4_Date_2025-09-10_Time_23-19-20_Type_LIGHT_Filter_OIII_Exp_600.00s_G_100_Off_10_Ecc_0.44_HFR_1.61px_FWHM_3.69_Temp_12.70_0099.xisf,1,13.883467569856,19.296
LIGHT,2025-09-10T22:29:37.6888528,2025-09-10T23:29:37.6888528,2025-09-10T22:34:38.2199586,600.0,600.0,ZWO ASI6200MM Pro,ZWOptical_ZWO ASI6200MM Pro_,100,10,0.246657639741898,1,1,-10.0,-10.0,3.76,3.76,40,66.2,52.2483888888889,-0.12325,NP101is,540.0,5.4,312.567063881217,44.6831783763979,76.43914,243.44143,1.02855637657973,East,NGC 6997 Panel 4,20 50 16,+44 40 51,90.0,FocusLynx Focuser 1,11742,11742,1.325,12.5,12.5,Manual Rotator,0.0,0.0,0.0,Ascom.SxUFW (v2) ,OIII,77.0,92.0,990.191838678492,15.15,191.0,9.648,2000.0,N.I.N.A. 3.2.0.2007 (x64),NGC 6997 Panel 4_Date_2025-09-10_Time_23-29-37_Type_LIGHT_Filter_OIII_Exp_600.00s_G_100_Off_10_Ecc_0.45_HFR_1.62px_FWHM_3.70_Temp_12.50_0100.xisf,1,13.883467569856,19.296
LIGHT,2025-09-03T21:27:28.2751598,2025-09-03T22:27:28.2751598,2025-09-03T21:32:28.8460579,600.0,600.0,ZWO ASI6200MM Pro,ZWOptical_ZWO ASI6200MM Pro_,100,10,0.246657639741898,1,1,0.0,0.0,3.76,3.76,40,66.2,52.2483888888889,-0.12325,NP101is,540.0,5.4,312.567022170761,44.6808463682291,81.75688,152.83973,1.01037316926387,West,NGC 6997 Panel 4,20 50 16,+44 40 51,90.0,FocusLynx Focuser 1,11861,11861,1.325,13.8,13.8,Manual Rotator,0.0,0.0,0.0,Ascom.SxUFW (v2) ,SII,0.0,84.0,991.184014869552,16.04,257.0,3.204,2000.0,N.I.N.A. 3.2.0.2007 (x64),NGC 6997 Panel 4_Date_2025-09-03_Time_22-27-28_Type_LIGHT_Filter_SII_Exp_600.00s_G_100_Off_10_Ecc_0.42_HFR_1.68px_FWHM_3.99_Temp_13.80_0003.xisf,1,13.3874990892292,12.888
LIGHT,2025-09-03T20:57:11.6566129,2025-09-03T21:57:11.6566129,2025-09-03T21:02:12.1839553,600.0,600.0,ZWO ASI6200MM Pro,ZWOptical_ZWO ASI6200MM Pro_,100,10,0.246657639741898,1,1,0.0,0.0,3.76,3.76,40,66.2,52.2483888888889,-0.12325,NP101is,540.0,5.4,312.566946717513,44.6809379948134,78.6921666666667,126.20795,1.01969995260423,West,NGC 6997 Panel 4,20 50 16,+44 40 51,90.0,FocusLynx Focuser 1,11861,11861,1.325,14.0,14.0,Manual Rotator,0.0,0.0,0.0,Ascom.SxUFW (v2) ,SII,0.0,84.0,991.184014869552,16.04,257.0,3.204,2000.0,N.I.N.A. 3.2.0.2007 (x64),NGC 6997 Panel 4_Date_2025-09-03_Time_21-57-11_Type_LIGHT_Filter_SII_Exp_600.00s_G_100_Off_10_Ecc_0.41_HFR_1.69px_FWHM_4.01_Temp_14.00_0000.xisf,1,13.3874990892292,12.888
LIGHT,2025-09-03T21:17:13.9773400,2025-09-03T22:17:13.9773400,2025-09-03T21:22:14.5248654,600.0,600.0,ZWO ASI6200MM Pro,ZWOptical_ZWO ASI6200MM Pro_,100,10,0.246657639741898,1,1,0.0,0.0,3.76,3.76,40,66.2,52.2483888888889,-0.12325,NP101is,540.0,5.4,312.566992166687,44.6809169264919,80.9089,142.10175,1.01264735574813,West,NGC 6997 Panel 4,20 50 16,+44 40 51,90.0,FocusLynx Focuser 1,11861,11861,1.325,13.9,13.9,Manual Rotator,0.0,0.0,0.0,Ascom.SxUFW (v2) ,SII,0.0,84.0,991.184014869552,16.04,257.0,3.204,2000.0,N.I.N.A. 3.2.0.2007 (x64),NGC 6997 Panel 4_Date_2025-09-03_Time_22-17-13_Type_LIGHT_Filter_SII_Exp_600.00s_G_100_Off_10_Ecc_0.41_HFR_1.66px_FWHM_3.98_Temp_13.90_0002.xisf,1,13.3874990892292,12.888
LIGHT,2025-09-04T00:24:46.3557951,2025-09-04T01:24:46.3557951,2025-09-04T00:29:46.9174114,600.0,600.0,ZWO ASI6200MM Pro,ZWOptical_ZWO ASI6200MM Pro_,100,10,0.246657639741898,1,1,0.0,0.0,3.76,3.76,40,66.2,52.2483888888889,-0.12325,NP101is,540.0,5.4,312.567653108505,44.6798965621351,63.37994,269.4899,1.11822149335392,East,NGC 6997 Panel 4,20 50 16,+44 40 51,90.0,FocusLynx Focuser 1,11830,11830,1.325,12.4,12.4,Manual Rotator,0.0,0.0,0.0,Ascom.SxUFW (v2) ,SII,0.0,84.0,991.184014869552,16.04,257.0,3.204,2000.0,N.I.N.A. 3.2.0.2007 (x64),NGC 6997 Panel 4_Date_2025-09-04_Time_01-24-46_Type_LIGHT_Filter_SII_Exp_600.00s_G_100_Off_10_Ecc_0.44_HFR_1.70px_FWHM_4.03_Temp_12.40_0020.xisf,1,13.3874990892292,12.888
LIGHT,2025-09-04T00:14:45.0656101,2025-09-04T01:14:45.0656101,2025-09-04T00:19:45.6167663,600.0,600.0,ZWO ASI6200MM Pro,ZWOptical_ZWO ASI6200MM Pro_,100,10,0.246657639741898,1,1,0.0,0.0,3.76,3.76,40,66.2,52.2483888888889,-0.12325,NP101is,540.0,5.4,312.567533041556,44.679907265517,64.91228,267.42419,1.10385472112979,East,NGC 6997 Panel 4,20 50 16,+44 40 51,90.0,FocusLynx Focuser 1,11830,11830,1.325,12.5,12.5,Manual Rotator,0.0,0.0,0.0,Ascom.SxUFW (v2) ,SII,0.0,84.0,991.184014869552,16.04,257.0,3.204,2000.0,N.I.N.A. 3.2.0.2007 (x64),NGC 6997 Panel 4_Date_2025-09-04_Time_01-14-45_Type_LIGHT_Filter_SII_Exp_600.00s_G_100_Off_10_Ecc_0.44_HFR_1.70px_FWHM_4.03_Temp_12.50_0019.xisf,1,13.3874990892292,12.888
LIGHT,2025-09-03T21:07:12.8346691,2025-09-03T22:07:12.8346691,2025-09-03T21:12:13.3454006,600.0,600.0,ZWO ASI6200MM Pro,ZWOptical_ZWO ASI6200MM Pro_,100,10,0.246657639741898,1,1,0.0,0.0,3.76,3.76,40,66.2,52.2483888888889,-0.12325,NP101is,540.0,5.4,312.567081749348,44.6809272568441,79.87326,133.38924,1.0157410380831,West,NGC 6997 Panel 4,20 50 16,+44 40 51,90.0,FocusLynx Focuser 1,11861,11861,1.325,13.9,13.9,Manual Rotator,0.0,0.0,0.0,Ascom.SxUFW (v2) ,SII,0.0,84.0,991.184014869552,16.04,257.0,3.204,2000.0,N.I.N.A. 3.2.0.2007 (x64),NGC 6997 Panel 4_Date_2025-09-03_Time_22-07-12_Type_LIGHT_Filter_SII_Exp_600.00s_G_100_Off_10_Ecc_0.42_HFR_1.67px_FWHM_3.98_Temp_13.90_0001.xisf,1,13.3874990892292,12.888
LIGHT,2025-09-03T21:47:30.7947015,2025-09-03T22:47:30.7947015,2025-09-03T21:52:31.3261057,600.0,600.0,ZWO ASI6200MM Pro,ZWOptical_ZWO ASI6200MM Pro_,100,10,0.246657639741898,1,1,0.0,0.0,3.76,3.76,40,66.2,52.2483888888889,-0.12325,NP101is,540.0,5.4,312.566992859815,44.6808554361636,82.53096,178.56378,1.008498359794,West,NGC 6997 Panel 4,20 50 16,+44 40 51,90.0,FocusLynx Focuser 1,11861,11861,1.325,13.6,13.6,Manual Rotator,0.0,0.0,0.0,Ascom.SxUFW (v2) ,SII,0.0,84.0,991.184014869552,16.04,257.0,3.204,2000.0,N.I.N.A. 3.2.0.2007 (x64),NGC 6997 Panel 4_Date_2025-09-03_Time_22-47-30_Type_LIGHT_Filter_SII_Exp_600.00s_G_100_Off_10_Ecc_0.42_HFR_1.68px_FWHM_3.92_Temp_13.60_0005.xisf,1,13.3874990892292,12.888
LIGHT,2025-09-03T21:57:31.9806480,2025-09-03T22:57:31.9806480,2025-09-03T22:02:32.4971536,600.0,600.0,ZWO ASI6200MM Pro,ZWOptical_ZWO ASI6200MM Pro_,100,10,0.246657639741898,1,1,0.0,0.0,3.76,3.76,40,66.2,52.2483888888889,-0.12325,NP101is,540.0,5.4,312.567023181015,44.6808748905931,82.38763,192.10431,1.00883110368932,West,NGC 6997 Panel 4,20 50 16,+44 40 51,90.0,FocusLynx Focuser 1,11861,11861,1.325,13.5,13.5,Manual Rotator,0.0,0.0,0.0,Ascom.SxUFW (v2) ,SII,0.0,84.0,991.184014869552,16.04,257.0,3.204,2000.0,N.I.N.A. 3.2.0.2007 (x64),NGC 6997 Panel 4_Date_2025-09-03_Time_22-57-31_Type_LIGHT_Filter_SII_Exp_600.00s_G_100_Off_10_Ecc_0.43_HFR_1.69px_FWHM_3.93_Temp_13.50_0006.xisf,1,13.3874990892292,12.888
LIGHT,2025-09-03T22:13:35.5467031,2025-09-03T23:13:35.5467031,2025-09-03T22:18:36.0945237,600.0,600.0,ZWO ASI6200MM Pro,ZWOptical_ZWO ASI6200MM Pro_,100,10,0.246657639741898,1,1,0.0,0.0,3.76,3.76,40,66.2,52.2483888888889,-0.12325,NP101is,540.0,5.4,312.566978921635,44.6809241835308,81.46371,211.47349,1.01113324014134,East,NGC 6997 Panel 4,20 50 16,+44 40 51,90.0,FocusLynx Focuser 1,11830,11830,1.325,13.5,13.5,Manual Rotator,0.0,0.0,0.0,Ascom.SxUFW (v2) ,SII,0.0,84.0,991.184014869552,16.04,257.0,3.204,2000.0,N.I.N.A. 3.2.0.2007 (x64),NGC 6997 Panel 4_Date_2025-09-03_Time_23-13-35_Type_LIGHT_Filter_SII_Exp_600.00s_G_100_Off_10_Ecc_0.41_HFR_1.69px_FWHM_4.13_Temp_13.50_0007.xisf,1,13.3874990892292,12.888
LIGHT,2025-09-03T22:23:36.7591548,2025-09-03T23:23:36.7591548,2025-09-03T22:28:37.3196425,600.0,600.0,ZWO ASI6200MM Pro,ZWOptical_ZWO ASI6200MM Pro_,100,10,0.246657639741898,1,1,0.0,0.0,3.76,3.76,40,66.2,52.2483888888889,-0.12325,NP101is,540.0,5.4,312.567084044949,44.6809235016737,80.5489166666667,221.29118,1.01368305868192,East,NGC 6997 Panel 4,20 50 16,+44 40 51,90.0,FocusLynx Focuser 1,11830,11830,1.325,13.4,13.4,Manual Rotator,0.0,0.0,0.0,Ascom.SxUFW (v2) ,SII,0.0,84.0,991.184014869552,16.04,257.0,3.204,2000.0,N.I.N.A. 3.2.0.2007 (x64),NGC 6997 Panel 4_Date_2025-09-03_Time_23-23-36_Type_LIGHT_Filter_SII_Exp_600.00s_G_100_Off_10_Ecc_0.42_HFR_1.69px_FWHM_4.10_Temp_13.40_0008.xisf,1,13.3874990892292,12.888
LIGHT,2025-09-03T22:33:49.7063681,2025-09-03T23:33:49.7063681,2025-09-03T22:38:50.2556867,600.0,600.0,ZWO ASI6200MM Pro,ZWOptical_ZWO ASI6200MM Pro_,100,10,0.246657639741898,1,1,0.0,0.0,3.76,3.76,40,66.2,52.2483888888889,-0.12325,NP101is,540.0,5.4,312.566919671928,44.6809333004036,79.4316111111111,229.5471,1.01716727061465,East,NGC 6997 Panel 4,20 50 16,+44 40 51,90.0,FocusLynx Focuser 1,11830,11830,1.325,13.2,13.2,Manual Rotator,0.0,0.0,0.0,Ascom.SxUFW (v2) ,SII,0.0,84.0,991.184014869552,16.04,257.0,3.204,2000.0,N.I.N.A. 3.2.0.2007 (x64),NGC 6997 Panel 4_Date_2025-09-03_Time_23-33-49_Type_LIGHT_Filter_SII_Exp_600.00s_G_100_Off_10_Ecc_0.42_HFR_1.69px_FWHM_4.10_Temp_13.20_0009.xisf,1,13.3874990892292,12.888
LIGHT,2025-09-03T23:04:06.3320097,2025-09-04T00:04:06.3320097,2025-09-03T23:09:06.8626698,600.0,600.0,ZWO ASI6200MM Pro,ZWOptical_ZWO ASI6200MM Pro_,100,10,0.246657639741898,1,1,0.0,0.0,3.76,3.76,40,66.2,52.2483888888889,-0.12325,NP101is,540.0,5.4,312.568016160354,44.681609829132,75.472,246.60916,1.03289754584301,East,NGC 6997 Panel 4,20 50 16,+44 40 51,90.0,FocusLynx Focuser 1,11830,11830,1.325,12.9,12.9,Manual Rotator,0.0,0.0,0.0,Ascom.SxUFW (v2) ,SII,0.0,84.0,991.184014869552,16.04,257.0,3.204,2000.0,N.I.N.A. 3.2.0.2007 (x64),NGC 6997 Panel 4_Date_2025-09-04_Time_00-04-06_Type_LIGHT_Filter_SII_Exp_600.00s_G_100_Off_10_Ecc_0.42_HFR_1.69px_FWHM_4.05_Temp_12.90_0012.xisf,1,13.3874990892292,12.888
LIGHT,2025-09-03T23:24:08.8556657,2025-09-04T00:24:08.8556657,2025-09-03T23:29:09.3706823,600.0,600.0,ZWO ASI6200MM Pro,ZWOptical_ZWO ASI6200MM Pro_,100,10,0.246657639741898,1,1,0.0,0.0,3.76,3.76,40,66.2,52.2483888888889,-0.12325,NP101is,540.0,5.4,312.567927031796,44.6816390150482,72.5803888888889,254.17211,1.04789426406829,East,NGC 6997 Panel 4,20 50 16,+44 40 51,90.0,FocusLynx Focuser 1,11830,11830,1.325,12.8,12.8,Manual Rotator,0.0,0.0,0.0,Ascom.SxUFW (v2) ,SII,0.0,84.0,991.184014869552,16.04,257.0,3.204,2000.0,N.I.N.A. 3.2.0.2007 (x64),NGC 6997 Panel 4_Date_2025-09-04_Time_00-24-08_Type_LIGHT_Filter_SII_Exp_600.00s_G_100_Off_10_Ecc_0.44_HFR_1.69px_FWHM_4.03_Temp_12.80_0014.xisf,1,13.3874990892292,12.888
LIGHT,2025-09-03T23:44:26.2934099,2025-09-04T00:44:26.2934099,2025-09-03T23:49:26.8161399,600.0,600.0,ZWO ASI6200MM Pro,ZWOptical_ZWO ASI6200MM Pro_,100,10,0.246657639741898,1,1,0.0,0.0,3.76,3.76,40,66.2,52.2483888888889,-0.12325,NP101is,540.0,5.4,312.56738021149,44.6793090197581,69.53866,260.21066,1.06711997157861,East,NGC 6997 Panel 4,20 50 16,+44 40 51,90.0,FocusLynx Focuser 1,11830,11830,1.325,12.6,12.6,Manual Rotator,0.0,0.0,0.0,Ascom.SxUFW (v2) ,SII,0.0,84.0,991.184014869552,16.04,257.0,3.204,2000.0,N.I.N.A. 3.2.0.2007 (x64),NGC 6997 Panel 4_Date_2025-09-04_Time_00-44-26_Type_LIGHT_Filter_SII_Exp_600.00s_G_100_Off_10_Ecc_0.43_HFR_1.69px_FWHM_4.03_Temp_12.60_0016.xisf,1,13.3874990892292,12.888
LIGHT,2025-09-03T23:34:24.9980703,2025-09-04T00:34:24.9980703,2025-09-03T23:39:25.5516862,600.0,600.0,ZWO ASI6200MM Pro,ZWOptical_ZWO ASI6200MM Pro_,100,10,0.246657639741898,1,1,0.0,0.0,3.76,3.76,40,66.2,52.2483888888889,-0.12325,NP101is,540.0,5.4,312.567439802817,44.6793093984698,71.04302,257.39816,1.05715209833288,East,NGC 6997 Panel 4,20 50 16,+44 40 51,90.0,FocusLynx Focuser 1,11830,11830,1.325,12.7,12.7,Manual Rotator,0.0,0.0,0.0,Ascom.SxUFW (v2) ,SII,0.0,84.0,991.184014869552,16.04,257.0,3.204,2000.0,N.I.N.A. 3.2.0.2007 (x64),NGC 6997 Panel 4_Date_2025-09-04_Time_00-34-24_Type_LIGHT_Filter_SII_Exp_600.00s_G_100_Off_10_Ecc_0.43_HFR_1.69px_FWHM_4.02_Temp_12.70_0015.xisf,1,13.3874990892292,12.888
LIGHT,2025-09-03T22:53:52.1985683,2025-09-03T23:53:52.1985683,2025-09-03T22:58:52.7648553,600.0,600.0,ZWO ASI6200MM Pro,ZWOptical_ZWO ASI6200MM Pro_,100,10,0.246657639741898,1,1,0.0,0.0,3.76,3.76,40,66.2,52.2483888888889,-0.12325,NP101is,540.0,5.4,312.566890331603,44.6809323731907,76.88463,241.80459,1.02666700159889,East,NGC 6997 Panel 4,20 50 16,+44 40 51,90.0,FocusLynx Focuser 1,11830,11830,1.325,13.0,13.0,Manual Rotator,0.0,0.0,0.0,Ascom.SxUFW (v2) ,SII,0.0,84.0,991.184014869552,16.04,257.0,3.204,2000.0,N.I.N.A. 3.2.0.2007 (x64),NGC 6997 Panel 4_Date_2025-09-03_Time_23-53-52_Type_LIGHT_Filter_SII_Exp_600.00s_G_100_Off_10_Ecc_0.42_HFR_1.69px_FWHM_4.06_Temp_13.00_0011.xisf,1,13.3874990892292,12.888
LIGHT,2025-09-04T01:56:25.9883926,2025-09-04T02:56:25.9883926,2025-09-04T02:01:26.5486213,600.0,600.0,ZWO ASI6200MM Pro,ZWOptical_ZWO ASI6200MM Pro_,100,10,0.246657639741898,1,1,0.0,0.0,3.76,3.76,40,66.2,52.2483888888889,-0.12325,NP101is,540.0,5.4,312.56742057049,44.6810625449963,49.48448,285.06555,1.31441813218244,East,NGC 6997 Panel 4,20 50 16,+44 40 51,90.0,FocusLynx Focuser 1,11830,11830,1.325,11.9,11.9,Manual Rotator,0.0,0.0,0.0,Ascom.SxUFW (v2) ,SII,0.0,84.0,991.184014869552,16.04,257.0,3.204,2000.0,N.I.N.A. 3.2.0.2007 (x64),NGC 6997 Panel 4_Date_2025-09-04_Time_02-56-25_Type_LIGHT_Filter_SII_Exp_600.00s_G_100_Off_10_Ecc_0.44_HFR_1.74px_FWHM_4.10_Temp_11.90_0029.xisf,1,13.3874990892292,12.888
LIGHT,2025-09-10T22:09:19.1968759,2025-09-10T23:09:19.1968759,2025-09-10T22:14:19.7640101,600.0,600.0,ZWO ASI6200MM Pro,ZWOptical_ZWO ASI6200MM Pro_,100,10,0.246657639741898,1,1,-10.0,-9.9,3.76,3.76,40,66.2,52.2483888888889,-0.12325,NP101is,540.0,5.4,312.567114894305,44.6809393673027,79.0690833333333,231.72324,1.01838622251384,East,NGC 6997 Panel 4,20 50 16,+44 40 51,90.0,FocusLynx Focuser 1,11742,11742,1.325,12.8,12.8,Manual Rotator,0.0,0.0,0.0,Ascom.SxUFW (v2) ,OIII,77.0,92.0,990.191838678492,15.15,191.0,9.648,2000.0,N.I.N.A. 3.2.0.2007 (x64),NGC 6997 Panel 4_Date_2025-09-10_Time_23-09-19_Type_LIGHT_Filter_OIII_Exp_600.00s_G_100_Off_10_Ecc_0.43_HFR_1.60px_FWHM_3.67_Temp_12.80_0098.xisf,1,13.883467569856,19.296
LIGHT,2025-09-04T00:04:43.7138964,2025-09-04T01:04:43.7138964,2025-09-04T00:09:44.2902536,600.0,600.0,ZWO ASI6200MM Pro,ZWOptical_ZWO ASI6200MM Pro_,100,10,0.246657639741898,1,1,0.0,0.0,3.76,3.76,40,66.2,52.2483888888889,-0.12325,NP101is,540.0,5.4,312.56763758892,44.6799175637183,66.4494,265.21529,1.09058137497302,East,NGC 6997 Panel 4,20 50 16,+44 40 51,90.0,FocusLynx Focuser 1,11830,11830,1.325,12.5,12.5,Manual Rotator,0.0,0.0,0.0,Ascom.SxUFW (v2) ,SII,0.0,84.0,991.184014869552,16.04,257.0,3.204,2000.0,N.I.N.A. 3.2.0.2007 (x64),NGC 6997 Panel 4_Date_2025-09-04_Time_01-04-43_Type_LIGHT_Filter_SII_Exp_600.00s_G_100_Off_10_Ecc_0.44_HFR_1.70px_FWHM_4.01_Temp_12.50_0018.xisf,1,13.3874990892292,12.888
LIGHT,2025-09-03T21:37:29.6126858,2025-09-03T22:37:29.6126858,2025-09-03T21:42:30.1478410,600.0,600.0,ZWO ASI6200MM Pro,ZWOptical_ZWO ASI6200MM Pro_,100,10,0.246657639741898,1,1,0.0,0.0,3.76,3.76,40,66.2,52.2483888888889,-0.12325,NP101is,540.0,5.4,312.567022577973,44.6808758765769,82.30981,165.05751,1.00901449979897,West,NGC 6997 Panel 4,20 50 16,+44 40 51,90.0,FocusLynx Focuser 1,11861,11861,1.325,13.8,13.8,Manual Rotator,0.0,0.0,0.0,Ascom.SxUFW (v2) ,SII,0.0,84.0,991.184014869552,16.04,257.0,3.204,2000.0,N.I.N.A. 3.2.0.2007 (x64),NGC 6997 Panel 4_Date_2025-09-03_Time_22-37-29_Type_LIGHT_Filter_SII_Exp_600.00s_G_100_Off_10_Ecc_0.43_HFR_1.69px_FWHM_3.95_Temp_13.80_0004.xisf,1,13.3874990892292,12.888
LIGHT,2025-09-03T22:43:50.9065821,2025-09-03T23:43:50.9065821,2025-09-03T22:48:51.4563872,600.0,600.0,ZWO ASI6200MM Pro,ZWOptical_ZWO ASI6200MM Pro_,100,10,0.246657639741898,1,1,0.0,0.0,3.76,3.76,40,66.2,52.2483888888889,-0.12325,NP101is,540.0,5.4,312.56686007921,44.6809329169723,78.20095,236.24645,1.02148354789847,East,NGC 6997 Panel 4,20 50 16,+44 40 51,90.0,FocusLynx Focuser 1,11830,11830,1.325,13.1,13.1,Manual Rotator,0.0,0.0,0.0,Ascom.SxUFW (v2) ,SII,0.0,84.0,991.184014869552,16.04,257.0,3.204,2000.0,N.I.N.A. 3.2.0.2007 (x64),NGC 6997 Panel 4_Date_2025-09-03_Time_23-43-50_Type_LIGHT_Filter_SII_Exp_600.00s_G_100_Off_10_Ecc_0.42_HFR_1.69px_FWHM_4.07_Temp_13.10_0010.xisf,1,13.3874990892292,12.888
LIGHT,2025-09-04T00:45:00.9622885,2025-09-04T01:45:00.9622885,2025-09-04T00:50:01.5208997,600.0,600.0,ZWO ASI6200MM Pro,ZWOptical_ZWO ASI6200MM Pro_,100,10,0.246657639741898,1,1,0.0,0.0,3.76,3.76,40,66.2,52.2483888888889,-0.12325,NP101is,540.0,5.4,312.566649590947,44.6796574021951,60.27667,273.35748,1.15106530947865,East,NGC 6997 Panel 4,20 50 16,+44 40 51,90.0,FocusLynx Focuser 1,11830,11830,1.325,12.3,12.3,Manual Rotator,0.0,0.0,0.0,Ascom.SxUFW (v2) ,SII,0.0,84.0,991.184014869552,16.04,257.0,3.204,2000.0,N.I.N.A. 3.2.0.2007 (x64),NGC 6997 Panel 4_Date_2025-09-04_Time_01-45-00_Type_LIGHT_Filter_SII_Exp_600.00s_G_100_Off_10_Ecc_0.44_HFR_1.70px_FWHM_4.01_Temp_12.30_0022.xisf,1,13.3874990892292,12.888
LIGHT,2025-09-04T00:34:59.7006455,2025-09-04T01:34:59.7006455,2025-09-04T00:40:00.2415135,600.0,600.0,ZWO ASI6200MM Pro,ZWOptical_ZWO ASI6200MM Pro_,100,10,0.246657639741898,1,1,0.0,0.0,3.76,3.76,40,66.2,52.2483888888889,-0.12325,NP101is,540.0,5.4,312.566694168803,44.6796478062719,61.80904,271.49306,1.13419464586322,East,NGC 6997 Panel 4,20 50 16,+44 40 51,90.0,FocusLynx Focuser 1,11830,11830,1.325,12.3,12.3,Manual Rotator,0.0,0.0,0.0,Ascom.SxUFW (v2) ,SII,0.0,84.0,991.184014869552,16.04,257.0,3.204,2000.0,N.I.N.A. 3.2.0.2007 (x64),NGC 6997 Panel 4_Date_2025-09-04_Time_01-34-59_Type_LIGHT_Filter_SII_Exp_600.00s_G_100_Off_10_Ecc_0.44_HFR_1.70px_FWHM_4.00_Temp_12.30_0021.xisf,1,13.3874990892292,12.888
LIGHT,2025-09-04T01:06:07.4020932,2025-09-04T02:06:07.4020932,2025-09-04T01:11:07.9382277,600.0,600.0,ZWO ASI6200MM Pro,ZWOptical_ZWO ASI6200MM Pro_,100,10,0.246657639741898,1,1,0.0,0.0,3.76,3.76,40,66.2,52.2483888888889,-0.12325,NP101is,540.0,5.4,312.567764488362,44.6813643514967,57.04777,277.06831,1.19116452248309,East,NGC 6997 Panel 4,20 50 16,+44 40 51,90.0,FocusLynx Focuser 1,11830,11830,1.325,12.2,12.2,Manual Rotator,0.0,0.0,0.0,Ascom.SxUFW (v2) ,SII,0.0,84.0,991.184014869552,16.04,257.0,3.204,2000.0,N.I.N.A. 3.2.0.2007 (x64),NGC 6997 Panel 4_Date_2025-09-04_Time_02-06-07_Type_LIGHT_Filter_SII_Exp_600.00s_G_100_Off_10_Ecc_0.45_HFR_1.70px_FWHM_3.99_Temp_12.20_0024.xisf,1,13.3874990892292,12.888
LIGHT,2025-09-04T01:26:09.9911323,2025-09-04T02:26:09.9911323,2025-09-04T01:31:10.5381505,600.0,600.0,ZWO ASI6200MM Pro,ZWOptical_ZWO ASI6200MM Pro_,100,10,0.246657639741898,1,1,0.0,0.0,3.76,3.76,40,66.2,52.2483888888889,-0.12325,NP101is,540.0,5.4,312.567735127211,44.6813534354707,54.011,280.36106,1.23520363171831,East,NGC 6997 Panel 4,20 50 16,+44 40 51,90.0,FocusLynx Focuser 1,11830,11830,1.325,12.1,12.1,Manual Rotator,0.0,0.0,0.0,Ascom.SxUFW (v2) ,SII,0.0,84.0,991.184014869552,16.04,257.0,3.204,2000.0,N.I.N.A. 3.2.0.2007 (x64),NGC 6997 Panel 4_Date_2025-09-04_Time_02-26-09_Type_LIGHT_Filter_SII_Exp_600.00s_G_100_Off_10_Ecc_0.45_HFR_1.71px_FWHM_4.03_Temp_12.10_0026.xisf,1,13.3874990892292,12.888
LIGHT,2025-09-04T01:16:08.6693885,2025-09-04T02:16:08.6693885,2025-09-04T01:21:09.2334610,600.0,600.0,ZWO ASI6200MM Pro,ZWOptical_ZWO ASI6200MM Pro_,100,10,0.246657639741898,1,1,0.0,0.0,3.76,3.76,40,66.2,52.2483888888889,-0.12325,NP101is,540.0,5.4,312.567734850596,44.6813639212991,55.5282777777778,278.73403,1.21237621324658,East,NGC 6997 Panel 4,20 50 16,+44 40 51,90.0,FocusLynx Focuser 1,11830,11830,1.325,12.2,12.2,Manual Rotator,0.0,0.0,0.0,Ascom.SxUFW (v2) ,SII,0.0,84.0,991.184014869552,16.04,257.0,3.204,2000.0,N.I.N.A. 3.2.0.2007 (x64),NGC 6997 Panel 4_Date_2025-09-04_Time_02-16-08_Type_LIGHT_Filter_SII_Exp_600.00s_G_100_Off_10_Ecc_0.45_HFR_1.71px_FWHM_4.00_Temp_12.20_0025.xisf,1,13.3874990892292,12.888
LIGHT,2025-09-04T02:51:49.6946324,2025-09-04T03:51:49.6946324,2025-09-04T02:56:50.2294503,600.0,600.0,ZWO ASI6200MM Pro,ZWOptical_ZWO ASI6200MM Pro_,100,10,0.246657639741898,1,1,0.0,0.0,3.76,3.76,40,66.2,52.2483888888889,-0.12325,NP101is,540.0,5.4,312.567229048876,44.68145022315,41.46422,293.2328,1.50835807937863,East,NGC 6997 Panel 4,20 50 16,+44 40 51,90.0,FocusLynx Focuser 1,11821,11821,1.325,11.7,11.7,Manual Rotator,0.0,0.0,0.0,Ascom.SxUFW (v2) ,SII,0.0,84.0,991.184014869552,16.04,257.0,3.204,2000.0,N.I.N.A. 3.2.0.2007 (x64),NGC 6997 Panel 4_Date_2025-09-04_Time_03-51-49_Type_LIGHT_Filter_SII_Exp_600.00s_G_100_Off_10_Ecc_0.42_HFR_1.71px_FWHM_4.23_Temp_11.70_0034.xisf,1,13.3874990892292,12.888
LIGHT,2025-09-04T03:12:52.4575166,2025-09-04T04:12:52.4575166,2025-09-04T03:17:52.9969000,600.0,600.0,ZWO ASI6200MM Pro,ZWOptical_ZWO ASI6200MM Pro_,100,10,0.246657639741898,1,1,0.0,0.0,3.76,3.76,40,66.2,52.2483888888889,-0.12325,NP101is,540.0,5.4,312.567201418966,44.6819092614458,38.53336,296.27205,1.6027880241504,East,NGC 6997 Panel 4,20 50 16,+44 40 51,90.0,FocusLynx Focuser 1,11821,11821,1.325,11.4,11.4,Manual Rotator,0.0,0.0,0.0,Ascom.SxUFW (v2) ,SII,0.0,84.0,991.184014869552,16.04,257.0,3.204,2000.0,N.I.N.A. 3.2.0.2007 (x64),NGC 6997 Panel 4_Date_2025-09-04_Time_04-12-52_Type_LIGHT_Filter_SII_Exp_600.00s_G_100_Off_10_Ecc_0.42_HFR_1.71px_FWHM_4.20_Temp_11.40_0036.xisf,1,13.3874990892292,12.888
LIGHT,2025-09-03T23:14:07.5099906,2025-09-04T00:14:07.5099906,2025-09-03T23:19:08.0831807,600.0,600.0,ZWO ASI6200MM Pro,ZWOptical_ZWO ASI6200MM Pro_,100,10,0.246657639741898,1,1,0.0,0.0,3.76,3.76,40,66.2,52.2483888888889,-0.12325,NP101is,540.0,5.4,312.567956639505,44.6816294489379,74.04281,250.64431,1.03992501188712,East,NGC 6997 Panel 4,20 50 16,+44 40 51,90.0,FocusLynx Focuser 1,11830,11830,1.325,12.8,12.8,Manual Rotator,0.0,0.0,0.0,Ascom.SxUFW (v2) ,SII,0.0,84.0,991.184014869552,16.04,257.0,3.204,2000.0,N.I.N.A. 3.2.0.2007 (x64),NGC 6997 Panel 4_Date_2025-09-04_Time_00-14-07_Type_LIGHT_Filter_SII_Exp_600.00s_G_100_Off_10_Ecc_0.43_HFR_1.69px_FWHM_4.03_Temp_12.80_0013.xisf,1,13.3874990892292,12.888
LIGHT,2025-09-04T00:55:02.2659385,2025-09-04T01:55:02.2659385,2025-09-04T01:00:02.8146837,600.0,600.0,ZWO ASI6200MM Pro,ZWOptical_ZWO ASI6200MM Pro_,100,10,0.246657639741898,1,1,0.0,0.0,3.76,3.76,40,66.2,52.2483888888889,-0.12325,NP101is,540.0,5.4,312.566694753412,44.6796368333341,58.7402,275.154,1.16934271544861,East,NGC 6997 Panel 4,20 50 16,+44 40 51,90.0,FocusLynx Focuser 1,11830,11830,1.325,12.3,12.3,Manual Rotator,0.0,0.0,0.0,Ascom.SxUFW (v2) ,SII,0.0,84.0,991.184014869552,16.04,257.0,3.204,2000.0,N.I.N.A. 3.2.0.2007 (x64),NGC 6997 Panel 4_Date_2025-09-04_Time_01-55-02_Type_LIGHT_Filter_SII_Exp_600.00s_G_100_Off_10_Ecc_0.44_HFR_1.70px_FWHM_3.98_Temp_12.30_0023.xisf,1,13.3874990892292,12.888
LIGHT,2025-09-04T01:36:23.4153860,2025-09-04T02:36:23.4153860,2025-09-04T01:41:23.9829450,600.0,600.0,ZWO ASI6200MM Pro,ZWOptical_ZWO ASI6200MM Pro_,100,10,0.246657639741898,1,1,0.0,0.0,3.76,3.76,40,66.2,52.2483888888889,-0.12325,NP101is,540.0,5.4,312.567419836017,44.681033513904,52.47201,281.98056,1.26016936971733,East,NGC 6997 Panel 4,20 50 16,+44 40 51,90.0,FocusLynx Focuser 1,11830,11830,1.325,11.9,11.9,Manual Rotator,0.0,0.0,0.0,Ascom.SxUFW (v2) ,SII,0.0,84.0,991.184014869552,16.04,257.0,3.204,2000.0,N.I.N.A. 3.2.0.2007 (x64),NGC 6997 Panel 4_Date_2025-09-04_Time_02-36-23_Type_LIGHT_Filter_SII_Exp_600.00s_G_100_Off_10_Ecc_0.45_HFR_1.71px_FWHM_4.02_Temp_11.90_0027.xisf,1,13.3874990892292,12.888
LIGHT,2025-09-04T03:01:50.8772864,2025-09-04T04:01:50.8772864,2025-09-04T03:06:51.4354218,600.0,600.0,ZWO ASI6200MM Pro,ZWOptical_ZWO ASI6200MM Pro_,100,10,0.246657639741898,1,1,0.0,0.0,3.76,3.76,40,66.2,52.2483888888889,-0.12325,NP101is,540.0,5.4,312.567259314338,44.6814496872538,40.0614166666667,294.67905,1.55162666709997,East,NGC 6997 Panel 4,20 50 16,+44 40 51,90.0,FocusLynx Focuser 1,11821,11821,1.325,11.6,11.6,Manual Rotator,0.0,0.0,0.0,Ascom.SxUFW (v2) ,SII,0.0,84.0,991.184014869552,16.04,257.0,3.204,2000.0,N.I.N.A. 3.2.0.2007 (x64),NGC 6997 Panel 4_Date_2025-09-04_Time_04-01-50_Type_LIGHT_Filter_SII_Exp_600.00s_G_100_Off_10_Ecc_0.42_HFR_1.71px_FWHM_4.21_Temp_11.60_0035.xisf,1,13.3874990892292,12.888
LIGHT,2025-09-04T02:41:48.4780558,2025-09-04T03:41:48.4780558,2025-09-04T02:46:49.0300578,600.0,600.0,ZWO ASI6200MM Pro,ZWOptical_ZWO ASI6200MM Pro_,100,10,0.246657639741898,1,1,0.0,0.0,3.76,3.76,40,66.2,52.2483888888889,-0.12325,NP101is,540.0,5.4,312.567213793535,44.681460733119,42.8846388888889,291.77858,1.46779989615054,East,NGC 6997 Panel 4,20 50 16,+44 40 51,90.0,FocusLynx Focuser 1,11821,11821,1.325,11.8,11.8,Manual Rotator,0.0,0.0,0.0,Ascom.SxUFW (v2) ,SII,0.0,84.0,991.184014869552,16.04,257.0,3.204,2000.0,N.I.N.A. 3.2.0.2007 (x64),NGC 6997 Panel 4_Date_2025-09-04_Time_03-41-48_Type_LIGHT_Filter_SII_Exp_600.00s_G_100_Off_10_Ecc_0.42_HFR_1.71px_FWHM_4.27_Temp_11.80_0033.xisf,1,13.3874990892292,12.888
LIGHT,2025-09-04T01:46:24.6644770,2025-09-04T02:46:24.6644770,2025-09-04T01:51:25.2389534,600.0,600.0,ZWO ASI6200MM Pro,ZWOptical_ZWO ASI6200MM Pro_,100,10,0.246657639741898,1,1,0.0,0.0,3.76,3.76,40,66.2,52.2483888888889,-0.12325,NP101is,540.0,5.4,312.567450134287,44.6810429740871,50.97073,283.53878,1.28642353376127,East,NGC 6997 Panel 4,20 50 16,+44 40 51,90.0,FocusLynx Focuser 1,11830,11830,1.325,11.9,11.9,Manual Rotator,0.0,0.0,0.0,Ascom.SxUFW (v2) ,SII,0.0,84.0,991.184014869552,16.04,257.0,3.204,2000.0,N.I.N.A. 3.2.0.2007 (x64),NGC 6997 Panel 4_Date_2025-09-04_Time_02-46-24_Type_LIGHT_Filter_SII_Exp_600.00s_G_100_Off_10_Ecc_0.45_HFR_1.72px_FWHM_4.01_Temp_11.90_0028.xisf,1,13.3874990892292,12.888
LIGHT,2025-09-04T03:22:53.7477874,2025-09-04T04:22:53.7477874,2025-09-04T03:27:54.3123001,600.0,600.0,ZWO ASI6200MM Pro,ZWOptical_ZWO ASI6200MM Pro_,100,10,0.246657639741898,1,1,0.0,0.0,3.76,3.76,40,66.2,52.2483888888889,-0.12325,NP101is,540.0,5.4,312.567291619534,44.6819186163502,37.1625,297.71754,1.65266214198029,East,NGC 6997 Panel 4,20 50 16,+44 40 51,90.0,FocusLynx Focuser 1,11821,11821,1.325,11.4,11.4,Manual Rotator,0.0,0.0,0.0,Ascom.SxUFW (v2) ,SII,0.0,84.0,991.184014869552,16.04,257.0,3.204,2000.0,N.I.N.A. 3.2.0.2007 (x64),NGC 6997 Panel 4_Date_2025-09-04_Time_04-22-53_Type_LIGHT_Filter_SII_Exp_600.00s_G_100_Off_10_Ecc_0.42_HFR_1.73px_FWHM_4.27_Temp_11.40_0037.xisf,1,13.3874990892292,12.888
LIGHT,2025-09-04T03:32:54.9828045,2025-09-04T04:32:54.9828045,2025-09-04T03:37:55.5331130,600.0,600.0,ZWO ASI6200MM Pro,ZWOptical_ZWO ASI6200MM Pro_,100,10,0.246657639741898,1,1,0.0,0.0,3.76,3.76,40,66.2,52.2483888888889,-0.12325,NP101is,540.0,5.4,312.567321851197,44.6819080808612,35.81167,299.16255,1.70590932166649,East,NGC 6997 Panel 4,20 50 16,+44 40 51,90.0,FocusLynx Focuser 1,11821,11821,1.325,11.3,11.3,Manual Rotator,0.0,0.0,0.0,Ascom.SxUFW (v2) ,SII,0.0,84.0,991.184014869552,16.04,257.0,3.204,2000.0,N.I.N.A. 3.2.0.2007 (x64),NGC 6997 Panel 4_Date_2025-09-04_Time_04-32-54_Type_LIGHT_Filter_SII_Exp_600.00s_G_100_Off_10_Ecc_0.43_HFR_1.73px_FWHM_4.28_Temp_11.30_0038.xisf,1,13.3874990892292,12.888
LIGHT,2025-09-04T03:43:50.8010676,2025-09-04T04:43:50.8010676,2025-09-04T03:48:51.3424540,600.0,600.0,ZWO ASI6200MM Pro,ZWOptical_ZWO ASI6200MM Pro_,100,10,0.246657639741898,1,1,0.0,0.0,3.76,3.76,40,66.2,52.2483888888889,-0.12325,NP101is,540.0,5.4,312.564964584941,44.6800618384729,34.35623,300.74188,1.7683754828821,East,NGC 6997 Panel 4,20 50 16,+44 40 51,90.0,FocusLynx Focuser 1,11821,11821,1.325,11.2,11.2,Manual Rotator,0.0,0.0,0.0,Ascom.SxUFW (v2) ,SII,0.0,84.0,991.184014869552,16.04,257.0,3.204,2000.0,N.I.N.A. 3.2.0.2007 (x64),NGC 6997 Panel 4_Date_2025-09-04_Time_04-43-50_Type_LIGHT_Filter_SII_Exp_600.00s_G_100_Off_10_Ecc_0.42_HFR_1.72px_FWHM_4.19_Temp_11.20_0039.xisf,1,13.3874990892292,12.888
LIGHT,2025-09-04T03:53:52.0654822,2025-09-04T04:53:52.0654822,2025-09-04T03:58:52.5975814,600.0,600.0,ZWO ASI6200MM Pro,ZWOptical_ZWO ASI6200MM Pro_,100,10,0.246657639741898,1,1,0.0,0.0,3.76,3.76,40,66.2,52.2483888888889,-0.12325,NP101is,540.0,5.4,312.565054714279,44.6800511961955,33.04927,302.18922,1.82951908118412,East,NGC 6997 Panel 4,20 50 16,+44 40 51,90.0,FocusLynx Focuser 1,11821,11821,1.325,11.0,11.0,Manual Rotator,0.0,0.0,0.0,Ascom.SxUFW (v2) ,SII,0.0,84.0,991.184014869552,16.04,257.0,3.204,2000.0,N.I.N.A. 3.2.0.2007 (x64),NGC 6997 Panel 4_Date_2025-09-04_Time_04-53-52_Type_LIGHT_Filter_SII_Exp_600.00s_G_100_Off_10_Ecc_0.40_HFR_1.74px_FWHM_4.31_Temp_11.00_0040.xisf,1,13.3874990892292,12.888
LIGHT,2025-09-04T21:12:21.5734705,2025-09-04T22:12:21.5734705,2025-09-04T21:17:22.1696586,600.0,600.0,ZWO ASI6200MM Pro,ZWOptical_ZWO ASI6200MM Pro_,100,10,0.246657639741898,1,1,-10.0,-10.0,3.76,3.76,40,66.2,52.2483888888889,-0.12325,NP101is,540.0,5.4,312.567011011065,44.6809496782082,80.8193611111111,141.20604,1.01290103730969,West,NGC 6997 Panel 4,20 50 16,+44 40 51,90.0,FocusLynx Focuser 1,11833,11833,1.325,12.4,12.4,Manual Rotator,0.0,0.0,0.0,Ascom.SxUFW (v2) ,SII,35.0,68.0,1000.1136005891,17.15,284.0,1.62,2000.0,N.I.N.A. 3.2.0.2007 (x64),NGC 6997 Panel 4_Date_2025-09-04_Time_22-12-21_Type_LIGHT_Filter_SII_Exp_600.00s_G_100_Off_10_Ecc_0.40_HFR_1.68px_FWHM_4.02_Temp_12.40_0044.xisf,1,11.3063209138594,9.648
LIGHT,2025-09-04T21:22:22.8888491,2025-09-04T22:22:22.8888491,2025-09-04T21:27:23.4426714,600.0,600.0,ZWO ASI6200MM Pro,ZWOptical_ZWO ASI6200MM Pro_,100,10,0.246657639741898,1,1,-10.0,-10.0,3.76,3.76,40,66.2,52.2483888888889,-0.12325,NP101is,540.0,5.4,312.567056278702,44.6809391478292,81.67654,151.56469,1.01057871537988,West,NGC 6997 Panel 4,20 50 16,+44 40 51,90.0,FocusLynx Focuser 1,11833,11833,1.325,12.4,12.4,Manual Rotator,0.0,0.0,0.0,Ascom.SxUFW (v2) ,SII,35.0,68.0,1000.1136005891,17.15,284.0,1.62,2000.0,N.I.N.A. 3.2.0.2007 (x64),NGC 6997 Panel 4_Date_2025-09-04_Time_22-22-22_Type_LIGHT_Filter_SII_Exp_600.00s_G_100_Off_10_Ecc_0.41_HFR_1.68px_FWHM_3.96_Temp_12.40_0045.xisf,1,11.3063209138594,9.648
LIGHT,2025-09-04T21:32:24.1894474,2025-09-04T22:32:24.1894474,2025-09-04T21:37:24.7177205,600.0,600.0,ZWO ASI6200MM Pro,ZWOptical_ZWO ASI6200MM Pro_,100,10,0.246657639741898,1,1,-10.0,-10.0,3.76,3.76,40,66.2,52.2483888888889,-0.12325,NP101is,540.0,5.4,312.567026708477,44.6809387569204,82.26362,163.61103,1.0091242657057,West,NGC 6997 Panel 4,20 50 16,+44 40 51,90.0,FocusLynx Focuser 1,11833,11833,1.325,12.2,12.2,Manual Rotator,0.0,0.0,0.0,Ascom.SxUFW (v2) ,SII,35.0,68.0,1000.1136005891,17.15,284.0,1.62,2000.0,N.I.N.A. 3.2.0.2007 (x64),NGC 6997 Panel 4_Date_2025-09-04_Time_22-32-24_Type_LIGHT_Filter_SII_Exp_600.00s_G_100_Off_10_Ecc_0.41_HFR_1.68px_FWHM_3.97_Temp_12.20_0046.xisf,1,11.3063209138594,9.648
LIGHT,2025-09-04T21:42:36.6267393,2025-09-04T22:42:36.6267393,2025-09-04T21:47:37.1763507,600.0,600.0,ZWO ASI6200MM Pro,ZWOptical_ZWO ASI6200MM Pro_,100,10,0.246657639741898,1,1,-10.0,-10.0,3.76,3.76,40,66.2,52.2483888888889,-0.12325,NP101is,540.0,5.4,312.567027060264,44.680928301784,82.52585,177.24456,1.00851011061461,West,NGC 6997 Panel 4,20 50 16,+44 40 51,90.0,FocusLynx Focuser 1,11833,11833,1.325,12.1,12.1,Manual Rotator,0.0,0.0,0.0,Ascom.SxUFW (v2) ,SII,35.0,68.0,1000.1136005891,17.15,284.0,1.62,2000.0,N.I.N.A. 3.2.0.2007 (x64),NGC 6997 Panel 4_Date_2025-09-04_Time_22-42-36_Type_LIGHT_Filter_SII_Exp_600.00s_G_100_Off_10_Ecc_0.41_HFR_1.68px_FWHM_3.96_Temp_12.10_0047.xisf,1,11.3063209138594,9.648
LIGHT,2025-09-04T22:08:35.3157796,2025-09-04T23:08:35.3157796,2025-09-04T22:13:35.8707156,600.0,600.0,ZWO ASI6200MM Pro,ZWOptical_ZWO ASI6200MM Pro_,100,10,0.246657639741898,1,1,-10.0,-10.0,3.76,3.76,40,66.2,52.2483888888889,-0.12325,NP101is,540.0,5.4,312.567013109492,44.6809371739428,81.54661,210.34164,1.01091551627975,East,NGC 6997 Panel 4,20 50 16,+44 40 51,90.0,FocusLynx Focuser 1,11806,11806,1.325,11.8,11.8,Manual Rotator,0.0,0.0,0.0,Ascom.SxUFW (v2) ,SII,35.0,68.0,1000.1136005891,17.15,284.0,1.62,2000.0,N.I.N.A. 3.2.0.2007 (x64),NGC 6997 Panel 4_Date_2025-09-04_Time_23-08-35_Type_LIGHT_Filter_SII_Exp_600.00s_G_100_Off_10_Ecc_0.42_HFR_1.69px_FWHM_4.08_Temp_11.80_0049.xisf,1,11.3063209138594,9.648
LIGHT,2025-09-04T21:52:37.9320883,2025-09-04T22:52:37.9320883,2025-09-04T21:57:38.4875408,600.0,600.0,ZWO ASI6200MM Pro,ZWOptical_ZWO ASI6200MM Pro_,100,10,0.246657639741898,1,1,-10.0,-10.0,3.76,3.76,40,66.2,52.2483888888889,-0.12325,NP101is,540.0,5.4,312.566937630939,44.6809380189339,82.4166,190.86056,1.00876332284034,West,NGC 6997 Panel 4,20 50 16,+44 40 51,90.0,FocusLynx Focuser 1,11833,11833,1.325,12.0,12.0,Manual Rotator,0.0,0.0,0.0,Ascom.SxUFW (v2) ,SII,35.0,68.0,1000.1136005891,17.15,284.0,1.62,2000.0,N.I.N.A. 3.2.0.2007 (x64),NGC 6997 Panel 4_Date_2025-09-04_Time_22-52-37_Type_LIGHT_Filter_SII_Exp_600.00s_G_100_Off_10_Ecc_0.41_HFR_1.70px_FWHM_3.98_Temp_12.00_0048.xisf,1,11.3063209138594,9.648
LIGHT,2025-09-04T22:19:31.6673042,2025-09-04T23:19:31.6673042,2025-09-04T22:24:32.2622399,600.0,600.0,ZWO ASI6200MM Pro,ZWOptical_ZWO ASI6200MM Pro_,100,10,0.246657639741898,1,1,-10.0,-10.0,3.76,3.76,40,66.2,52.2483888888889,-0.12325,NP101is,540.0,5.4,312.568134157913,44.6802546538403,80.56225,221.17133,1.01364394661538,East,NGC 6997 Panel 4,20 50 16,+44 40 51,90.0,FocusLynx Focuser 1,11806,11806,1.325,11.6,11.6,Manual Rotator,0.0,0.0,0.0,Ascom.SxUFW (v2) ,SII,35.0,68.0,1000.1136005891,17.15,284.0,1.62,2000.0,N.I.N.A. 3.2.0.2007 (x64),NGC 6997 Panel 4_Date_2025-09-04_Time_23-19-31_Type_LIGHT_Filter_SII_Exp_600.00s_G_100_Off_10_Ecc_0.42_HFR_1.69px_FWHM_4.08_Temp_11.60_0050.xisf,1,11.3063209138594,9.648
LIGHT,2025-09-04T22:59:56.4498366,2025-09-04T23:59:56.4498366,2025-09-04T23:04:57.0233227,600.0,600.0,ZWO ASI6200MM Pro,ZWOptical_ZWO ASI6200MM Pro_,100,10,0.246657639741898,1,1,-10.0,-10.0,3.76,3.76,40,66.2,52.2483888888889,-0.12325,NP101is,540.0,5.4,312.568254571426,44.6841626395661,75.504,246.52345,1.03274861463355,East,NGC 6997 Panel 4,20 50 16,+44 40 51,90.0,FocusLynx Focuser 1,11806,11806,1.325,11.0,11.0,Manual Rotator,0.0,0.0,0.0,Ascom.SxUFW (v2) ,SII,35.0,68.0,1000.1136005891,17.15,284.0,1.62,2000.0,N.I.N.A. 3.2.0.2007 (x64),NGC 6997 Panel 4_Date_2025-09-04_Time_23-59-56_Type_LIGHT_Filter_SII_Exp_600.00s_G_100_Off_10_Ecc_0.44_HFR_1.71px_FWHM_4.03_Temp_11.00_0054.xisf,1,11.3063209138594,9.648
LIGHT,2025-09-04T22:39:34.3101778,2025-09-04T23:39:34.3101778,2025-09-04T22:44:34.8516560,600.0,600.0,ZWO ASI6200MM Pro,ZWOptical_ZWO ASI6200MM Pro_,100,10,0.246657639741898,1,1,-10.0,-10.0,3.76,3.76,40,66.2,52.2483888888889,-0.12325,NP101is,540.0,5.4,312.568149933996,44.6802637375837,78.24545,236.03099,1.0213186219768,East,NGC 6997 Panel 4,20 50 16,+44 40 51,90.0,FocusLynx Focuser 1,11806,11806,1.325,11.3,11.3,Manual Rotator,0.0,0.0,0.0,Ascom.SxUFW (v2) ,SII,35.0,68.0,1000.1136005891,17.15,284.0,1.62,2000.0,N.I.N.A. 3.2.0.2007 (x64),NGC 6997 Panel 4_Date_2025-09-04_Time_23-39-34_Type_LIGHT_Filter_SII_Exp_600.00s_G_100_Off_10_Ecc_0.43_HFR_1.70px_FWHM_4.06_Temp_11.30_0052.xisf,1,11.3063209138594,9.648
LIGHT,2025-09-05T00:56:18.3962148,2025-09-05T01:56:18.3962148,2025-09-05T01:01:18.9188194,600.0,600.0,ZWO ASI6200MM Pro,ZWOptical_ZWO ASI6200MM Pro_,100,10,0.246657639741898,1,1,-10.0,-10.0,3.76,3.76,40,66.2,52.2483888888889,-0.12325,NP101is,540.0,5.4,312.567988319036,44.6838180015878,57.94797,276.066,1.17932950110415,East,NGC 6997 Panel 4,20 50 16,+44 40 51,90.0,FocusLynx Focuser 1,11782,11782,1.325,10.0,10.0,Manual Rotator,0.0,0.0,0.0,Ascom.SxUFW (v2) ,SII,35.0,68.0,1000.1136005891,17.15,284.0,1.62,2000.0,N.I.N.A. 3.2.0.2007 (x64),NGC 6997 Panel 4_Date_2025-09-05_Time_01-56-18_Type_LIGHT_Filter_SII_Exp_600.00s_G_100_Off_10_Ecc_0.42_HFR_1.70px_FWHM_4.02_Temp_10.00_0065.xisf,1,11.3063209138594,9.648
LIGHT,2025-09-04T22:29:33.0288692,2025-09-04T23:29:33.0288692,2025-09-04T22:34:33.5766313,600.0,600.0,ZWO ASI6200MM Pro,ZWOptical_ZWO ASI6200MM Pro_,100,10,0.246657639741898,1,1,-10.0,-10.0,3.76,3.76,40,66.2,52.2483888888889,-0.12325,NP101is,540.0,5.4,312.568134611813,44.6802742096995,79.47076,229.29892,1.01703824449265,East,NGC 6997 Panel 4,20 50 16,+44 40 51,90.0,FocusLynx Focuser 1,11806,11806,1.325,11.5,11.5,Manual Rotator,0.0,0.0,0.0,Ascom.SxUFW (v2) ,SII,35.0,68.0,1000.1136005891,17.15,284.0,1.62,2000.0,N.I.N.A. 3.2.0.2007 (x64),NGC 6997 Panel 4_Date_2025-09-04_Time_23-29-33_Type_LIGHT_Filter_SII_Exp_600.00s_G_100_Off_10_Ecc_0.42_HFR_1.69px_FWHM_4.07_Temp_11.50_0051.xisf,1,11.3063209138594,9.648
LIGHT,2025-09-04T23:09:57.8023299,2025-09-05T00:09:57.8023299,2025-09-04T23:14:58.3236812,600.0,600.0,ZWO ASI6200MM Pro,ZWOptical_ZWO ASI6200MM Pro_,100,10,0.246657639741898,1,1,-10.0,-10.0,3.76,3.76,40,66.2,52.2483888888889,-0.12325,NP101is,540.0,5.4,312.56822490035,44.6841322504266,74.07204,250.58048,1.03977384063235,East,NGC 6997 Panel 4,20 50 16,+44 40 51,90.0,FocusLynx Focuser 1,11806,11806,1.325,11.0,11.0,Manual Rotator,0.0,0.0,0.0,Ascom.SxUFW (v2) ,SII,35.0,68.0,1000.1136005891,17.15,284.0,1.62,2000.0,N.I.N.A. 3.2.0.2007 (x64),NGC 6997 Panel 4_Date_2025-09-05_Time_00-09-57_Type_LIGHT_Filter_SII_Exp_600.00s_G_100_Off_10_Ecc_0.44_HFR_1.71px_FWHM_4.04_Temp_11.00_0055.xisf,1,11.3063209138594,9.648
LIGHT,2025-09-04T23:20:12.9417456,2025-09-05T00:20:12.9417456,2025-09-04T23:25:13.4950033,600.0,600.0,ZWO ASI6200MM Pro,ZWOptical_ZWO ASI6200MM Pro_,100,10,0.246657639741898,1,1,-10.0,-10.0,3.76,3.76,40,66.2,52.2483888888889,-0.12325,NP101is,540.0,5.4,312.566755692551,44.6835444670894,72.5705,254.20363,1.0479508947718,East,NGC 6997 Panel 4,20 50 16,+44 40 51,90.0,FocusLynx Focuser 1,11806,11806,1.325,10.8,10.8,Manual Rotator,0.0,0.0,0.0,Ascom.SxUFW (v2) ,SII,35.0,68.0,1000.1136005891,17.15,284.0,1.62,2000.0,N.I.N.A. 3.2.0.2007 (x64),NGC 6997 Panel 4_Date_2025-09-05_Time_00-20-12_Type_LIGHT_Filter_SII_Exp_600.00s_G_100_Off_10_Ecc_0.43_HFR_1.73px_FWHM_4.11_Temp_10.80_0056.xisf,1,11.3063209138594,9.648
LIGHT,2025-09-04T23:45:28.5477679,2025-09-05T00:45:28.5477679,2025-09-04T23:50:29.0832216,600.0,600.0,ZWO ASI6200MM Pro,ZWOptical_ZWO ASI6200MM Pro_,100,10,0.246657639741898,1,1,-10.0,-10.0,3.76,3.76,40,66.2,52.2483888888889,-0.12325,NP101is,540.0,5.4,312.566636979029,44.6835735704904,68.78766,261.52531,1.07244473290467,East,NGC 6997 Panel 4,20 50 16,+44 40 51,90.0,FocusLynx Focuser 1,11782,11782,1.325,10.6,10.6,Manual Rotator,0.0,0.0,0.0,Ascom.SxUFW (v2) ,SII,35.0,68.0,1000.1136005891,17.15,284.0,1.62,2000.0,N.I.N.A. 3.2.0.2007 (x64),NGC 6997 Panel 4_Date_2025-09-05_Time_00-45-28_Type_LIGHT_Filter_SII_Exp_600.00s_G_100_Off_10_Ecc_0.42_HFR_1.70px_FWHM_4.13_Temp_10.60_0058.xisf,1,11.3063209138594,9.648
DARK,2025-05-30T02:17:44.736,2025-05-30T03:17:44.736,2025-05-30T02:22:45.338,600.0,600.0,ZWO ASI6200MM Pro,ZWO ASI6200MM Pro,100,10,0.246657639741898,1,1,-10.0,-10.0,3.76,3.76,40,66.2,52.2483888888889,-0.12325,NP101is,540.0,5.4,,,,,,,,,,,FocusLynx Focuser 1,12318,12318,1.325,26.8,26.8,,,,,Starlight Xpress Filter Wheels,Ha,,,,,,,2000.0,N.I.N.A. 3.1.2.9001 (x64),_Date_2025-05-30_Time_03-17-44_Type_DARK_Filter_Ha_Exposure_600.00s_HFR_px_FWHM_0.00_Frame_0144.xisf,1,,
LIGHT,2025-09-04T23:55:43.6448683,2025-09-05T00:55:43.6448683,2025-09-05T00:00:44.1823475,600.0,600.0,ZWO ASI6200MM Pro,ZWOptical_ZWO ASI6200MM Pro_,100,10,0.246657639741898,1,1,-10.0,-10.0,3.76,3.76,40,66.2,52.2483888888889,-0.12325,NP101is,540.0,5.4,312.56461857549,44.684336781842,67.2198333333333,264.05973,1.08433860445773,East,NGC 6997 Panel 4,20 50 16,+44 40 51,90.0,FocusLynx Focuser 1,11782,11782,1.325,10.4,10.4,Manual Rotator,0.0,0.0,0.0,Ascom.SxUFW (v2) ,SII,35.0,68.0,1000.1136005891,17.15,284.0,1.62,2000.0,N.I.N.A. 3.2.0.2007 (x64),NGC 6997 Panel 4_Date_2025-09-05_Time_00-55-43_Type_LIGHT_Filter_SII_Exp_600.00s_G_100_Off_10_Ecc_0.42_HFR_1.70px_FWHM_4.13_Temp_10.40_0059.xisf,1,11.3063209138594,9.648
LIGHT,2025-09-05T00:05:44.9087732,2025-09-05T01:05:44.9087732,2025-09-05T00:10:45.4736169,600.0,600.0,ZWO ASI6200MM Pro,ZWOptical_ZWO ASI6200MM Pro_,100,10,0.246657639741898,1,1,-10.0,-10.0,3.76,3.76,40,66.2,52.2483888888889,-0.12325,NP101is,540.0,5.4,312.564738830578,44.6843561219251,65.68681,266.34333,1.09702786234776,East,NGC 6997 Panel 4,20 50 16,+44 40 51,90.0,FocusLynx Focuser 1,11782,11782,1.325,10.3,10.3,Manual Rotator,0.0,0.0,0.0,Ascom.SxUFW (v2) ,SII,35.0,68.0,1000.1136005891,17.15,284.0,1.62,2000.0,N.I.N.A. 3.2.0.2007 (x64),NGC 6997 Panel 4_Date_2025-09-05_Time_01-05-44_Type_LIGHT_Filter_SII_Exp_600.00s_G_100_Off_10_Ecc_0.42_HFR_1.71px_FWHM_4.13_Temp_10.30_0060.xisf,1,11.3063209138594,9.648
LIGHT,2025-09-05T01:56:50.6394169,2025-09-05T02:56:50.6394169,2025-09-05T02:01:51.1786660,600.0,600.0,ZWO ASI6200MM Pro,ZWOptical_ZWO ASI6200MM Pro_,100,10,0.246657639741898,1,1,-10.0,-10.0,3.76,3.76,40,66.2,52.2483888888889,-0.12325,NP101is,540.0,5.4,312.567990155723,44.6836653499548,48.84271,285.72631,1.32716482810924,East,NGC 6997 Panel 4,20 50 16,+44 40 51,90.0,FocusLynx Focuser 1,11782,11782,1.325,9.6,9.6,Manual Rotator,0.0,0.0,0.0,Ascom.SxUFW (v2) ,SII,35.0,68.0,1000.1136005891,17.15,284.0,1.62,2000.0,N.I.N.A. 3.2.0.2007 (x64),NGC 6997 Panel 4_Date_2025-09-05_Time_02-56-50_Type_LIGHT_Filter_SII_Exp_600.00s_G_100_Off_10_Ecc_0.44_HFR_1.71px_FWHM_4.02_Temp_9.60_0071.xisf,1,11.3063209138594,9.648
LIGHT,2025-09-05T00:26:02.0254024,2025-09-05T01:26:02.0254024,2025-09-05T00:31:02.5566921,600.0,600.0,ZWO ASI6200MM Pro,ZWOptical_ZWO ASI6200MM Pro_,100,10,0.246657639741898,1,1,-10.0,-10.0,3.76,3.76,40,66.2,52.2483888888889,-0.12325,NP101is,540.0,5.4,312.567628258612,44.6839599838034,62.58195,270.53148,1.12617339477191,East,NGC 6997 Panel 4,20 50 16,+44 40 51,90.0,FocusLynx Focuser 1,11782,11782,1.325,10.2,10.2,Manual Rotator,0.0,0.0,0.0,Ascom.SxUFW (v2) ,SII,35.0,68.0,1000.1136005891,17.15,284.0,1.62,2000.0,N.I.N.A. 3.2.0.2007 (x64),NGC 6997 Panel 4_Date_2025-09-05_Time_01-26-02_Type_LIGHT_Filter_SII_Exp_600.00s_G_100_Off_10_Ecc_0.42_HFR_1.72px_FWHM_4.17_Temp_10.20_0062.xisf,1,11.3063209138594,9.648
LIGHT,2025-09-05T00:15:46.1344549,2025-09-05T01:15:46.1344549,2025-09-05T00:20:46.6961900,600.0,600.0,ZWO ASI6200MM Pro,ZWOptical_ZWO ASI6200MM Pro_,100,10,0.246657639741898,1,1,-10.0,-10.0,3.76,3.76,40,66.2,52.2483888888889,-0.12325,NP101is,540.0,5.4,312.564694224766,44.6843357621788,64.15065,268.47852,1.11084999956051,East,NGC 6997 Panel 4,20 50 16,+44 40 51,90.0,FocusLynx Focuser 1,11782,11782,1.325,10.2,10.2,Manual Rotator,0.0,0.0,0.0,Ascom.SxUFW (v2) ,SII,35.0,68.0,1000.1136005891,17.15,284.0,1.62,2000.0,N.I.N.A. 3.2.0.2007 (x64),NGC 6997 Panel 4_Date_2025-09-05_Time_01-15-46_Type_LIGHT_Filter_SII_Exp_600.00s_G_100_Off_10_Ecc_0.42_HFR_1.72px_FWHM_4.19_Temp_10.20_0061.xisf,1,11.3063209138594,9.648
LIGHT,2025-09-05T00:36:03.2813756,2025-09-05T01:36:03.2813756,2025-09-05T00:41:03.8387722,600.0,600.0,ZWO ASI6200MM Pro,ZWOptical_ZWO ASI6200MM Pro_,100,10,0.246657639741898,1,1,-10.0,-10.0,3.76,3.76,40,66.2,52.2483888888889,-0.12325,NP101is,540.0,5.4,312.567748407217,44.6839493254868,61.04526,272.44316,1.14243934694275,East,NGC 6997 Panel 4,20 50 16,+44 40 51,90.0,FocusLynx Focuser 1,11782,11782,1.325,10.2,10.2,Manual Rotator,0.0,0.0,0.0,Ascom.SxUFW (v2) ,SII,35.0,68.0,1000.1136005891,17.15,284.0,1.62,2000.0,N.I.N.A. 3.2.0.2007 (x64),NGC 6997 Panel 4_Date_2025-09-05_Time_01-36-03_Type_LIGHT_Filter_SII_Exp_600.00s_G_100_Off_10_Ecc_0.42_HFR_1.71px_FWHM_4.09_Temp_10.20_0063.xisf,1,11.3063209138594,9.648
LIGHT,2025-09-04T22:49:55.2539879,2025-09-04T23:49:55.2539879,2025-09-04T22:54:55.8002028,600.0,600.0,ZWO ASI6200MM Pro,ZWOptical_ZWO ASI6200MM Pro_,100,10,0.246657639741898,1,1,-10.0,-10.0,3.76,3.76,40,66.2,52.2483888888889,-0.12325,NP101is,540.0,5.4,312.568239176743,44.6841531105777,76.88846,241.8102,1.02665105684122,East,NGC 6997 Panel 4,20 50 16,+44 40 51,90.0,FocusLynx Focuser 1,11806,11806,1.325,11.2,11.2,Manual Rotator,0.0,0.0,0.0,Ascom.SxUFW (v2) ,SII,35.0,68.0,1000.1136005891,17.15,284.0,1.62,2000.0,N.I.N.A. 3.2.0.2007 (x64),NGC 6997 Panel 4_Date_2025-09-04_Time_23-49-55_Type_LIGHT_Filter_SII_Exp_600.00s_G_100_Off_10_Ecc_0.43_HFR_1.70px_FWHM_4.03_Temp_11.20_0053.xisf,1,11.3063209138594,9.648
LIGHT,2025-09-05T01:46:36.7359651,2025-09-05T02:46:36.7359651,2025-09-05T01:51:37.2902916,600.0,600.0,ZWO ASI6200MM Pro,ZWOptical_ZWO ASI6200MM Pro_,100,10,0.246657639741898,1,1,-10.0,-10.0,3.76,3.76,40,66.2,52.2483888888889,-0.12325,NP101is,540.0,5.4,312.567122069229,44.6838973729461,50.3582,284.17534,1.29771016255725,East,NGC 6997 Panel 4,20 50 16,+44 40 51,90.0,FocusLynx Focuser 1,11782,11782,1.325,9.7,9.7,Manual Rotator,0.0,0.0,0.0,Ascom.SxUFW (v2) ,SII,35.0,68.0,1000.1136005891,17.15,284.0,1.62,2000.0,N.I.N.A. 3.2.0.2007 (x64),NGC 6997 Panel 4_Date_2025-09-05_Time_02-46-36_Type_LIGHT_Filter_SII_Exp_600.00s_G_100_Off_10_Ecc_0.45_HFR_1.71px_FWHM_4.01_Temp_9.70_0070.xisf,1,11.3063209138594,9.648
LIGHT,2025-09-05T01:06:19.6627330,2025-09-05T02:06:19.6627330,2025-09-05T01:11:20.2257824,600.0,600.0,ZWO ASI6200MM Pro,ZWOptical_ZWO ASI6200MM Pro_,100,10,0.246657639741898,1,1,-10.0,-10.0,3.76,3.76,40,66.2,52.2483888888889,-0.12325,NP101is,540.0,5.4,312.568018660189,44.6838175064492,56.4186111111111,277.76841,1.19975480949794,East,NGC 6997 Panel 4,20 50 16,+44 40 51,90.0,FocusLynx Focuser 1,11782,11782,1.325,9.8,9.8,Manual Rotator,0.0,0.0,0.0,Ascom.SxUFW (v2) ,SII,35.0,68.0,1000.1136005891,17.15,284.0,1.62,2000.0,N.I.N.A. 3.2.0.2007 (x64),NGC 6997 Panel 4_Date_2025-09-05_Time_02-06-19_Type_LIGHT_Filter_SII_Exp_600.00s_G_100_Off_10_Ecc_0.42_HFR_1.71px_FWHM_4.06_Temp_9.80_0066.xisf,1,11.3063209138594,9.648
DARK,2025-05-30T01:57:42.186,2025-05-30T02:57:42.186,2025-05-30T02:02:42.763,600.0,600.0,ZWO ASI6200MM Pro,ZWO ASI6200MM Pro,100,10,0.246657639741898,1,1,-10.0,-10.0,3.76,3.76,40,66.2,52.2483888888889,-0.12325,NP101is,540.0,5.4,,,,,,,,,,,FocusLynx Focuser 1,12318,12318,1.325,26.9,26.9,,,,,Starlight Xpress Filter Wheels,Ha,,,,,,,2000.0,N.I.N.A. 3.1.2.9001 (x64),_Date_2025-05-30_Time_02-57-42_Type_DARK_Filter_Ha_Exposure_600.00s_HFR_px_FWHM_0.00_Frame_0142.xisf,1,,
DARK,2025-05-30T01:17:36.803,2025-05-30T02:17:36.803,2025-05-30T01:22:37.399,600.0,600.0,ZWO ASI6200MM Pro,ZWO ASI6200MM Pro,100,10,0.246657639741898,1,1,-10.0,-10.0,3.76,3.76,40,66.2,52.2483888888889,-0.12325,NP101is,540.0,5.4,,,,,,,,,,,FocusLynx Focuser 1,12318,12318,1.325,27.0,27.0,,,,,Starlight Xpress Filter Wheels,Ha,,,,,,,2000.0,N.I.N.A. 3.1.2.9001 (x64),_Date_2025-05-30_Time_02-17-36_Type_DARK_Filter_Ha_Exposure_600.00s_HFR_px_FWHM_0.00_Frame_0138.xisf,1,,
LIGHT,2025-09-04T23:30:14.1509659,2025-09-05T00:30:14.1509659,2025-09-04T23:35:14.7087797,600.0,600.0,ZWO ASI6200MM Pro,ZWOptical_ZWO ASI6200MM Pro_,100,10,0.246657639741898,1,1,-10.0,-10.0,3.76,3.76,40,66.2,52.2483888888889,-0.12325,NP101is,540.0,5.4,312.566830842112,44.6835138890635,71.08198,257.33735,1.05690605605508,East,NGC 6997 Panel 4,20 50 16,+44 40 51,90.0,FocusLynx Focuser 1,11806,11806,1.325,10.7,10.7,Manual Rotator,0.0,0.0,0.0,Ascom.SxUFW (v2) ,SII,35.0,68.0,1000.1136005891,17.15,284.0,1.62,2000.0,N.I.N.A. 3.2.0.2007 (x64),NGC 6997 Panel 4_Date_2025-09-05_Time_00-30-14_Type_LIGHT_Filter_SII_Exp_600.00s_G_100_Off_10_Ecc_0.44_HFR_1.74px_FWHM_4.13_Temp_10.70_0057.xisf,1,11.3063209138594,9.648
LIGHT,2025-09-05T01:26:34.3108461,2025-09-05T02:26:34.3108461,2025-09-05T01:31:34.8504655,600.0,600.0,ZWO ASI6200MM Pro,ZWOptical_ZWO ASI6200MM Pro_,100,10,0.246657639741898,1,1,-10.0,-10.0,3.76,3.76,40,66.2,52.2483888888889,-0.12325,NP101is,540.0,5.4,312.567166061548,44.6838581684863,53.35468,281.06059,1.24561922103394,East,NGC 6997 Panel 4,20 50 16,+44 40 51,90.0,FocusLynx Focuser 1,11782,11782,1.325,9.8,9.8,Manual Rotator,0.0,0.0,0.0,Ascom.SxUFW (v2) ,SII,35.0,68.0,1000.1136005891,17.15,284.0,1.62,2000.0,N.I.N.A. 3.2.0.2007 (x64),NGC 6997 Panel 4_Date_2025-09-05_Time_02-26-34_Type_LIGHT_Filter_SII_Exp_600.00s_G_100_Off_10_Ecc_0.43_HFR_1.71px_FWHM_4.07_Temp_9.80_0068.xisf,1,11.3063209138594,9.648
LIGHT,2025-09-05T01:16:20.8858588,2025-09-05T02:16:20.8858588,2025-09-05T01:21:21.4338083,600.0,600.0,ZWO ASI6200MM Pro,ZWOptical_ZWO ASI6200MM Pro_,100,10,0.246657639741898,1,1,-10.0,-10.0,3.76,3.76,40,66.2,52.2483888888889,-0.12325,NP101is,540.0,5.4,312.568034026409,44.6838170401588,54.90091,279.41647,1.22160848691978,East,NGC 6997 Panel 4,20 50 16,+44 40 51,90.0,FocusLynx Focuser 1,11782,11782,1.325,9.8,9.8,Manual Rotator,0.0,0.0,0.0,Ascom.SxUFW (v2) ,SII,35.0,68.0,1000.1136005891,17.15,284.0,1.62,2000.0,N.I.N.A. 3.2.0.2007 (x64),NGC 6997 Panel 4_Date_2025-09-05_Time_02-16-20_Type_LIGHT_Filter_SII_Exp_600.00s_G_100_Off_10_Ecc_0.44_HFR_1.71px_FWHM_4.07_Temp_9.80_0067.xisf,1,11.3063209138594,9.648
DARK,2025-05-30T02:07:43.405,2025-05-30T03:07:43.405,2025-05-30T02:12:44.005,600.0,600.0,ZWO ASI6200MM Pro,ZWO ASI6200MM Pro,100,10,0.246657639741898,1,1,-10.0,-10.0,3.76,3.76,40,66.2,52.2483888888889,-0.12325,NP101is,540.0,5.4,,,,,,,,,,,FocusLynx Focuser 1,12318,12318,1.325,26.8,26.8,,,,,Starlight Xpress Filter Wheels,Ha,,,,,,,2000.0,N.I.N.A. 3.1.2.9001 (x64),_Date_2025-05-30_Time_03-07-43_Type_DARK_Filter_Ha_Exposure_600.00s_HFR_px_FWHM_0.00_Frame_0143.xisf,1,,
LIGHT,2025-09-05T02:16:53.0670336,2025-09-05T03:16:53.0670336,2025-09-05T02:21:53.6022403,600.0,600.0,ZWO ASI6200MM Pro,ZWOptical_ZWO ASI6200MM Pro_,100,10,0.246657639741898,1,1,-10.0,-10.0,3.76,3.76,40,66.2,52.2483888888889,-0.12325,NP101is,540.0,5.4,312.568006065539,44.6837044458539,45.90442,288.71312,1.39111846193664,East,NGC 6997 Panel 4,20 50 16,+44 40 51,90.0,FocusLynx Focuser 1,11782,11782,1.325,9.4,9.4,Manual Rotator,0.0,0.0,0.0,Ascom.SxUFW (v2) ,SII,35.0,68.0,1000.1136005891,17.15,284.0,1.62,2000.0,N.I.N.A. 3.2.0.2007 (x64),NGC 6997 Panel 4_Date_2025-09-05_Time_03-16-53_Type_LIGHT_Filter_SII_Exp_600.00s_G_100_Off_10_Ecc_0.45_HFR_1.73px_FWHM_4.09_Temp_9.40_0073.xisf,1,11.3063209138594,9.648
LIGHT,2025-09-05T00:46:04.5038236,2025-09-05T01:46:04.5038236,2025-09-05T00:51:05.0453383,600.0,600.0,ZWO ASI6200MM Pro,ZWOptical_ZWO ASI6200MM Pro_,100,10,0.246657639741898,1,1,-10.0,-10.0,3.76,3.76,40,66.2,52.2483888888889,-0.12325,NP101is,540.0,5.4,312.567673997643,44.6839690213395,59.5120833333333,274.26965,1.15998466173507,East,NGC 6997 Panel 4,20 50 16,+44 40 51,90.0,FocusLynx Focuser 1,11782,11782,1.325,10.1,10.1,Manual Rotator,0.0,0.0,0.0,Ascom.SxUFW (v2) ,SII,35.0,68.0,1000.1136005891,17.15,284.0,1.62,2000.0,N.I.N.A. 3.2.0.2007 (x64),NGC 6997 Panel 4_Date_2025-09-05_Time_01-46-04_Type_LIGHT_Filter_SII_Exp_600.00s_G_100_Off_10_Ecc_0.43_HFR_1.70px_FWHM_4.05_Temp_10.10_0064.xisf,1,11.3063209138594,9.648
LIGHT,2025-09-05T02:06:51.8955451,2025-09-05T03:06:51.8955451,2025-09-05T02:11:52.4356596,600.0,600.0,ZWO ASI6200MM Pro,ZWOptical_ZWO ASI6200MM Pro_,100,10,0.246657639741898,1,1,-10.0,-10.0,3.76,3.76,40,66.2,52.2483888888889,-0.12325,NP101is,540.0,5.4,312.568110381039,44.6836746946258,47.37028,287.22505,1.35801720169386,East,NGC 6997 Panel 4,20 50 16,+44 40 51,90.0,FocusLynx Focuser 1,11782,11782,1.325,9.5,9.5,Manual Rotator,0.0,0.0,0.0,Ascom.SxUFW (v2) ,SII,35.0,68.0,1000.1136005891,17.15,284.0,1.62,2000.0,N.I.N.A. 3.2.0.2007 (x64),NGC 6997 Panel 4_Date_2025-09-05_Time_03-06-51_Type_LIGHT_Filter_SII_Exp_600.00s_G_100_Off_10_Ecc_0.44_HFR_1.71px_FWHM_4.05_Temp_9.50_0072.xisf,1,11.3063209138594,9.648
DARK,2025-05-30T01:47:40.833,2025-05-30T02:47:40.833,2025-05-30T01:52:41.442,600.0,600.0,ZWO ASI6200MM Pro,ZWO ASI6200MM Pro,100,10,0.246657639741898,1,1,-10.0,-10.0,3.76,3.76,40,66.2,52.2483888888889,-0.12325,NP101is,540.0,5.4,,,,,,,,,,,FocusLynx Focuser 1,12318,12318,1.325,26.9,26.9,,,,,Starlight Xpress Filter Wheels,Ha,,,,,,,2000.0,N.I.N.A. 3.1.2.9001 (x64),_Date_2025-05-30_Time_02-47-40_Type_DARK_Filter_Ha_Exposure_600.00s_HFR_px_FWHM_0.00_Frame_0141.xisf,1,,
DARK,2025-05-30T01:37:39.433,2025-05-30T02:37:39.433,2025-05-30T01:42:40.061,600.0,600.0,ZWO ASI6200MM Pro,ZWO ASI6200MM Pro,100,10,0.246657639741898,1,1,-10.0,-10.0,3.76,3.76,40,66.2,52.2483888888889,-0.12325,NP101is,540.0,5.4,,,,,,,,,,,FocusLynx Focuser 1,12318,12318,1.325,27.0,27.0,,,,,Starlight Xpress Filter Wheels,Ha,,,,,,,2000.0,N.I.N.A. 3.1.2.9001 (x64),_Date_2025-05-30_Time_02-37-39_Type_DARK_Filter_Ha_Exposure_600.00s_HFR_px_FWHM_0.00_Frame_0140.xisf,1,,
DARK,2025-05-30T01:27:38.124,2025-05-30T02:27:38.124,2025-05-30T01:32:38.749,600.0,600.0,ZWO ASI6200MM Pro,ZWO ASI6200MM Pro,100,10,0.246657639741898,1,1,-10.0,-10.0,3.76,3.76,40,66.2,52.2483888888889,-0.12325,NP101is,540.0,5.4,,,,,,,,,,,FocusLynx Focuser 1,12318,12318,1.325,27.0,27.0,,,,,Starlight Xpress Filter Wheels,Ha,,,,,,,2000.0,N.I.N.A. 3.1.2.9001 (x64),_Date_2025-05-30_Time_02-27-38_Type_DARK_Filter_Ha_Exposure_600.00s_HFR_px_FWHM_0.00_Frame_0139.xisf,1,,
LIGHT,2025-09-05T01:36:35.5748227,2025-09-05T02:36:35.5748227,2025-09-05T01:41:36.0928007,600.0,600.0,ZWO ASI6200MM Pro,ZWOptical_ZWO ASI6200MM Pro_,100,10,0.246657639741898,1,1,-10.0,-10.0,3.76,3.76,40,66.2,52.2483888888889,-0.12325,NP101is,540.0,5.4,312.56712149503,44.683847812521,51.8544722222222,282.62929,1.27073294584563,East,NGC 6997 Panel 4,20 50 16,+44 40 51,90.0,FocusLynx Focuser 1,11782,11782,1.325,9.8,9.8,Manual Rotator,0.0,0.0,0.0,Ascom.SxUFW (v2) ,SII,35.0,68.0,1000.1136005891,17.15,284.0,1.62,2000.0,N.I.N.A. 3.2.0.2007 (x64),NGC 6997 Panel 4_Date_2025-09-05_Time_02-36-35_Type_LIGHT_Filter_SII_Exp_600.00s_G_100_Off_10_Ecc_0.42_HFR_1.71px_FWHM_4.05_Temp_9.80_0069.xisf,1,11.3063209138594,9.648
DARK,2025-05-30T00:57:34.243,2025-05-30T01:57:34.243,2025-05-30T01:02:34.834,600.0,600.0,ZWO ASI6200MM Pro,ZWO ASI6200MM Pro,100,10,0.246657639741898,1,1,-10.0,-10.0,3.76,3.76,40,66.2,52.2483888888889,-0.12325,NP101is,540.0,5.4,,,,,,,,,,,FocusLynx Focuser 1,12318,12318,1.325,27.1,27.1,,,,,Starlight Xpress Filter Wheels,Ha,,,,,,,2000.0,N.I.N.A. 3.1.2.9001 (x64),_Date_2025-05-30_Time_01-57-34_Type_DARK_Filter_Ha_Exposure_600.00s_HFR_px_FWHM_0.00_Frame_0136.xisf,1,,
DARK,2025-05-30T01:07:35.481,2025-05-30T02:07:35.481,2025-05-30T01:12:36.077,600.0,600.0,ZWO ASI6200MM Pro,ZWO ASI6200MM Pro,100,10,0.246657639741898,1,1,-10.0,-10.0,3.76,3.76,40,66.2,52.2483888888889,-0.12325,NP101is,540.0,5.4,,,,,,,,,,,FocusLynx Focuser 1,12318,12318,1.325,27.0,27.0,,,,,Starlight Xpress Filter Wheels,Ha,,,,,,,2000.0,N.I.N.A. 3.1.2.9001 (x64),_Date_2025-05-30_Time_02-07-35_Type_DARK_Filter_Ha_Exposure_600.00s_HFR_px_FWHM_0.00_Frame_0137.xisf,1,,
DARK,2025-05-30T00:47:32.979,2025-05-30T01:47:32.979,2025-05-30T00:52:33.546,600.0,600.0,ZWO ASI6200MM Pro,ZWO ASI6200MM Pro,100,10,0.246657639741898,1,1,-10.0,-10.0,3.76,3.76,40,66.2,52.2483888888889,-0.12325,NP101is,540.0,5.4,,,,,,,,,,,FocusLynx Focuser 1,12318,12318,1.325,27.1,27.1,,,,,Starlight Xpress Filter Wheels,Ha,,,,,,,2000.0,N.I.N.A. 3.1.2.9001 (x64),_Date_2025-05-30_Time_01-47-32_Type_DARK_Filter_Ha_Exposure_600.00s_HFR_px_FWHM_0.00_Frame_0135.xisf,1,,
DARK,2025-05-30T00:37:31.724,2025-05-30T01:37:31.724,2025-05-30T00:42:32.283,600.0,600.0,ZWO ASI6200MM Pro,ZWO ASI6200MM Pro,100,10,0.246657639741898,1,1,-10.0,-10.0,3.76,3.76,40,66.2,52.2483888888889,-0.12325,NP101is,540.0,5.4,,,,,,,,,,,FocusLynx Focuser 1,12318,12318,1.325,27.1,27.1,,,,,Starlight Xpress Filter Wheels,Ha,,,,,,,2000.0,N.I.N.A. 3.1.2.9001 (x64),_Date_2025-05-30_Time_01-37-31_Type_DARK_Filter_Ha_Exposure_600.00s_HFR_px_FWHM_0.00_Frame_0134.xisf,1,,
DARK,2025-05-30T00:27:30.482,2025-05-30T01:27:30.482,2025-05-30T00:32:31.075,600.0,600.0,ZWO ASI6200MM Pro,ZWO ASI6200MM Pro,100,10,0.246657639741898,1,1,-10.0,-10.0,3.76,3.76,40,66.2,52.2483888888889,-0.12325,NP101is,540.0,5.4,,,,,,,,,,,FocusLynx Focuser 1,12318,12318,1.325,27.2,27.2,,,,,Starlight Xpress Filter Wheels,Ha,,,,,,,2000.0,N.I.N.A. 3.1.2.9001 (x64),_Date_2025-05-30_Time_01-27-30_Type_DARK_Filter_Ha_Exposure_600.00s_HFR_px_FWHM_0.00_Frame_0133.xisf,1,,
DARK,2025-05-29T23:57:26.647,2025-05-30T00:57:26.647,2025-05-30T00:02:27.218,600.0,600.0,ZWO ASI6200MM Pro,ZWO ASI6200MM Pro,100,10,0.246657639741898,1,1,-10.0,-10.0,3.76,3.76,40,66.2,52.2483888888889,-0.12325,NP101is,540.0,5.4,,,,,,,,,,,FocusLynx Focuser 1,12318,12318,1.325,27.1,27.1,,,,,Starlight Xpress Filter Wheels,Ha,,,,,,,2000.0,N.I.N.A. 3.1.2.9001 (x64),_Date_2025-05-30_Time_00-57-26_Type_DARK_Filter_Ha_Exposure_600.00s_HFR_px_FWHM_0.00_Frame_0130.xisf,1,,
DARK,2025-05-29T23:27:22.829,2025-05-30T00:27:22.829,2025-05-29T23:32:23.409,600.0,600.0,ZWO ASI6200MM Pro,ZWO ASI6200MM Pro,100,10,0.246657639741898,1,1,-10.0,-10.0,3.76,3.76,40,66.2,52.2483888888889,-0.12325,NP101is,540.0,5.4,,,,,,,,,,,FocusLynx Focuser 1,12318,12318,1.325,27.1,27.1,,,,,Starlight Xpress Filter Wheels,Ha,,,,,,,2000.0,N.I.N.A. 3.1.2.9001 (x64),_Date_2025-05-30_Time_00-27-22_Type_DARK_Filter_Ha_Exposure_600.00s_HFR_px_FWHM_0.00_Frame_0127.xisf,1,,
DARK,2025-05-29T22:57:18.835,2025-05-29T23:57:18.835,2025-05-29T23:02:19.474,600.0,600.0,ZWO ASI6200MM Pro,ZWO ASI6200MM Pro,100,10,0.246657639741898,1,1,-10.0,-10.0,3.76,3.76,40,66.2,52.2483888888889,-0.12325,NP101is,540.0,5.4,,,,,,,,,,,FocusLynx Focuser 1,12318,12318,1.325,26.9,26.9,,,,,Starlight Xpress Filter Wheels,Ha,,,,,,,2000.0,N.I.N.A. 3.1.2.9001 (x64),_Date_2025-05-29_Time_23-57-18_Type_DARK_Filter_Ha_Exposure_600.00s_HFR_px_FWHM_0.00_Frame_0124.xisf,1,,
DARK,2025-05-30T00:17:29.172,2025-05-30T01:17:29.172,2025-05-30T00:22:29.755,600.0,600.0,ZWO ASI6200MM Pro,ZWO ASI6200MM Pro,100,10,0.246657639741898,1,1,-10.0,-10.0,3.76,3.76,40,66.2,52.2483888888889,-0.12325,NP101is,540.0,5.4,,,,,,,,,,,FocusLynx Focuser 1,12318,12318,1.325,27.2,27.2,,,,,Starlight Xpress Filter Wheels,Ha,,,,,,,2000.0,N.I.N.A. 3.1.2.9001 (x64),_Date_2025-05-30_Time_01-17-29_Type_DARK_Filter_Ha_Exposure_600.00s_HFR_px_FWHM_0.00_Frame_0132.xisf,1,,
DARK,2025-05-29T23:37:24.043,2025-05-30T00:37:24.043,2025-05-29T23:42:24.631,600.0,600.0,ZWO ASI6200MM Pro,ZWO ASI6200MM Pro,100,10,0.246657639741898,1,1,-10.0,-10.0,3.76,3.76,40,66.2,52.2483888888889,-0.12325,NP101is,540.0,5.4,,,,,,,,,,,FocusLynx Focuser 1,12318,12318,1.325,27.1,27.1,,,,,Starlight Xpress Filter Wheels,Ha,,,,,,,2000.0,N.I.N.A. 3.1.2.9001 (x64),_Date_2025-05-30_Time_00-37-24_Type_DARK_Filter_Ha_Exposure_600.00s_HFR_px_FWHM_0.00_Frame_0128.xisf,1,,
DARK,2025-05-29T23:07:20.177,2025-05-30T00:07:20.177,2025-05-29T23:12:20.794,600.0,600.0,ZWO ASI6200MM Pro,ZWO ASI6200MM Pro,100,10,0.246657639741898,1,1,-10.0,-10.0,3.76,3.76,40,66.2,52.2483888888889,-0.12325,NP101is,540.0,5.4,,,,,,,,,,,FocusLynx Focuser 1,12318,12318,1.325,27.0,27.0,,,,,Starlight Xpress Filter Wheels,Ha,,,,,,,2000.0,N.I.N.A. 3.1.2.9001 (x64),_Date_2025-05-30_Time_00-07-20_Type_DARK_Filter_Ha_Exposure_600.00s_HFR_px_FWHM_0.00_Frame_0125.xisf,1,,
DARK,2025-05-30T00:07:27.854,2025-05-30T01:07:27.854,2025-05-30T00:12:28.444,600.0,600.0,ZWO ASI6200MM Pro,ZWO ASI6200MM Pro,100,10,0.246657639741898,1,1,-10.0,-10.0,3.76,3.76,40,66.2,52.2483888888889,-0.12325,NP101is,540.0,5.4,,,,,,,,,,,FocusLynx Focuser 1,12318,12318,1.325,27.2,27.2,,,,,Starlight Xpress Filter Wheels,Ha,,,,,,,2000.0,N.I.N.A. 3.1.2.9001 (x64),_Date_2025-05-30_Time_01-07-27_Type_DARK_Filter_Ha_Exposure_600.00s_HFR_px_FWHM_0.00_Frame_0131.xisf,1,,
DARK,2025-05-29T23:17:21.542,2025-05-30T00:17:21.542,2025-05-29T23:22:22.118,600.0,600.0,ZWO ASI6200MM Pro,ZWO ASI6200MM Pro,100,10,0.246657639741898,1,1,-10.0,-10.0,3.76,3.76,40,66.2,52.2483888888889,-0.12325,NP101is,540.0,5.4,,,,,,,,,,,FocusLynx Focuser 1,12318,12318,1.325,27.0,27.0,,,,,Starlight Xpress Filter Wheels,Ha,,,,,,,2000.0,N.I.N.A. 3.1.2.9001 (x64),_Date_2025-05-30_Time_00-17-21_Type_DARK_Filter_Ha_Exposure_600.00s_HFR_px_FWHM_0.00_Frame_0126.xisf,1,,
DARK,2025-05-29T23:47:25.363,2025-05-30T00:47:25.363,2025-05-29T23:52:25.939,600.0,600.0,ZWO ASI6200MM Pro,ZWO ASI6200MM Pro,100,10,0.246657639741898,1,1,-10.0,-10.0,3.76,3.76,40,66.2,52.2483888888889,-0.12325,NP101is,540.0,5.4,,,,,,,,,,,FocusLynx Focuser 1,12318,12318,1.325,27.1,27.1,,,,,Starlight Xpress Filter Wheels,Ha,,,,,,,2000.0,N.I.N.A. 3.1.2.9001 (x64),_Date_2025-05-30_Time_00-47-25_Type_DARK_Filter_Ha_Exposure_600.00s_HFR_px_FWHM_0.00_Frame_0129.xisf,1,,
DARK,2025-05-29T22:47:17.505,2025-05-29T23:47:17.505,2025-05-29T22:52:18.104,600.0,600.0,ZWO ASI6200MM Pro,ZWO ASI6200MM Pro,100,10,0.246657639741898,1,1,-10.0,-10.0,3.76,3.76,40,66.2,52.2483888888889,-0.12325,NP101is,540.0,5.4,,,,,,,,,,,FocusLynx Focuser 1,12318,12318,1.325,26.8,26.8,,,,,Starlight Xpress Filter Wheels,Ha,,,,,,,2000.0,N.I.N.A. 3.1.2.9001 (x64),_Date_2025-05-29_Time_23-47-17_Type_DARK_Filter_Ha_Exposure_600.00s_HFR_px_FWHM_0.00_Frame_0123.xisf,1,,
DARK,2025-05-29T22:37:16.145,2025-05-29T23:37:16.145,2025-05-29T22:42:16.752,600.0,600.0,ZWO ASI6200MM Pro,ZWO ASI6200MM Pro,100,10,0.246657639741898,1,1,-10.0,-10.0,3.76,3.76,40,66.2,52.2483888888889,-0.12325,NP101is,540.0,5.4,,,,,,,,,,,FocusLynx Focuser 1,12318,12318,1.325,26.6,26.6,,,,,Starlight Xpress Filter Wheels,Ha,,,,,,,2000.0,N.I.N.A. 3.1.2.9001 (x64),_Date_2025-05-29_Time_23-37-16_Type_DARK_Filter_Ha_Exposure_600.00s_HFR_px_FWHM_0.00_Frame_0122.xisf,1,,
DARK,2025-06-03T07:49:16.758,2025-06-03T08:49:16.758,2025-06-03T07:54:17.358,600.0,600.0,ZWO ASI6200MM Pro,ZWO ASI6200MM Pro,100,10,0.246657639741898,1,1,-10.0,-9.9,3.76,3.76,40,66.2,52.2483888888889,-0.12325,NP101is,540.0,5.4,,,,,,,,,,,,,,,,,,,,,Starlight Xpress Filter Wheels,Ha,,,,,,,2000.0,N.I.N.A. 3.1.2.9001 (x64),_Date_2025-06-03_Time_08-49-16_Type_DARK_Filter_Ha_Exposure_600.00s_HFR_px_FWHM_0.00_Frame_0172.xisf,1,,
DARK,2025-05-29T21:57:10.804,2025-05-29T22:57:10.804,2025-05-29T22:02:11.421,600.0,600.0,ZWO ASI6200MM Pro,ZWO ASI6200MM Pro,100,10,0.246657639741898,1,1,-10.0,-10.0,3.76,3.76,40,66.2,52.2483888888889,-0.12325,NP101is,540.0,5.4,,,,,,,,,,,FocusLynx Focuser 1,12318,12318,1.325,25.7,25.7,,,,,Starlight Xpress Filter Wheels,Ha,,,,,,,2000.0,N.I.N.A. 3.1.2.9001 (x64),_Date_2025-05-29_Time_22-57-10_Type_DARK_Filter_Ha_Exposure_600.00s_HFR_px_FWHM_0.00_Frame_0118.xisf,1,,
DARK,2025-05-29T22:27:14.822,2025-05-29T23:27:14.822,2025-05-29T22:32:15.456,600.0,600.0,ZWO ASI6200MM Pro,ZWO ASI6200MM Pro,100,10,0.246657639741898,1,1,-10.0,-10.0,3.76,3.76,40,66.2,52.2483888888889,-0.12325,NP101is,540.0,5.4,,,,,,,,,,,FocusLynx Focuser 1,12318,12318,1.325,26.5,26.5,,,,,Starlight Xpress Filter Wheels,Ha,,,,,,,2000.0,N.I.N.A. 3.1.2.9001 (x64),_Date_2025-05-29_Time_23-27-14_Type_DARK_Filter_Ha_Exposure_600.00s_HFR_px_FWHM_0.00_Frame_0121.xisf,1,,
DARK,2025-05-29T21:17:05.143,2025-05-29T22:17:05.143,2025-05-29T21:22:05.782,600.0,600.0,ZWO ASI6200MM Pro,ZWO ASI6200MM Pro,100,10,0.246657639741898,1,1,-10.0,-9.8,3.76,3.76,40,66.2,52.2483888888889,-0.12325,NP101is,540.0,5.4,,,,,,,,,,,FocusLynx Focuser 1,12318,12318,1.325,23.4,23.4,,,,,Starlight Xpress Filter Wheels,Ha,,,,,,,2000.0,N.I.N.A. 3.1.2.9001 (x64),_Date_2025-05-29_Time_22-17-05_Type_DARK_Filter_Ha_Exposure_600.00s_HFR_px_FWHM_0.00_Frame_0114.xisf,1,,
DARK,2025-05-29T22:17:13.504,2025-05-29T23:17:13.504,2025-05-29T22:22:14.095,600.0,600.0,ZWO ASI6200MM Pro,ZWO ASI6200MM Pro,100,10,0.246657639741898,1,1,-10.0,-9.9,3.76,3.76,40,66.2,52.2483888888889,-0.12325,NP101is,540.0,5.4,,,,,,,,,,,FocusLynx Focuser 1,12318,12318,1.325,26.3,26.3,,,,,Starlight Xpress Filter Wheels,Ha,,,,,,,2000.0,N.I.N.A. 3.1.2.9001 (x64),_Date_2025-05-29_Time_23-17-13_Type_DARK_Filter_Ha_Exposure_600.00s_HFR_px_FWHM_0.00_Frame_0120.xisf,1,,
DARK,2025-05-29T22:07:12.095,2025-05-29T23:07:12.095,2025-05-29T22:12:12.732,600.0,600.0,ZWO ASI6200MM Pro,ZWO ASI6200MM Pro,100,10,0.246657639741898,1,1,-10.0,-9.9,3.76,3.76,40,66.2,52.2483888888889,-0.12325,NP101is,540.0,5.4,,,,,,,,,,,FocusLynx Focuser 1,12318,12318,1.325,26.0,26.0,,,,,Starlight Xpress Filter Wheels,Ha,,,,,,,2000.0,N.I.N.A. 3.1.2.9001 (x64),_Date_2025-05-29_Time_23-07-12_Type_DARK_Filter_Ha_Exposure_600.00s_HFR_px_FWHM_0.00_Frame_0119.xisf,1,,
DARK,2025-05-29T21:37:07.959,2025-05-29T22:37:07.959,2025-05-29T21:42:08.604,600.0,600.0,ZWO ASI6200MM Pro,ZWO ASI6200MM Pro,100,10,0.246657639741898,1,1,-10.0,-9.9,3.76,3.76,40,66.2,52.2483888888889,-0.12325,NP101is,540.0,5.4,,,,,,,,,,,FocusLynx Focuser 1,12318,12318,1.325,24.8,24.8,,,,,Starlight Xpress Filter Wheels,Ha,,,,,,,2000.0,N.I.N.A. 3.1.2.9001 (x64),_Date_2025-05-29_Time_22-37-07_Type_DARK_Filter_Ha_Exposure_600.00s_HFR_px_FWHM_0.00_Frame_0116.xisf,1,,
DARK,2025-06-03T06:09:03.953,2025-06-03T07:09:03.953,2025-06-03T06:14:04.508,600.0,600.0,ZWO ASI6200MM Pro,ZWO ASI6200MM Pro,100,10,0.246657639741898,1,1,-10.0,-9.9,3.76,3.76,40,66.2,52.2483888888889,-0.12325,NP101is,540.0,5.4,,,,,,,,,,,,,,,,,,,,,Starlight Xpress Filter Wheels,Ha,,,,,,,2000.0,N.I.N.A. 3.1.2.9001 (x64),_Date_2025-06-03_Time_07-09-03_Type_DARK_Filter_Ha_Exposure_600.00s_HFR_px_FWHM_0.00_Frame_0162.xisf,1,,
DARK,2025-06-03T05:59:02.650,2025-06-03T06:59:02.650,2025-06-03T06:04:03.208,600.0,600.0,ZWO ASI6200MM Pro,ZWO ASI6200MM Pro,100,10,0.246657639741898,1,1,-10.0,-9.8,3.76,3.76,40,66.2,52.2483888888889,-0.12325,NP101is,540.0,5.4,,,,,,,,,,,,,,,,,,,,,Starlight Xpress Filter Wheels,Ha,,,,,,,2000.0,N.I.N.A. 3.1.2.9001 (x64),_Date_2025-06-03_Time_06-59-02_Type_DARK_Filter_Ha_Exposure_600.00s_HFR_px_FWHM_0.00_Frame_0161.xisf,1,,
DARK,2025-05-29T21:27:06.604,2025-05-29T22:27:06.604,2025-05-29T21:32:07.249,600.0,600.0,ZWO ASI6200MM Pro,ZWO ASI6200MM Pro,100,10,0.246657639741898,1,1,-10.0,-9.8,3.76,3.76,40,66.2,52.2483888888889,-0.12325,NP101is,540.0,5.4,,,,,,,,,,,FocusLynx Focuser 1,12318,12318,1.325,24.2,24.2,,,,,Starlight Xpress Filter Wheels,Ha,,,,,,,2000.0,N.I.N.A. 3.1.2.9001 (x64),_Date_2025-05-29_Time_22-27-06_Type_DARK_Filter_Ha_Exposure_600.00s_HFR_px_FWHM_0.00_Frame_0115.xisf,1,,
DARK,2025-06-03T06:29:06.577,2025-06-03T07:29:06.577,2025-06-03T06:34:07.143,600.0,600.0,ZWO ASI6200MM Pro,ZWO ASI6200MM Pro,100,10,0.246657639741898,1,1,-10.0,-9.9,3.76,3.76,40,66.2,52.2483888888889,-0.12325,NP101is,540.0,5.4,,,,,,,,,,,,,,,,,,,,,Starlight Xpress Filter Wheels,Ha,,,,,,,2000.0,N.I.N.A. 3.1.2.9001 (x64),_Date_2025-06-03_Time_07-29-06_Type_DARK_Filter_Ha_Exposure_600.00s_HFR_px_FWHM_0.00_Frame_0164.xisf,1,,
DARK,2025-06-03T06:19:05.230,2025-06-03T07:19:05.230,2025-06-03T06:24:05.815,600.0,600.0,ZWO ASI6200MM Pro,ZWO ASI6200MM Pro,100,10,0.246657639741898,1,1,-10.0,-9.9,3.76,3.76,40,66.2,52.2483888888889,-0.12325,NP101is,540.0,5.4,,,,,,,,,,,,,,,,,,,,,Starlight Xpress Filter Wheels,Ha,,,,,,,2000.0,N.I.N.A. 3.1.2.9001 (x64),_Date_2025-06-03_Time_07-19-05_Type_DARK_Filter_Ha_Exposure_600.00s_HFR_px_FWHM_0.00_Frame_0163.xisf,1,,
DARK,2025-06-03T06:39:07.769,2025-06-03T07:39:07.769,2025-06-03T06:44:08.349,600.0,600.0,ZWO ASI6200MM Pro,ZWO ASI6200MM Pro,100,10,0.246657639741898,1,1,-10.0,-9.9,3.76,3.76,40,66.2,52.2483888888889,-0.12325,NP101is,540.0,5.4,,,,,,,,,,,,,,,,,,,,,Starlight Xpress Filter Wheels,Ha,,,,,,,2000.0,N.I.N.A. 3.1.2.9001 (x64),_Date_2025-06-03_Time_07-39-07_Type_DARK_Filter_Ha_Exposure_600.00s_HFR_px_FWHM_0.00_Frame_0165.xisf,1,,
DARK,2025-06-03T07:19:12.918,2025-06-03T08:19:12.918,2025-06-03T07:24:13.471,600.0,600.0,ZWO ASI6200MM Pro,ZWO ASI6200MM Pro,100,10,0.246657639741898,1,1,-10.0,-10.0,3.76,3.76,40,66.2,52.2483888888889,-0.12325,NP101is,540.0,5.4,,,,,,,,,,,,,,,,,,,,,Starlight Xpress Filter Wheels,Ha,,,,,,,2000.0,N.I.N.A. 3.1.2.9001 (x64),_Date_2025-06-03_Time_08-19-12_Type_DARK_Filter_Ha_Exposure_600.00s_HFR_px_FWHM_0.00_Frame_0169.xisf,1,,
DARK,2025-06-03T07:09:11.583,2025-06-03T08:09:11.583,2025-06-03T07:14:12.183,600.0,600.0,ZWO ASI6200MM Pro,ZWO ASI6200MM Pro,100,10,0.246657639741898,1,1,-10.0,-9.9,3.76,3.76,40,66.2,52.2483888888889,-0.12325,NP101is,540.0,5.4,,,,,,,,,,,,,,,,,,,,,Starlight Xpress Filter Wheels,Ha,,,,,,,2000.0,N.I.N.A. 3.1.2.9001 (x64),_Date_2025-06-03_Time_08-09-11_Type_DARK_Filter_Ha_Exposure_600.00s_HFR_px_FWHM_0.00_Frame_0168.xisf,1,,
DARK,2025-06-03T06:59:10.340,2025-06-03T07:59:10.340,2025-06-03T07:04:10.931,600.0,600.0,ZWO ASI6200MM Pro,ZWO ASI6200MM Pro,100,10,0.246657639741898,1,1,-10.0,-9.8,3.76,3.76,40,66.2,52.2483888888889,-0.12325,NP101is,540.0,5.4,,,,,,,,,,,,,,,,,,,,,Starlight Xpress Filter Wheels,Ha,,,,,,,2000.0,N.I.N.A. 3.1.2.9001 (x64),_Date_2025-06-03_Time_07-59-10_Type_DARK_Filter_Ha_Exposure_600.00s_HFR_px_FWHM_0.00_Frame_0167.xisf,1,,
DARK,2025-06-03T06:49:09.074,2025-06-03T07:49:09.074,2025-06-03T06:54:09.638,600.0,600.0,ZWO ASI6200MM Pro,ZWO ASI6200MM Pro,100,10,0.246657639741898,1,1,-10.0,-9.9,3.76,3.76,40,66.2,52.2483888888889,-0.12325,NP101is,540.0,5.4,,,,,,,,,,,,,,,,,,,,,Starlight Xpress Filter Wheels,Ha,,,,,,,2000.0,N.I.N.A. 3.1.2.9001 (x64),_Date_2025-06-03_Time_07-49-09_Type_DARK_Filter_Ha_Exposure_600.00s_HFR_px_FWHM_0.00_Frame_0166.xisf,1,,
DARK,2025-06-03T07:29:14.163,2025-06-03T08:29:14.163,2025-06-03T07:34:14.756,600.0,600.0,ZWO ASI6200MM Pro,ZWO ASI6200MM Pro,100,10,0.246657639741898,1,1,-10.0,-9.8,3.76,3.76,40,66.2,52.2483888888889,-0.12325,NP101is,540.0,5.4,,,,,,,,,,,,,,,,,,,,,Starlight Xpress Filter Wheels,Ha,,,,,,,2000.0,N.I.N.A. 3.1.2.9001 (x64),_Date_2025-06-03_Time_08-29-14_Type_DARK_Filter_Ha_Exposure_600.00s_HFR_px_FWHM_0.00_Frame_0170.xisf,1,,
DARK,2025-06-03T07:39:15.409,2025-06-03T08:39:15.409,2025-06-03T07:44:16.017,600.0,600.0,ZWO ASI6200MM Pro,ZWO ASI6200MM Pro,100,10,0.246657639741898,1,1,-10.0,-9.9,3.76,3.76,40,66.2,52.2483888888889,-0.12325,NP101is,540.0,5.4,,,,,,,,,,,,,,,,,,,,,Starlight Xpress Filter Wheels,Ha,,,,,,,2000.0,N.I.N.A. 3.1.2.9001 (x64),_Date_2025-06-03_Time_08-39-15_Type_DARK_Filter_Ha_Exposure_600.00s_HFR_px_FWHM_0.00_Frame_0171.xisf,1,,
DARK,2025-05-29T21:47:09.382,2025-05-29T22:47:09.382,2025-05-29T21:52:10.026,600.0,600.0,ZWO ASI6200MM Pro,ZWO ASI6200MM Pro,100,10,0.246657639741898,1,1,-10.0,-9.9,3.76,3.76,40,66.2,52.2483888888889,-0.12325,NP101is,540.0,5.4,,,,,,,,,,,FocusLynx Focuser 1,12318,12318,1.325,25.3,25.3,,,,,Starlight Xpress Filter Wheels,Ha,,,,,,,2000.0,N.I.N.A. 3.1.2.9001 (x64),_Date_2025-05-29_Time_22-47-09_Type_DARK_Filter_Ha_Exposure_600.00s_HFR_px_FWHM_0.00_Frame_0117.xisf,1,,
DARK,2025-06-03T08:49:24.335,2025-06-03T09:49:24.335,2025-06-03T08:54:24.913,600.0,600.0,ZWO ASI6200MM Pro,ZWO ASI6200MM Pro,100,10,0.246657639741898,1,1,-10.0,-10.0,3.76,3.76,40,66.2,52.2483888888889,-0.12325,NP101is,540.0,5.4,,,,,,,,,,,,,,,,,,,,,Starlight Xpress Filter Wheels,Ha,,,,,,,2000.0,N.I.N.A. 3.1.2.9001 (x64),_Date_2025-06-03_Time_09-49-24_Type_DARK_Filter_Ha_Exposure_600.00s_HFR_px_FWHM_0.00_Frame_0178.xisf,1,,
DARK,2025-06-03T09:09:26.928,2025-06-03T10:09:26.928,2025-06-03T09:14:27.486,600.0,600.0,ZWO ASI6200MM Pro,ZWO ASI6200MM Pro,100,10,0.246657639741898,1,1,-10.0,-9.9,3.76,3.76,40,66.2,52.2483888888889,-0.12325,NP101is,540.0,5.4,,,,,,,,,,,,,,,,,,,,,Starlight Xpress Filter Wheels,Ha,,,,,,,2000.0,N.I.N.A. 3.1.2.9001 (x64),_Date_2025-06-03_Time_10-09-26_Type_DARK_Filter_Ha_Exposure_600.00s_HFR_px_FWHM_0.00_Frame_0180.xisf,1,,
DARK,2025-06-03T08:29:21.922,2025-06-03T09:29:21.922,2025-06-03T08:34:22.472,600.0,600.0,ZWO ASI6200MM Pro,ZWO ASI6200MM Pro,100,10,0.246657639741898,1,1,-10.0,-10.0,3.76,3.76,40,66.2,52.2483888888889,-0.12325,NP101is,540.0,5.4,,,,,,,,,,,,,,,,,,,,,Starlight Xpress Filter Wheels,Ha,,,,,,,2000.0,N.I.N.A. 3.1.2.9001 (x64),_Date_2025-06-03_Time_09-29-21_Type_DARK_Filter_Ha_Exposure_600.00s_HFR_px_FWHM_0.00_Frame_0176.xisf,1,,
DARK,2025-06-03T08:09:19.345,2025-06-03T09:09:19.345,2025-06-03T08:14:19.916,600.0,600.0,ZWO ASI6200MM Pro,ZWO ASI6200MM Pro,100,10,0.246657639741898,1,1,-10.0,-9.9,3.76,3.76,40,66.2,52.2483888888889,-0.12325,NP101is,540.0,5.4,,,,,,,,,,,,,,,,,,,,,Starlight Xpress Filter Wheels,Ha,,,,,,,2000.0,N.I.N.A. 3.1.2.9001 (x64),_Date_2025-06-03_Time_09-09-19_Type_DARK_Filter_Ha_Exposure_600.00s_HFR_px_FWHM_0.00_Frame_0174.xisf,1,,
DARK,2025-06-03T08:19:20.643,2025-06-03T09:19:20.643,2025-06-03T08:24:21.199,600.0,600.0,ZWO ASI6200MM Pro,ZWO ASI6200MM Pro,100,10,0.246657639741898,1,1,-10.0,-10.0,3.76,3.76,40,66.2,52.2483888888889,-0.12325,NP101is,540.0,5.4,,,,,,,,,,,,,,,,,,,,,Starlight Xpress Filter Wheels,Ha,,,,,,,2000.0,N.I.N.A. 3.1.2.9001 (x64),_Date_2025-06-03_Time_09-19-20_Type_DARK_Filter_Ha_Exposure_600.00s_HFR_px_FWHM_0.00_Frame_0175.xisf,1,,
DARK,2025-06-03T08:59:25.662,2025-06-03T09:59:25.662,2025-06-03T09:04:26.254,600.0,600.0,ZWO ASI6200MM Pro,ZWO ASI6200MM Pro,100,10,0.246657639741898,1,1,-10.0,-10.0,3.76,3.76,40,66.2,52.2483888888889,-0.12325,NP101is,540.0,5.4,,,,,,,,,,,,,,,,,,,,,Starlight Xpress Filter Wheels,Ha,,,,,,,2000.0,N.I.N.A. 3.1.2.9001 (x64),_Date_2025-06-03_Time_09-59-25_Type_DARK_Filter_Ha_Exposure_600.00s_HFR_px_FWHM_0.00_Frame_0179.xisf,1,,
DARK,2025-06-03T07:59:18.091,2025-06-03T08:59:18.091,2025-06-03T08:04:18.687,600.0,600.0,ZWO ASI6200MM Pro,ZWO ASI6200MM Pro,100,10,0.246657639741898,1,1,-10.0,-10.0,3.76,3.76,40,66.2,52.2483888888889,-0.12325,NP101is,540.0,5.4,,,,,,,,,,,,,,,,,,,,,Starlight Xpress Filter Wheels,Ha,,,,,,,2000.0,N.I.N.A. 3.1.2.9001 (x64),_Date_2025-06-03_Time_08-59-18_Type_DARK_Filter_Ha_Exposure_600.00s_HFR_px_FWHM_0.00_Frame_0173.xisf,1,,
DARK,2025-06-03T08:39:23.093,2025-06-03T09:39:23.093,2025-06-03T08:44:23.624,600.0,600.0,ZWO ASI6200MM Pro,ZWO ASI6200MM Pro,100,10,0.246657639741898,1,1,-10.0,-9.9,3.76,3.76,40,66.2,52.2483888888889,-0.12325,NP101is,540.0,5.4,,,,,,,,,,,,,,,,,,,,,Starlight Xpress Filter Wheels,Ha,,,,,,,2000.0,N.I.N.A. 3.1.2.9001 (x64),_Date_2025-06-03_Time_09-39-23_Type_DARK_Filter_Ha_Exposure_600.00s_HFR_px_FWHM_0.00_Frame_0177.xisf,1,,
DARK,2025-06-01T21:57:48.066,2025-06-01T22:57:48.066,2025-06-01T22:02:48.883,600.0,600.0,ZWO ASI6200MM Pro,ZWO ASI6200MM Pro,0,10,0.779999971389771,1,1,-10.0,-9.9,3.76,3.76,40,66.2,52.2483888888889,-0.12325,NP101is,540.0,5.4,318.779815812393,88.8265517144606,52.21523,1.75717,1.26452268316933,West,,21 15 07,+88 49 36,,FocusLynx Focuser 1,12384,12384,1.325,13.3,13.3,Manual Rotator,0.0,0.0,0.0,Starlight Xpress Filter Wheels,Ha,25.0,77.0,1013.0,14.44,246.0,12.852,2000.0,N.I.N.A. 3.1.2.9001 (x64),_Date_2025-06-01_Time_22-57-48_Type_DARK_Filter_Ha_Exposure_600.00s_HFR_px_FWHM_0.00_Frame_0161.xisf,1,10.53479945779,
DARK,2025-06-01T22:17:51.103,2025-06-01T23:17:51.103,2025-06-01T22:22:51.684,600.0,600.0,ZWO ASI6200MM Pro,ZWO ASI6200MM Pro,0,10,0.779999971389771,1,1,-10.0,-10.0,3.76,3.76,40,66.2,52.2483888888889,-0.12325,NP101is,540.0,5.4,323.36754983836,88.8189495909501,52.21523,1.75687,1.26452268316933,West,,21 33 28,+88 49 08,,FocusLynx Focuser 1,12384,12384,1.325,13.4,13.4,Manual Rotator,0.0,0.0,0.0,Starlight Xpress Filter Wheels,Ha,25.0,77.0,1013.0,14.44,246.0,12.852,2000.0,N.I.N.A. 3.1.2.9001 (x64),_Date_2025-06-01_Time_23-17-51_Type_DARK_Filter_Ha_Exposure_600.00s_HFR_px_FWHM_0.00_Frame_0163.xisf,1,10.53479945779,
DARK,2025-06-01T22:07:49.779,2025-06-01T23:07:49.779,2025-06-01T22:12:50.364,600.0,600.0,ZWO ASI6200MM Pro,ZWO ASI6200MM Pro,0,10,0.779999971389771,1,1,-10.0,-9.9,3.76,3.76,40,66.2,52.2483888888889,-0.12325,NP101is,540.0,5.4,321.092159763996,88.8226584843556,52.21523,1.75698,1.26452268316933,West,,21 24 22,+88 49 22,,FocusLynx Focuser 1,12384,12384,1.325,13.3,13.3,Manual Rotator,0.0,0.0,0.0,Starlight Xpress Filter Wheels,Ha,25.0,77.0,1013.0,14.44,246.0,12.852,2000.0,N.I.N.A. 3.1.2.9001 (x64),_Date_2025-06-01_Time_23-07-49_Type_DARK_Filter_Ha_Exposure_600.00s_HFR_px_FWHM_0.00_Frame_0162.xisf,1,10.53479945779,
DARK,2025-06-02T00:58:11.232,2025-06-02T01:58:11.232,2025-06-02T01:03:11.812,600.0,600.0,ZWO ASI6200MM Pro,ZWO ASI6200MM Pro,0,10,0.779999971389771,1,1,-10.0,-10.0,3.76,3.76,40,66.2,52.2483888888889,-0.12325,NP101is,540.0,5.4,359.363429285083,88.7873291278994,52.21524,1.75565,1.26452251255614,West,,23 57 27,+88 47 14,,FocusLynx Focuser 1,12384,12384,1.325,9.6,9.6,Manual Rotator,0.0,0.0,0.0,Starlight Xpress Filter Wheels,Ha,25.0,77.0,1013.0,14.44,246.0,12.852,2000.0,N.I.N.A. 3.1.2.9001 (x64),_Date_2025-06-02_Time_01-58-11_Type_DARK_Filter_Ha_Exposure_600.00s_HFR_px_FWHM_0.00_Frame_0179.xisf,1,10.53479945779,
DARK,2025-06-02T01:18:13.663,2025-06-02T02:18:13.663,2025-06-02T01:23:14.225,600.0,600.0,ZWO ASI6200MM Pro,ZWO ASI6200MM Pro,0,10,0.779999971389771,1,1,-10.0,-10.0,3.76,3.76,40,66.2,52.2483888888889,-0.12325,NP101is,540.0,5.4,3.82562929286911,88.7874416502583,52.21524,1.7555,1.26452251255614,West,,00 15 18,+88 47 15,,FocusLynx Focuser 1,12384,12384,1.325,9.2,9.2,Manual Rotator,0.0,0.0,0.0,Starlight Xpress Filter Wheels,Ha,25.0,77.0,1013.0,14.44,246.0,12.852,2000.0,N.I.N.A. 3.1.2.9001 (x64),_Date_2025-06-02_Time_02-18-13_Type_DARK_Filter_Ha_Exposure_600.00s_HFR_px_FWHM_0.00_Frame_0181.xisf,1,10.53479945779,
DARK,2025-06-01T23:17:58.637,2025-06-02T00:17:58.637,2025-06-01T23:22:59.204,600.0,600.0,ZWO ASI6200MM Pro,ZWO ASI6200MM Pro,0,10,0.779999971389771,1,1,-10.0,-10.0,3.76,3.76,40,66.2,52.2483888888889,-0.12325,NP101is,540.0,5.4,336.97841753138,88.800553459131,52.21525,1.7565,1.26452234194302,West,,22 27 55,+88 48 02,,FocusLynx Focuser 1,12384,12384,1.325,12.8,12.8,Manual Rotator,0.0,0.0,0.0,Starlight Xpress Filter Wheels,Ha,25.0,77.0,1013.0,14.44,246.0,12.852,2000.0,N.I.N.A. 3.1.2.9001 (x64),_Date_2025-06-02_Time_00-17-58_Type_DARK_Filter_Ha_Exposure_600.00s_HFR_px_FWHM_0.00_Frame_0169.xisf,1,10.53479945779,
DARK,2025-06-01T22:57:56.195,2025-06-01T23:57:56.195,2025-06-01T23:02:56.736,600.0,600.0,ZWO ASI6200MM Pro,ZWO ASI6200MM Pro,0,10,0.779999971389771,1,1,-10.0,-10.0,3.76,3.76,40,66.2,52.2483888888889,-0.12325,NP101is,540.0,5.4,332.463686556136,88.8058622683876,52.21523,1.75662,1.26452268316933,West,,22 09 51,+88 48 21,,FocusLynx Focuser 1,12384,12384,1.325,13.4,13.4,Manual Rotator,0.0,0.0,0.0,Starlight Xpress Filter Wheels,Ha,25.0,77.0,1013.0,14.44,246.0,12.852,2000.0,N.I.N.A. 3.1.2.9001 (x64),_Date_2025-06-01_Time_23-57-56_Type_DARK_Filter_Ha_Exposure_600.00s_HFR_px_FWHM_0.00_Frame_0167.xisf,1,10.53479945779,
DARK,2025-06-01T22:47:54.882,2025-06-01T23:47:54.882,2025-06-01T22:52:55.472,600.0,600.0,ZWO ASI6200MM Pro,ZWO ASI6200MM Pro,0,10,0.779999971389771,1,1,-10.0,-10.0,3.76,3.76,40,66.2,52.2483888888889,-0.12325,NP101is,540.0,5.4,330.212464895673,88.8088350491076,52.21525,1.75666666666667,1.26452234194302,West,,22 00 51,+88 48 32,,FocusLynx Focuser 1,12384,12384,1.325,13.5,13.5,Manual Rotator,0.0,0.0,0.0,Starlight Xpress Filter Wheels,Ha,25.0,77.0,1013.0,14.44,246.0,12.852,2000.0,N.I.N.A. 3.1.2.9001 (x64),_Date_2025-06-01_Time_23-47-54_Type_DARK_Filter_Ha_Exposure_600.00s_HFR_px_FWHM_0.00_Frame_0166.xisf,1,10.53479945779,
DARK,2025-06-01T23:27:59.906,2025-06-02T00:27:59.906,2025-06-01T23:33:00.497,600.0,600.0,ZWO ASI6200MM Pro,ZWO ASI6200MM Pro,0,10,0.779999971389771,1,1,-10.0,-10.0,3.76,3.76,40,66.2,52.2483888888889,-0.12325,NP101is,540.0,5.4,339.238628040104,88.7982038446671,52.21525,1.75641666666667,1.26452234194302,West,,22 36 57,+88 47 54,,FocusLynx Focuser 1,12384,12384,1.325,12.5,12.5,Manual Rotator,0.0,0.0,0.0,Starlight Xpress Filter Wheels,Ha,25.0,77.0,1013.0,14.44,246.0,12.852,2000.0,N.I.N.A. 3.1.2.9001 (x64),_Date_2025-06-02_Time_00-27-59_Type_DARK_Filter_Ha_Exposure_600.00s_HFR_px_FWHM_0.00_Frame_0170.xisf,1,10.53479945779,
DARK,2025-06-01T23:48:02.448,2025-06-02T00:48:02.448,2025-06-01T23:53:02.981,600.0,600.0,ZWO ASI6200MM Pro,ZWO ASI6200MM Pro,0,10,0.779999971389771,1,1,-10.0,-10.0,3.76,3.76,40,66.2,52.2483888888889,-0.12325,NP101is,540.0,5.4,343.730408251795,88.7942092565677,52.21523,1.75623,1.26452268316933,West,,22 54 55,+88 47 39,,FocusLynx Focuser 1,12384,12384,1.325,11.8,11.8,Manual Rotator,0.0,0.0,0.0,Starlight Xpress Filter Wheels,Ha,25.0,77.0,1013.0,14.44,246.0,12.852,2000.0,N.I.N.A. 3.1.2.9001 (x64),_Date_2025-06-02_Time_00-48-02_Type_DARK_Filter_Ha_Exposure_600.00s_HFR_px_FWHM_0.00_Frame_0172.xisf,1,10.53479945779,
DARK,2025-06-01T23:38:01.147,2025-06-02T00:38:01.147,2025-06-01T23:43:01.728,600.0,600.0,ZWO ASI6200MM Pro,ZWO ASI6200MM Pro,0,10,0.779999971389771,1,1,-10.0,-10.0,3.76,3.76,40,66.2,52.2483888888889,-0.12325,NP101is,540.0,5.4,341.487153289482,88.7960849585722,52.21525,1.75633333333333,1.26452234194302,West,,22 45 57,+88 47 46,,FocusLynx Focuser 1,12384,12384,1.325,12.2,12.2,Manual Rotator,0.0,0.0,0.0,Starlight Xpress Filter Wheels,Ha,25.0,77.0,1013.0,14.44,246.0,12.852,2000.0,N.I.N.A. 3.1.2.9001 (x64),_Date_2025-06-02_Time_00-38-01_Type_DARK_Filter_Ha_Exposure_600.00s_HFR_px_FWHM_0.00_Frame_0171.xisf,1,10.53479945779,
DARK,2025-06-01T23:07:57.336,2025-06-02T00:07:57.336,2025-06-01T23:12:57.916,600.0,600.0,ZWO ASI6200MM Pro,ZWO ASI6200MM Pro,0,10,0.779999971389771,1,1,-10.0,-10.0,3.76,3.76,40,66.2,52.2483888888889,-0.12325,NP101is,540.0,5.4,334.722498385578,88.8030942040989,52.21523,1.75657,1.26452268316933,West,,22 18 53,+88 48 11,,FocusLynx Focuser 1,12384,12384,1.325,13.2,13.2,Manual Rotator,0.0,0.0,0.0,Starlight Xpress Filter Wheels,Ha,25.0,77.0,1013.0,14.44,246.0,12.852,2000.0,N.I.N.A. 3.1.2.9001 (x64),_Date_2025-06-02_Time_00-07-57_Type_DARK_Filter_Ha_Exposure_600.00s_HFR_px_FWHM_0.00_Frame_0168.xisf,1,10.53479945779,
DARK,2025-06-02T00:18:06.220,2025-06-02T01:18:06.220,2025-06-02T00:23:06.792,600.0,600.0,ZWO ASI6200MM Pro,ZWO ASI6200MM Pro,0,10,0.779999971389771,1,1,-10.0,-10.0,3.76,3.76,40,66.2,52.2483888888889,-0.12325,NP101is,540.0,5.4,350.445608594148,88.7898803673384,52.21525,1.756,1.26452234194302,West,,23 21 47,+88 47 24,,FocusLynx Focuser 1,12384,12384,1.325,10.6,10.6,Manual Rotator,0.0,0.0,0.0,Starlight Xpress Filter Wheels,Ha,25.0,77.0,1013.0,14.44,246.0,12.852,2000.0,N.I.N.A. 3.1.2.9001 (x64),_Date_2025-06-02_Time_01-18-06_Type_DARK_Filter_Ha_Exposure_600.00s_HFR_px_FWHM_0.00_Frame_0175.xisf,1,10.53479945779,
DARK,2025-06-02T00:08:04.885,2025-06-02T01:08:04.885,2025-06-02T00:13:05.478,600.0,600.0,ZWO ASI6200MM Pro,ZWO ASI6200MM Pro,0,10,0.779999971389771,1,1,-10.0,-10.0,3.76,3.76,40,66.2,52.2483888888889,-0.12325,NP101is,540.0,5.4,348.188305799811,88.7910998218811,52.21525,1.75608333333333,1.26452234194302,West,,23 12 45,+88 47 28,,FocusLynx Focuser 1,12384,12384,1.325,10.9,10.9,Manual Rotator,0.0,0.0,0.0,Starlight Xpress Filter Wheels,Ha,25.0,77.0,1013.0,14.44,246.0,12.852,2000.0,N.I.N.A. 3.1.2.9001 (x64),_Date_2025-06-02_Time_01-08-04_Type_DARK_Filter_Ha_Exposure_600.00s_HFR_px_FWHM_0.00_Frame_0174.xisf,1,10.53479945779,
DARK,2025-06-01T23:58:03.665,2025-06-02T00:58:03.665,2025-06-02T00:03:04.246,600.0,600.0,ZWO ASI6200MM Pro,ZWO ASI6200MM Pro,0,10,0.779999971389771,1,1,-10.0,-10.0,3.76,3.76,40,66.2,52.2483888888889,-0.12325,NP101is,540.0,5.4,345.972243741868,88.7925352108019,52.21523,1.75618,1.26452268316933,West,,23 03 53,+88 47 33,,FocusLynx Focuser 1,12384,12384,1.325,11.2,11.2,Manual Rotator,0.0,0.0,0.0,Starlight Xpress Filter Wheels,Ha,25.0,77.0,1013.0,14.44,246.0,12.852,2000.0,N.I.N.A. 3.1.2.9001 (x64),_Date_2025-06-02_Time_00-58-03_Type_DARK_Filter_Ha_Exposure_600.00s_HFR_px_FWHM_0.00_Frame_0173.xisf,1,10.53479945779,
DARK,2025-06-02T00:28:07.516,2025-06-02T01:28:07.516,2025-06-02T00:33:08.068,600.0,600.0,ZWO ASI6200MM Pro,ZWO ASI6200MM Pro,0,10,0.779999971389771,1,1,-10.0,-10.0,3.76,3.76,40,66.2,52.2483888888889,-0.12325,NP101is,540.0,5.4,352.651325282435,88.7888892911141,52.21523,1.75591,1.26452268316933,West,,23 30 36,+88 47 20,,FocusLynx Focuser 1,12384,12384,1.325,10.3,10.3,Manual Rotator,0.0,0.0,0.0,Starlight Xpress Filter Wheels,Ha,25.0,77.0,1013.0,14.44,246.0,12.852,2000.0,N.I.N.A. 3.1.2.9001 (x64),_Date_2025-06-02_Time_01-28-07_Type_DARK_Filter_Ha_Exposure_600.00s_HFR_px_FWHM_0.00_Frame_0176.xisf,1,10.53479945779,
DARK,2025-06-02T00:38:08.675,2025-06-02T01:38:08.675,2025-06-02T00:43:09.239,600.0,600.0,ZWO ASI6200MM Pro,ZWO ASI6200MM Pro,0,10,0.779999971389771,1,1,-10.0,-10.0,3.76,3.76,40,66.2,52.2483888888889,-0.12325,NP101is,540.0,5.4,354.894049220982,88.7881519516356,52.21523,1.75582,1.26452268316933,West,,23 39 35,+88 47 17,,FocusLynx Focuser 1,12384,12384,1.325,10.0,10.0,Manual Rotator,0.0,0.0,0.0,Starlight Xpress Filter Wheels,Ha,25.0,77.0,1013.0,14.44,246.0,12.852,2000.0,N.I.N.A. 3.1.2.9001 (x64),_Date_2025-06-02_Time_01-38-08_Type_DARK_Filter_Ha_Exposure_600.00s_HFR_px_FWHM_0.00_Frame_0177.xisf,1,10.53479945779,
DARK,2025-06-02T07:21:25.861,2025-06-02T08:21:25.861,2025-06-02T07:26:26.416,600.0,600.0,ZWO ASI6200MM Pro,ZWO ASI6200MM Pro,0,10,0.779999971389771,1,1,-10.0,-10.0,3.76,3.76,40,66.2,52.2483888888889,-0.12325,NP101is,540.0,5.4,,,,,,,,,,,,,,,,,,,,,Starlight Xpress Filter Wheels,Ha,,,,,,,2000.0,N.I.N.A. 3.1.2.9001 (x64),_Date_2025-06-02_Time_08-21-25_Type_DARK_Filter_Ha_Exposure_600.00s_HFR_px_FWHM_0.00_Frame_0168.xisf,1,,
DARK,2025-06-02T01:08:12.446,2025-06-02T02:08:12.446,2025-06-02T01:13:12.986,600.0,600.0,ZWO ASI6200MM Pro,ZWO ASI6200MM Pro,0,10,0.779999971389771,1,1,-10.0,-9.9,3.76,3.76,40,66.2,52.2483888888889,-0.12325,NP101is,540.0,5.4,1.60186494487074,88.7872644281486,52.21524,1.75557,1.26452251255614,West,,00 06 24,+88 47 14,,FocusLynx Focuser 1,12384,12384,1.325,9.4,9.4,Manual Rotator,0.0,0.0,0.0,Starlight Xpress Filter Wheels,Ha,25.0,77.0,1013.0,14.44,246.0,12.852,2000.0,N.I.N.A. 3.1.2.9001 (x64),_Date_2025-06-02_Time_02-08-12_Type_DARK_Filter_Ha_Exposure_600.00s_HFR_px_FWHM_0.00_Frame_0180.xisf,1,10.53479945779,
DARK,2025-06-01T22:27:52.404,2025-06-01T23:27:52.404,2025-06-01T22:32:52.996,600.0,600.0,ZWO ASI6200MM Pro,ZWO ASI6200MM Pro,0,10,0.779999971389771,1,1,-10.0,-10.0,3.76,3.76,40,66.2,52.2483888888889,-0.12325,NP101is,540.0,5.4,325.650781330035,88.8153920053473,52.21525,1.75680555555556,1.26452234194302,West,,21 42 36,+88 48 55,,FocusLynx Focuser 1,12384,12384,1.325,13.5,13.5,Manual Rotator,0.0,0.0,0.0,Starlight Xpress Filter Wheels,Ha,25.0,77.0,1013.0,14.44,246.0,12.852,2000.0,N.I.N.A. 3.1.2.9001 (x64),_Date_2025-06-01_Time_23-27-52_Type_DARK_Filter_Ha_Exposure_600.00s_HFR_px_FWHM_0.00_Frame_0164.xisf,1,10.53479945779,
DARK,2025-06-01T22:37:53.642,2025-06-01T23:37:53.642,2025-06-01T22:42:54.194,600.0,600.0,ZWO ASI6200MM Pro,ZWO ASI6200MM Pro,0,10,0.779999971389771,1,1,-10.0,-10.0,3.76,3.76,40,66.2,52.2483888888889,-0.12325,NP101is,540.0,5.4,327.942214511796,88.8120177657442,52.21523,1.75672,1.26452268316933,West,,21 51 46,+88 48 43,,FocusLynx Focuser 1,12384,12384,1.325,13.4,13.4,Manual Rotator,0.0,0.0,0.0,Starlight Xpress Filter Wheels,Ha,25.0,77.0,1013.0,14.44,246.0,12.852,2000.0,N.I.N.A. 3.1.2.9001 (x64),_Date_2025-06-01_Time_23-37-53_Type_DARK_Filter_Ha_Exposure_600.00s_HFR_px_FWHM_0.00_Frame_0165.xisf,1,10.53479945779,
DARK,2025-06-02T01:28:14.920,2025-06-02T02:28:14.920,2025-06-02T01:33:15.447,600.0,600.0,ZWO ASI6200MM Pro,ZWO ASI6200MM Pro,0,10,0.779999971389771,1,1,-10.0,-10.0,3.76,3.76,40,66.2,52.2483888888889,-0.12325,NP101is,540.0,5.4,6.0599120484536,88.7878246106173,52.21525,1.75541666666667,1.26452234194302,West,,00 24 14,+88 47 16,,FocusLynx Focuser 1,12384,12384,1.325,9.0,9.0,Manual Rotator,0.0,0.0,0.0,Starlight Xpress Filter Wheels,Ha,25.0,77.0,1013.0,14.44,246.0,12.852,2000.0,N.I.N.A. 3.1.2.9001 (x64),_Date_2025-06-02_Time_02-28-14_Type_DARK_Filter_Ha_Exposure_600.00s_HFR_px_FWHM_0.00_Frame_0182.xisf,1,10.53479945779,
DARK,2025-06-02T06:41:21.102,2025-06-02T07:41:21.102,2025-06-02T06:46:21.610,600.0,600.0,ZWO ASI6200MM Pro,ZWO ASI6200MM Pro,0,10,0.779999971389771,1,1,-10.0,-10.0,3.76,3.76,40,66.2,52.2483888888889,-0.12325,NP101is,540.0,5.4,,,,,,,,,,,,,,,,,,,,,Starlight Xpress Filter Wheels,Ha,,,,,,,2000.0,N.I.N.A. 3.1.2.9001 (x64),_Date_2025-06-02_Time_07-41-21_Type_DARK_Filter_Ha_Exposure_600.00s_HFR_px_FWHM_0.00_Frame_0164.xisf,1,,
DARK,2025-06-02T06:31:19.835,2025-06-02T07:31:19.835,2025-06-02T06:36:20.373,600.0,600.0,ZWO ASI6200MM Pro,ZWO ASI6200MM Pro,0,10,0.779999971389771,1,1,-10.0,-10.0,3.76,3.76,40,66.2,52.2483888888889,-0.12325,NP101is,540.0,5.4,,,,,,,,,,,,,,,,,,,,,Starlight Xpress Filter Wheels,Ha,,,,,,,2000.0,N.I.N.A. 3.1.2.9001 (x64),_Date_2025-06-02_Time_07-31-19_Type_DARK_Filter_Ha_Exposure_600.00s_HFR_px_FWHM_0.00_Frame_0163.xisf,1,,
DARK,2025-06-02T06:11:17.582,2025-06-02T07:11:17.582,2025-06-02T06:16:18.102,600.0,600.0,ZWO ASI6200MM Pro,ZWO ASI6200MM Pro,0,10,0.779999971389771,1,1,-10.0,-10.0,3.76,3.76,40,66.2,52.2483888888889,-0.12325,NP101is,540.0,5.4,,,,,,,,,,,,,,,,,,,,,Starlight Xpress Filter Wheels,Ha,,,,,,,2000.0,N.I.N.A. 3.1.2.9001 (x64),_Date_2025-06-02_Time_07-11-17_Type_DARK_Filter_Ha_Exposure_600.00s_HFR_px_FWHM_0.00_Frame_0161.xisf,1,,
DARK,2025-06-02T01:48:17.235,2025-06-02T02:48:17.235,2025-06-02T01:53:17.784,600.0,600.0,ZWO ASI6200MM Pro,ZWO ASI6200MM Pro,0,10,0.779999971389771,1,1,-10.0,-10.0,3.76,3.76,40,66.2,52.2483888888889,-0.12325,NP101is,540.0,5.4,10.5130525565681,88.7893256662661,52.21525,1.75527777777778,1.26452234194302,West,,00 42 03,+88 47 22,,FocusLynx Focuser 1,12384,12384,1.325,8.7,8.7,Manual Rotator,0.0,0.0,0.0,Starlight Xpress Filter Wheels,Ha,25.0,77.0,1013.0,14.44,246.0,12.852,2000.0,N.I.N.A. 3.1.2.9001 (x64),_Date_2025-06-02_Time_02-48-17_Type_DARK_Filter_Ha_Exposure_600.00s_HFR_px_FWHM_0.00_Frame_0184.xisf,1,10.53479945779,
DARK,2025-06-02T06:21:18.780,2025-06-02T07:21:18.780,2025-06-02T06:26:19.269,600.0,600.0,ZWO ASI6200MM Pro,ZWO ASI6200MM Pro,0,10,0.779999971389771,1,1,-10.0,-9.9,3.76,3.76,40,66.2,52.2483888888889,-0.12325,NP101is,540.0,5.4,,,,,,,,,,,,,,,,,,,,,Starlight Xpress Filter Wheels,Ha,,,,,,,2000.0,N.I.N.A. 3.1.2.9001 (x64),_Date_2025-06-02_Time_07-21-18_Type_DARK_Filter_Ha_Exposure_600.00s_HFR_px_FWHM_0.00_Frame_0162.xisf,1,,
DARK,2025-06-02T06:51:22.275,2025-06-02T07:51:22.275,2025-06-02T06:56:22.804,600.0,600.0,ZWO ASI6200MM Pro,ZWO ASI6200MM Pro,0,10,0.779999971389771,1,1,-10.0,-9.9,3.76,3.76,40,66.2,52.2483888888889,-0.12325,NP101is,540.0,5.4,,,,,,,,,,,,,,,,,,,,,Starlight Xpress Filter Wheels,Ha,,,,,,,2000.0,N.I.N.A. 3.1.2.9001 (x64),_Date_2025-06-02_Time_07-51-22_Type_DARK_Filter_Ha_Exposure_600.00s_HFR_px_FWHM_0.00_Frame_0165.xisf,1,,
DARK,2025-06-02T00:48:09.938,2025-06-02T01:48:09.938,2025-06-02T00:53:10.518,600.0,600.0,ZWO ASI6200MM Pro,ZWO ASI6200MM Pro,0,10,0.779999971389771,1,1,-10.0,-10.0,3.76,3.76,40,66.2,52.2483888888889,-0.12325,NP101is,540.0,5.4,357.129814852156,88.7876238730045,52.21524,1.75574,1.26452251255614,West,,23 48 31,+88 47 15,,FocusLynx Focuser 1,12384,12384,1.325,9.8,9.8,Manual Rotator,0.0,0.0,0.0,Starlight Xpress Filter Wheels,Ha,25.0,77.0,1013.0,14.44,246.0,12.852,2000.0,N.I.N.A. 3.1.2.9001 (x64),_Date_2025-06-02_Time_01-48-09_Type_DARK_Filter_Ha_Exposure_600.00s_HFR_px_FWHM_0.00_Frame_0178.xisf,1,10.53479945779,
DARK,2025-06-02T07:11:24.631,2025-06-02T08:11:24.631,2025-06-02T07:16:25.180,600.0,600.0,ZWO ASI6200MM Pro,ZWO ASI6200MM Pro,0,10,0.779999971389771,1,1,-10.0,-10.0,3.76,3.76,40,66.2,52.2483888888889,-0.12325,NP101is,540.0,5.4,,,,,,,,,,,,,,,,,,,,,Starlight Xpress Filter Wheels,Ha,,,,,,,2000.0,N.I.N.A. 3.1.2.9001 (x64),_Date_2025-06-02_Time_08-11-24_Type_DARK_Filter_Ha_Exposure_600.00s_HFR_px_FWHM_0.00_Frame_0167.xisf,1,,
DARK,2025-06-02T07:51:29.589,2025-06-02T08:51:29.589,2025-06-02T07:56:30.161,600.0,600.0,ZWO ASI6200MM Pro,ZWO ASI6200MM Pro,0,10,0.779999971389771,1,1,-10.0,-9.9,3.76,3.76,40,66.2,52.2483888888889,-0.12325,NP101is,540.0,5.4,,,,,,,,,,,,,,,,,,,,,Starlight Xpress Filter Wheels,Ha,,,,,,,2000.0,N.I.N.A. 3.1.2.9001 (x64),_Date_2025-06-02_Time_08-51-29_Type_DARK_Filter_Ha_Exposure_600.00s_HFR_px_FWHM_0.00_Frame_0171.xisf,1,,
DARK,2025-06-02T07:01:23.401,2025-06-02T08:01:23.401,2025-06-02T07:06:23.949,600.0,600.0,ZWO ASI6200MM Pro,ZWO ASI6200MM Pro,0,10,0.779999971389771,1,1,-10.0,-9.9,3.76,3.76,40,66.2,52.2483888888889,-0.12325,NP101is,540.0,5.4,,,,,,,,,,,,,,,,,,,,,Starlight Xpress Filter Wheels,Ha,,,,,,,2000.0,N.I.N.A. 3.1.2.9001 (x64),_Date_2025-06-02_Time_08-01-23_Type_DARK_Filter_Ha_Exposure_600.00s_HFR_px_FWHM_0.00_Frame_0166.xisf,1,,
DARK,2025-06-02T01:38:16.029,2025-06-02T02:38:16.029,2025-06-02T01:43:16.566,600.0,600.0,ZWO ASI6200MM Pro,ZWO ASI6200MM Pro,0,10,0.779999971389771,1,1,-10.0,-10.0,3.76,3.76,40,66.2,52.2483888888889,-0.12325,NP101is,540.0,5.4,8.27961714685289,88.788467981042,52.21524,1.75535,1.26452251255614,West,,00 33 07,+88 47 18,,FocusLynx Focuser 1,12384,12384,1.325,8.8,8.8,Manual Rotator,0.0,0.0,0.0,Starlight Xpress Filter Wheels,Ha,25.0,77.0,1013.0,14.44,246.0,12.852,2000.0,N.I.N.A. 3.1.2.9001 (x64),_Date_2025-06-02_Time_02-38-16_Type_DARK_Filter_Ha_Exposure_600.00s_HFR_px_FWHM_0.00_Frame_0183.xisf,1,10.53479945779,
DARK,2025-06-02T01:58:18.477,2025-06-02T02:58:18.477,2025-06-02T02:03:19.053,600.0,600.0,ZWO ASI6200MM Pro,ZWO ASI6200MM Pro,0,10,0.779999971389771,1,1,-10.0,-10.0,3.76,3.76,40,66.2,52.2483888888889,-0.12325,NP101is,540.0,5.4,12.7550998099328,88.7904176040407,52.21525,1.75519444444444,1.26452234194302,West,,00 51 01,+88 47 26,,FocusLynx Focuser 1,12384,12384,1.325,8.6,8.6,Manual Rotator,0.0,0.0,0.0,Starlight Xpress Filter Wheels,Ha,25.0,77.0,1013.0,14.44,246.0,12.852,2000.0,N.I.N.A. 3.1.2.9001 (x64),_Date_2025-06-02_Time_02-58-18_Type_DARK_Filter_Ha_Exposure_600.00s_HFR_px_FWHM_0.00_Frame_0185.xisf,1,10.53479945779,
DARK,2025-06-02T07:31:27.029,2025-06-02T08:31:27.029,2025-06-02T07:36:27.601,600.0,600.0,ZWO ASI6200MM Pro,ZWO ASI6200MM Pro,0,10,0.779999971389771,1,1,-10.0,-10.0,3.76,3.76,40,66.2,52.2483888888889,-0.12325,NP101is,540.0,5.4,,,,,,,,,,,,,,,,,,,,,Starlight Xpress Filter Wheels,Ha,,,,,,,2000.0,N.I.N.A. 3.1.2.9001 (x64),_Date_2025-06-02_Time_08-31-27_Type_DARK_Filter_Ha_Exposure_600.00s_HFR_px_FWHM_0.00_Frame_0169.xisf,1,,
DARK,2025-06-02T08:01:30.801,2025-06-02T09:01:30.801,2025-06-02T08:06:31.347,600.0,600.0,ZWO ASI6200MM Pro,ZWO ASI6200MM Pro,0,10,0.779999971389771,1,1,-10.0,-10.0,3.76,3.76,40,66.2,52.2483888888889,-0.12325,NP101is,540.0,5.4,,,,,,,,,,,,,,,,,,,,,Starlight Xpress Filter Wheels,Ha,,,,,,,2000.0,N.I.N.A. 3.1.2.9001 (x64),_Date_2025-06-02_Time_09-01-30_Type_DARK_Filter_Ha_Exposure_600.00s_HFR_px_FWHM_0.00_Frame_0172.xisf,1,,
DARK,2025-06-02T07:41:28.313,2025-06-02T08:41:28.313,2025-06-02T07:46:28.880,600.0,600.0,ZWO ASI6200MM Pro,ZWO ASI6200MM Pro,0,10,0.779999971389771,1,1,-10.0,-9.9,3.76,3.76,40,66.2,52.2483888888889,-0.12325,NP101is,540.0,5.4,,,,,,,,,,,,,,,,,,,,,Starlight Xpress Filter Wheels,Ha,,,,,,,2000.0,N.I.N.A. 3.1.2.9001 (x64),_Date_2025-06-02_Time_08-41-28_Type_DARK_Filter_Ha_Exposure_600.00s_HFR_px_FWHM_0.00_Frame_0170.xisf,1,,
DARK,2025-06-02T08:11:32.024,2025-06-02T09:11:32.024,2025-06-02T08:16:32.558,600.0,600.0,ZWO ASI6200MM Pro,ZWO ASI6200MM Pro,0,10,0.779999971389771,1,1,-10.0,-10.0,3.76,3.76,40,66.2,52.2483888888889,-0.12325,NP101is,540.0,5.4,,,,,,,,,,,,,,,,,,,,,Starlight Xpress Filter Wheels,Ha,,,,,,,2000.0,N.I.N.A. 3.1.2.9001 (x64),_Date_2025-06-02_Time_09-11-32_Type_DARK_Filter_Ha_Exposure_600.00s_HFR_px_FWHM_0.00_Frame_0173.xisf,1,,
DARK,2025-06-02T08:31:34.414,2025-06-02T09:31:34.414,2025-06-02T08:36:34.990,600.0,600.0,ZWO ASI6200MM Pro,ZWO ASI6200MM Pro,0,10,0.779999971389771,1,1,-10.0,-10.0,3.76,3.76,40,66.2,52.2483888888889,-0.12325,NP101is,540.0,5.4,,,,,,,,,,,,,,,,,,,,,Starlight Xpress Filter Wheels,Ha,,,,,,,2000.0,N.I.N.A. 3.1.2.9001 (x64),_Date_2025-06-02_Time_09-31-34_Type_DARK_Filter_Ha_Exposure_600.00s_HFR_px_FWHM_0.00_Frame_0175.xisf,1,,
DARK,2025-06-02T09:01:38.112,2025-06-02T10:01:38.112,2025-06-02T09:06:38.683,600.0,600.0,ZWO ASI6200MM Pro,ZWO ASI6200MM Pro,0,10,0.779999971389771,1,1,-10.0,-10.0,3.76,3.76,40,66.2,52.2483888888889,-0.12325,NP101is,540.0,5.4,,,,,,,,,,,,,,,,,,,,,Starlight Xpress Filter Wheels,Ha,,,,,,,2000.0,N.I.N.A. 3.1.2.9001 (x64),_Date_2025-06-02_Time_10-01-38_Type_DARK_Filter_Ha_Exposure_600.00s_HFR_px_FWHM_0.00_Frame_0178.xisf,1,,
DARK,2025-06-02T08:41:35.701,2025-06-02T09:41:35.701,2025-06-02T08:46:36.261,600.0,600.0,ZWO ASI6200MM Pro,ZWO ASI6200MM Pro,0,10,0.779999971389771,1,1,-10.0,-10.0,3.76,3.76,40,66.2,52.2483888888889,-0.12325,NP101is,540.0,5.4,,,,,,,,,,,,,,,,,,,,,Starlight Xpress Filter Wheels,Ha,,,,,,,2000.0,N.I.N.A. 3.1.2.9001 (x64),_Date_2025-06-02_Time_09-41-35_Type_DARK_Filter_Ha_Exposure_600.00s_HFR_px_FWHM_0.00_Frame_0176.xisf,1,,
DARK,2025-06-02T09:21:40.733,2025-06-02T10:21:40.733,2025-06-02T09:26:41.297,600.0,600.0,ZWO ASI6200MM Pro,ZWO ASI6200MM Pro,0,10,0.779999971389771,1,1,-10.0,-9.9,3.76,3.76,40,66.2,52.2483888888889,-0.12325,NP101is,540.0,5.4,,,,,,,,,,,,,,,,,,,,,Starlight Xpress Filter Wheels,Ha,,,,,,,2000.0,N.I.N.A. 3.1.2.9001 (x64),_Date_2025-06-02_Time_10-21-40_Type_DARK_Filter_Ha_Exposure_600.00s_HFR_px_FWHM_0.00_Frame_0180.xisf,1,,
DARK,2025-06-02T09:11:39.421,2025-06-02T10:11:39.421,2025-06-02T09:16:39.995,600.0,600.0,ZWO ASI6200MM Pro,ZWO ASI6200MM Pro,0,10,0.779999971389771,1,1,-10.0,-10.0,3.76,3.76,40,66.2,52.2483888888889,-0.12325,NP101is,540.0,5.4,,,,,,,,,,,,,,,,,,,,,Starlight Xpress Filter Wheels,Ha,,,,,,,2000.0,N.I.N.A. 3.1.2.9001 (x64),_Date_2025-06-02_Time_10-11-39_Type_DARK_Filter_Ha_Exposure_600.00s_HFR_px_FWHM_0.00_Frame_0179.xisf,1,,
DARK,2025-06-02T08:21:33.256,2025-06-02T09:21:33.256,2025-06-02T08:26:33.808,600.0,600.0,ZWO ASI6200MM Pro,ZWO ASI6200MM Pro,0,10,0.779999971389771,1,1,-10.0,-10.0,3.76,3.76,40,66.2,52.2483888888889,-0.12325,NP101is,540.0,5.4,,,,,,,,,,,,,,,,,,,,,Starlight Xpress Filter Wheels,Ha,,,,,,,2000.0,N.I.N.A. 3.1.2.9001 (x64),_Date_2025-06-02_Time_09-21-33_Type_DARK_Filter_Ha_Exposure_600.00s_HFR_px_FWHM_0.00_Frame_0174.xisf,1,,
DARK,2025-06-02T08:51:36.955,2025-06-02T09:51:36.955,2025-06-02T08:56:37.506,600.0,600.0,ZWO ASI6200MM Pro,ZWO ASI6200MM Pro,0,10,0.779999971389771,1,1,-10.0,-10.0,3.76,3.76,40,66.2,52.2483888888889,-0.12325,NP101is,540.0,5.4,,,,,,,,,,,,,,,,,,,,,Starlight Xpress Filter Wheels,Ha,,,,,,,2000.0,N.I.N.A. 3.1.2.9001 (x64),_Date_2025-06-02_Time_09-51-36_Type_DARK_Filter_Ha_Exposure_600.00s_HFR_px_FWHM_0.00_Frame_0177.xisf,1,,
DARK,2025-06-02T09:31:41.926,2025-06-02T10:31:41.926,2025-06-02T09:36:42.495,600.0,600.0,ZWO ASI6200MM Pro,ZWO ASI6200MM Pro,0,10,0.779999971389771,1,1,-10.0,-10.0,3.76,3.76,40,66.2,52.2483888888889,-0.12325,NP101is,540.0,5.4,,,,,,,,,,,,,,,,,,,,,Starlight Xpress Filter Wheels,Ha,,,,,,,2000.0,N.I.N.A. 3.1.2.9001 (x64),_Date_2025-06-02_Time_10-31-41_Type_DARK_Filter_Ha_Exposure_600.00s_HFR_px_FWHM_0.00_Frame_0181.xisf,1,,
DARK,2025-06-02T09:41:43.223,2025-06-02T10:41:43.223,2025-06-02T09:46:43.818,600.0,600.0,ZWO ASI6200MM Pro,ZWO ASI6200MM Pro,0,10,0.779999971389771,1,1,-10.0,-10.0,3.76,3.76,40,66.2,52.2483888888889,-0.12325,NP101is,540.0,5.4,,,,,,,,,,,,,,,,,,,,,Starlight Xpress Filter Wheels,Ha,,,,,,,2000.0,N.I.N.A. 3.1.2.9001 (x64),_Date_2025-06-02_Time_10-41-43_Type_DARK_Filter_Ha_Exposure_600.00s_HFR_px_FWHM_0.00_Frame_0182.xisf,1,,
DARK,2025-06-02T10:01:45.752,2025-06-02T11:01:45.752,2025-06-02T10:06:46.297,600.0,600.0,ZWO ASI6200MM Pro,ZWO ASI6200MM Pro,0,10,0.779999971389771,1,1,-10.0,-10.0,3.76,3.76,40,66.2,52.2483888888889,-0.12325,NP101is,540.0,5.4,,,,,,,,,,,,,,,,,,,,,Starlight Xpress Filter Wheels,Ha,,,,,,,2000.0,N.I.N.A. 3.1.2.9001 (x64),_Date_2025-06-02_Time_11-01-45_Type_DARK_Filter_Ha_Exposure_600.00s_HFR_px_FWHM_0.00_Frame_0184.xisf,1,,
DARK,2025-06-02T09:51:44.561,2025-06-02T10:51:44.561,2025-06-02T09:56:45.127,600.0,600.0,ZWO ASI6200MM Pro,ZWO ASI6200MM Pro,0,10,0.779999971389771,1,1,-10.0,-9.9,3.76,3.76,40,66.2,52.2483888888889,-0.12325,NP101is,540.0,5.4,,,,,,,,,,,,,,,,,,,,,Starlight Xpress Filter Wheels,Ha,,,,,,,2000.0,N.I.N.A. 3.1.2.9001 (x64),_Date_2025-06-02_Time_10-51-44_Type_DARK_Filter_Ha_Exposure_600.00s_HFR_px_FWHM_0.00_Frame_0183.xisf,1,,
DARK,2025-06-02T10:21:48.301,2025-06-02T11:21:48.301,2025-06-02T10:26:48.866,600.0,600.0,ZWO ASI6200MM Pro,ZWO ASI6200MM Pro,0,10,0.779999971389771,1,1,-10.0,-10.0,3.76,3.76,40,66.2,52.2483888888889,-0.12325,NP101is,540.0,5.4,,,,,,,,,,,,,,,,,,,,,Starlight Xpress Filter Wheels,Ha,,,,,,,2000.0,N.I.N.A. 3.1.2.9001 (x64),_Date_2025-06-02_Time_11-21-48_Type_DARK_Filter_Ha_Exposure_600.00s_HFR_px_FWHM_0.00_Frame_0186.xisf,1,,
DARK,2025-06-02T10:11:46.975,2025-06-02T11:11:46.975,2025-06-02T10:16:47.568,600.0,600.0,ZWO ASI6200MM Pro,ZWO ASI6200MM Pro,0,10,0.779999971389771,1,1,-10.0,-9.9,3.76,3.76,40,66.2,52.2483888888889,-0.12325,NP101is,540.0,5.4,,,,,,,,,,,,,,,,,,,,,Starlight Xpress Filter Wheels,Ha,,,,,,,2000.0,N.I.N.A. 3.1.2.9001 (x64),_Date_2025-06-02_Time_11-11-46_Type_DARK_Filter_Ha_Exposure_600.00s_HFR_px_FWHM_0.00_Frame_0185.xisf,1,,
DARK,2025-06-02T10:41:50.696,2025-06-02T11:41:50.696,2025-06-02T10:46:51.261,600.0,600.0,ZWO ASI6200MM Pro,ZWO ASI6200MM Pro,0,10,0.779999971389771,1,1,-10.0,-10.0,3.76,3.76,40,66.2,52.2483888888889,-0.12325,NP101is,540.0,5.4,,,,,,,,,,,,,,,,,,,,,Starlight Xpress Filter Wheels,Ha,,,,,,,2000.0,N.I.N.A. 3.1.2.9001 (x64),_Date_2025-06-02_Time_11-41-50_Type_DARK_Filter_Ha_Exposure_600.00s_HFR_px_FWHM_0.00_Frame_0188.xisf,1,,
DARK,2025-06-02T11:01:53.186,2025-06-02T12:01:53.186,2025-06-02T11:06:53.770,600.0,600.0,ZWO ASI6200MM Pro,ZWO ASI6200MM Pro,0,10,0.779999971389771,1,1,-10.0,-9.9,3.76,3.76,40,66.2,52.2483888888889,-0.12325,NP101is,540.0,5.4,,,,,,,,,,,,,,,,,,,,,Starlight Xpress Filter Wheels,Ha,,,,,,,2000.0,N.I.N.A. 3.1.2.9001 (x64),_Date_2025-06-02_Time_12-01-53_Type_DARK_Filter_Ha_Exposure_600.00s_HFR_px_FWHM_0.00_Frame_0190.xisf,1,,
DARK,2025-06-02T11:21:55.813,2025-06-02T12:21:55.813,2025-06-02T11:26:56.389,600.0,600.0,ZWO ASI6200MM Pro,ZWO ASI6200MM Pro,0,10,0.779999971389771,1,1,-10.0,-9.9,3.76,3.76,40,66.2,52.2483888888889,-0.12325,NP101is,540.0,5.4,,,,,,,,,,,,,,,,,,,,,Starlight Xpress Filter Wheels,Ha,,,,,,,2000.0,N.I.N.A. 3.1.2.9001 (x64),_Date_2025-06-02_Time_12-21-55_Type_DARK_Filter_Ha_Exposure_600.00s_HFR_px_FWHM_0.00_Frame_0192.xisf,1,,
DARK,2025-06-02T11:11:54.498,2025-06-02T12:11:54.498,2025-06-02T11:16:55.082,600.0,600.0,ZWO ASI6200MM Pro,ZWO ASI6200MM Pro,0,10,0.779999971389771,1,1,-10.0,-10.0,3.76,3.76,40,66.2,52.2483888888889,-0.12325,NP101is,540.0,5.4,,,,,,,,,,,,,,,,,,,,,Starlight Xpress Filter Wheels,Ha,,,,,,,2000.0,N.I.N.A. 3.1.2.9001 (x64),_Date_2025-06-02_Time_12-11-54_Type_DARK_Filter_Ha_Exposure_600.00s_HFR_px_FWHM_0.00_Frame_0191.xisf,1,,
DARK,2025-06-02T10:51:51.961,2025-06-02T11:51:51.961,2025-06-02T10:56:52.545,600.0,600.0,ZWO ASI6200MM Pro,ZWO ASI6200MM Pro,0,10,0.779999971389771,1,1,-10.0,-9.9,3.76,3.76,40,66.2,52.2483888888889,-0.12325,NP101is,540.0,5.4,,,,,,,,,,,,,,,,,,,,,Starlight Xpress Filter Wheels,Ha,,,,,,,2000.0,N.I.N.A. 3.1.2.9001 (x64),_Date_2025-06-02_Time_11-51-51_Type_DARK_Filter_Ha_Exposure_600.00s_HFR_px_FWHM_0.00_Frame_0189.xisf,1,,
DARK,2025-06-02T10:31:49.483,2025-06-02T11:31:49.483,2025-06-02T10:36:50.024,600.0,600.0,ZWO ASI6200MM Pro,ZWO ASI6200MM Pro,0,10,0.779999971389771,1,1,-10.0,-10.0,3.76,3.76,40,66.2,52.2483888888889,-0.12325,NP101is,540.0,5.4,,,,,,,,,,,,,,,,,,,,,Starlight Xpress Filter Wheels,Ha,,,,,,,2000.0,N.I.N.A. 3.1.2.9001 (x64),_Date_2025-06-02_Time_11-31-49_Type_DARK_Filter_Ha_Exposure_600.00s_HFR_px_FWHM_0.00_Frame_0187.xisf,1,,
DARK,2025-06-02T11:31:57.019,2025-06-02T12:31:57.019,2025-06-02T11:36:57.543,600.0,600.0,ZWO ASI6200MM Pro,ZWO ASI6200MM Pro,0,10,0.779999971389771,1,1,-10.0,-10.0,3.76,3.76,40,66.2,52.2483888888889,-0.12325,NP101is,540.0,5.4,,,,,,,,,,,,,,,,,,,,,Starlight Xpress Filter Wheels,Ha,,,,,,,2000.0,N.I.N.A. 3.1.2.9001 (x64),_Date_2025-06-02_Time_12-31-57_Type_DARK_Filter_Ha_Exposure_600.00s_HFR_px_FWHM_0.00_Frame_0193.xisf,1,,
DARK,2025-06-02T11:51:59.443,2025-06-02T12:51:59.443,2025-06-02T11:57:00.015,600.0,600.0,ZWO ASI6200MM Pro,ZWO ASI6200MM Pro,0,10,0.779999971389771,1,1,-10.0,-10.0,3.76,3.76,40,66.2,52.2483888888889,-0.12325,NP101is,540.0,5.4,,,,,,,,,,,,,,,,,,,,,Starlight Xpress Filter Wheels,Ha,,,,,,,2000.0,N.I.N.A. 3.1.2.9001 (x64),_Date_2025-06-02_Time_12-51-59_Type_DARK_Filter_Ha_Exposure_600.00s_HFR_px_FWHM_0.00_Frame_0195.xisf,1,,
DARK,2025-06-02T11:41:58.198,2025-06-02T12:41:58.198,2025-06-02T11:46:58.754,600.0,600.0,ZWO ASI6200MM Pro,ZWO ASI6200MM Pro,0,10,0.779999971389771,1,1,-10.0,-10.0,3.76,3.76,40,66.2,52.2483888888889,-0.12325,NP101is,540.0,5.4,,,,,,,,,,,,,,,,,,,,,Starlight Xpress Filter Wheels,Ha,,,,,,,2000.0,N.I.N.A. 3.1.2.9001 (x64),_Date_2025-06-02_Time_12-41-58_Type_DARK_Filter_Ha_Exposure_600.00s_HFR_px_FWHM_0.00_Frame_0194.xisf,1,,
DARK,2025-06-02T12:02:00.640,2025-06-02T13:02:00.640,2025-06-02T12:07:01.176,600.0,600.0,ZWO ASI6200MM Pro,ZWO ASI6200MM Pro,0,10,0.779999971389771,1,1,-10.0,-10.0,3.76,3.76,40,66.2,52.2483888888889,-0.12325,NP101is,540.0,5.4,,,,,,,,,,,,,,,,,,,,,Starlight Xpress Filter Wheels,Ha,,,,,,,2000.0,N.I.N.A. 3.1.2.9001 (x64),_Date_2025-06-02_Time_13-02-00_Type_DARK_Filter_Ha_Exposure_600.00s_HFR_px_FWHM_0.00_Frame_0196.xisf,1,,
DARK,2025-06-02T12:22:03.075,2025-06-02T13:22:03.075,2025-06-02T12:27:03.636,600.0,600.0,ZWO ASI6200MM Pro,ZWO ASI6200MM Pro,0,10,0.779999971389771,1,1,-10.0,-9.8,3.76,3.76,40,66.2,52.2483888888889,-0.12325,NP101is,540.0,5.4,,,,,,,,,,,,,,,,,,,,,Starlight Xpress Filter Wheels,Ha,,,,,,,2000.0,N.I.N.A. 3.1.2.9001 (x64),_Date_2025-06-02_Time_13-22-03_Type_DARK_Filter_Ha_Exposure_600.00s_HFR_px_FWHM_0.00_Frame_0198.xisf,1,,
DARK,2025-06-02T12:42:05.588,2025-06-02T13:42:05.588,2025-06-02T12:47:06.157,600.0,600.0,ZWO ASI6200MM Pro,ZWO ASI6200MM Pro,0,10,0.779999971389771,1,1,-10.0,-9.9,3.76,3.76,40,66.2,52.2483888888889,-0.12325,NP101is,540.0,5.4,,,,,,,,,,,,,,,,,,,,,Starlight Xpress Filter Wheels,Ha,,,,,,,2000.0,N.I.N.A. 3.1.2.9001 (x64),_Date_2025-06-02_Time_13-42-05_Type_DARK_Filter_Ha_Exposure_600.00s_HFR_px_FWHM_0.00_Frame_0200.xisf,1,,
DARK,2025-06-02T12:32:04.250,2025-06-02T13:32:04.250,2025-06-02T12:37:04.837,600.0,600.0,ZWO ASI6200MM Pro,ZWO ASI6200MM Pro,0,10,0.779999971389771,1,1,-10.0,-9.9,3.76,3.76,40,66.2,52.2483888888889,-0.12325,NP101is,540.0,5.4,,,,,,,,,,,,,,,,,,,,,Starlight Xpress Filter Wheels,Ha,,,,,,,2000.0,N.I.N.A. 3.1.2.9001 (x64),_Date_2025-06-02_Time_13-32-04_Type_DARK_Filter_Ha_Exposure_600.00s_HFR_px_FWHM_0.00_Frame_0199.xisf,1,,
DARK,2025-06-02T12:12:01.844,2025-06-02T13:12:01.844,2025-06-02T12:17:02.391,600.0,600.0,ZWO ASI6200MM Pro,ZWO ASI6200MM Pro,0,10,0.779999971389771,1,1,-10.0,-9.9,3.76,3.76,40,66.2,52.2483888888889,-0.12325,NP101is,540.0,5.4,,,,,,,,,,,,,,,,,,,,,Starlight Xpress Filter Wheels,Ha,,,,,,,2000.0,N.I.N.A. 3.1.2.9001 (x64),_Date_2025-06-02_Time_13-12-01_Type_DARK_Filter_Ha_Exposure_600.00s_HFR_px_FWHM_0.00_Frame_0197.xisf,1,,
DARK,2025-06-02T14:02:15.227,2025-06-02T15:02:15.227,2025-06-02T14:07:15.799,600.0,600.0,ZWO ASI6200MM Pro,ZWO ASI6200MM Pro,0,10,0.779999971389771,1,1,-10.0,-9.4,3.76,3.76,40,66.2,52.2483888888889,-0.12325,NP101is,540.0,5.4,,,,,,,,,,,,,,,,,,,,,Starlight Xpress Filter Wheels,Ha,,,,,,,2000.0,N.I.N.A. 3.1.2.9001 (x64),_Date_2025-06-02_Time_15-02-15_Type_DARK_Filter_Ha_Exposure_600.00s_HFR_px_FWHM_0.00_Frame_0208.xisf,1,,
DARK,2025-06-02T13:02:08.052,2025-06-02T14:02:08.052,2025-06-02T13:07:08.599,600.0,600.0,ZWO ASI6200MM Pro,ZWO ASI6200MM Pro,0,10,0.779999971389771,1,1,-10.0,-9.9,3.76,3.76,40,66.2,52.2483888888889,-0.12325,NP101is,540.0,5.4,,,,,,,,,,,,,,,,,,,,,Starlight Xpress Filter Wheels,Ha,,,,,,,2000.0,N.I.N.A. 3.1.2.9001 (x64),_Date_2025-06-02_Time_14-02-08_Type_DARK_Filter_Ha_Exposure_600.00s_HFR_px_FWHM_0.00_Frame_0202.xisf,1,,
DARK,2025-06-02T12:52:06.879,2025-06-02T13:52:06.879,2025-06-02T12:57:07.440,600.0,600.0,ZWO ASI6200MM Pro,ZWO ASI6200MM Pro,0,10,0.779999971389771,1,1,-10.0,-9.9,3.76,3.76,40,66.2,52.2483888888889,-0.12325,NP101is,540.0,5.4,,,,,,,,,,,,,,,,,,,,,Starlight Xpress Filter Wheels,Ha,,,,,,,2000.0,N.I.N.A. 3.1.2.9001 (x64),_Date_2025-06-02_Time_13-52-06_Type_DARK_Filter_Ha_Exposure_600.00s_HFR_px_FWHM_0.00_Frame_0201.xisf,1,,
DARK,2025-06-02T13:32:11.690,2025-06-02T14:32:11.690,2025-06-02T13:37:12.236,600.0,600.0,ZWO ASI6200MM Pro,ZWO ASI6200MM Pro,0,10,0.779999971389771,1,1,-10.0,-9.8,3.76,3.76,40,66.2,52.2483888888889,-0.12325,NP101is,540.0,5.4,,,,,,,,,,,,,,,,,,,,,Starlight Xpress Filter Wheels,Ha,,,,,,,2000.0,N.I.N.A. 3.1.2.9001 (x64),_Date_2025-06-02_Time_14-32-11_Type_DARK_Filter_Ha_Exposure_600.00s_HFR_px_FWHM_0.00_Frame_0205.xisf,1,,
DARK,2025-06-02T13:22:10.547,2025-06-02T14:22:10.547,2025-06-02T13:27:11.093,600.0,600.0,ZWO ASI6200MM Pro,ZWO ASI6200MM Pro,0,10,0.779999971389771,1,1,-10.0,-9.9,3.76,3.76,40,66.2,52.2483888888889,-0.12325,NP101is,540.0,5.4,,,,,,,,,,,,,,,,,,,,,Starlight Xpress Filter Wheels,Ha,,,,,,,2000.0,N.I.N.A. 3.1.2.9001 (x64),_Date_2025-06-02_Time_14-22-10_Type_DARK_Filter_Ha_Exposure_600.00s_HFR_px_FWHM_0.00_Frame_0204.xisf,1,,
DARK,2025-06-02T13:12:09.318,2025-06-02T14:12:09.318,2025-06-02T13:17:09.862,600.0,600.0,ZWO ASI6200MM Pro,ZWO ASI6200MM Pro,0,10,0.779999971389771,1,1,-10.0,-9.9,3.76,3.76,40,66.2,52.2483888888889,-0.12325,NP101is,540.0,5.4,,,,,,,,,,,,,,,,,,,,,Starlight Xpress Filter Wheels,Ha,,,,,,,2000.0,N.I.N.A. 3.1.2.9001 (x64),_Date_2025-06-02_Time_14-12-09_Type_DARK_Filter_Ha_Exposure_600.00s_HFR_px_FWHM_0.00_Frame_0203.xisf,1,,
DARK,2025-06-02T14:22:17.781,2025-06-02T15:22:17.781,2025-06-02T14:27:18.318,600.0,600.0,ZWO ASI6200MM Pro,ZWO ASI6200MM Pro,0,10,0.779999971389771,1,1,-10.0,-9.1,3.76,3.76,40,66.2,52.2483888888889,-0.12325,NP101is,540.0,5.4,,,,,,,,,,,,,,,,,,,,,Starlight Xpress Filter Wheels,Ha,,,,,,,2000.0,N.I.N.A. 3.1.2.9001 (x64),_Date_2025-06-02_Time_15-22-17_Type_DARK_Filter_Ha_Exposure_600.00s_HFR_px_FWHM_0.00_Frame_0210.xisf,1,,
DARK,2025-06-02T13:52:14.076,2025-06-02T14:52:14.076,2025-06-02T13:57:14.624,600.0,600.0,ZWO ASI6200MM Pro,ZWO ASI6200MM Pro,0,10,0.779999971389771,1,1,-10.0,-9.5,3.76,3.76,40,66.2,52.2483888888889,-0.12325,NP101is,540.0,5.4,,,,,,,,,,,,,,,,,,,,,Starlight Xpress Filter Wheels,Ha,,,,,,,2000.0,N.I.N.A. 3.1.2.9001 (x64),_Date_2025-06-02_Time_14-52-14_Type_DARK_Filter_Ha_Exposure_600.00s_HFR_px_FWHM_0.00_Frame_0207.xisf,1,,
DARK,2025-06-02T13:42:12.845,2025-06-02T14:42:12.845,2025-06-02T13:47:13.394,600.0,600.0,ZWO ASI6200MM Pro,ZWO ASI6200MM Pro,0,10,0.779999971389771,1,1,-10.0,-9.6,3.76,3.76,40,66.2,52.2483888888889,-0.12325,NP101is,540.0,5.4,,,,,,,,,,,,,,,,,,,,,Starlight Xpress Filter Wheels,Ha,,,,,,,2000.0,N.I.N.A. 3.1.2.9001 (x64),_Date_2025-06-02_Time_14-42-12_Type_DARK_Filter_Ha_Exposure_600.00s_HFR_px_FWHM_0.00_Frame_0206.xisf,1,,
DARK,2025-06-02T14:12:16.504,2025-06-02T15:12:16.504,2025-06-02T14:17:17.077,600.0,600.0,ZWO ASI6200MM Pro,ZWO ASI6200MM Pro,0,10,0.779999971389771,1,1,-10.0,-9.3,3.76,3.76,40,66.2,52.2483888888889,-0.12325,NP101is,540.0,5.4,,,,,,,,,,,,,,,,,,,,,Starlight Xpress Filter Wheels,Ha,,,,,,,2000.0,N.I.N.A. 3.1.2.9001 (x64),_Date_2025-06-02_Time_15-12-16_Type_DARK_Filter_Ha_Exposure_600.00s_HFR_px_FWHM_0.00_Frame_0209.xisf,1,,
BIAS,2025-06-02T14:32:18.908,2025-06-02T15:32:18.908,2025-06-02T14:32:19.638,0.000032,0.000032,ZWO ASI6200MM Pro,ZWO ASI6200MM Pro,0,10,0.779999971389771,1,1,-10.0,-9.1,3.76,3.76,40,66.2,52.2483888888889,-0.12325,NP101is,540.0,5.4,,,,,,,,,,,,,,,,,,,,,Starlight Xpress Filter Wheels,Ha,,,,,,,2000.0,N.I.N.A. 3.1.2.9001 (x64),_Date_2025-06-02_Time_15-32-18_Type_BIAS_Filter_Ha_Exposure_0.00s_HFR_px_FWHM_0.00_Frame_0000.xisf,1,,
BIAS,2025-06-02T14:32:20.455,2025-06-02T15:32:20.455,2025-06-02T14:32:21.142,0.000032,0.000032,ZWO ASI6200MM Pro,ZWO ASI6200MM Pro,0,10,0.779999971389771,1,1,-10.0,-9.1,3.76,3.76,40,66.2,52.2483888888889,-0.12325,NP101is,540.0,5.4,,,,,,,,,,,,,,,,,,,,,Starlight Xpress Filter Wheels,Ha,,,,,,,2000.0,N.I.N.A. 3.1.2.9001 (x64),_Date_2025-06-02_Time_15-32-20_Type_BIAS_Filter_Ha_Exposure_0.00s_HFR_px_FWHM_0.00_Frame_0001.xisf,1,,
BIAS,2025-06-02T14:32:23.464,2025-06-02T15:32:23.464,2025-06-02T14:32:24.179,0.000032,0.000032,ZWO ASI6200MM Pro,ZWO ASI6200MM Pro,0,10,0.779999971389771,1,1,-10.0,-9.0,3.76,3.76,40,66.2,52.2483888888889,-0.12325,NP101is,540.0,5.4,,,,,,,,,,,,,,,,,,,,,Starlight Xpress Filter Wheels,Ha,,,,,,,2000.0,N.I.N.A. 3.1.2.9001 (x64),_Date_2025-06-02_Time_15-32-23_Type_BIAS_Filter_Ha_Exposure_0.00s_HFR_px_FWHM_0.00_Frame_0003.xisf,1,,
BIAS,2025-06-02T14:32:24.977,2025-06-02T15:32:24.977,2025-06-02T14:32:25.697,0.000032,0.000032,ZWO ASI6200MM Pro,ZWO ASI6200MM Pro,0,10,0.779999971389771,1,1,-10.0,-8.8,3.76,3.76,40,66.2,52.2483888888889,-0.12325,NP101is,540.0,5.4,,,,,,,,,,,,,,,,,,,,,Starlight Xpress Filter Wheels,Ha,,,,,,,2000.0,N.I.N.A. 3.1.2.9001 (x64),_Date_2025-06-02_Time_15-32-24_Type_BIAS_Filter_Ha_Exposure_0.00s_HFR_px_FWHM_0.00_Frame_0004.xisf,1,,
BIAS,2025-06-02T14:32:26.499,2025-06-02T15:32:26.499,2025-06-02T14:32:27.214,0.000032,0.000032,ZWO ASI6200MM Pro,ZWO ASI6200MM Pro,0,10,0.779999971389771,1,1,-10.0,-8.7,3.76,3.76,40,66.2,52.2483888888889,-0.12325,NP101is,540.0,5.4,,,,,,,,,,,,,,,,,,,,,Starlight Xpress Filter Wheels,Ha,,,,,,,2000.0,N.I.N.A. 3.1.2.9001 (x64),_Date_2025-06-02_Time_15-32-26_Type_BIAS_Filter_Ha_Exposure_0.00s_HFR_px_FWHM_0.00_Frame_0005.xisf,1,,
BIAS,2025-06-02T14:32:21.927,2025-06-02T15:32:21.927,2025-06-02T14:32:22.653,0.000032,0.000032,ZWO ASI6200MM Pro,ZWO ASI6200MM Pro,0,10,0.779999971389771,1,1,-10.0,-9.1,3.76,3.76,40,66.2,52.2483888888889,-0.12325,NP101is,540.0,5.4,,,,,,,,,,,,,,,,,,,,,Starlight Xpress Filter Wheels,Ha,,,,,,,2000.0,N.I.N.A. 3.1.2.9001 (x64),_Date_2025-06-02_Time_15-32-21_Type_BIAS_Filter_Ha_Exposure_0.00s_HFR_px_FWHM_0.00_Frame_0002.xisf,1,,
BIAS,2025-06-02T14:32:27.988,2025-06-02T15:32:27.988,2025-06-02T14:32:28.684,0.000032,0.000032,ZWO ASI6200MM Pro,ZWO ASI6200MM Pro,0,10,0.779999971389771,1,1,-10.0,-8.7,3.76,3.76,40,66.2,52.2483888888889,-0.12325,NP101is,540.0,5.4,,,,,,,,,,,,,,,,,,,,,Starlight Xpress Filter Wheels,Ha,,,,,,,2000.0,N.I.N.A. 3.1.2.9001 (x64),_Date_2025-06-02_Time_15-32-27_Type_BIAS_Filter_Ha_Exposure_0.00s_HFR_px_FWHM_0.00_Frame_0006.xisf,1,,
BIAS,2025-06-02T14:32:29.476,2025-06-02T15:32:29.476,2025-06-02T14:32:30.183,0.000032,0.000032,ZWO ASI6200MM Pro,ZWO ASI6200MM Pro,0,10,0.779999971389771,1,1,-10.0,-8.6,3.76,3.76,40,66.2,52.2483888888889,-0.12325,NP101is,540.0,5.4,,,,,,,,,,,,,,,,,,,,,Starlight Xpress Filter Wheels,Ha,,,,,,,2000.0,N.I.N.A. 3.1.2.9001 (x64),_Date_2025-06-02_Time_15-32-29_Type_BIAS_Filter_Ha_Exposure_0.00s_HFR_px_FWHM_0.00_Frame_0007.xisf,1,,
BIAS,2025-06-02T14:32:30.946,2025-06-02T15:32:30.946,2025-06-02T14:32:31.649,0.000032,0.000032,ZWO ASI6200MM Pro,ZWO ASI6200MM Pro,0,10,0.779999971389771,1,1,-10.0,-8.5,3.76,3.76,40,66.2,52.2483888888889,-0.12325,NP101is,540.0,5.4,,,,,,,,,,,,,,,,,,,,,Starlight Xpress Filter Wheels,Ha,,,,,,,2000.0,N.I.N.A. 3.1.2.9001 (x64),_Date_2025-06-02_Time_15-32-30_Type_BIAS_Filter_Ha_Exposure_0.00s_HFR_px_FWHM_0.00_Frame_0008.xisf,1,,
BIAS,2025-06-02T14:32:33.909,2025-06-02T15:32:33.909,2025-06-02T14:32:34.621,0.000032,0.000032,ZWO ASI6200MM Pro,ZWO ASI6200MM Pro,0,10,0.779999971389771,1,1,-10.0,-8.4,3.76,3.76,40,66.2,52.2483888888889,-0.12325,NP101is,540.0,5.4,,,,,,,,,,,,,,,,,,,,,Starlight Xpress Filter Wheels,Ha,,,,,,,2000.0,N.I.N.A. 3.1.2.9001 (x64),_Date_2025-06-02_Time_15-32-33_Type_BIAS_Filter_Ha_Exposure_0.00s_HFR_px_FWHM_0.00_Frame_0010.xisf,1,,
BIAS,2025-06-02T14:32:32.439,2025-06-02T15:32:32.439,2025-06-02T14:32:33.143,0.000032,0.000032,ZWO ASI6200MM Pro,ZWO ASI6200MM Pro,0,10,0.779999971389771,1,1,-10.0,-8.4,3.76,3.76,40,66.2,52.2483888888889,-0.12325,NP101is,540.0,5.4,,,,,,,,,,,,,,,,,,,,,Starlight Xpress Filter Wheels,Ha,,,,,,,2000.0,N.I.N.A. 3.1.2.9001 (x64),_Date_2025-06-02_Time_15-32-32_Type_BIAS_Filter_Ha_Exposure_0.00s_HFR_px_FWHM_0.00_Frame_0009.xisf,1,,
BIAS,2025-06-02T14:32:42.946,2025-06-02T15:32:42.946,2025-06-02T14:32:43.647,0.000032,0.000032,ZWO ASI6200MM Pro,ZWO ASI6200MM Pro,0,10,0.779999971389771,1,1,-10.0,-7.9,3.76,3.76,40,66.2,52.2483888888889,-0.12325,NP101is,540.0,5.4,,,,,,,,,,,,,,,,,,,,,Starlight Xpress Filter Wheels,Ha,,,,,,,2000.0,N.I.N.A. 3.1.2.9001 (x64),_Date_2025-06-02_Time_15-32-42_Type_BIAS_Filter_Ha_Exposure_0.00s_HFR_px_FWHM_0.00_Frame_0016.xisf,1,,
BIAS,2025-06-02T14:32:39.932,2025-06-02T15:32:39.932,2025-06-02T14:32:40.668,0.000032,0.000032,ZWO ASI6200MM Pro,ZWO ASI6200MM Pro,0,10,0.779999971389771,1,1,-10.0,-8.1,3.76,3.76,40,66.2,52.2483888888889,-0.12325,NP101is,540.0,5.4,,,,,,,,,,,,,,,,,,,,,Starlight Xpress Filter Wheels,Ha,,,,,,,2000.0,N.I.N.A. 3.1.2.9001 (x64),_Date_2025-06-02_Time_15-32-39_Type_BIAS_Filter_Ha_Exposure_0.00s_HFR_px_FWHM_0.00_Frame_0014.xisf,1,,
BIAS,2025-06-02T14:32:35.428,2025-06-02T15:32:35.428,2025-06-02T14:32:36.132,0.000032,0.000032,ZWO ASI6200MM Pro,ZWO ASI6200MM Pro,0,10,0.779999971389771,1,1,-10.0,-8.3,3.76,3.76,40,66.2,52.2483888888889,-0.12325,NP101is,540.0,5.4,,,,,,,,,,,,,,,,,,,,,Starlight Xpress Filter Wheels,Ha,,,,,,,2000.0,N.I.N.A. 3.1.2.9001 (x64),_Date_2025-06-02_Time_15-32-35_Type_BIAS_Filter_Ha_Exposure_0.00s_HFR_px_FWHM_0.00_Frame_0011.xisf,1,,
BIAS,2025-06-02T14:32:36.894,2025-06-02T15:32:36.894,2025-06-02T14:32:37.608,0.000032,0.000032,ZWO ASI6200MM Pro,ZWO ASI6200MM Pro,0,10,0.779999971389771,1,1,-10.0,-8.2,3.76,3.76,40,66.2,52.2483888888889,-0.12325,NP101is,540.0,5.4,,,,,,,,,,,,,,,,,,,,,Starlight Xpress Filter Wheels,Ha,,,,,,,2000.0,N.I.N.A. 3.1.2.9001 (x64),_Date_2025-06-02_Time_15-32-36_Type_BIAS_Filter_Ha_Exposure_0.00s_HFR_px_FWHM_0.00_Frame_0012.xisf,1,,
BIAS,2025-06-02T14:32:38.408,2025-06-02T15:32:38.408,2025-06-02T14:32:39.129,0.000032,0.000032,ZWO ASI6200MM Pro,ZWO ASI6200MM Pro,0,10,0.779999971389771,1,1,-10.0,-8.1,3.76,3.76,40,66.2,52.2483888888889,-0.12325,NP101is,540.0,5.4,,,,,,,,,,,,,,,,,,,,,Starlight Xpress Filter Wheels,Ha,,,,,,,2000.0,N.I.N.A. 3.1.2.9001 (x64),_Date_2025-06-02_Time_15-32-38_Type_BIAS_Filter_Ha_Exposure_0.00s_HFR_px_FWHM_0.00_Frame_0013.xisf,1,,
BIAS,2025-06-02T14:32:45.942,2025-06-02T15:32:45.942,2025-06-02T14:32:46.659,0.000032,0.000032,ZWO ASI6200MM Pro,ZWO ASI6200MM Pro,0,10,0.779999971389771,1,1,-10.0,-7.8,3.76,3.76,40,66.2,52.2483888888889,-0.12325,NP101is,540.0,5.4,,,,,,,,,,,,,,,,,,,,,Starlight Xpress Filter Wheels,Ha,,,,,,,2000.0,N.I.N.A. 3.1.2.9001 (x64),_Date_2025-06-02_Time_15-32-45_Type_BIAS_Filter_Ha_Exposure_0.00s_HFR_px_FWHM_0.00_Frame_0018.xisf,1,,
BIAS,2025-06-02T14:32:41.486,2025-06-02T15:32:41.486,2025-06-02T14:32:42.187,0.000032,0.000032,ZWO ASI6200MM Pro,ZWO ASI6200MM Pro,0,10,0.779999971389771,1,1,-10.0,-8.0,3.76,3.76,40,66.2,52.2483888888889,-0.12325,NP101is,540.0,5.4,,,,,,,,,,,,,,,,,,,,,Starlight Xpress Filter Wheels,Ha,,,,,,,2000.0,N.I.N.A. 3.1.2.9001 (x64),_Date_2025-06-02_Time_15-32-41_Type_BIAS_Filter_Ha_Exposure_0.00s_HFR_px_FWHM_0.00_Frame_0015.xisf,1,,
BIAS,2025-06-02T14:32:50.456,2025-06-02T15:32:50.456,2025-06-02T14:32:51.151,0.000032,0.000032,ZWO ASI6200MM Pro,ZWO ASI6200MM Pro,0,10,0.779999971389771,1,1,-10.0,-7.6,3.76,3.76,40,66.2,52.2483888888889,-0.12325,NP101is,540.0,5.4,,,,,,,,,,,,,,,,,,,,,Starlight Xpress Filter Wheels,Ha,,,,,,,2000.0,N.I.N.A. 3.1.2.9001 (x64),_Date_2025-06-02_Time_15-32-50_Type_BIAS_Filter_Ha_Exposure_0.00s_HFR_px_FWHM_0.00_Frame_0021.xisf,1,,
BIAS,2025-06-02T14:32:44.431,2025-06-02T15:32:44.431,2025-06-02T14:32:45.143,0.000032,0.000032,ZWO ASI6200MM Pro,ZWO ASI6200MM Pro,0,10,0.779999971389771,1,1,-10.0,-7.8,3.76,3.76,40,66.2,52.2483888888889,-0.12325,NP101is,540.0,5.4,,,,,,,,,,,,,,,,,,,,,Starlight Xpress Filter Wheels,Ha,,,,,,,2000.0,N.I.N.A. 3.1.2.9001 (x64),_Date_2025-06-02_Time_15-32-44_Type_BIAS_Filter_Ha_Exposure_0.00s_HFR_px_FWHM_0.00_Frame_0017.xisf,1,,
BIAS,2025-06-02T14:32:53.405,2025-06-02T15:32:53.405,2025-06-02T14:32:54.115,0.000032,0.000032,ZWO ASI6200MM Pro,ZWO ASI6200MM Pro,0,10,0.779999971389771,1,1,-10.0,-7.5,3.76,3.76,40,66.2,52.2483888888889,-0.12325,NP101is,540.0,5.4,,,,,,,,,,,,,,,,,,,,,Starlight Xpress Filter Wheels,Ha,,,,,,,2000.0,N.I.N.A. 3.1.2.9001 (x64),_Date_2025-06-02_Time_15-32-53_Type_BIAS_Filter_Ha_Exposure_0.00s_HFR_px_FWHM_0.00_Frame_0023.xisf,1,,
BIAS,2025-06-02T14:32:47.462,2025-06-02T15:32:47.462,2025-06-02T14:32:48.163,0.000032,0.000032,ZWO ASI6200MM Pro,ZWO ASI6200MM Pro,0,10,0.779999971389771,1,1,-10.0,-7.7,3.76,3.76,40,66.2,52.2483888888889,-0.12325,NP101is,540.0,5.4,,,,,,,,,,,,,,,,,,,,,Starlight Xpress Filter Wheels,Ha,,,,,,,2000.0,N.I.N.A. 3.1.2.9001 (x64),_Date_2025-06-02_Time_15-32-47_Type_BIAS_Filter_Ha_Exposure_0.00s_HFR_px_FWHM_0.00_Frame_0019.xisf,1,,
BIAS,2025-06-02T14:32:51.929,2025-06-02T15:32:51.929,2025-06-02T14:32:52.620,0.000032,0.000032,ZWO ASI6200MM Pro,ZWO ASI6200MM Pro,0,10,0.779999971389771,1,1,-10.0,-7.5,3.76,3.76,40,66.2,52.2483888888889,-0.12325,NP101is,540.0,5.4,,,,,,,,,,,,,,,,,,,,,Starlight Xpress Filter Wheels,Ha,,,,,,,2000.0,N.I.N.A. 3.1.2.9001 (x64),_Date_2025-06-02_Time_15-32-51_Type_BIAS_Filter_Ha_Exposure_0.00s_HFR_px_FWHM_0.00_Frame_0022.xisf,1,,
BIAS,2025-06-02T14:32:56.429,2025-06-02T15:32:56.429,2025-06-02T14:32:57.136,0.000032,0.000032,ZWO ASI6200MM Pro,ZWO ASI6200MM Pro,0,10,0.779999971389771,1,1,-10.0,-7.3,3.76,3.76,40,66.2,52.2483888888889,-0.12325,NP101is,540.0,5.4,,,,,,,,,,,,,,,,,,,,,Starlight Xpress Filter Wheels,Ha,,,,,,,2000.0,N.I.N.A. 3.1.2.9001 (x64),_Date_2025-06-02_Time_15-32-56_Type_BIAS_Filter_Ha_Exposure_0.00s_HFR_px_FWHM_0.00_Frame_0025.xisf,1,,
BIAS,2025-06-02T14:32:54.909,2025-06-02T15:32:54.909,2025-06-02T14:32:55.628,0.000032,0.000032,ZWO ASI6200MM Pro,ZWO ASI6200MM Pro,0,10,0.779999971389771,1,1,-10.0,-7.4,3.76,3.76,40,66.2,52.2483888888889,-0.12325,NP101is,540.0,5.4,,,,,,,,,,,,,,,,,,,,,Starlight Xpress Filter Wheels,Ha,,,,,,,2000.0,N.I.N.A. 3.1.2.9001 (x64),_Date_2025-06-02_Time_15-32-54_Type_BIAS_Filter_Ha_Exposure_0.00s_HFR_px_FWHM_0.00_Frame_0024.xisf,1,,
BIAS,2025-06-02T14:32:48.922,2025-06-02T15:32:48.922,2025-06-02T14:32:49.647,0.000032,0.000032,ZWO ASI6200MM Pro,ZWO ASI6200MM Pro,0,10,0.779999971389771,1,1,-10.0,-7.6,3.76,3.76,40,66.2,52.2483888888889,-0.12325,NP101is,540.0,5.4,,,,,,,,,,,,,,,,,,,,,Starlight Xpress Filter Wheels,Ha,,,,,,,2000.0,N.I.N.A. 3.1.2.9001 (x64),_Date_2025-06-02_Time_15-32-48_Type_BIAS_Filter_Ha_Exposure_0.00s_HFR_px_FWHM_0.00_Frame_0020.xisf,1,,
BIAS,2025-06-02T14:33:02.332,2025-06-02T15:33:02.332,2025-06-02T14:33:03.046,0.000032,0.000032,ZWO ASI6200MM Pro,ZWO ASI6200MM Pro,0,10,0.779999971389771,1,1,-10.0,-7.1,3.76,3.76,40,66.2,52.2483888888889,-0.12325,NP101is,540.0,5.4,,,,,,,,,,,,,,,,,,,,,Starlight Xpress Filter Wheels,Ha,,,,,,,2000.0,N.I.N.A. 3.1.2.9001 (x64),_Date_2025-06-02_Time_15-33-02_Type_BIAS_Filter_Ha_Exposure_0.00s_HFR_px_FWHM_0.00_Frame_0029.xisf,1,,
BIAS,2025-06-02T14:32:57.901,2025-06-02T15:32:57.901,2025-06-02T14:32:58.595,0.000032,0.000032,ZWO ASI6200MM Pro,ZWO ASI6200MM Pro,0,10,0.779999971389771,1,1,-10.0,-7.3,3.76,3.76,40,66.2,52.2483888888889,-0.12325,NP101is,540.0,5.4,,,,,,,,,,,,,,,,,,,,,Starlight Xpress Filter Wheels,Ha,,,,,,,2000.0,N.I.N.A. 3.1.2.9001 (x64),_Date_2025-06-02_Time_15-32-57_Type_BIAS_Filter_Ha_Exposure_0.00s_HFR_px_FWHM_0.00_Frame_0026.xisf,1,,
BIAS,2025-06-02T14:33:00.888,2025-06-02T15:33:00.888,2025-06-02T14:33:01.573,0.000032,0.000032,ZWO ASI6200MM Pro,ZWO ASI6200MM Pro,0,10,0.779999971389771,1,1,-10.0,-7.1,3.76,3.76,40,66.2,52.2483888888889,-0.12325,NP101is,540.0,5.4,,,,,,,,,,,,,,,,,,,,,Starlight Xpress Filter Wheels,Ha,,,,,,,2000.0,N.I.N.A. 3.1.2.9001 (x64),_Date_2025-06-02_Time_15-33-00_Type_BIAS_Filter_Ha_Exposure_0.00s_HFR_px_FWHM_0.00_Frame_0028.xisf,1,,
BIAS,2025-06-02T14:33:05.265,2025-06-02T15:33:05.265,2025-06-02T14:33:05.987,0.000032,0.000032,ZWO ASI6200MM Pro,ZWO ASI6200MM Pro,0,10,0.779999971389771,1,1,-10.0,-7.0,3.76,3.76,40,66.2,52.2483888888889,-0.12325,NP101is,540.0,5.4,,,,,,,,,,,,,,,,,,,,,Starlight Xpress Filter Wheels,Ha,,,,,,,2000.0,N.I.N.A. 3.1.2.9001 (x64),_Date_2025-06-02_Time_15-33-05_Type_BIAS_Filter_Ha_Exposure_0.00s_HFR_px_FWHM_0.00_Frame_0031.xisf,1,,
BIAS,2025-06-02T14:32:59.380,2025-06-02T15:32:59.380,2025-06-02T14:33:00.103,0.000032,0.000032,ZWO ASI6200MM Pro,ZWO ASI6200MM Pro,0,10,0.779999971389771,1,1,-10.0,-7.3,3.76,3.76,40,66.2,52.2483888888889,-0.12325,NP101is,540.0,5.4,,,,,,,,,,,,,,,,,,,,,Starlight Xpress Filter Wheels,Ha,,,,,,,2000.0,N.I.N.A. 3.1.2.9001 (x64),_Date_2025-06-02_Time_15-32-59_Type_BIAS_Filter_Ha_Exposure_0.00s_HFR_px_FWHM_0.00_Frame_0027.xisf,1,,
BIAS,2025-06-02T14:33:06.792,2025-06-02T15:33:06.792,2025-06-02T14:33:07.522,0.000032,0.000032,ZWO ASI6200MM Pro,ZWO ASI6200MM Pro,0,10,0.779999971389771,1,1,-10.0,-6.9,3.76,3.76,40,66.2,52.2483888888889,-0.12325,NP101is,540.0,5.4,,,,,,,,,,,,,,,,,,,,,Starlight Xpress Filter Wheels,Ha,,,,,,,2000.0,N.I.N.A. 3.1.2.9001 (x64),_Date_2025-06-02_Time_15-33-06_Type_BIAS_Filter_Ha_Exposure_0.00s_HFR_px_FWHM_0.00_Frame_0032.xisf,1,,
BIAS,2025-06-02T14:33:11.272,2025-06-02T15:33:11.272,2025-06-02T14:33:11.978,0.000032,0.000032,ZWO ASI6200MM Pro,ZWO ASI6200MM Pro,0,10,0.779999971389771,1,1,-10.0,-6.8,3.76,3.76,40,66.2,52.2483888888889,-0.12325,NP101is,540.0,5.4,,,,,,,,,,,,,,,,,,,,,Starlight Xpress Filter Wheels,Ha,,,,,,,2000.0,N.I.N.A. 3.1.2.9001 (x64),_Date_2025-06-02_Time_15-33-11_Type_BIAS_Filter_Ha_Exposure_0.00s_HFR_px_FWHM_0.00_Frame_0035.xisf,1,,
BIAS,2025-06-02T14:33:03.817,2025-06-02T15:33:03.817,2025-06-02T14:33:04.508,0.000032,0.000032,ZWO ASI6200MM Pro,ZWO ASI6200MM Pro,0,10,0.779999971389771,1,1,-10.0,-7.0,3.76,3.76,40,66.2,52.2483888888889,-0.12325,NP101is,540.0,5.4,,,,,,,,,,,,,,,,,,,,,Starlight Xpress Filter Wheels,Ha,,,,,,,2000.0,N.I.N.A. 3.1.2.9001 (x64),_Date_2025-06-02_Time_15-33-03_Type_BIAS_Filter_Ha_Exposure_0.00s_HFR_px_FWHM_0.00_Frame_0030.xisf,1,,
BIAS,2025-06-02T14:33:14.237,2025-06-02T15:33:14.237,2025-06-02T14:33:14.933,0.000032,0.000032,ZWO ASI6200MM Pro,ZWO ASI6200MM Pro,0,10,0.779999971389771,1,1,-10.0,-6.6,3.76,3.76,40,66.2,52.2483888888889,-0.12325,NP101is,540.0,5.4,,,,,,,,,,,,,,,,,,,,,Starlight Xpress Filter Wheels,Ha,,,,,,,2000.0,N.I.N.A. 3.1.2.9001 (x64),_Date_2025-06-02_Time_15-33-14_Type_BIAS_Filter_Ha_Exposure_0.00s_HFR_px_FWHM_0.00_Frame_0037.xisf,1,,
BIAS,2025-06-02T14:33:09.792,2025-06-02T15:33:09.792,2025-06-02T14:33:10.489,0.000032,0.000032,ZWO ASI6200MM Pro,ZWO ASI6200MM Pro,0,10,0.779999971389771,1,1,-10.0,-6.8,3.76,3.76,40,66.2,52.2483888888889,-0.12325,NP101is,540.0,5.4,,,,,,,,,,,,,,,,,,,,,Starlight Xpress Filter Wheels,Ha,,,,,,,2000.0,N.I.N.A. 3.1.2.9001 (x64),_Date_2025-06-02_Time_15-33-09_Type_BIAS_Filter_Ha_Exposure_0.00s_HFR_px_FWHM_0.00_Frame_0034.xisf,1,,
BIAS,2025-06-02T14:33:08.338,2025-06-02T15:33:08.338,2025-06-02T14:33:09.037,0.000032,0.000032,ZWO ASI6200MM Pro,ZWO ASI6200MM Pro,0,10,0.779999971389771,1,1,-10.0,-6.8,3.76,3.76,40,66.2,52.2483888888889,-0.12325,NP101is,540.0,5.4,,,,,,,,,,,,,,,,,,,,,Starlight Xpress Filter Wheels,Ha,,,,,,,2000.0,N.I.N.A. 3.1.2.9001 (x64),_Date_2025-06-02_Time_15-33-08_Type_BIAS_Filter_Ha_Exposure_0.00s_HFR_px_FWHM_0.00_Frame_0033.xisf,1,,
BIAS,2025-06-02T14:33:15.722,2025-06-02T15:33:15.722,2025-06-02T14:33:16.445,0.000032,0.000032,ZWO ASI6200MM Pro,ZWO ASI6200MM Pro,0,10,0.779999971389771,1,1,-10.0,-6.5,3.76,3.76,40,66.2,52.2483888888889,-0.12325,NP101is,540.0,5.4,,,,,,,,,,,,,,,,,,,,,Starlight Xpress Filter Wheels,Ha,,,,,,,2000.0,N.I.N.A. 3.1.2.9001 (x64),_Date_2025-06-02_Time_15-33-15_Type_BIAS_Filter_Ha_Exposure_0.00s_HFR_px_FWHM_0.00_Frame_0038.xisf,1,,
BIAS,2025-06-02T14:33:12.764,2025-06-02T15:33:12.764,2025-06-02T14:33:13.450,0.000032,0.000032,ZWO ASI6200MM Pro,ZWO ASI6200MM Pro,0,10,0.779999971389771,1,1,-10.0,-6.7,3.76,3.76,40,66.2,52.2483888888889,-0.12325,NP101is,540.0,5.4,,,,,,,,,,,,,,,,,,,,,Starlight Xpress Filter Wheels,Ha,,,,,,,2000.0,N.I.N.A. 3.1.2.9001 (x64),_Date_2025-06-02_Time_15-33-12_Type_BIAS_Filter_Ha_Exposure_0.00s_HFR_px_FWHM_0.00_Frame_0036.xisf,1,,
BIAS,2025-06-02T14:33:17.249,2025-06-02T15:33:17.249,2025-06-02T14:33:17.975,0.000032,0.000032,ZWO ASI6200MM Pro,ZWO ASI6200MM Pro,0,10,0.779999971389771,1,1,-10.0,-6.5,3.76,3.76,40,66.2,52.2483888888889,-0.12325,NP101is,540.0,5.4,,,,,,,,,,,,,,,,,,,,,Starlight Xpress Filter Wheels,Ha,,,,,,,2000.0,N.I.N.A. 3.1.2.9001 (x64),_Date_2025-06-02_Time_15-33-17_Type_BIAS_Filter_Ha_Exposure_0.00s_HFR_px_FWHM_0.00_Frame_0039.xisf,1,,
BIAS,2025-06-02T14:33:18.786,2025-06-02T15:33:18.786,2025-06-02T14:33:19.473,0.000032,0.000032,ZWO ASI6200MM Pro,ZWO ASI6200MM Pro,0,10,0.779999971389771,1,1,-10.0,-6.5,3.76,3.76,40,66.2,52.2483888888889,-0.12325,NP101is,540.0,5.4,,,,,,,,,,,,,,,,,,,,,Starlight Xpress Filter Wheels,Ha,,,,,,,2000.0,N.I.N.A. 3.1.2.9001 (x64),_Date_2025-06-02_Time_15-33-18_Type_BIAS_Filter_Ha_Exposure_0.00s_HFR_px_FWHM_0.00_Frame_0040.xisf,1,,
BIAS,2025-06-02T14:33:30.837,2025-06-02T15:33:30.837,2025-06-02T14:33:31.541,0.000032,0.000032,ZWO ASI6200MM Pro,ZWO ASI6200MM Pro,0,10,0.779999971389771,1,1,-10.0,-6.1,3.76,3.76,40,66.2,52.2483888888889,-0.12325,NP101is,540.0,5.4,,,,,,,,,,,,,,,,,,,,,Starlight Xpress Filter Wheels,Ha,,,,,,,2000.0,N.I.N.A. 3.1.2.9001 (x64),_Date_2025-06-02_Time_15-33-30_Type_BIAS_Filter_Ha_Exposure_0.00s_HFR_px_FWHM_0.00_Frame_0048.xisf,1,,
BIAS,2025-06-02T14:33:29.387,2025-06-02T15:33:29.387,2025-06-02T14:33:30.084,0.000032,0.000032,ZWO ASI6200MM Pro,ZWO ASI6200MM Pro,0,10,0.779999971389771,1,1,-10.0,-6.1,3.76,3.76,40,66.2,52.2483888888889,-0.12325,NP101is,540.0,5.4,,,,,,,,,,,,,,,,,,,,,Starlight Xpress Filter Wheels,Ha,,,,,,,2000.0,N.I.N.A. 3.1.2.9001 (x64),_Date_2025-06-02_Time_15-33-29_Type_BIAS_Filter_Ha_Exposure_0.00s_HFR_px_FWHM_0.00_Frame_0047.xisf,1,,
BIAS,2025-06-02T14:33:24.763,2025-06-02T15:33:24.763,2025-06-02T14:33:25.481,0.000032,0.000032,ZWO ASI6200MM Pro,ZWO ASI6200MM Pro,0,10,0.779999971389771,1,1,-10.0,-6.3,3.76,3.76,40,66.2,52.2483888888889,-0.12325,NP101is,540.0,5.4,,,,,,,,,,,,,,,,,,,,,Starlight Xpress Filter Wheels,Ha,,,,,,,2000.0,N.I.N.A. 3.1.2.9001 (x64),_Date_2025-06-02_Time_15-33-24_Type_BIAS_Filter_Ha_Exposure_0.00s_HFR_px_FWHM_0.00_Frame_0044.xisf,1,,
BIAS,2025-06-02T14:33:21.745,2025-06-02T15:33:21.745,2025-06-02T14:33:22.465,0.000032,0.000032,ZWO ASI6200MM Pro,ZWO ASI6200MM Pro,0,10,0.779999971389771,1,1,-10.0,-6.3,3.76,3.76,40,66.2,52.2483888888889,-0.12325,NP101is,540.0,5.4,,,,,,,,,,,,,,,,,,,,,Starlight Xpress Filter Wheels,Ha,,,,,,,2000.0,N.I.N.A. 3.1.2.9001 (x64),_Date_2025-06-02_Time_15-33-21_Type_BIAS_Filter_Ha_Exposure_0.00s_HFR_px_FWHM_0.00_Frame_0042.xisf,1,,
BIAS,2025-06-02T14:33:35.274,2025-06-02T15:33:35.274,2025-06-02T14:33:36.006,0.000032,0.000032,ZWO ASI6200MM Pro,ZWO ASI6200MM Pro,0,10,0.779999971389771,1,1,-10.0,-5.9,3.76,3.76,40,66.2,52.2483888888889,-0.12325,NP101is,540.0,5.4,,,,,,,,,,,,,,,,,,,,,Starlight Xpress Filter Wheels,Ha,,,,,,,2000.0,N.I.N.A. 3.1.2.9001 (x64),_Date_2025-06-02_Time_15-33-35_Type_BIAS_Filter_Ha_Exposure_0.00s_HFR_px_FWHM_0.00_Frame_0051.xisf,1,,
BIAS,2025-06-02T14:33:33.765,2025-06-02T15:33:33.765,2025-06-02T14:33:34.478,0.000032,0.000032,ZWO ASI6200MM Pro,ZWO ASI6200MM Pro,0,10,0.779999971389771,1,1,-10.0,-6.0,3.76,3.76,40,66.2,52.2483888888889,-0.12325,NP101is,540.0,5.4,,,,,,,,,,,,,,,,,,,,,Starlight Xpress Filter Wheels,Ha,,,,,,,2000.0,N.I.N.A. 3.1.2.9001 (x64),_Date_2025-06-02_Time_15-33-33_Type_BIAS_Filter_Ha_Exposure_0.00s_HFR_px_FWHM_0.00_Frame_0050.xisf,1,,
BIAS,2025-06-02T14:33:23.270,2025-06-02T15:33:23.270,2025-06-02T14:33:23.973,0.000032,0.000032,ZWO ASI6200MM Pro,ZWO ASI6200MM Pro,0,10,0.779999971389771,1,1,-10.0,-6.3,3.76,3.76,40,66.2,52.2483888888889,-0.12325,NP101is,540.0,5.4,,,,,,,,,,,,,,,,,,,,,Starlight Xpress Filter Wheels,Ha,,,,,,,2000.0,N.I.N.A. 3.1.2.9001 (x64),_Date_2025-06-02_Time_15-33-23_Type_BIAS_Filter_Ha_Exposure_0.00s_HFR_px_FWHM_0.00_Frame_0043.xisf,1,,
BIAS,2025-06-02T14:33:20.264,2025-06-02T15:33:20.264,2025-06-02T14:33:20.957,0.000032,0.000032,ZWO ASI6200MM Pro,ZWO ASI6200MM Pro,0,10,0.779999971389771,1,1,-10.0,-6.4,3.76,3.76,40,66.2,52.2483888888889,-0.12325,NP101is,540.0,5.4,,,,,,,,,,,,,,,,,,,,,Starlight Xpress Filter Wheels,Ha,,,,,,,2000.0,N.I.N.A. 3.1.2.9001 (x64),_Date_2025-06-02_Time_15-33-20_Type_BIAS_Filter_Ha_Exposure_0.00s_HFR_px_FWHM_0.00_Frame_0041.xisf,1,,
BIAS,2025-06-02T14:33:42.801,2025-06-02T15:33:42.801,2025-06-02T14:33:43.519,0.000032,0.000032,ZWO ASI6200MM Pro,ZWO ASI6200MM Pro,0,10,0.779999971389771,1,1,-10.0,-5.6,3.76,3.76,40,66.2,52.2483888888889,-0.12325,NP101is,540.0,5.4,,,,,,,,,,,,,,,,,,,,,Starlight Xpress Filter Wheels,Ha,,,,,,,2000.0,N.I.N.A. 3.1.2.9001 (x64),_Date_2025-06-02_Time_15-33-42_Type_BIAS_Filter_Ha_Exposure_0.00s_HFR_px_FWHM_0.00_Frame_0056.xisf,1,,
BIAS,2025-06-02T14:33:39.802,2025-06-02T15:33:39.802,2025-06-02T14:33:40.491,0.000032,0.000032,ZWO ASI6200MM Pro,ZWO ASI6200MM Pro,0,10,0.779999971389771,1,1,-10.0,-5.8,3.76,3.76,40,66.2,52.2483888888889,-0.12325,NP101is,540.0,5.4,,,,,,,,,,,,,,,,,,,,,Starlight Xpress Filter Wheels,Ha,,,,,,,2000.0,N.I.N.A. 3.1.2.9001 (x64),_Date_2025-06-02_Time_15-33-39_Type_BIAS_Filter_Ha_Exposure_0.00s_HFR_px_FWHM_0.00_Frame_0054.xisf,1,,
BIAS,2025-06-02T14:33:32.303,2025-06-02T15:33:32.303,2025-06-02T14:33:32.993,0.000032,0.000032,ZWO ASI6200MM Pro,ZWO ASI6200MM Pro,0,10,0.779999971389771,1,1,-10.0,-6.0,3.76,3.76,40,66.2,52.2483888888889,-0.12325,NP101is,540.0,5.4,,,,,,,,,,,,,,,,,,,,,Starlight Xpress Filter Wheels,Ha,,,,,,,2000.0,N.I.N.A. 3.1.2.9001 (x64),_Date_2025-06-02_Time_15-33-32_Type_BIAS_Filter_Ha_Exposure_0.00s_HFR_px_FWHM_0.00_Frame_0049.xisf,1,,
BIAS,2025-06-02T14:33:26.283,2025-06-02T15:33:26.283,2025-06-02T14:33:26.999,0.000032,0.000032,ZWO ASI6200MM Pro,ZWO ASI6200MM Pro,0,10,0.779999971389771,1,1,-10.0,-6.2,3.76,3.76,40,66.2,52.2483888888889,-0.12325,NP101is,540.0,5.4,,,,,,,,,,,,,,,,,,,,,Starlight Xpress Filter Wheels,Ha,,,,,,,2000.0,N.I.N.A. 3.1.2.9001 (x64),_Date_2025-06-02_Time_15-33-26_Type_BIAS_Filter_Ha_Exposure_0.00s_HFR_px_FWHM_0.00_Frame_0045.xisf,1,,
BIAS,2025-06-02T14:33:27.773,2025-06-02T15:33:27.773,2025-06-02T14:33:28.499,0.000032,0.000032,ZWO ASI6200MM Pro,ZWO ASI6200MM Pro,0,10,0.779999971389771,1,1,-10.0,-6.1,3.76,3.76,40,66.2,52.2483888888889,-0.12325,NP101is,540.0,5.4,,,,,,,,,,,,,,,,,,,,,Starlight Xpress Filter Wheels,Ha,,,,,,,2000.0,N.I.N.A. 3.1.2.9001 (x64),_Date_2025-06-02_Time_15-33-27_Type_BIAS_Filter_Ha_Exposure_0.00s_HFR_px_FWHM_0.00_Frame_0046.xisf,1,,
BIAS,2025-06-02T14:33:41.267,2025-06-02T15:33:41.267,2025-06-02T14:33:41.989,0.000032,0.000032,ZWO ASI6200MM Pro,ZWO ASI6200MM Pro,0,10,0.779999971389771,1,1,-10.0,-5.7,3.76,3.76,40,66.2,52.2483888888889,-0.12325,NP101is,540.0,5.4,,,,,,,,,,,,,,,,,,,,,Starlight Xpress Filter Wheels,Ha,,,,,,,2000.0,N.I.N.A. 3.1.2.9001 (x64),_Date_2025-06-02_Time_15-33-41_Type_BIAS_Filter_Ha_Exposure_0.00s_HFR_px_FWHM_0.00_Frame_0055.xisf,1,,
BIAS,2025-06-02T14:33:36.794,2025-06-02T15:33:36.794,2025-06-02T14:33:37.500,0.000032,0.000032,ZWO ASI6200MM Pro,ZWO ASI6200MM Pro,0,10,0.779999971389771,1,1,-10.0,-5.8,3.76,3.76,40,66.2,52.2483888888889,-0.12325,NP101is,540.0,5.4,,,,,,,,,,,,,,,,,,,,,Starlight Xpress Filter Wheels,Ha,,,,,,,2000.0,N.I.N.A. 3.1.2.9001 (x64),_Date_2025-06-02_Time_15-33-36_Type_BIAS_Filter_Ha_Exposure_0.00s_HFR_px_FWHM_0.00_Frame_0052.xisf,1,,
BIAS,2025-06-02T14:33:38.292,2025-06-02T15:33:38.292,2025-06-02T14:33:39.018,0.000032,0.000032,ZWO ASI6200MM Pro,ZWO ASI6200MM Pro,0,10,0.779999971389771,1,1,-10.0,-5.8,3.76,3.76,40,66.2,52.2483888888889,-0.12325,NP101is,540.0,5.4,,,,,,,,,,,,,,,,,,,,,Starlight Xpress Filter Wheels,Ha,,,,,,,2000.0,N.I.N.A. 3.1.2.9001 (x64),_Date_2025-06-02_Time_15-33-38_Type_BIAS_Filter_Ha_Exposure_0.00s_HFR_px_FWHM_0.00_Frame_0053.xisf,1,,
BIAS,2025-06-02T14:33:47.344,2025-06-02T15:33:47.344,2025-06-02T14:33:48.058,0.000032,0.000032,ZWO ASI6200MM Pro,ZWO ASI6200MM Pro,0,10,0.779999971389771,1,1,-10.0,-5.6,3.76,3.76,40,66.2,52.2483888888889,-0.12325,NP101is,540.0,5.4,,,,,,,,,,,,,,,,,,,,,Starlight Xpress Filter Wheels,Ha,,,,,,,2000.0,N.I.N.A. 3.1.2.9001 (x64),_Date_2025-06-02_Time_15-33-47_Type_BIAS_Filter_Ha_Exposure_0.00s_HFR_px_FWHM_0.00_Frame_0059.xisf,1,,
BIAS,2025-06-02T14:33:48.850,2025-06-02T15:33:48.850,2025-06-02T14:33:49.573,0.000032,0.000032,ZWO ASI6200MM Pro,ZWO ASI6200MM Pro,0,10,0.779999971389771,1,1,-10.0,-5.5,3.76,3.76,40,66.2,52.2483888888889,-0.12325,NP101is,540.0,5.4,,,,,,,,,,,,,,,,,,,,,Starlight Xpress Filter Wheels,Ha,,,,,,,2000.0,N.I.N.A. 3.1.2.9001 (x64),_Date_2025-06-02_Time_15-33-48_Type_BIAS_Filter_Ha_Exposure_0.00s_HFR_px_FWHM_0.00_Frame_0060.xisf,1,,
BIAS,2025-06-02T14:33:45.853,2025-06-02T15:33:45.853,2025-06-02T14:33:46.548,0.000032,0.000032,ZWO ASI6200MM Pro,ZWO ASI6200MM Pro,0,10,0.779999971389771,1,1,-10.0,-5.6,3.76,3.76,40,66.2,52.2483888888889,-0.12325,NP101is,540.0,5.4,,,,,,,,,,,,,,,,,,,,,Starlight Xpress Filter Wheels,Ha,,,,,,,2000.0,N.I.N.A. 3.1.2.9001 (x64),_Date_2025-06-02_Time_15-33-45_Type_BIAS_Filter_Ha_Exposure_0.00s_HFR_px_FWHM_0.00_Frame_0058.xisf,1,,
BIAS,2025-06-02T14:33:44.321,2025-06-02T15:33:44.321,2025-06-02T14:33:45.045,0.000032,0.000032,ZWO ASI6200MM Pro,ZWO ASI6200MM Pro,0,10,0.779999971389771,1,1,-10.0,-5.6,3.76,3.76,40,66.2,52.2483888888889,-0.12325,NP101is,540.0,5.4,,,,,,,,,,,,,,,,,,,,,Starlight Xpress Filter Wheels,Ha,,,,,,,2000.0,N.I.N.A. 3.1.2.9001 (x64),_Date_2025-06-02_Time_15-33-44_Type_BIAS_Filter_Ha_Exposure_0.00s_HFR_px_FWHM_0.00_Frame_0057.xisf,1,,
BIAS,2025-06-02T14:33:50.380,2025-06-02T15:33:50.380,2025-06-02T14:33:51.071,0.000032,0.000032,ZWO ASI6200MM Pro,ZWO ASI6200MM Pro,0,10,0.779999971389771,1,1,-10.0,-5.5,3.76,3.76,40,66.2,52.2483888888889,-0.12325,NP101is,540.0,5.4,,,,,,,,,,,,,,,,,,,,,Starlight Xpress Filter Wheels,Ha,,,,,,,2000.0,N.I.N.A. 3.1.2.9001 (x64),_Date_2025-06-02_Time_15-33-50_Type_BIAS_Filter_Ha_Exposure_0.00s_HFR_px_FWHM_0.00_Frame_0061.xisf,1,,
BIAS,2025-06-02T14:33:53.336,2025-06-02T15:33:53.336,2025-06-02T14:33:54.044,0.000032,0.000032,ZWO ASI6200MM Pro,ZWO ASI6200MM Pro,0,10,0.779999971389771,1,1,-10.0,-5.4,3.76,3.76,40,66.2,52.2483888888889,-0.12325,NP101is,540.0,5.4,,,,,,,,,,,,,,,,,,,,,Starlight Xpress Filter Wheels,Ha,,,,,,,2000.0,N.I.N.A. 3.1.2.9001 (x64),_Date_2025-06-02_Time_15-33-53_Type_BIAS_Filter_Ha_Exposure_0.00s_HFR_px_FWHM_0.00_Frame_0063.xisf,1,,
BIAS,2025-06-02T14:33:59.352,2025-06-02T15:33:59.352,2025-06-02T14:34:00.043,0.000032,0.000032,ZWO ASI6200MM Pro,ZWO ASI6200MM Pro,0,10,0.779999971389771,1,1,-10.0,-5.3,3.76,3.76,40,66.2,52.2483888888889,-0.12325,NP101is,540.0,5.4,,,,,,,,,,,,,,,,,,,,,Starlight Xpress Filter Wheels,Ha,,,,,,,2000.0,N.I.N.A. 3.1.2.9001 (x64),_Date_2025-06-02_Time_15-33-59_Type_BIAS_Filter_Ha_Exposure_0.00s_HFR_px_FWHM_0.00_Frame_0067.xisf,1,,
BIAS,2025-06-02T14:33:51.856,2025-06-02T15:33:51.856,2025-06-02T14:33:52.556,0.000032,0.000032,ZWO ASI6200MM Pro,ZWO ASI6200MM Pro,0,10,0.779999971389771,1,1,-10.0,-5.5,3.76,3.76,40,66.2,52.2483888888889,-0.12325,NP101is,540.0,5.4,,,,,,,,,,,,,,,,,,,,,Starlight Xpress Filter Wheels,Ha,,,,,,,2000.0,N.I.N.A. 3.1.2.9001 (x64),_Date_2025-06-02_Time_15-33-51_Type_BIAS_Filter_Ha_Exposure_0.00s_HFR_px_FWHM_0.00_Frame_0062.xisf,1,,
BIAS,2025-06-02T14:33:57.861,2025-06-02T15:33:57.861,2025-06-02T14:33:58.558,0.000032,0.000032,ZWO ASI6200MM Pro,ZWO ASI6200MM Pro,0,10,0.779999971389771,1,1,-10.0,-5.3,3.76,3.76,40,66.2,52.2483888888889,-0.12325,NP101is,540.0,5.4,,,,,,,,,,,,,,,,,,,,,Starlight Xpress Filter Wheels,Ha,,,,,,,2000.0,N.I.N.A. 3.1.2.9001 (x64),_Date_2025-06-02_Time_15-33-57_Type_BIAS_Filter_Ha_Exposure_0.00s_HFR_px_FWHM_0.00_Frame_0066.xisf,1,,
BIAS,2025-06-02T14:34:02.319,2025-06-02T15:34:02.319,2025-06-02T14:34:03.042,0.000032,0.000032,ZWO ASI6200MM Pro,ZWO ASI6200MM Pro,0,10,0.779999971389771,1,1,-10.0,-5.1,3.76,3.76,40,66.2,52.2483888888889,-0.12325,NP101is,540.0,5.4,,,,,,,,,,,,,,,,,,,,,Starlight Xpress Filter Wheels,Ha,,,,,,,2000.0,N.I.N.A. 3.1.2.9001 (x64),_Date_2025-06-02_Time_15-34-02_Type_BIAS_Filter_Ha_Exposure_0.00s_HFR_px_FWHM_0.00_Frame_0069.xisf,1,,
BIAS,2025-06-02T14:34:00.816,2025-06-02T15:34:00.816,2025-06-02T14:34:01.526,0.000032,0.000032,ZWO ASI6200MM Pro,ZWO ASI6200MM Pro,0,10,0.779999971389771,1,1,-10.0,-5.2,3.76,3.76,40,66.2,52.2483888888889,-0.12325,NP101is,540.0,5.4,,,,,,,,,,,,,,,,,,,,,Starlight Xpress Filter Wheels,Ha,,,,,,,2000.0,N.I.N.A. 3.1.2.9001 (x64),_Date_2025-06-02_Time_15-34-00_Type_BIAS_Filter_Ha_Exposure_0.00s_HFR_px_FWHM_0.00_Frame_0068.xisf,1,,
BIAS,2025-06-02T14:33:54.837,2025-06-02T15:33:54.837,2025-06-02T14:33:55.549,0.000032,0.000032,ZWO ASI6200MM Pro,ZWO ASI6200MM Pro,0,10,0.779999971389771,1,1,-10.0,-5.3,3.76,3.76,40,66.2,52.2483888888889,-0.12325,NP101is,540.0,5.4,,,,,,,,,,,,,,,,,,,,,Starlight Xpress Filter Wheels,Ha,,,,,,,2000.0,N.I.N.A. 3.1.2.9001 (x64),_Date_2025-06-02_Time_15-33-54_Type_BIAS_Filter_Ha_Exposure_0.00s_HFR_px_FWHM_0.00_Frame_0064.xisf,1,,
BIAS,2025-06-02T14:33:56.318,2025-06-02T15:33:56.318,2025-06-02T14:33:57.028,0.000032,0.000032,ZWO ASI6200MM Pro,ZWO ASI6200MM Pro,0,10,0.779999971389771,1,1,-10.0,-5.3,3.76,3.76,40,66.2,52.2483888888889,-0.12325,NP101is,540.0,5.4,,,,,,,,,,,,,,,,,,,,,Starlight Xpress Filter Wheels,Ha,,,,,,,2000.0,N.I.N.A. 3.1.2.9001 (x64),_Date_2025-06-02_Time_15-33-56_Type_BIAS_Filter_Ha_Exposure_0.00s_HFR_px_FWHM_0.00_Frame_0065.xisf,1,,
BIAS,2025-06-02T14:34:05.343,2025-06-02T15:34:05.343,2025-06-02T14:34:06.047,0.000032,0.000032,ZWO ASI6200MM Pro,ZWO ASI6200MM Pro,0,10,0.779999971389771,1,1,-10.0,-5.1,3.76,3.76,40,66.2,52.2483888888889,-0.12325,NP101is,540.0,5.4,,,,,,,,,,,,,,,,,,,,,Starlight Xpress Filter Wheels,Ha,,,,,,,2000.0,N.I.N.A. 3.1.2.9001 (x64),_Date_2025-06-02_Time_15-34-05_Type_BIAS_Filter_Ha_Exposure_0.00s_HFR_px_FWHM_0.00_Frame_0071.xisf,1,,
BIAS,2025-06-02T14:34:06.839,2025-06-02T15:34:06.839,2025-06-02T14:34:07.559,0.000032,0.000032,ZWO ASI6200MM Pro,ZWO ASI6200MM Pro,0,10,0.779999971389771,1,1,-10.0,-5.1,3.76,3.76,40,66.2,52.2483888888889,-0.12325,NP101is,540.0,5.4,,,,,,,,,,,,,,,,,,,,,Starlight Xpress Filter Wheels,Ha,,,,,,,2000.0,N.I.N.A. 3.1.2.9001 (x64),_Date_2025-06-02_Time_15-34-06_Type_BIAS_Filter_Ha_Exposure_0.00s_HFR_px_FWHM_0.00_Frame_0072.xisf,1,,
BIAS,2025-06-02T14:34:03.854,2025-06-02T15:34:03.854,2025-06-02T14:34:04.570,0.000032,0.000032,ZWO ASI6200MM Pro,ZWO ASI6200MM Pro,0,10,0.779999971389771,1,1,-10.0,-5.1,3.76,3.76,40,66.2,52.2483888888889,-0.12325,NP101is,540.0,5.4,,,,,,,,,,,,,,,,,,,,,Starlight Xpress Filter Wheels,Ha,,,,,,,2000.0,N.I.N.A. 3.1.2.9001 (x64),_Date_2025-06-02_Time_15-34-03_Type_BIAS_Filter_Ha_Exposure_0.00s_HFR_px_FWHM_0.00_Frame_0070.xisf,1,,
BIAS,2025-06-02T14:34:08.363,2025-06-02T15:34:08.363,2025-06-02T14:34:09.094,0.000032,0.000032,ZWO ASI6200MM Pro,ZWO ASI6200MM Pro,0,10,0.779999971389771,1,1,-10.0,-5.0,3.76,3.76,40,66.2,52.2483888888889,-0.12325,NP101is,540.0,5.4,,,,,,,,,,,,,,,,,,,,,Starlight Xpress Filter Wheels,Ha,,,,,,,2000.0,N.I.N.A. 3.1.2.9001 (x64),_Date_2025-06-02_Time_15-34-08_Type_BIAS_Filter_Ha_Exposure_0.00s_HFR_px_FWHM_0.00_Frame_0073.xisf,1,,
BIAS,2025-06-02T14:34:09.909,2025-06-02T15:34:09.909,2025-06-02T14:34:10.630,0.000032,0.000032,ZWO ASI6200MM Pro,ZWO ASI6200MM Pro,0,10,0.779999971389771,1,1,-10.0,-5.0,3.76,3.76,40,66.2,52.2483888888889,-0.12325,NP101is,540.0,5.4,,,,,,,,,,,,,,,,,,,,,Starlight Xpress Filter Wheels,Ha,,,,,,,2000.0,N.I.N.A. 3.1.2.9001 (x64),_Date_2025-06-02_Time_15-34-09_Type_BIAS_Filter_Ha_Exposure_0.00s_HFR_px_FWHM_0.00_Frame_0074.xisf,1,,
BIAS,2025-06-02T14:34:11.437,2025-06-02T15:34:11.437,2025-06-02T14:34:12.154,0.000032,0.000032,ZWO ASI6200MM Pro,ZWO ASI6200MM Pro,0,10,0.779999971389771,1,1,-10.0,-5.0,3.76,3.76,40,66.2,52.2483888888889,-0.12325,NP101is,540.0,5.4,,,,,,,,,,,,,,,,,,,,,Starlight Xpress Filter Wheels,Ha,,,,,,,2000.0,N.I.N.A. 3.1.2.9001 (x64),_Date_2025-06-02_Time_15-34-11_Type_BIAS_Filter_Ha_Exposure_0.00s_HFR_px_FWHM_0.00_Frame_0075.xisf,1,,
BIAS,2025-06-02T14:34:15.946,2025-06-02T15:34:15.946,2025-06-02T14:34:16.670,0.000032,0.000032,ZWO ASI6200MM Pro,ZWO ASI6200MM Pro,0,10,0.779999971389771,1,1,-10.0,-4.8,3.76,3.76,40,66.2,52.2483888888889,-0.12325,NP101is,540.0,5.4,,,,,,,,,,,,,,,,,,,,,Starlight Xpress Filter Wheels,Ha,,,,,,,2000.0,N.I.N.A. 3.1.2.9001 (x64),_Date_2025-06-02_Time_15-34-15_Type_BIAS_Filter_Ha_Exposure_0.00s_HFR_px_FWHM_0.00_Frame_0078.xisf,1,,
BIAS,2025-06-02T14:34:18.934,2025-06-02T15:34:18.934,2025-06-02T14:34:19.650,0.000032,0.000032,ZWO ASI6200MM Pro,ZWO ASI6200MM Pro,0,10,0.779999971389771,1,1,-10.0,-4.8,3.76,3.76,40,66.2,52.2483888888889,-0.12325,NP101is,540.0,5.4,,,,,,,,,,,,,,,,,,,,,Starlight Xpress Filter Wheels,Ha,,,,,,,2000.0,N.I.N.A. 3.1.2.9001 (x64),_Date_2025-06-02_Time_15-34-18_Type_BIAS_Filter_Ha_Exposure_0.00s_HFR_px_FWHM_0.00_Frame_0080.xisf,1,,
BIAS,2025-06-02T14:34:14.416,2025-06-02T15:34:14.416,2025-06-02T14:34:15.141,0.000032,0.000032,ZWO ASI6200MM Pro,ZWO ASI6200MM Pro,0,10,0.779999971389771,1,1,-10.0,-4.9,3.76,3.76,40,66.2,52.2483888888889,-0.12325,NP101is,540.0,5.4,,,,,,,,,,,,,,,,,,,,,Starlight Xpress Filter Wheels,Ha,,,,,,,2000.0,N.I.N.A. 3.1.2.9001 (x64),_Date_2025-06-02_Time_15-34-14_Type_BIAS_Filter_Ha_Exposure_0.00s_HFR_px_FWHM_0.00_Frame_0077.xisf,1,,
BIAS,2025-06-02T14:34:17.484,2025-06-02T15:34:17.484,2025-06-02T14:34:18.179,0.000032,0.000032,ZWO ASI6200MM Pro,ZWO ASI6200MM Pro,0,10,0.779999971389771,1,1,-10.0,-4.8,3.76,3.76,40,66.2,52.2483888888889,-0.12325,NP101is,540.0,5.4,,,,,,,,,,,,,,,,,,,,,Starlight Xpress Filter Wheels,Ha,,,,,,,2000.0,N.I.N.A. 3.1.2.9001 (x64),_Date_2025-06-02_Time_15-34-17_Type_BIAS_Filter_Ha_Exposure_0.00s_HFR_px_FWHM_0.00_Frame_0079.xisf,1,,
BIAS,2025-06-02T14:34:21.952,2025-06-02T15:34:21.952,2025-06-02T14:34:22.672,0.000032,0.000032,ZWO ASI6200MM Pro,ZWO ASI6200MM Pro,0,10,0.779999971389771,1,1,-10.0,-4.7,3.76,3.76,40,66.2,52.2483888888889,-0.12325,NP101is,540.0,5.4,,,,,,,,,,,,,,,,,,,,,Starlight Xpress Filter Wheels,Ha,,,,,,,2000.0,N.I.N.A. 3.1.2.9001 (x64),_Date_2025-06-02_Time_15-34-21_Type_BIAS_Filter_Ha_Exposure_0.00s_HFR_px_FWHM_0.00_Frame_0082.xisf,1,,
BIAS,2025-06-02T14:34:20.427,2025-06-02T15:34:20.427,2025-06-02T14:34:21.160,0.000032,0.000032,ZWO ASI6200MM Pro,ZWO ASI6200MM Pro,0,10,0.779999971389771,1,1,-10.0,-4.8,3.76,3.76,40,66.2,52.2483888888889,-0.12325,NP101is,540.0,5.4,,,,,,,,,,,,,,,,,,,,,Starlight Xpress Filter Wheels,Ha,,,,,,,2000.0,N.I.N.A. 3.1.2.9001 (x64),_Date_2025-06-02_Time_15-34-20_Type_BIAS_Filter_Ha_Exposure_0.00s_HFR_px_FWHM_0.00_Frame_0081.xisf,1,,
BIAS,2025-06-02T14:34:23.451,2025-06-02T15:34:23.451,2025-06-02T14:34:24.185,0.000032,0.000032,ZWO ASI6200MM Pro,ZWO ASI6200MM Pro,0,10,0.779999971389771,1,1,-10.0,-4.7,3.76,3.76,40,66.2,52.2483888888889,-0.12325,NP101is,540.0,5.4,,,,,,,,,,,,,,,,,,,,,Starlight Xpress Filter Wheels,Ha,,,,,,,2000.0,N.I.N.A. 3.1.2.9001 (x64),_Date_2025-06-02_Time_15-34-23_Type_BIAS_Filter_Ha_Exposure_0.00s_HFR_px_FWHM_0.00_Frame_0083.xisf,1,,
BIAS,2025-06-02T14:34:12.955,2025-06-02T15:34:12.955,2025-06-02T14:34:13.643,0.000032,0.000032,ZWO ASI6200MM Pro,ZWO ASI6200MM Pro,0,10,0.779999971389771,1,1,-10.0,-5.0,3.76,3.76,40,66.2,52.2483888888889,-0.12325,NP101is,540.0,5.4,,,,,,,,,,,,,,,,,,,,,Starlight Xpress Filter Wheels,Ha,,,,,,,2000.0,N.I.N.A. 3.1.2.9001 (x64),_Date_2025-06-02_Time_15-34-12_Type_BIAS_Filter_Ha_Exposure_0.00s_HFR_px_FWHM_0.00_Frame_0076.xisf,1,,
BIAS,2025-06-02T14:34:25.002,2025-06-02T15:34:25.002,2025-06-02T14:34:25.722,0.000032,0.000032,ZWO ASI6200MM Pro,ZWO ASI6200MM Pro,0,10,0.779999971389771,1,1,-10.0,-4.7,3.76,3.76,40,66.2,52.2483888888889,-0.12325,NP101is,540.0,5.4,,,,,,,,,,,,,,,,,,,,,Starlight Xpress Filter Wheels,Ha,,,,,,,2000.0,N.I.N.A. 3.1.2.9001 (x64),_Date_2025-06-02_Time_15-34-25_Type_BIAS_Filter_Ha_Exposure_0.00s_HFR_px_FWHM_0.00_Frame_0084.xisf,1,,
BIAS,2025-06-02T14:34:26.532,2025-06-02T15:34:26.532,2025-06-02T14:34:27.256,0.000032,0.000032,ZWO ASI6200MM Pro,ZWO ASI6200MM Pro,0,10,0.779999971389771,1,1,-10.0,-4.6,3.76,3.76,40,66.2,52.2483888888889,-0.12325,NP101is,540.0,5.4,,,,,,,,,,,,,,,,,,,,,Starlight Xpress Filter Wheels,Ha,,,,,,,2000.0,N.I.N.A. 3.1.2.9001 (x64),_Date_2025-06-02_Time_15-34-26_Type_BIAS_Filter_Ha_Exposure_0.00s_HFR_px_FWHM_0.00_Frame_0085.xisf,1,,
BIAS,2025-06-02T14:34:28.072,2025-06-02T15:34:28.072,2025-06-02T14:34:28.765,0.000032,0.000032,ZWO ASI6200MM Pro,ZWO ASI6200MM Pro,0,10,0.779999971389771,1,1,-10.0,-4.6,3.76,3.76,40,66.2,52.2483888888889,-0.12325,NP101is,540.0,5.4,,,,,,,,,,,,,,,,,,,,,Starlight Xpress Filter Wheels,Ha,,,,,,,2000.0,N.I.N.A. 3.1.2.9001 (x64),_Date_2025-06-02_Time_15-34-28_Type_BIAS_Filter_Ha_Exposure_0.00s_HFR_px_FWHM_0.00_Frame_0086.xisf,1,,
BIAS,2025-06-02T14:34:29.551,2025-06-02T15:34:29.551,2025-06-02T14:34:30.272,0.000032,0.000032,ZWO ASI6200MM Pro,ZWO ASI6200MM Pro,0,10,0.779999971389771,1,1,-10.0,-4.6,3.76,3.76,40,66.2,52.2483888888889,-0.12325,NP101is,540.0,5.4,,,,,,,,,,,,,,,,,,,,,Starlight Xpress Filter Wheels,Ha,,,,,,,2000.0,N.I.N.A. 3.1.2.9001 (x64),_Date_2025-06-02_Time_15-34-29_Type_BIAS_Filter_Ha_Exposure_0.00s_HFR_px_FWHM_0.00_Frame_0087.xisf,1,,
BIAS,2025-06-02T14:34:31.079,2025-06-02T15:34:31.079,2025-06-02T14:34:31.792,0.000032,0.000032,ZWO ASI6200MM Pro,ZWO ASI6200MM Pro,0,10,0.779999971389771,1,1,-10.0,-4.6,3.76,3.76,40,66.2,52.2483888888889,-0.12325,NP101is,540.0,5.4,,,,,,,,,,,,,,,,,,,,,Starlight Xpress Filter Wheels,Ha,,,,,,,2000.0,N.I.N.A. 3.1.2.9001 (x64),_Date_2025-06-02_Time_15-34-31_Type_BIAS_Filter_Ha_Exposure_0.00s_HFR_px_FWHM_0.00_Frame_0088.xisf,1,,
BIAS,2025-06-02T14:34:32.564,2025-06-02T15:34:32.564,2025-06-02T14:34:33.282,0.000032,0.000032,ZWO ASI6200MM Pro,ZWO ASI6200MM Pro,0,10,0.779999971389771,1,1,-10.0,-4.5,3.76,3.76,40,66.2,52.2483888888889,-0.12325,NP101is,540.0,5.4,,,,,,,,,,,,,,,,,,,,,Starlight Xpress Filter Wheels,Ha,,,,,,,2000.0,N.I.N.A. 3.1.2.9001 (x64),_Date_2025-06-02_Time_15-34-32_Type_BIAS_Filter_Ha_Exposure_0.00s_HFR_px_FWHM_0.00_Frame_0089.xisf,1,,
BIAS,2025-06-02T14:34:37.120,2025-06-02T15:34:37.120,2025-06-02T14:34:37.821,0.000032,0.000032,ZWO ASI6200MM Pro,ZWO ASI6200MM Pro,0,10,0.779999971389771,1,1,-10.0,-4.5,3.76,3.76,40,66.2,52.2483888888889,-0.12325,NP101is,540.0,5.4,,,,,,,,,,,,,,,,,,,,,Starlight Xpress Filter Wheels,Ha,,,,,,,2000.0,N.I.N.A. 3.1.2.9001 (x64),_Date_2025-06-02_Time_15-34-37_Type_BIAS_Filter_Ha_Exposure_0.00s_HFR_px_FWHM_0.00_Frame_0092.xisf,1,,
BIAS,2025-06-02T14:34:40.099,2025-06-02T15:34:40.099,2025-06-02T14:34:40.787,0.000032,0.000032,ZWO ASI6200MM Pro,ZWO ASI6200MM Pro,0,10,0.779999971389771,1,1,-10.0,-4.4,3.76,3.76,40,66.2,52.2483888888889,-0.12325,NP101is,540.0,5.4,,,,,,,,,,,,,,,,,,,,,Starlight Xpress Filter Wheels,Ha,,,,,,,2000.0,N.I.N.A. 3.1.2.9001 (x64),_Date_2025-06-02_Time_15-34-40_Type_BIAS_Filter_Ha_Exposure_0.00s_HFR_px_FWHM_0.00_Frame_0094.xisf,1,,
BIAS,2025-06-02T14:34:35.636,2025-06-02T15:34:35.636,2025-06-02T14:34:36.349,0.000032,0.000032,ZWO ASI6200MM Pro,ZWO ASI6200MM Pro,0,10,0.779999971389771,1,1,-10.0,-4.5,3.76,3.76,40,66.2,52.2483888888889,-0.12325,NP101is,540.0,5.4,,,,,,,,,,,,,,,,,,,,,Starlight Xpress Filter Wheels,Ha,,,,,,,2000.0,N.I.N.A. 3.1.2.9001 (x64),_Date_2025-06-02_Time_15-34-35_Type_BIAS_Filter_Ha_Exposure_0.00s_HFR_px_FWHM_0.00_Frame_0091.xisf,1,,
BIAS,2025-06-02T14:34:41.560,2025-06-02T15:34:41.560,2025-06-02T14:34:42.264,0.000032,0.000032,ZWO ASI6200MM Pro,ZWO ASI6200MM Pro,0,10,0.779999971389771,1,1,-10.0,-4.3,3.76,3.76,40,66.2,52.2483888888889,-0.12325,NP101is,540.0,5.4,,,,,,,,,,,,,,,,,,,,,Starlight Xpress Filter Wheels,Ha,,,,,,,2000.0,N.I.N.A. 3.1.2.9001 (x64),_Date_2025-06-02_Time_15-34-41_Type_BIAS_Filter_Ha_Exposure_0.00s_HFR_px_FWHM_0.00_Frame_0095.xisf,1,,
BIAS,2025-06-02T14:34:43.026,2025-06-02T15:34:43.026,2025-06-02T14:34:43.754,0.000032,0.000032,ZWO ASI6200MM Pro,ZWO ASI6200MM Pro,0,10,0.779999971389771,1,1,-10.0,-4.3,3.76,3.76,40,66.2,52.2483888888889,-0.12325,NP101is,540.0,5.4,,,,,,,,,,,,,,,,,,,,,Starlight Xpress Filter Wheels,Ha,,,,,,,2000.0,N.I.N.A. 3.1.2.9001 (x64),_Date_2025-06-02_Time_15-34-43_Type_BIAS_Filter_Ha_Exposure_0.00s_HFR_px_FWHM_0.00_Frame_0096.xisf,1,,
BIAS,2025-06-02T14:34:49.057,2025-06-02T15:34:49.057,2025-06-02T14:34:49.778,0.000032,0.000032,ZWO ASI6200MM Pro,ZWO ASI6200MM Pro,100,10,0.246657639741898,1,1,-10.0,-4.2,3.76,3.76,40,66.2,52.2483888888889,-0.12325,NP101is,540.0,5.4,,,,,,,,,,,,,,,,,,,,,Starlight Xpress Filter Wheels,Ha,,,,,,,2000.0,N.I.N.A. 3.1.2.9001 (x64),_Date_2025-06-02_Time_15-34-49_Type_BIAS_Filter_Ha_Exposure_0.00s_HFR_px_FWHM_0.00_Frame_0000.xisf,1,,
BIAS,2025-06-02T14:34:44.568,2025-06-02T15:34:44.568,2025-06-02T14:34:45.280,0.000032,0.000032,ZWO ASI6200MM Pro,ZWO ASI6200MM Pro,0,10,0.779999971389771,1,1,-10.0,-4.3,3.76,3.76,40,66.2,52.2483888888889,-0.12325,NP101is,540.0,5.4,,,,,,,,,,,,,,,,,,,,,Starlight Xpress Filter Wheels,Ha,,,,,,,2000.0,N.I.N.A. 3.1.2.9001 (x64),_Date_2025-06-02_Time_15-34-44_Type_BIAS_Filter_Ha_Exposure_0.00s_HFR_px_FWHM_0.00_Frame_0097.xisf,1,,
BIAS,2025-06-02T14:34:38.606,2025-06-02T15:34:38.606,2025-06-02T14:34:39.324,0.000032,0.000032,ZWO ASI6200MM Pro,ZWO ASI6200MM Pro,0,10,0.779999971389771,1,1,-10.0,-4.4,3.76,3.76,40,66.2,52.2483888888889,-0.12325,NP101is,540.0,5.4,,,,,,,,,,,,,,,,,,,,,Starlight Xpress Filter Wheels,Ha,,,,,,,2000.0,N.I.N.A. 3.1.2.9001 (x64),_Date_2025-06-02_Time_15-34-38_Type_BIAS_Filter_Ha_Exposure_0.00s_HFR_px_FWHM_0.00_Frame_0093.xisf,1,,
BIAS,2025-06-02T14:34:47.555,2025-06-02T15:34:47.555,2025-06-02T14:34:48.243,0.000032,0.000032,ZWO ASI6200MM Pro,ZWO ASI6200MM Pro,0,10,0.779999971389771,1,1,-10.0,-4.2,3.76,3.76,40,66.2,52.2483888888889,-0.12325,NP101is,540.0,5.4,,,,,,,,,,,,,,,,,,,,,Starlight Xpress Filter Wheels,Ha,,,,,,,2000.0,N.I.N.A. 3.1.2.9001 (x64),_Date_2025-06-02_Time_15-34-47_Type_BIAS_Filter_Ha_Exposure_0.00s_HFR_px_FWHM_0.00_Frame_0099.xisf,1,,
BIAS,2025-06-02T14:34:52.091,2025-06-02T15:34:52.091,2025-06-02T14:34:52.777,0.000032,0.000032,ZWO ASI6200MM Pro,ZWO ASI6200MM Pro,100,10,0.246657639741898,1,1,-10.0,-4.2,3.76,3.76,40,66.2,52.2483888888889,-0.12325,NP101is,540.0,5.4,,,,,,,,,,,,,,,,,,,,,Starlight Xpress Filter Wheels,Ha,,,,,,,2000.0,N.I.N.A. 3.1.2.9001 (x64),_Date_2025-06-02_Time_15-34-52_Type_BIAS_Filter_Ha_Exposure_0.00s_HFR_px_FWHM_0.00_Frame_0002.xisf,1,,
BIAS,2025-06-02T14:34:53.550,2025-06-02T15:34:53.550,2025-06-02T14:34:54.283,0.000032,0.000032,ZWO ASI6200MM Pro,ZWO ASI6200MM Pro,100,10,0.246657639741898,1,1,-10.0,-4.1,3.76,3.76,40,66.2,52.2483888888889,-0.12325,NP101is,540.0,5.4,,,,,,,,,,,,,,,,,,,,,Starlight Xpress Filter Wheels,Ha,,,,,,,2000.0,N.I.N.A. 3.1.2.9001 (x64),_Date_2025-06-02_Time_15-34-53_Type_BIAS_Filter_Ha_Exposure_0.00s_HFR_px_FWHM_0.00_Frame_0003.xisf,1,,
BIAS,2025-06-02T14:34:50.581,2025-06-02T15:34:50.581,2025-06-02T14:34:51.305,0.000032,0.000032,ZWO ASI6200MM Pro,ZWO ASI6200MM Pro,100,10,0.246657639741898,1,1,-10.0,-4.2,3.76,3.76,40,66.2,52.2483888888889,-0.12325,NP101is,540.0,5.4,,,,,,,,,,,,,,,,,,,,,Starlight Xpress Filter Wheels,Ha,,,,,,,2000.0,N.I.N.A. 3.1.2.9001 (x64),_Date_2025-06-02_Time_15-34-50_Type_BIAS_Filter_Ha_Exposure_0.00s_HFR_px_FWHM_0.00_Frame_0001.xisf,1,,
BIAS,2025-06-02T14:34:34.089,2025-06-02T15:34:34.089,2025-06-02T14:34:34.820,0.000032,0.000032,ZWO ASI6200MM Pro,ZWO ASI6200MM Pro,0,10,0.779999971389771,1,1,-10.0,-4.5,3.76,3.76,40,66.2,52.2483888888889,-0.12325,NP101is,540.0,5.4,,,,,,,,,,,,,,,,,,,,,Starlight Xpress Filter Wheels,Ha,,,,,,,2000.0,N.I.N.A. 3.1.2.9001 (x64),_Date_2025-06-02_Time_15-34-34_Type_BIAS_Filter_Ha_Exposure_0.00s_HFR_px_FWHM_0.00_Frame_0090.xisf,1,,
BIAS,2025-06-02T14:34:58.033,2025-06-02T15:34:58.033,2025-06-02T14:34:58.745,0.000032,0.000032,ZWO ASI6200MM Pro,ZWO ASI6200MM Pro,100,10,0.246657639741898,1,1,-10.0,-4.1,3.76,3.76,40,66.2,52.2483888888889,-0.12325,NP101is,540.0,5.4,,,,,,,,,,,,,,,,,,,,,Starlight Xpress Filter Wheels,Ha,,,,,,,2000.0,N.I.N.A. 3.1.2.9001 (x64),_Date_2025-06-02_Time_15-34-58_Type_BIAS_Filter_Ha_Exposure_0.00s_HFR_px_FWHM_0.00_Frame_0006.xisf,1,,
BIAS,2025-06-02T14:34:55.099,2025-06-02T15:34:55.099,2025-06-02T14:34:55.790,0.000032,0.000032,ZWO ASI6200MM Pro,ZWO ASI6200MM Pro,100,10,0.246657639741898,1,1,-10.0,-4.1,3.76,3.76,40,66.2,52.2483888888889,-0.12325,NP101is,540.0,5.4,,,,,,,,,,,,,,,,,,,,,Starlight Xpress Filter Wheels,Ha,,,,,,,2000.0,N.I.N.A. 3.1.2.9001 (x64),_Date_2025-06-02_Time_15-34-55_Type_BIAS_Filter_Ha_Exposure_0.00s_HFR_px_FWHM_0.00_Frame_0004.xisf,1,,
BIAS,2025-06-02T14:34:46.077,2025-06-02T15:34:46.077,2025-06-02T14:34:46.767,0.000032,0.000032,ZWO ASI6200MM Pro,ZWO ASI6200MM Pro,0,10,0.779999971389771,1,1,-10.0,-4.3,3.76,3.76,40,66.2,52.2483888888889,-0.12325,NP101is,540.0,5.4,,,,,,,,,,,,,,,,,,,,,Starlight Xpress Filter Wheels,Ha,,,,,,,2000.0,N.I.N.A. 3.1.2.9001 (x64),_Date_2025-06-02_Time_15-34-46_Type_BIAS_Filter_Ha_Exposure_0.00s_HFR_px_FWHM_0.00_Frame_0098.xisf,1,,
BIAS,2025-06-02T14:35:01.044,2025-06-02T15:35:01.044,2025-06-02T14:35:01.735,0.000032,0.000032,ZWO ASI6200MM Pro,ZWO ASI6200MM Pro,100,10,0.246657639741898,1,1,-10.0,-4.0,3.76,3.76,40,66.2,52.2483888888889,-0.12325,NP101is,540.0,5.4,,,,,,,,,,,,,,,,,,,,,Starlight Xpress Filter Wheels,Ha,,,,,,,2000.0,N.I.N.A. 3.1.2.9001 (x64),_Date_2025-06-02_Time_15-35-01_Type_BIAS_Filter_Ha_Exposure_0.00s_HFR_px_FWHM_0.00_Frame_0008.xisf,1,,
BIAS,2025-06-02T14:35:02.486,2025-06-02T15:35:02.486,2025-06-02T14:35:03.201,0.000032,0.000032,ZWO ASI6200MM Pro,ZWO ASI6200MM Pro,100,10,0.246657639741898,1,1,-10.0,-4.0,3.76,3.76,40,66.2,52.2483888888889,-0.12325,NP101is,540.0,5.4,,,,,,,,,,,,,,,,,,,,,Starlight Xpress Filter Wheels,Ha,,,,,,,2000.0,N.I.N.A. 3.1.2.9001 (x64),_Date_2025-06-02_Time_15-35-02_Type_BIAS_Filter_Ha_Exposure_0.00s_HFR_px_FWHM_0.00_Frame_0009.xisf,1,,
BIAS,2025-06-02T14:35:10.033,2025-06-02T15:35:10.033,2025-06-02T14:35:10.720,0.000032,0.000032,ZWO ASI6200MM Pro,ZWO ASI6200MM Pro,100,10,0.246657639741898,1,1,-10.0,-3.9,3.76,3.76,40,66.2,52.2483888888889,-0.12325,NP101is,540.0,5.4,,,,,,,,,,,,,,,,,,,,,Starlight Xpress Filter Wheels,Ha,,,,,,,2000.0,N.I.N.A. 3.1.2.9001 (x64),_Date_2025-06-02_Time_15-35-10_Type_BIAS_Filter_Ha_Exposure_0.00s_HFR_px_FWHM_0.00_Frame_0014.xisf,1,,
BIAS,2025-06-02T14:35:19.048,2025-06-02T15:35:19.048,2025-06-02T14:35:19.770,0.000032,0.000032,ZWO ASI6200MM Pro,ZWO ASI6200MM Pro,100,10,0.246657639741898,1,1,-10.0,-3.8,3.76,3.76,40,66.2,52.2483888888889,-0.12325,NP101is,540.0,5.4,,,,,,,,,,,,,,,,,,,,,Starlight Xpress Filter Wheels,Ha,,,,,,,2000.0,N.I.N.A. 3.1.2.9001 (x64),_Date_2025-06-02_Time_15-35-19_Type_BIAS_Filter_Ha_Exposure_0.00s_HFR_px_FWHM_0.00_Frame_0020.xisf,1,,
BIAS,2025-06-02T14:35:11.510,2025-06-02T15:35:11.510,2025-06-02T14:35:12.242,0.000032,0.000032,ZWO ASI6200MM Pro,ZWO ASI6200MM Pro,100,10,0.246657639741898,1,1,-10.0,-3.9,3.76,3.76,40,66.2,52.2483888888889,-0.12325,NP101is,540.0,5.4,,,,,,,,,,,,,,,,,,,,,Starlight Xpress Filter Wheels,Ha,,,,,,,2000.0,N.I.N.A. 3.1.2.9001 (x64),_Date_2025-06-02_Time_15-35-11_Type_BIAS_Filter_Ha_Exposure_0.00s_HFR_px_FWHM_0.00_Frame_0015.xisf,1,,
BIAS,2025-06-02T14:35:08.502,2025-06-02T15:35:08.502,2025-06-02T14:35:09.222,0.000032,0.000032,ZWO ASI6200MM Pro,ZWO ASI6200MM Pro,100,10,0.246657639741898,1,1,-10.0,-4.0,3.76,3.76,40,66.2,52.2483888888889,-0.12325,NP101is,540.0,5.4,,,,,,,,,,,,,,,,,,,,,Starlight Xpress Filter Wheels,Ha,,,,,,,2000.0,N.I.N.A. 3.1.2.9001 (x64),_Date_2025-06-02_Time_15-35-08_Type_BIAS_Filter_Ha_Exposure_0.00s_HFR_px_FWHM_0.00_Frame_0013.xisf,1,,
BIAS,2025-06-02T14:35:05.474,2025-06-02T15:35:05.474,2025-06-02T14:35:06.175,0.000032,0.000032,ZWO ASI6200MM Pro,ZWO ASI6200MM Pro,100,10,0.246657639741898,1,1,-10.0,-4.0,3.76,3.76,40,66.2,52.2483888888889,-0.12325,NP101is,540.0,5.4,,,,,,,,,,,,,,,,,,,,,Starlight Xpress Filter Wheels,Ha,,,,,,,2000.0,N.I.N.A. 3.1.2.9001 (x64),_Date_2025-06-02_Time_15-35-05_Type_BIAS_Filter_Ha_Exposure_0.00s_HFR_px_FWHM_0.00_Frame_0011.xisf,1,,
BIAS,2025-06-02T14:35:06.960,2025-06-02T15:35:06.960,2025-06-02T14:35:07.691,0.000032,0.000032,ZWO ASI6200MM Pro,ZWO ASI6200MM Pro,100,10,0.246657639741898,1,1,-10.0,-4.0,3.76,3.76,40,66.2,52.2483888888889,-0.12325,NP101is,540.0,5.4,,,,,,,,,,,,,,,,,,,,,Starlight Xpress Filter Wheels,Ha,,,,,,,2000.0,N.I.N.A. 3.1.2.9001 (x64),_Date_2025-06-02_Time_15-35-06_Type_BIAS_Filter_Ha_Exposure_0.00s_HFR_px_FWHM_0.00_Frame_0012.xisf,1,,
BIAS,2025-06-02T14:35:16.093,2025-06-02T15:35:16.093,2025-06-02T14:35:16.805,0.000032,0.000032,ZWO ASI6200MM Pro,ZWO ASI6200MM Pro,100,10,0.246657639741898,1,1,-10.0,-3.8,3.76,3.76,40,66.2,52.2483888888889,-0.12325,NP101is,540.0,5.4,,,,,,,,,,,,,,,,,,,,,Starlight Xpress Filter Wheels,Ha,,,,,,,2000.0,N.I.N.A. 3.1.2.9001 (x64),_Date_2025-06-02_Time_15-35-16_Type_BIAS_Filter_Ha_Exposure_0.00s_HFR_px_FWHM_0.00_Frame_0018.xisf,1,,
BIAS,2025-06-02T14:35:20.574,2025-06-02T15:35:20.574,2025-06-02T14:35:21.300,0.000032,0.000032,ZWO ASI6200MM Pro,ZWO ASI6200MM Pro,100,10,0.246657639741898,1,1,-10.0,-3.8,3.76,3.76,40,66.2,52.2483888888889,-0.12325,NP101is,540.0,5.4,,,,,,,,,,,,,,,,,,,,,Starlight Xpress Filter Wheels,Ha,,,,,,,2000.0,N.I.N.A. 3.1.2.9001 (x64),_Date_2025-06-02_Time_15-35-20_Type_BIAS_Filter_Ha_Exposure_0.00s_HFR_px_FWHM_0.00_Frame_0021.xisf,1,,
BIAS,2025-06-02T14:35:14.577,2025-06-02T15:35:14.577,2025-06-02T14:35:15.295,0.000032,0.000032,ZWO ASI6200MM Pro,ZWO ASI6200MM Pro,100,10,0.246657639741898,1,1,-10.0,-3.8,3.76,3.76,40,66.2,52.2483888888889,-0.12325,NP101is,540.0,5.4,,,,,,,,,,,,,,,,,,,,,Starlight Xpress Filter Wheels,Ha,,,,,,,2000.0,N.I.N.A. 3.1.2.9001 (x64),_Date_2025-06-02_Time_15-35-14_Type_BIAS_Filter_Ha_Exposure_0.00s_HFR_px_FWHM_0.00_Frame_0017.xisf,1,,
BIAS,2025-06-02T14:35:17.579,2025-06-02T15:35:17.579,2025-06-02T14:35:18.274,0.000032,0.000032,ZWO ASI6200MM Pro,ZWO ASI6200MM Pro,100,10,0.246657639741898,1,1,-10.0,-3.8,3.76,3.76,40,66.2,52.2483888888889,-0.12325,NP101is,540.0,5.4,,,,,,,,,,,,,,,,,,,,,Starlight Xpress Filter Wheels,Ha,,,,,,,2000.0,N.I.N.A. 3.1.2.9001 (x64),_Date_2025-06-02_Time_15-35-17_Type_BIAS_Filter_Ha_Exposure_0.00s_HFR_px_FWHM_0.00_Frame_0019.xisf,1,,
BIAS,2025-06-02T14:35:13.057,2025-06-02T15:35:13.057,2025-06-02T14:35:13.774,0.000032,0.000032,ZWO ASI6200MM Pro,ZWO ASI6200MM Pro,100,10,0.246657639741898,1,1,-10.0,-3.8,3.76,3.76,40,66.2,52.2483888888889,-0.12325,NP101is,540.0,5.4,,,,,,,,,,,,,,,,,,,,,Starlight Xpress Filter Wheels,Ha,,,,,,,2000.0,N.I.N.A. 3.1.2.9001 (x64),_Date_2025-06-02_Time_15-35-13_Type_BIAS_Filter_Ha_Exposure_0.00s_HFR_px_FWHM_0.00_Frame_0016.xisf,1,,
BIAS,2025-06-02T14:34:59.516,2025-06-02T15:34:59.516,2025-06-02T14:35:00.250,0.000032,0.000032,ZWO ASI6200MM Pro,ZWO ASI6200MM Pro,100,10,0.246657639741898,1,1,-10.0,-4.0,3.76,3.76,40,66.2,52.2483888888889,-0.12325,NP101is,540.0,5.4,,,,,,,,,,,,,,,,,,,,,Starlight Xpress Filter Wheels,Ha,,,,,,,2000.0,N.I.N.A. 3.1.2.9001 (x64),_Date_2025-06-02_Time_15-34-59_Type_BIAS_Filter_Ha_Exposure_0.00s_HFR_px_FWHM_0.00_Frame_0007.xisf,1,,
BIAS,2025-06-02T14:34:56.544,2025-06-02T15:34:56.544,2025-06-02T14:34:57.255,0.000032,0.000032,ZWO ASI6200MM Pro,ZWO ASI6200MM Pro,100,10,0.246657639741898,1,1,-10.0,-4.1,3.76,3.76,40,66.2,52.2483888888889,-0.12325,NP101is,540.0,5.4,,,,,,,,,,,,,,,,,,,,,Starlight Xpress Filter Wheels,Ha,,,,,,,2000.0,N.I.N.A. 3.1.2.9001 (x64),_Date_2025-06-02_Time_15-34-56_Type_BIAS_Filter_Ha_Exposure_0.00s_HFR_px_FWHM_0.00_Frame_0005.xisf,1,,
BIAS,2025-06-02T14:35:03.999,2025-06-02T15:35:03.999,2025-06-02T14:35:04.687,0.000032,0.000032,ZWO ASI6200MM Pro,ZWO ASI6200MM Pro,100,10,0.246657639741898,1,1,-10.0,-4.0,3.76,3.76,40,66.2,52.2483888888889,-0.12325,NP101is,540.0,5.4,,,,,,,,,,,,,,,,,,,,,Starlight Xpress Filter Wheels,Ha,,,,,,,2000.0,N.I.N.A. 3.1.2.9001 (x64),_Date_2025-06-02_Time_15-35-03_Type_BIAS_Filter_Ha_Exposure_0.00s_HFR_px_FWHM_0.00_Frame_0010.xisf,1,,
BIAS,2025-06-02T14:35:26.654,2025-06-02T15:35:26.654,2025-06-02T14:35:27.387,0.000032,0.000032,ZWO ASI6200MM Pro,ZWO ASI6200MM Pro,100,10,0.246657639741898,1,1,-10.0,-3.6,3.76,3.76,40,66.2,52.2483888888889,-0.12325,NP101is,540.0,5.4,,,,,,,,,,,,,,,,,,,,,Starlight Xpress Filter Wheels,Ha,,,,,,,2000.0,N.I.N.A. 3.1.2.9001 (x64),_Date_2025-06-02_Time_15-35-26_Type_BIAS_Filter_Ha_Exposure_0.00s_HFR_px_FWHM_0.00_Frame_0025.xisf,1,,
BIAS,2025-06-02T14:35:22.111,2025-06-02T15:35:22.111,2025-06-02T14:35:22.823,0.000032,0.000032,ZWO ASI6200MM Pro,ZWO ASI6200MM Pro,100,10,0.246657639741898,1,1,-10.0,-3.8,3.76,3.76,40,66.2,52.2483888888889,-0.12325,NP101is,540.0,5.4,,,,,,,,,,,,,,,,,,,,,Starlight Xpress Filter Wheels,Ha,,,,,,,2000.0,N.I.N.A. 3.1.2.9001 (x64),_Date_2025-06-02_Time_15-35-22_Type_BIAS_Filter_Ha_Exposure_0.00s_HFR_px_FWHM_0.00_Frame_0022.xisf,1,,
BIAS,2025-06-02T14:35:25.131,2025-06-02T15:35:25.131,2025-06-02T14:35:25.865,0.000032,0.000032,ZWO ASI6200MM Pro,ZWO ASI6200MM Pro,100,10,0.246657639741898,1,1,-10.0,-3.7,3.76,3.76,40,66.2,52.2483888888889,-0.12325,NP101is,540.0,5.4,,,,,,,,,,,,,,,,,,,,,Starlight Xpress Filter Wheels,Ha,,,,,,,2000.0,N.I.N.A. 3.1.2.9001 (x64),_Date_2025-06-02_Time_15-35-25_Type_BIAS_Filter_Ha_Exposure_0.00s_HFR_px_FWHM_0.00_Frame_0024.xisf,1,,
BIAS,2025-06-02T14:35:29.720,2025-06-02T15:35:29.720,2025-06-02T14:35:30.429,0.000032,0.000032,ZWO ASI6200MM Pro,ZWO ASI6200MM Pro,100,10,0.246657639741898,1,1,-10.0,-3.6,3.76,3.76,40,66.2,52.2483888888889,-0.12325,NP101is,540.0,5.4,,,,,,,,,,,,,,,,,,,,,Starlight Xpress Filter Wheels,Ha,,,,,,,2000.0,N.I.N.A. 3.1.2.9001 (x64),_Date_2025-06-02_Time_15-35-29_Type_BIAS_Filter_Ha_Exposure_0.00s_HFR_px_FWHM_0.00_Frame_0027.xisf,1,,
BIAS,2025-06-02T14:35:28.203,2025-06-02T15:35:28.203,2025-06-02T14:35:28.921,0.000032,0.000032,ZWO ASI6200MM Pro,ZWO ASI6200MM Pro,100,10,0.246657639741898,1,1,-10.0,-3.6,3.76,3.76,40,66.2,52.2483888888889,-0.12325,NP101is,540.0,5.4,,,,,,,,,,,,,,,,,,,,,Starlight Xpress Filter Wheels,Ha,,,,,,,2000.0,N.I.N.A. 3.1.2.9001 (x64),_Date_2025-06-02_Time_15-35-28_Type_BIAS_Filter_Ha_Exposure_0.00s_HFR_px_FWHM_0.00_Frame_0026.xisf,1,,
BIAS,2025-06-02T14:35:37.273,2025-06-02T15:35:37.273,2025-06-02T14:35:37.972,0.000032,0.000032,ZWO ASI6200MM Pro,ZWO ASI6200MM Pro,100,10,0.246657639741898,1,1,-10.0,-3.5,3.76,3.76,40,66.2,52.2483888888889,-0.12325,NP101is,540.0,5.4,,,,,,,,,,,,,,,,,,,,,Starlight Xpress Filter Wheels,Ha,,,,,,,2000.0,N.I.N.A. 3.1.2.9001 (x64),_Date_2025-06-02_Time_15-35-37_Type_BIAS_Filter_Ha_Exposure_0.00s_HFR_px_FWHM_0.00_Frame_0032.xisf,1,,
BIAS,2025-06-02T14:35:34.249,2025-06-02T15:35:34.249,2025-06-02T14:35:34.960,0.000032,0.000032,ZWO ASI6200MM Pro,ZWO ASI6200MM Pro,100,10,0.246657639741898,1,1,-10.0,-3.6,3.76,3.76,40,66.2,52.2483888888889,-0.12325,NP101is,540.0,5.4,,,,,,,,,,,,,,,,,,,,,Starlight Xpress Filter Wheels,Ha,,,,,,,2000.0,N.I.N.A. 3.1.2.9001 (x64),_Date_2025-06-02_Time_15-35-34_Type_BIAS_Filter_Ha_Exposure_0.00s_HFR_px_FWHM_0.00_Frame_0030.xisf,1,,
BIAS,2025-06-02T14:35:23.618,2025-06-02T15:35:23.618,2025-06-02T14:35:24.335,0.000032,0.000032,ZWO ASI6200MM Pro,ZWO ASI6200MM Pro,100,10,0.246657639741898,1,1,-10.0,-3.7,3.76,3.76,40,66.2,52.2483888888889,-0.12325,NP101is,540.0,5.4,,,,,,,,,,,,,,,,,,,,,Starlight Xpress Filter Wheels,Ha,,,,,,,2000.0,N.I.N.A. 3.1.2.9001 (x64),_Date_2025-06-02_Time_15-35-23_Type_BIAS_Filter_Ha_Exposure_0.00s_HFR_px_FWHM_0.00_Frame_0023.xisf,1,,
BIAS,2025-06-02T14:35:31.237,2025-06-02T15:35:31.237,2025-06-02T14:35:31.957,0.000032,0.000032,ZWO ASI6200MM Pro,ZWO ASI6200MM Pro,100,10,0.246657639741898,1,1,-10.0,-3.6,3.76,3.76,40,66.2,52.2483888888889,-0.12325,NP101is,540.0,5.4,,,,,,,,,,,,,,,,,,,,,Starlight Xpress Filter Wheels,Ha,,,,,,,2000.0,N.I.N.A. 3.1.2.9001 (x64),_Date_2025-06-02_Time_15-35-31_Type_BIAS_Filter_Ha_Exposure_0.00s_HFR_px_FWHM_0.00_Frame_0028.xisf,1,,
BIAS,2025-06-02T14:35:38.754,2025-06-02T15:35:38.754,2025-06-02T14:35:39.467,0.000032,0.000032,ZWO ASI6200MM Pro,ZWO ASI6200MM Pro,100,10,0.246657639741898,1,1,-10.0,-3.5,3.76,3.76,40,66.2,52.2483888888889,-0.12325,NP101is,540.0,5.4,,,,,,,,,,,,,,,,,,,,,Starlight Xpress Filter Wheels,Ha,,,,,,,2000.0,N.I.N.A. 3.1.2.9001 (x64),_Date_2025-06-02_Time_15-35-38_Type_BIAS_Filter_Ha_Exposure_0.00s_HFR_px_FWHM_0.00_Frame_0033.xisf,1,,
BIAS,2025-06-02T14:35:40.263,2025-06-02T15:35:40.263,2025-06-02T14:35:41.000,0.000032,0.000032,ZWO ASI6200MM Pro,ZWO ASI6200MM Pro,100,10,0.246657639741898,1,1,-10.0,-3.5,3.76,3.76,40,66.2,52.2483888888889,-0.12325,NP101is,540.0,5.4,,,,,,,,,,,,,,,,,,,,,Starlight Xpress Filter Wheels,Ha,,,,,,,2000.0,N.I.N.A. 3.1.2.9001 (x64),_Date_2025-06-02_Time_15-35-40_Type_BIAS_Filter_Ha_Exposure_0.00s_HFR_px_FWHM_0.00_Frame_0034.xisf,1,,
BIAS,2025-06-02T14:35:32.758,2025-06-02T15:35:32.758,2025-06-02T14:35:33.464,0.000032,0.000032,ZWO ASI6200MM Pro,ZWO ASI6200MM Pro,100,10,0.246657639741898,1,1,-10.0,-3.6,3.76,3.76,40,66.2,52.2483888888889,-0.12325,NP101is,540.0,5.4,,,,,,,,,,,,,,,,,,,,,Starlight Xpress Filter Wheels,Ha,,,,,,,2000.0,N.I.N.A. 3.1.2.9001 (x64),_Date_2025-06-02_Time_15-35-32_Type_BIAS_Filter_Ha_Exposure_0.00s_HFR_px_FWHM_0.00_Frame_0029.xisf,1,,
BIAS,2025-06-02T14:35:35.753,2025-06-02T15:35:35.753,2025-06-02T14:35:36.469,0.000032,0.000032,ZWO ASI6200MM Pro,ZWO ASI6200MM Pro,100,10,0.246657639741898,1,1,-10.0,-3.6,3.76,3.76,40,66.2,52.2483888888889,-0.12325,NP101is,540.0,5.4,,,,,,,,,,,,,,,,,,,,,Starlight Xpress Filter Wheels,Ha,,,,,,,2000.0,N.I.N.A. 3.1.2.9001 (x64),_Date_2025-06-02_Time_15-35-35_Type_BIAS_Filter_Ha_Exposure_0.00s_HFR_px_FWHM_0.00_Frame_0031.xisf,1,,
BIAS,2025-06-02T14:35:41.817,2025-06-02T15:35:41.817,2025-06-02T14:35:42.535,0.000032,0.000032,ZWO ASI6200MM Pro,ZWO ASI6200MM Pro,100,10,0.246657639741898,1,1,-10.0,-3.5,3.76,3.76,40,66.2,52.2483888888889,-0.12325,NP101is,540.0,5.4,,,,,,,,,,,,,,,,,,,,,Starlight Xpress Filter Wheels,Ha,,,,,,,2000.0,N.I.N.A. 3.1.2.9001 (x64),_Date_2025-06-02_Time_15-35-41_Type_BIAS_Filter_Ha_Exposure_0.00s_HFR_px_FWHM_0.00_Frame_0035.xisf,1,,
BIAS,2025-06-02T14:35:43.333,2025-06-02T15:35:43.333,2025-06-02T14:35:44.022,0.000032,0.000032,ZWO ASI6200MM Pro,ZWO ASI6200MM Pro,100,10,0.246657639741898,1,1,-10.0,-3.5,3.76,3.76,40,66.2,52.2483888888889,-0.12325,NP101is,540.0,5.4,,,,,,,,,,,,,,,,,,,,,Starlight Xpress Filter Wheels,Ha,,,,,,,2000.0,N.I.N.A. 3.1.2.9001 (x64),_Date_2025-06-02_Time_15-35-43_Type_BIAS_Filter_Ha_Exposure_0.00s_HFR_px_FWHM_0.00_Frame_0036.xisf,1,,
BIAS,2025-06-02T14:35:44.819,2025-06-02T15:35:44.819,2025-06-02T14:35:45.534,0.000032,0.000032,ZWO ASI6200MM Pro,ZWO ASI6200MM Pro,100,10,0.246657639741898,1,1,-10.0,-3.5,3.76,3.76,40,66.2,52.2483888888889,-0.12325,NP101is,540.0,5.4,,,,,,,,,,,,,,,,,,,,,Starlight Xpress Filter Wheels,Ha,,,,,,,2000.0,N.I.N.A. 3.1.2.9001 (x64),_Date_2025-06-02_Time_15-35-44_Type_BIAS_Filter_Ha_Exposure_0.00s_HFR_px_FWHM_0.00_Frame_0037.xisf,1,,
BIAS,2025-06-02T14:35:49.377,2025-06-02T15:35:49.377,2025-06-02T14:35:50.091,0.000032,0.000032,ZWO ASI6200MM Pro,ZWO ASI6200MM Pro,100,10,0.246657639741898,1,1,-10.0,-3.4,3.76,3.76,40,66.2,52.2483888888889,-0.12325,NP101is,540.0,5.4,,,,,,,,,,,,,,,,,,,,,Starlight Xpress Filter Wheels,Ha,,,,,,,2000.0,N.I.N.A. 3.1.2.9001 (x64),_Date_2025-06-02_Time_15-35-49_Type_BIAS_Filter_Ha_Exposure_0.00s_HFR_px_FWHM_0.00_Frame_0040.xisf,1,,
BIAS,2025-06-02T14:35:46.332,2025-06-02T15:35:46.332,2025-06-02T14:35:47.069,0.000032,0.000032,ZWO ASI6200MM Pro,ZWO ASI6200MM Pro,100,10,0.246657639741898,1,1,-10.0,-3.5,3.76,3.76,40,66.2,52.2483888888889,-0.12325,NP101is,540.0,5.4,,,,,,,,,,,,,,,,,,,,,Starlight Xpress Filter Wheels,Ha,,,,,,,2000.0,N.I.N.A. 3.1.2.9001 (x64),_Date_2025-06-02_Time_15-35-46_Type_BIAS_Filter_Ha_Exposure_0.00s_HFR_px_FWHM_0.00_Frame_0038.xisf,1,,
BIAS,2025-06-02T14:35:55.370,2025-06-02T15:35:55.370,2025-06-02T14:35:56.059,0.000032,0.000032,ZWO ASI6200MM Pro,ZWO ASI6200MM Pro,100,10,0.246657639741898,1,1,-10.0,-3.3,3.76,3.76,40,66.2,52.2483888888889,-0.12325,NP101is,540.0,5.4,,,,,,,,,,,,,,,,,,,,,Starlight Xpress Filter Wheels,Ha,,,,,,,2000.0,N.I.N.A. 3.1.2.9001 (x64),_Date_2025-06-02_Time_15-35-55_Type_BIAS_Filter_Ha_Exposure_0.00s_HFR_px_FWHM_0.00_Frame_0044.xisf,1,,
BIAS,2025-06-02T14:35:47.901,2025-06-02T15:35:47.901,2025-06-02T14:35:48.600,0.000032,0.000032,ZWO ASI6200MM Pro,ZWO ASI6200MM Pro,100,10,0.246657639741898,1,1,-10.0,-3.4,3.76,3.76,40,66.2,52.2483888888889,-0.12325,NP101is,540.0,5.4,,,,,,,,,,,,,,,,,,,,,Starlight Xpress Filter Wheels,Ha,,,,,,,2000.0,N.I.N.A. 3.1.2.9001 (x64),_Date_2025-06-02_Time_15-35-47_Type_BIAS_Filter_Ha_Exposure_0.00s_HFR_px_FWHM_0.00_Frame_0039.xisf,1,,
BIAS,2025-06-02T14:36:04.462,2025-06-02T15:36:04.462,2025-06-02T14:36:05.183,0.000032,0.000032,ZWO ASI6200MM Pro,ZWO ASI6200MM Pro,100,10,0.246657639741898,1,1,-10.0,-3.3,3.76,3.76,40,66.2,52.2483888888889,-0.12325,NP101is,540.0,5.4,,,,,,,,,,,,,,,,,,,,,Starlight Xpress Filter Wheels,Ha,,,,,,,2000.0,N.I.N.A. 3.1.2.9001 (x64),_Date_2025-06-02_Time_15-36-04_Type_BIAS_Filter_Ha_Exposure_0.00s_HFR_px_FWHM_0.00_Frame_0050.xisf,1,,
BIAS,2025-06-02T14:35:56.835,2025-06-02T15:35:56.835,2025-06-02T14:35:57.552,0.000032,0.000032,ZWO ASI6200MM Pro,ZWO ASI6200MM Pro,100,10,0.246657639741898,1,1,-10.0,-3.3,3.76,3.76,40,66.2,52.2483888888889,-0.12325,NP101is,540.0,5.4,,,,,,,,,,,,,,,,,,,,,Starlight Xpress Filter Wheels,Ha,,,,,,,2000.0,N.I.N.A. 3.1.2.9001 (x64),_Date_2025-06-02_Time_15-35-56_Type_BIAS_Filter_Ha_Exposure_0.00s_HFR_px_FWHM_0.00_Frame_0045.xisf,1,,
BIAS,2025-06-02T14:35:52.353,2025-06-02T15:35:52.353,2025-06-02T14:35:53.055,0.000032,0.000032,ZWO ASI6200MM Pro,ZWO ASI6200MM Pro,100,10,0.246657639741898,1,1,-10.0,-3.4,3.76,3.76,40,66.2,52.2483888888889,-0.12325,NP101is,540.0,5.4,,,,,,,,,,,,,,,,,,,,,Starlight Xpress Filter Wheels,Ha,,,,,,,2000.0,N.I.N.A. 3.1.2.9001 (x64),_Date_2025-06-02_Time_15-35-52_Type_BIAS_Filter_Ha_Exposure_0.00s_HFR_px_FWHM_0.00_Frame_0042.xisf,1,,
BIAS,2025-06-02T14:35:58.352,2025-06-02T15:35:58.352,2025-06-02T14:35:59.079,0.000032,0.000032,ZWO ASI6200MM Pro,ZWO ASI6200MM Pro,100,10,0.246657639741898,1,1,-10.0,-3.3,3.76,3.76,40,66.2,52.2483888888889,-0.12325,NP101is,540.0,5.4,,,,,,,,,,,,,,,,,,,,,Starlight Xpress Filter Wheels,Ha,,,,,,,2000.0,N.I.N.A. 3.1.2.9001 (x64),_Date_2025-06-02_Time_15-35-58_Type_BIAS_Filter_Ha_Exposure_0.00s_HFR_px_FWHM_0.00_Frame_0046.xisf,1,,
BIAS,2025-06-02T14:35:53.842,2025-06-02T15:35:53.842,2025-06-02T14:35:54.566,0.000032,0.000032,ZWO ASI6200MM Pro,ZWO ASI6200MM Pro,100,10,0.246657639741898,1,1,-10.0,-3.3,3.76,3.76,40,66.2,52.2483888888889,-0.12325,NP101is,540.0,5.4,,,,,,,,,,,,,,,,,,,,,Starlight Xpress Filter Wheels,Ha,,,,,,,2000.0,N.I.N.A. 3.1.2.9001 (x64),_Date_2025-06-02_Time_15-35-53_Type_BIAS_Filter_Ha_Exposure_0.00s_HFR_px_FWHM_0.00_Frame_0043.xisf,1,,
BIAS,2025-06-02T14:35:50.886,2025-06-02T15:35:50.886,2025-06-02T14:35:51.575,0.000032,0.000032,ZWO ASI6200MM Pro,ZWO ASI6200MM Pro,100,10,0.246657639741898,1,1,-10.0,-3.4,3.76,3.76,40,66.2,52.2483888888889,-0.12325,NP101is,540.0,5.4,,,,,,,,,,,,,,,,,,,,,Starlight Xpress Filter Wheels,Ha,,,,,,,2000.0,N.I.N.A. 3.1.2.9001 (x64),_Date_2025-06-02_Time_15-35-50_Type_BIAS_Filter_Ha_Exposure_0.00s_HFR_px_FWHM_0.00_Frame_0041.xisf,1,,
BIAS,2025-06-02T14:35:59.884,2025-06-02T15:35:59.884,2025-06-02T14:36:00.595,0.000032,0.000032,ZWO ASI6200MM Pro,ZWO ASI6200MM Pro,100,10,0.246657639741898,1,1,-10.0,-3.3,3.76,3.76,40,66.2,52.2483888888889,-0.12325,NP101is,540.0,5.4,,,,,,,,,,,,,,,,,,,,,Starlight Xpress Filter Wheels,Ha,,,,,,,2000.0,N.I.N.A. 3.1.2.9001 (x64),_Date_2025-06-02_Time_15-35-59_Type_BIAS_Filter_Ha_Exposure_0.00s_HFR_px_FWHM_0.00_Frame_0047.xisf,1,,
BIAS,2025-06-02T14:36:01.387,2025-06-02T15:36:01.387,2025-06-02T14:36:02.110,0.000032,0.000032,ZWO ASI6200MM Pro,ZWO ASI6200MM Pro,100,10,0.246657639741898,1,1,-10.0,-3.3,3.76,3.76,40,66.2,52.2483888888889,-0.12325,NP101is,540.0,5.4,,,,,,,,,,,,,,,,,,,,,Starlight Xpress Filter Wheels,Ha,,,,,,,2000.0,N.I.N.A. 3.1.2.9001 (x64),_Date_2025-06-02_Time_15-36-01_Type_BIAS_Filter_Ha_Exposure_0.00s_HFR_px_FWHM_0.00_Frame_0048.xisf,1,,
BIAS,2025-06-02T14:36:02.914,2025-06-02T15:36:02.914,2025-06-02T14:36:03.644,0.000032,0.000032,ZWO ASI6200MM Pro,ZWO ASI6200MM Pro,100,10,0.246657639741898,1,1,-10.0,-3.3,3.76,3.76,40,66.2,52.2483888888889,-0.12325,NP101is,540.0,5.4,,,,,,,,,,,,,,,,,,,,,Starlight Xpress Filter Wheels,Ha,,,,,,,2000.0,N.I.N.A. 3.1.2.9001 (x64),_Date_2025-06-02_Time_15-36-02_Type_BIAS_Filter_Ha_Exposure_0.00s_HFR_px_FWHM_0.00_Frame_0049.xisf,1,,
BIAS,2025-06-02T14:36:13.504,2025-06-02T15:36:13.504,2025-06-02T14:36:14.218,0.000032,0.000032,ZWO ASI6200MM Pro,ZWO ASI6200MM Pro,100,10,0.246657639741898,1,1,-10.0,-3.1,3.76,3.76,40,66.2,52.2483888888889,-0.12325,NP101is,540.0,5.4,,,,,,,,,,,,,,,,,,,,,Starlight Xpress Filter Wheels,Ha,,,,,,,2000.0,N.I.N.A. 3.1.2.9001 (x64),_Date_2025-06-02_Time_15-36-13_Type_BIAS_Filter_Ha_Exposure_0.00s_HFR_px_FWHM_0.00_Frame_0056.xisf,1,,
BIAS,2025-06-02T14:36:21.064,2025-06-02T15:36:21.064,2025-06-02T14:36:21.781,0.000032,0.000032,ZWO ASI6200MM Pro,ZWO ASI6200MM Pro,100,10,0.246657639741898,1,1,-10.0,-3.1,3.76,3.76,40,66.2,52.2483888888889,-0.12325,NP101is,540.0,5.4,,,,,,,,,,,,,,,,,,,,,Starlight Xpress Filter Wheels,Ha,,,,,,,2000.0,N.I.N.A. 3.1.2.9001 (x64),_Date_2025-06-02_Time_15-36-21_Type_BIAS_Filter_Ha_Exposure_0.00s_HFR_px_FWHM_0.00_Frame_0061.xisf,1,,
BIAS,2025-06-02T14:36:34.778,2025-06-02T15:36:34.778,2025-06-02T14:36:35.502,0.000032,0.000032,ZWO ASI6200MM Pro,ZWO ASI6200MM Pro,100,10,0.246657639741898,1,1,-10.0,-3.0,3.76,3.76,40,66.2,52.2483888888889,-0.12325,NP101is,540.0,5.4,,,,,,,,,,,,,,,,,,,,,Starlight Xpress Filter Wheels,Ha,,,,,,,2000.0,N.I.N.A. 3.1.2.9001 (x64),_Date_2025-06-02_Time_15-36-34_Type_BIAS_Filter_Ha_Exposure_0.00s_HFR_px_FWHM_0.00_Frame_0070.xisf,1,,
BIAS,2025-06-02T14:36:36.306,2025-06-02T15:36:36.306,2025-06-02T14:36:37.030,0.000032,0.000032,ZWO ASI6200MM Pro,ZWO ASI6200MM Pro,100,10,0.246657639741898,1,1,-10.0,-3.0,3.76,3.76,40,66.2,52.2483888888889,-0.12325,NP101is,540.0,5.4,,,,,,,,,,,,,,,,,,,,,Starlight Xpress Filter Wheels,Ha,,,,,,,2000.0,N.I.N.A. 3.1.2.9001 (x64),_Date_2025-06-02_Time_15-36-36_Type_BIAS_Filter_Ha_Exposure_0.00s_HFR_px_FWHM_0.00_Frame_0071.xisf,1,,
BIAS,2025-06-02T14:36:07.485,2025-06-02T15:36:07.485,2025-06-02T14:36:08.188,0.000032,0.000032,ZWO ASI6200MM Pro,ZWO ASI6200MM Pro,100,10,0.246657639741898,1,1,-10.0,-3.2,3.76,3.76,40,66.2,52.2483888888889,-0.12325,NP101is,540.0,5.4,,,,,,,,,,,,,,,,,,,,,Starlight Xpress Filter Wheels,Ha,,,,,,,2000.0,N.I.N.A. 3.1.2.9001 (x64),_Date_2025-06-02_Time_15-36-07_Type_BIAS_Filter_Ha_Exposure_0.00s_HFR_px_FWHM_0.00_Frame_0052.xisf,1,,
BIAS,2025-06-02T14:36:05.990,2025-06-02T15:36:05.990,2025-06-02T14:36:06.709,0.000032,0.000032,ZWO ASI6200MM Pro,ZWO ASI6200MM Pro,100,10,0.246657639741898,1,1,-10.0,-3.2,3.76,3.76,40,66.2,52.2483888888889,-0.12325,NP101is,540.0,5.4,,,,,,,,,,,,,,,,,,,,,Starlight Xpress Filter Wheels,Ha,,,,,,,2000.0,N.I.N.A. 3.1.2.9001 (x64),_Date_2025-06-02_Time_15-36-05_Type_BIAS_Filter_Ha_Exposure_0.00s_HFR_px_FWHM_0.00_Frame_0051.xisf,1,,
BIAS,2025-06-02T14:36:08.972,2025-06-02T15:36:08.972,2025-06-02T14:36:09.667,0.000032,0.000032,ZWO ASI6200MM Pro,ZWO ASI6200MM Pro,100,10,0.246657639741898,1,1,-10.0,-3.2,3.76,3.76,40,66.2,52.2483888888889,-0.12325,NP101is,540.0,5.4,,,,,,,,,,,,,,,,,,,,,Starlight Xpress Filter Wheels,Ha,,,,,,,2000.0,N.I.N.A. 3.1.2.9001 (x64),_Date_2025-06-02_Time_15-36-08_Type_BIAS_Filter_Ha_Exposure_0.00s_HFR_px_FWHM_0.00_Frame_0053.xisf,1,,
BIAS,2025-06-02T14:36:16.548,2025-06-02T15:36:16.548,2025-06-02T14:36:17.240,0.000032,0.000032,ZWO ASI6200MM Pro,ZWO ASI6200MM Pro,100,10,0.246657639741898,1,1,-10.0,-3.1,3.76,3.76,40,66.2,52.2483888888889,-0.12325,NP101is,540.0,5.4,,,,,,,,,,,,,,,,,,,,,Starlight Xpress Filter Wheels,Ha,,,,,,,2000.0,N.I.N.A. 3.1.2.9001 (x64),_Date_2025-06-02_Time_15-36-16_Type_BIAS_Filter_Ha_Exposure_0.00s_HFR_px_FWHM_0.00_Frame_0058.xisf,1,,
BIAS,2025-06-02T14:36:19.560,2025-06-02T15:36:19.560,2025-06-02T14:36:20.279,0.000032,0.000032,ZWO ASI6200MM Pro,ZWO ASI6200MM Pro,100,10,0.246657639741898,1,1,-10.0,-3.1,3.76,3.76,40,66.2,52.2483888888889,-0.12325,NP101is,540.0,5.4,,,,,,,,,,,,,,,,,,,,,Starlight Xpress Filter Wheels,Ha,,,,,,,2000.0,N.I.N.A. 3.1.2.9001 (x64),_Date_2025-06-02_Time_15-36-19_Type_BIAS_Filter_Ha_Exposure_0.00s_HFR_px_FWHM_0.00_Frame_0060.xisf,1,,
BIAS,2025-06-02T14:36:11.977,2025-06-02T15:36:11.977,2025-06-02T14:36:12.699,0.000032,0.000032,ZWO ASI6200MM Pro,ZWO ASI6200MM Pro,100,10,0.246657639741898,1,1,-10.0,-3.2,3.76,3.76,40,66.2,52.2483888888889,-0.12325,NP101is,540.0,5.4,,,,,,,,,,,,,,,,,,,,,Starlight Xpress Filter Wheels,Ha,,,,,,,2000.0,N.I.N.A. 3.1.2.9001 (x64),_Date_2025-06-02_Time_15-36-11_Type_BIAS_Filter_Ha_Exposure_0.00s_HFR_px_FWHM_0.00_Frame_0055.xisf,1,,
BIAS,2025-06-02T14:36:18.018,2025-06-02T15:36:18.018,2025-06-02T14:36:18.749,0.000032,0.000032,ZWO ASI6200MM Pro,ZWO ASI6200MM Pro,100,10,0.246657639741898,1,1,-10.0,-3.1,3.76,3.76,40,66.2,52.2483888888889,-0.12325,NP101is,540.0,5.4,,,,,,,,,,,,,,,,,,,,,Starlight Xpress Filter Wheels,Ha,,,,,,,2000.0,N.I.N.A. 3.1.2.9001 (x64),_Date_2025-06-02_Time_15-36-18_Type_BIAS_Filter_Ha_Exposure_0.00s_HFR_px_FWHM_0.00_Frame_0059.xisf,1,,
BIAS,2025-06-02T14:36:22.574,2025-06-02T15:36:22.574,2025-06-02T14:36:23.277,0.000032,0.000032,ZWO ASI6200MM Pro,ZWO ASI6200MM Pro,100,10,0.246657639741898,1,1,-10.0,-3.1,3.76,3.76,40,66.2,52.2483888888889,-0.12325,NP101is,540.0,5.4,,,,,,,,,,,,,,,,,,,,,Starlight Xpress Filter Wheels,Ha,,,,,,,2000.0,N.I.N.A. 3.1.2.9001 (x64),_Date_2025-06-02_Time_15-36-22_Type_BIAS_Filter_Ha_Exposure_0.00s_HFR_px_FWHM_0.00_Frame_0062.xisf,1,,
BIAS,2025-06-02T14:36:24.060,2025-06-02T15:36:24.060,2025-06-02T14:36:24.797,0.000032,0.000032,ZWO ASI6200MM Pro,ZWO ASI6200MM Pro,100,10,0.246657639741898,1,1,-10.0,-3.1,3.76,3.76,40,66.2,52.2483888888889,-0.12325,NP101is,540.0,5.4,,,,,,,,,,,,,,,,,,,,,Starlight Xpress Filter Wheels,Ha,,,,,,,2000.0,N.I.N.A. 3.1.2.9001 (x64),_Date_2025-06-02_Time_15-36-24_Type_BIAS_Filter_Ha_Exposure_0.00s_HFR_px_FWHM_0.00_Frame_0063.xisf,1,,
BIAS,2025-06-02T14:36:30.197,2025-06-02T15:36:30.197,2025-06-02T14:36:30.920,0.000032,0.000032,ZWO ASI6200MM Pro,ZWO ASI6200MM Pro,100,10,0.246657639741898,1,1,-10.0,-3.0,3.76,3.76,40,66.2,52.2483888888889,-0.12325,NP101is,540.0,5.4,,,,,,,,,,,,,,,,,,,,,Starlight Xpress Filter Wheels,Ha,,,,,,,2000.0,N.I.N.A. 3.1.2.9001 (x64),_Date_2025-06-02_Time_15-36-30_Type_BIAS_Filter_Ha_Exposure_0.00s_HFR_px_FWHM_0.00_Frame_0067.xisf,1,,
BIAS,2025-06-02T14:36:27.145,2025-06-02T15:36:27.145,2025-06-02T14:36:27.890,0.000032,0.000032,ZWO ASI6200MM Pro,ZWO ASI6200MM Pro,100,10,0.246657639741898,1,1,-10.0,-3.1,3.76,3.76,40,66.2,52.2483888888889,-0.12325,NP101is,540.0,5.4,,,,,,,,,,,,,,,,,,,,,Starlight Xpress Filter Wheels,Ha,,,,,,,2000.0,N.I.N.A. 3.1.2.9001 (x64),_Date_2025-06-02_Time_15-36-27_Type_BIAS_Filter_Ha_Exposure_0.00s_HFR_px_FWHM_0.00_Frame_0065.xisf,1,,
BIAS,2025-06-02T14:36:25.613,2025-06-02T15:36:25.613,2025-06-02T14:36:26.338,0.000032,0.000032,ZWO ASI6200MM Pro,ZWO ASI6200MM Pro,100,10,0.246657639741898,1,1,-10.0,-3.1,3.76,3.76,40,66.2,52.2483888888889,-0.12325,NP101is,540.0,5.4,,,,,,,,,,,,,,,,,,,,,Starlight Xpress Filter Wheels,Ha,,,,,,,2000.0,N.I.N.A. 3.1.2.9001 (x64),_Date_2025-06-02_Time_15-36-25_Type_BIAS_Filter_Ha_Exposure_0.00s_HFR_px_FWHM_0.00_Frame_0064.xisf,1,,
BIAS,2025-06-02T14:36:28.695,2025-06-02T15:36:28.695,2025-06-02T14:36:29.406,0.000032,0.000032,ZWO ASI6200MM Pro,ZWO ASI6200MM Pro,100,10,0.246657639741898,1,1,-10.0,-3.0,3.76,3.76,40,66.2,52.2483888888889,-0.12325,NP101is,540.0,5.4,,,,,,,,,,,,,,,,,,,,,Starlight Xpress Filter Wheels,Ha,,,,,,,2000.0,N.I.N.A. 3.1.2.9001 (x64),_Date_2025-06-02_Time_15-36-28_Type_BIAS_Filter_Ha_Exposure_0.00s_HFR_px_FWHM_0.00_Frame_0066.xisf,1,,
BIAS,2025-06-02T14:36:31.723,2025-06-02T15:36:31.723,2025-06-02T14:36:32.441,0.000032,0.000032,ZWO ASI6200MM Pro,ZWO ASI6200MM Pro,100,10,0.246657639741898,1,1,-10.0,-3.0,3.76,3.76,40,66.2,52.2483888888889,-0.12325,NP101is,540.0,5.4,,,,,,,,,,,,,,,,,,,,,Starlight Xpress Filter Wheels,Ha,,,,,,,2000.0,N.I.N.A. 3.1.2.9001 (x64),_Date_2025-06-02_Time_15-36-31_Type_BIAS_Filter_Ha_Exposure_0.00s_HFR_px_FWHM_0.00_Frame_0068.xisf,1,,
BIAS,2025-06-02T14:36:33.245,2025-06-02T15:36:33.245,2025-06-02T14:36:33.971,0.000032,0.000032,ZWO ASI6200MM Pro,ZWO ASI6200MM Pro,100,10,0.246657639741898,1,1,-10.0,-3.0,3.76,3.76,40,66.2,52.2483888888889,-0.12325,NP101is,540.0,5.4,,,,,,,,,,,,,,,,,,,,,Starlight Xpress Filter Wheels,Ha,,,,,,,2000.0,N.I.N.A. 3.1.2.9001 (x64),_Date_2025-06-02_Time_15-36-33_Type_BIAS_Filter_Ha_Exposure_0.00s_HFR_px_FWHM_0.00_Frame_0069.xisf,1,,
BIAS,2025-06-02T14:36:15.011,2025-06-02T15:36:15.011,2025-06-02T14:36:15.736,0.000032,0.000032,ZWO ASI6200MM Pro,ZWO ASI6200MM Pro,100,10,0.246657639741898,1,1,-10.0,-3.1,3.76,3.76,40,66.2,52.2483888888889,-0.12325,NP101is,540.0,5.4,,,,,,,,,,,,,,,,,,,,,Starlight Xpress Filter Wheels,Ha,,,,,,,2000.0,N.I.N.A. 3.1.2.9001 (x64),_Date_2025-06-02_Time_15-36-15_Type_BIAS_Filter_Ha_Exposure_0.00s_HFR_px_FWHM_0.00_Frame_0057.xisf,1,,
BIAS,2025-06-02T14:36:10.442,2025-06-02T15:36:10.442,2025-06-02T14:36:11.169,0.000032,0.000032,ZWO ASI6200MM Pro,ZWO ASI6200MM Pro,100,10,0.246657639741898,1,1,-10.0,-3.2,3.76,3.76,40,66.2,52.2483888888889,-0.12325,NP101is,540.0,5.4,,,,,,,,,,,,,,,,,,,,,Starlight Xpress Filter Wheels,Ha,,,,,,,2000.0,N.I.N.A. 3.1.2.9001 (x64),_Date_2025-06-02_Time_15-36-10_Type_BIAS_Filter_Ha_Exposure_0.00s_HFR_px_FWHM_0.00_Frame_0054.xisf,1,,
BIAS,2025-06-02T14:37:03.388,2025-06-02T15:37:03.388,2025-06-02T14:37:04.095,0.000032,0.000032,ZWO ASI6200MM Pro,ZWO ASI6200MM Pro,100,10,0.246657639741898,1,1,-10.0,-2.8,3.76,3.76,40,66.2,52.2483888888889,-0.12325,NP101is,540.0,5.4,,,,,,,,,,,,,,,,,,,,,Starlight Xpress Filter Wheels,Ha,,,,,,,2000.0,N.I.N.A. 3.1.2.9001 (x64),_Date_2025-06-02_Time_15-37-03_Type_BIAS_Filter_Ha_Exposure_0.00s_HFR_px_FWHM_0.00_Frame_0089.xisf,1,,
BIAS,2025-06-02T14:36:37.838,2025-06-02T15:36:37.838,2025-06-02T14:36:38.554,0.000032,0.000032,ZWO ASI6200MM Pro,ZWO ASI6200MM Pro,100,10,0.246657639741898,1,1,-10.0,-3.0,3.76,3.76,40,66.2,52.2483888888889,-0.12325,NP101is,540.0,5.4,,,,,,,,,,,,,,,,,,,,,Starlight Xpress Filter Wheels,Ha,,,,,,,2000.0,N.I.N.A. 3.1.2.9001 (x64),_Date_2025-06-02_Time_15-36-37_Type_BIAS_Filter_Ha_Exposure_0.00s_HFR_px_FWHM_0.00_Frame_0072.xisf,1,,
BIAS,2025-06-02T14:36:42.390,2025-06-02T15:36:42.390,2025-06-02T14:36:43.119,0.000032,0.000032,ZWO ASI6200MM Pro,ZWO ASI6200MM Pro,100,10,0.246657639741898,1,1,-10.0,-3.0,3.76,3.76,40,66.2,52.2483888888889,-0.12325,NP101is,540.0,5.4,,,,,,,,,,,,,,,,,,,,,Starlight Xpress Filter Wheels,Ha,,,,,,,2000.0,N.I.N.A. 3.1.2.9001 (x64),_Date_2025-06-02_Time_15-36-42_Type_BIAS_Filter_Ha_Exposure_0.00s_HFR_px_FWHM_0.00_Frame_0075.xisf,1,,
BIAS,2025-06-02T14:36:48.336,2025-06-02T15:36:48.336,2025-06-02T14:36:49.043,0.000032,0.000032,ZWO ASI6200MM Pro,ZWO ASI6200MM Pro,100,10,0.246657639741898,1,1,-10.0,-2.9,3.76,3.76,40,66.2,52.2483888888889,-0.12325,NP101is,540.0,5.4,,,,,,,,,,,,,,,,,,,,,Starlight Xpress Filter Wheels,Ha,,,,,,,2000.0,N.I.N.A. 3.1.2.9001 (x64),_Date_2025-06-02_Time_15-36-48_Type_BIAS_Filter_Ha_Exposure_0.00s_HFR_px_FWHM_0.00_Frame_0079.xisf,1,,
BIAS,2025-06-02T14:36:39.350,2025-06-02T15:36:39.350,2025-06-02T14:36:40.065,0.000032,0.000032,ZWO ASI6200MM Pro,ZWO ASI6200MM Pro,100,10,0.246657639741898,1,1,-10.0,-3.0,3.76,3.76,40,66.2,52.2483888888889,-0.12325,NP101is,540.0,5.4,,,,,,,,,,,,,,,,,,,,,Starlight Xpress Filter Wheels,Ha,,,,,,,2000.0,N.I.N.A. 3.1.2.9001 (x64),_Date_2025-06-02_Time_15-36-39_Type_BIAS_Filter_Ha_Exposure_0.00s_HFR_px_FWHM_0.00_Frame_0073.xisf,1,,
BIAS,2025-06-02T14:36:46.869,2025-06-02T15:36:46.869,2025-06-02T14:36:47.562,0.000032,0.000032,ZWO ASI6200MM Pro,ZWO ASI6200MM Pro,100,10,0.246657639741898,1,1,-10.0,-3.0,3.76,3.76,40,66.2,52.2483888888889,-0.12325,NP101is,540.0,5.4,,,,,,,,,,,,,,,,,,,,,Starlight Xpress Filter Wheels,Ha,,,,,,,2000.0,N.I.N.A. 3.1.2.9001 (x64),_Date_2025-06-02_Time_15-36-46_Type_BIAS_Filter_Ha_Exposure_0.00s_HFR_px_FWHM_0.00_Frame_0078.xisf,1,,
BIAS,2025-06-02T14:36:51.356,2025-06-02T15:36:51.356,2025-06-02T14:36:52.042,0.000032,0.000032,ZWO ASI6200MM Pro,ZWO ASI6200MM Pro,100,10,0.246657639741898,1,1,-10.0,-2.9,3.76,3.76,40,66.2,52.2483888888889,-0.12325,NP101is,540.0,5.4,,,,,,,,,,,,,,,,,,,,,Starlight Xpress Filter Wheels,Ha,,,,,,,2000.0,N.I.N.A. 3.1.2.9001 (x64),_Date_2025-06-02_Time_15-36-51_Type_BIAS_Filter_Ha_Exposure_0.00s_HFR_px_FWHM_0.00_Frame_0081.xisf,1,,
BIAS,2025-06-02T14:36:43.927,2025-06-02T15:36:43.927,2025-06-02T14:36:44.617,0.000032,0.000032,ZWO ASI6200MM Pro,ZWO ASI6200MM Pro,100,10,0.246657639741898,1,1,-10.0,-3.0,3.76,3.76,40,66.2,52.2483888888889,-0.12325,NP101is,540.0,5.4,,,,,,,,,,,,,,,,,,,,,Starlight Xpress Filter Wheels,Ha,,,,,,,2000.0,N.I.N.A. 3.1.2.9001 (x64),_Date_2025-06-02_Time_15-36-43_Type_BIAS_Filter_Ha_Exposure_0.00s_HFR_px_FWHM_0.00_Frame_0076.xisf,1,,
BIAS,2025-06-02T14:36:45.391,2025-06-02T15:36:45.391,2025-06-02T14:36:46.090,0.000032,0.000032,ZWO ASI6200MM Pro,ZWO ASI6200MM Pro,100,10,0.246657639741898,1,1,-10.0,-3.0,3.76,3.76,40,66.2,52.2483888888889,-0.12325,NP101is,540.0,5.4,,,,,,,,,,,,,,,,,,,,,Starlight Xpress Filter Wheels,Ha,,,,,,,2000.0,N.I.N.A. 3.1.2.9001 (x64),_Date_2025-06-02_Time_15-36-45_Type_BIAS_Filter_Ha_Exposure_0.00s_HFR_px_FWHM_0.00_Frame_0077.xisf,1,,
BIAS,2025-06-02T14:36:49.838,2025-06-02T15:36:49.838,2025-06-02T14:36:50.554,0.000032,0.000032,ZWO ASI6200MM Pro,ZWO ASI6200MM Pro,100,10,0.246657639741898,1,1,-10.0,-2.9,3.76,3.76,40,66.2,52.2483888888889,-0.12325,NP101is,540.0,5.4,,,,,,,,,,,,,,,,,,,,,Starlight Xpress Filter Wheels,Ha,,,,,,,2000.0,N.I.N.A. 3.1.2.9001 (x64),_Date_2025-06-02_Time_15-36-49_Type_BIAS_Filter_Ha_Exposure_0.00s_HFR_px_FWHM_0.00_Frame_0080.xisf,1,,
BIAS,2025-06-02T14:36:52.820,2025-06-02T15:36:52.820,2025-06-02T14:36:53.546,0.000032,0.000032,ZWO ASI6200MM Pro,ZWO ASI6200MM Pro,100,10,0.246657639741898,1,1,-10.0,-2.9,3.76,3.76,40,66.2,52.2483888888889,-0.12325,NP101is,540.0,5.4,,,,,,,,,,,,,,,,,,,,,Starlight Xpress Filter Wheels,Ha,,,,,,,2000.0,N.I.N.A. 3.1.2.9001 (x64),_Date_2025-06-02_Time_15-36-52_Type_BIAS_Filter_Ha_Exposure_0.00s_HFR_px_FWHM_0.00_Frame_0082.xisf,1,,
BIAS,2025-06-02T14:36:57.323,2025-06-02T15:36:57.323,2025-06-02T14:36:58.040,0.000032,0.000032,ZWO ASI6200MM Pro,ZWO ASI6200MM Pro,100,10,0.246657639741898,1,1,-10.0,-2.8,3.76,3.76,40,66.2,52.2483888888889,-0.12325,NP101is,540.0,5.4,,,,,,,,,,,,,,,,,,,,,Starlight Xpress Filter Wheels,Ha,,,,,,,2000.0,N.I.N.A. 3.1.2.9001 (x64),_Date_2025-06-02_Time_15-36-57_Type_BIAS_Filter_Ha_Exposure_0.00s_HFR_px_FWHM_0.00_Frame_0085.xisf,1,,
BIAS,2025-06-02T14:36:54.353,2025-06-02T15:36:54.353,2025-06-02T14:36:55.055,0.000032,0.000032,ZWO ASI6200MM Pro,ZWO ASI6200MM Pro,100,10,0.246657639741898,1,1,-10.0,-2.9,3.76,3.76,40,66.2,52.2483888888889,-0.12325,NP101is,540.0,5.4,,,,,,,,,,,,,,,,,,,,,Starlight Xpress Filter Wheels,Ha,,,,,,,2000.0,N.I.N.A. 3.1.2.9001 (x64),_Date_2025-06-02_Time_15-36-54_Type_BIAS_Filter_Ha_Exposure_0.00s_HFR_px_FWHM_0.00_Frame_0083.xisf,1,,
BIAS,2025-06-02T14:36:55.834,2025-06-02T15:36:55.834,2025-06-02T14:36:56.540,0.000032,0.000032,ZWO ASI6200MM Pro,ZWO ASI6200MM Pro,100,10,0.246657639741898,1,1,-10.0,-2.8,3.76,3.76,40,66.2,52.2483888888889,-0.12325,NP101is,540.0,5.4,,,,,,,,,,,,,,,,,,,,,Starlight Xpress Filter Wheels,Ha,,,,,,,2000.0,N.I.N.A. 3.1.2.9001 (x64),_Date_2025-06-02_Time_15-36-55_Type_BIAS_Filter_Ha_Exposure_0.00s_HFR_px_FWHM_0.00_Frame_0084.xisf,1,,
FLAT,2025-05-21T09:14:58.969,2025-05-21T10:14:58.969,2025-05-21T09:15:00.111,1.14102,1.14102,ZWO ASI6200MM Pro,ZWO ASI6200MM Pro,100,10,0.246657639741898,1,1,-10.0,-10.9,3.76,3.76,40,66.2,52.2483888888889,-0.12325,NP101is,540.0,5.4,,,,,,,FlatWizard,,,0.0,FocusLynx Focuser 1,12302,12302,1.325,16.2,16.2,,,,,Starlight Xpress Filter Wheels,Ha,,,,,,,2000.0,N.I.N.A. 3.1.2.9001 (x64),FlatWizard_Date_2025-05-21_Time_10-14-58_Type_FLAT_Filter_Ha_Exposure_1.14s_HFR_px_FWHM_0.00_Frame_0006.xisf,1,,
BIAS,2025-06-02T14:37:00.399,2025-06-02T15:37:00.399,2025-06-02T14:37:01.094,0.000032,0.000032,ZWO ASI6200MM Pro,ZWO ASI6200MM Pro,100,10,0.246657639741898,1,1,-10.0,-2.8,3.76,3.76,40,66.2,52.2483888888889,-0.12325,NP101is,540.0,5.4,,,,,,,,,,,,,,,,,,,,,Starlight Xpress Filter Wheels,Ha,,,,,,,2000.0,N.I.N.A. 3.1.2.9001 (x64),_Date_2025-06-02_Time_15-37-00_Type_BIAS_Filter_Ha_Exposure_0.00s_HFR_px_FWHM_0.00_Frame_0087.xisf,1,,
BIAS,2025-06-02T14:37:04.897,2025-06-02T15:37:04.897,2025-06-02T14:37:05.610,0.000032,0.000032,ZWO ASI6200MM Pro,ZWO ASI6200MM Pro,100,10,0.246657639741898,1,1,-10.0,-2.8,3.76,3.76,40,66.2,52.2483888888889,-0.12325,NP101is,540.0,5.4,,,,,,,,,,,,,,,,,,,,,Starlight Xpress Filter Wheels,Ha,,,,,,,2000.0,N.I.N.A. 3.1.2.9001 (x64),_Date_2025-06-02_Time_15-37-04_Type_BIAS_Filter_Ha_Exposure_0.00s_HFR_px_FWHM_0.00_Frame_0090.xisf,1,,
BIAS,2025-06-02T14:37:01.870,2025-06-02T15:37:01.870,2025-06-02T14:37:02.590,0.000032,0.000032,ZWO ASI6200MM Pro,ZWO ASI6200MM Pro,100,10,0.246657639741898,1,1,-10.0,-2.8,3.76,3.76,40,66.2,52.2483888888889,-0.12325,NP101is,540.0,5.4,,,,,,,,,,,,,,,,,,,,,Starlight Xpress Filter Wheels,Ha,,,,,,,2000.0,N.I.N.A. 3.1.2.9001 (x64),_Date_2025-06-02_Time_15-37-01_Type_BIAS_Filter_Ha_Exposure_0.00s_HFR_px_FWHM_0.00_Frame_0088.xisf,1,,
BIAS,2025-06-02T14:37:12.482,2025-06-02T15:37:12.482,2025-06-02T14:37:13.210,0.000032,0.000032,ZWO ASI6200MM Pro,ZWO ASI6200MM Pro,100,10,0.246657639741898,1,1,-10.0,-2.8,3.76,3.76,40,66.2,52.2483888888889,-0.12325,NP101is,540.0,5.4,,,,,,,,,,,,,,,,,,,,,Starlight Xpress Filter Wheels,Ha,,,,,,,2000.0,N.I.N.A. 3.1.2.9001 (x64),_Date_2025-06-02_Time_15-37-12_Type_BIAS_Filter_Ha_Exposure_0.00s_HFR_px_FWHM_0.00_Frame_0095.xisf,1,,
BIAS,2025-06-02T14:36:40.862,2025-06-02T15:36:40.862,2025-06-02T14:36:41.585,0.000032,0.000032,ZWO ASI6200MM Pro,ZWO ASI6200MM Pro,100,10,0.246657639741898,1,1,-10.0,-3.0,3.76,3.76,40,66.2,52.2483888888889,-0.12325,NP101is,540.0,5.4,,,,,,,,,,,,,,,,,,,,,Starlight Xpress Filter Wheels,Ha,,,,,,,2000.0,N.I.N.A. 3.1.2.9001 (x64),_Date_2025-06-02_Time_15-36-40_Type_BIAS_Filter_Ha_Exposure_0.00s_HFR_px_FWHM_0.00_Frame_0074.xisf,1,,
BIAS,2025-06-02T14:37:07.897,2025-06-02T15:37:07.897,2025-06-02T14:37:08.615,0.000032,0.000032,ZWO ASI6200MM Pro,ZWO ASI6200MM Pro,100,10,0.246657639741898,1,1,-10.0,-2.8,3.76,3.76,40,66.2,52.2483888888889,-0.12325,NP101is,540.0,5.4,,,,,,,,,,,,,,,,,,,,,Starlight Xpress Filter Wheels,Ha,,,,,,,2000.0,N.I.N.A. 3.1.2.9001 (x64),_Date_2025-06-02_Time_15-37-07_Type_BIAS_Filter_Ha_Exposure_0.00s_HFR_px_FWHM_0.00_Frame_0092.xisf,1,,
BIAS,2025-06-02T14:37:06.412,2025-06-02T15:37:06.412,2025-06-02T14:37:07.114,0.000032,0.000032,ZWO ASI6200MM Pro,ZWO ASI6200MM Pro,100,10,0.246657639741898,1,1,-10.0,-2.8,3.76,3.76,40,66.2,52.2483888888889,-0.12325,NP101is,540.0,5.4,,,,,,,,,,,,,,,,,,,,,Starlight Xpress Filter Wheels,Ha,,,,,,,2000.0,N.I.N.A. 3.1.2.9001 (x64),_Date_2025-06-02_Time_15-37-06_Type_BIAS_Filter_Ha_Exposure_0.00s_HFR_px_FWHM_0.00_Frame_0091.xisf,1,,
BIAS,2025-06-02T14:37:17.034,2025-06-02T15:37:17.034,2025-06-02T14:37:17.741,0.000032,0.000032,ZWO ASI6200MM Pro,ZWO ASI6200MM Pro,100,10,0.246657639741898,1,1,-10.0,-2.8,3.76,3.76,40,66.2,52.2483888888889,-0.12325,NP101is,540.0,5.4,,,,,,,,,,,,,,,,,,,,,Starlight Xpress Filter Wheels,Ha,,,,,,,2000.0,N.I.N.A. 3.1.2.9001 (x64),_Date_2025-06-02_Time_15-37-17_Type_BIAS_Filter_Ha_Exposure_0.00s_HFR_px_FWHM_0.00_Frame_0098.xisf,1,,
BIAS,2025-06-02T14:37:14.017,2025-06-02T15:37:14.017,2025-06-02T14:37:14.741,0.000032,0.000032,ZWO ASI6200MM Pro,ZWO ASI6200MM Pro,100,10,0.246657639741898,1,1,-10.0,-2.8,3.76,3.76,40,66.2,52.2483888888889,-0.12325,NP101is,540.0,5.4,,,,,,,,,,,,,,,,,,,,,Starlight Xpress Filter Wheels,Ha,,,,,,,2000.0,N.I.N.A. 3.1.2.9001 (x64),_Date_2025-06-02_Time_15-37-14_Type_BIAS_Filter_Ha_Exposure_0.00s_HFR_px_FWHM_0.00_Frame_0096.xisf,1,,
BIAS,2025-06-02T14:37:18.529,2025-06-02T15:37:18.529,2025-06-02T14:37:19.243,0.000032,0.000032,ZWO ASI6200MM Pro,ZWO ASI6200MM Pro,100,10,0.246657639741898,1,1,-10.0,-2.7,3.76,3.76,40,66.2,52.2483888888889,-0.12325,NP101is,540.0,5.4,,,,,,,,,,,,,,,,,,,,,Starlight Xpress Filter Wheels,Ha,,,,,,,2000.0,N.I.N.A. 3.1.2.9001 (x64),_Date_2025-06-02_Time_15-37-18_Type_BIAS_Filter_Ha_Exposure_0.00s_HFR_px_FWHM_0.00_Frame_0099.xisf,1,,
BIAS,2025-06-02T14:37:09.391,2025-06-02T15:37:09.391,2025-06-02T14:37:10.087,0.000032,0.000032,ZWO ASI6200MM Pro,ZWO ASI6200MM Pro,100,10,0.246657639741898,1,1,-10.0,-2.8,3.76,3.76,40,66.2,52.2483888888889,-0.12325,NP101is,540.0,5.4,,,,,,,,,,,,,,,,,,,,,Starlight Xpress Filter Wheels,Ha,,,,,,,2000.0,N.I.N.A. 3.1.2.9001 (x64),_Date_2025-06-02_Time_15-37-09_Type_BIAS_Filter_Ha_Exposure_0.00s_HFR_px_FWHM_0.00_Frame_0093.xisf,1,,
BIAS,2025-06-02T14:37:10.953,2025-06-02T15:37:10.953,2025-06-02T14:37:11.676,0.000032,0.000032,ZWO ASI6200MM Pro,ZWO ASI6200MM Pro,100,10,0.246657639741898,1,1,-10.0,-2.8,3.76,3.76,40,66.2,52.2483888888889,-0.12325,NP101is,540.0,5.4,,,,,,,,,,,,,,,,,,,,,Starlight Xpress Filter Wheels,Ha,,,,,,,2000.0,N.I.N.A. 3.1.2.9001 (x64),_Date_2025-06-02_Time_15-37-10_Type_BIAS_Filter_Ha_Exposure_0.00s_HFR_px_FWHM_0.00_Frame_0094.xisf,1,,
BIAS,2025-06-02T14:37:15.552,2025-06-02T15:37:15.552,2025-06-02T14:37:16.252,0.000032,0.000032,ZWO ASI6200MM Pro,ZWO ASI6200MM Pro,100,10,0.246657639741898,1,1,-10.0,-2.8,3.76,3.76,40,66.2,52.2483888888889,-0.12325,NP101is,540.0,5.4,,,,,,,,,,,,,,,,,,,,,Starlight Xpress Filter Wheels,Ha,,,,,,,2000.0,N.I.N.A. 3.1.2.9001 (x64),_Date_2025-06-02_Time_15-37-15_Type_BIAS_Filter_Ha_Exposure_0.00s_HFR_px_FWHM_0.00_Frame_0097.xisf,1,,
FLAT,2025-05-21T09:15:27.080,2025-05-21T10:15:27.080,2025-05-21T09:15:28.233,1.14102,1.14102,ZWO ASI6200MM Pro,ZWO ASI6200MM Pro,100,10,0.246657639741898,1,1,-10.0,-10.9,3.76,3.76,40,66.2,52.2483888888889,-0.12325,NP101is,540.0,5.4,,,,,,,FlatWizard,,,0.0,FocusLynx Focuser 1,12302,12302,1.325,16.2,16.2,,,,,Starlight Xpress Filter Wheels,Ha,,,,,,,2000.0,N.I.N.A. 3.1.2.9001 (x64),FlatWizard_Date_2025-05-21_Time_10-15-27_Type_FLAT_Filter_Ha_Exposure_1.14s_HFR_px_FWHM_0.00_Frame_0018.xisf,1,,
FLAT,2025-05-21T09:14:43.800,2025-05-21T10:14:43.800,2025-05-21T09:14:44.928,1.14102,1.14102,ZWO ASI6200MM Pro,ZWO ASI6200MM Pro,100,10,0.246657639741898,1,1,-10.0,-10.8,3.76,3.76,40,66.2,52.2483888888889,-0.12325,NP101is,540.0,5.4,,,,,,,FlatWizard,,,0.0,FocusLynx Focuser 1,12302,12302,1.325,16.2,16.2,,,,,Starlight Xpress Filter Wheels,Ha,,,,,,,2000.0,N.I.N.A. 3.1.2.9001 (x64),FlatWizard_Date_2025-05-21_Time_10-14-43_Type_FLAT_Filter_Ha_Exposure_1.14s_HFR_px_FWHM_0.00_Frame_0000.xisf,1,,
FLAT,2025-05-21T09:14:51.993,2025-05-21T10:14:51.993,2025-05-21T09:14:53.132,1.14102,1.14102,ZWO ASI6200MM Pro,ZWO ASI6200MM Pro,100,10,0.246657639741898,1,1,-10.0,-10.9,3.76,3.76,40,66.2,52.2483888888889,-0.12325,NP101is,540.0,5.4,,,,,,,FlatWizard,,,0.0,FocusLynx Focuser 1,12302,12302,1.325,16.2,16.2,,,,,Starlight Xpress Filter Wheels,Ha,,,,,,,2000.0,N.I.N.A. 3.1.2.9001 (x64),FlatWizard_Date_2025-05-21_Time_10-14-51_Type_FLAT_Filter_Ha_Exposure_1.14s_HFR_px_FWHM_0.00_Frame_0003.xisf,1,,
FLAT,2025-05-21T09:14:56.655,2025-05-21T10:14:56.655,2025-05-21T09:14:57.781,1.14102,1.14102,ZWO ASI6200MM Pro,ZWO ASI6200MM Pro,100,10,0.246657639741898,1,1,-10.0,-10.9,3.76,3.76,40,66.2,52.2483888888889,-0.12325,NP101is,540.0,5.4,,,,,,,FlatWizard,,,0.0,FocusLynx Focuser 1,12302,12302,1.325,16.2,16.2,,,,,Starlight Xpress Filter Wheels,Ha,,,,,,,2000.0,N.I.N.A. 3.1.2.9001 (x64),FlatWizard_Date_2025-05-21_Time_10-14-56_Type_FLAT_Filter_Ha_Exposure_1.14s_HFR_px_FWHM_0.00_Frame_0005.xisf,1,,
FLAT,2025-05-21T09:14:49.639,2025-05-21T10:14:49.639,2025-05-21T09:14:50.773,1.14102,1.14102,ZWO ASI6200MM Pro,ZWO ASI6200MM Pro,100,10,0.246657639741898,1,1,-10.0,-10.9,3.76,3.76,40,66.2,52.2483888888889,-0.12325,NP101is,540.0,5.4,,,,,,,FlatWizard,,,0.0,FocusLynx Focuser 1,12302,12302,1.325,16.2,16.2,,,,,Starlight Xpress Filter Wheels,Ha,,,,,,,2000.0,N.I.N.A. 3.1.2.9001 (x64),FlatWizard_Date_2025-05-21_Time_10-14-49_Type_FLAT_Filter_Ha_Exposure_1.14s_HFR_px_FWHM_0.00_Frame_0002.xisf,1,,
FLAT,2025-05-21T09:14:54.327,2025-05-21T10:14:54.327,2025-05-21T09:14:55.447,1.14102,1.14102,ZWO ASI6200MM Pro,ZWO ASI6200MM Pro,100,10,0.246657639741898,1,1,-10.0,-10.9,3.76,3.76,40,66.2,52.2483888888889,-0.12325,NP101is,540.0,5.4,,,,,,,FlatWizard,,,0.0,FocusLynx Focuser 1,12302,12302,1.325,16.2,16.2,,,,,Starlight Xpress Filter Wheels,Ha,,,,,,,2000.0,N.I.N.A. 3.1.2.9001 (x64),FlatWizard_Date_2025-05-21_Time_10-14-54_Type_FLAT_Filter_Ha_Exposure_1.14s_HFR_px_FWHM_0.00_Frame_0004.xisf,1,,
FLAT,2025-05-21T09:15:01.312,2025-05-21T10:15:01.312,2025-05-21T09:15:02.474,1.14102,1.14102,ZWO ASI6200MM Pro,ZWO ASI6200MM Pro,100,10,0.246657639741898,1,1,-10.0,-10.9,3.76,3.76,40,66.2,52.2483888888889,-0.12325,NP101is,540.0,5.4,,,,,,,FlatWizard,,,0.0,FocusLynx Focuser 1,12302,12302,1.325,16.2,16.2,,,,,Starlight Xpress Filter Wheels,Ha,,,,,,,2000.0,N.I.N.A. 3.1.2.9001 (x64),FlatWizard_Date_2025-05-21_Time_10-15-01_Type_FLAT_Filter_Ha_Exposure_1.14s_HFR_px_FWHM_0.00_Frame_0007.xisf,1,,
BIAS,2025-06-02T14:36:58.847,2025-06-02T15:36:58.847,2025-06-02T14:36:59.579,0.000032,0.000032,ZWO ASI6200MM Pro,ZWO ASI6200MM Pro,100,10,0.246657639741898,1,1,-10.0,-2.8,3.76,3.76,40,66.2,52.2483888888889,-0.12325,NP101is,540.0,5.4,,,,,,,,,,,,,,,,,,,,,Starlight Xpress Filter Wheels,Ha,,,,,,,2000.0,N.I.N.A. 3.1.2.9001 (x64),_Date_2025-06-02_Time_15-36-58_Type_BIAS_Filter_Ha_Exposure_0.00s_HFR_px_FWHM_0.00_Frame_0086.xisf,1,,
FLAT,2025-05-21T09:15:10.715,2025-05-21T10:15:10.715,2025-05-21T09:15:11.834,1.14102,1.14102,ZWO ASI6200MM Pro,ZWO ASI6200MM Pro,100,10,0.246657639741898,1,1,-10.0,-10.9,3.76,3.76,40,66.2,52.2483888888889,-0.12325,NP101is,540.0,5.4,,,,,,,FlatWizard,,,0.0,FocusLynx Focuser 1,12302,12302,1.325,16.2,16.2,,,,,Starlight Xpress Filter Wheels,Ha,,,,,,,2000.0,N.I.N.A. 3.1.2.9001 (x64),FlatWizard_Date_2025-05-21_Time_10-15-10_Type_FLAT_Filter_Ha_Exposure_1.14s_HFR_px_FWHM_0.00_Frame_0011.xisf,1,,
FLAT,2025-05-21T09:15:17.740,2025-05-21T10:15:17.740,2025-05-21T09:15:18.877,1.14102,1.14102,ZWO ASI6200MM Pro,ZWO ASI6200MM Pro,100,10,0.246657639741898,1,1,-10.0,-10.9,3.76,3.76,40,66.2,52.2483888888889,-0.12325,NP101is,540.0,5.4,,,,,,,FlatWizard,,,0.0,FocusLynx Focuser 1,12302,12302,1.325,16.2,16.2,,,,,Starlight Xpress Filter Wheels,Ha,,,,,,,2000.0,N.I.N.A. 3.1.2.9001 (x64),FlatWizard_Date_2025-05-21_Time_10-15-17_Type_FLAT_Filter_Ha_Exposure_1.14s_HFR_px_FWHM_0.00_Frame_0014.xisf,1,,
FLAT,2025-05-21T09:15:05.990,2025-05-21T10:15:05.990,2025-05-21T09:15:07.142,1.14102,1.14102,ZWO ASI6200MM Pro,ZWO ASI6200MM Pro,100,10,0.246657639741898,1,1,-10.0,-10.9,3.76,3.76,40,66.2,52.2483888888889,-0.12325,NP101is,540.0,5.4,,,,,,,FlatWizard,,,0.0,FocusLynx Focuser 1,12302,12302,1.325,16.2,16.2,,,,,Starlight Xpress Filter Wheels,Ha,,,,,,,2000.0,N.I.N.A. 3.1.2.9001 (x64),FlatWizard_Date_2025-05-21_Time_10-15-05_Type_FLAT_Filter_Ha_Exposure_1.14s_HFR_px_FWHM_0.00_Frame_0009.xisf,1,,
FLAT,2025-05-21T09:15:15.413,2025-05-21T10:15:15.413,2025-05-21T09:15:16.537,1.14102,1.14102,ZWO ASI6200MM Pro,ZWO ASI6200MM Pro,100,10,0.246657639741898,1,1,-10.0,-10.9,3.76,3.76,40,66.2,52.2483888888889,-0.12325,NP101is,540.0,5.4,,,,,,,FlatWizard,,,0.0,FocusLynx Focuser 1,12302,12302,1.325,16.2,16.2,,,,,Starlight Xpress Filter Wheels,Ha,,,,,,,2000.0,N.I.N.A. 3.1.2.9001 (x64),FlatWizard_Date_2025-05-21_Time_10-15-15_Type_FLAT_Filter_Ha_Exposure_1.14s_HFR_px_FWHM_0.00_Frame_0013.xisf,1,,
FLAT,2025-05-21T09:15:08.380,2025-05-21T10:15:08.380,2025-05-21T09:15:09.519,1.14102,1.14102,ZWO ASI6200MM Pro,ZWO ASI6200MM Pro,100,10,0.246657639741898,1,1,-10.0,-10.9,3.76,3.76,40,66.2,52.2483888888889,-0.12325,NP101is,540.0,5.4,,,,,,,FlatWizard,,,0.0,FocusLynx Focuser 1,12302,12302,1.325,16.2,16.2,,,,,Starlight Xpress Filter Wheels,Ha,,,,,,,2000.0,N.I.N.A. 3.1.2.9001 (x64),FlatWizard_Date_2025-05-21_Time_10-15-08_Type_FLAT_Filter_Ha_Exposure_1.14s_HFR_px_FWHM_0.00_Frame_0010.xisf,1,,
FLAT,2025-05-21T09:15:20.080,2025-05-21T10:15:20.080,2025-05-21T09:15:21.217,1.14102,1.14102,ZWO ASI6200MM Pro,ZWO ASI6200MM Pro,100,10,0.246657639741898,1,1,-10.0,-10.9,3.76,3.76,40,66.2,52.2483888888889,-0.12325,NP101is,540.0,5.4,,,,,,,FlatWizard,,,0.0,FocusLynx Focuser 1,12302,12302,1.325,16.2,16.2,,,,,Starlight Xpress Filter Wheels,Ha,,,,,,,2000.0,N.I.N.A. 3.1.2.9001 (x64),FlatWizard_Date_2025-05-21_Time_10-15-20_Type_FLAT_Filter_Ha_Exposure_1.14s_HFR_px_FWHM_0.00_Frame_0015.xisf,1,,
FLAT,2025-05-21T09:15:03.692,2025-05-21T10:15:03.692,2025-05-21T09:15:04.812,1.14102,1.14102,ZWO ASI6200MM Pro,ZWO ASI6200MM Pro,100,10,0.246657639741898,1,1,-10.0,-10.9,3.76,3.76,40,66.2,52.2483888888889,-0.12325,NP101is,540.0,5.4,,,,,,,FlatWizard,,,0.0,FocusLynx Focuser 1,12302,12302,1.325,16.2,16.2,,,,,Starlight Xpress Filter Wheels,Ha,,,,,,,2000.0,N.I.N.A. 3.1.2.9001 (x64),FlatWizard_Date_2025-05-21_Time_10-15-03_Type_FLAT_Filter_Ha_Exposure_1.14s_HFR_px_FWHM_0.00_Frame_0008.xisf,1,,
FLAT,2025-05-21T09:15:13.051,2025-05-21T10:15:13.051,2025-05-21T09:15:14.204,1.14102,1.14102,ZWO ASI6200MM Pro,ZWO ASI6200MM Pro,100,10,0.246657639741898,1,1,-10.0,-10.9,3.76,3.76,40,66.2,52.2483888888889,-0.12325,NP101is,540.0,5.4,,,,,,,FlatWizard,,,0.0,FocusLynx Focuser 1,12302,12302,1.325,16.2,16.2,,,,,Starlight Xpress Filter Wheels,Ha,,,,,,,2000.0,N.I.N.A. 3.1.2.9001 (x64),FlatWizard_Date_2025-05-21_Time_10-15-13_Type_FLAT_Filter_Ha_Exposure_1.14s_HFR_px_FWHM_0.00_Frame_0012.xisf,1,,
FLAT,2025-05-21T09:14:47.295,2025-05-21T10:14:47.295,2025-05-21T09:14:48.425,1.14102,1.14102,ZWO ASI6200MM Pro,ZWO ASI6200MM Pro,100,10,0.246657639741898,1,1,-10.0,-10.8,3.76,3.76,40,66.2,52.2483888888889,-0.12325,NP101is,540.0,5.4,,,,,,,FlatWizard,,,0.0,FocusLynx Focuser 1,12302,12302,1.325,16.2,16.2,,,,,Starlight Xpress Filter Wheels,Ha,,,,,,,2000.0,N.I.N.A. 3.1.2.9001 (x64),FlatWizard_Date_2025-05-21_Time_10-14-47_Type_FLAT_Filter_Ha_Exposure_1.14s_HFR_px_FWHM_0.00_Frame_0001.xisf,1,,
FLAT,2025-05-21T09:15:22.432,2025-05-21T10:15:22.432,2025-05-21T09:15:23.561,1.14102,1.14102,ZWO ASI6200MM Pro,ZWO ASI6200MM Pro,100,10,0.246657639741898,1,1,-10.0,-10.9,3.76,3.76,40,66.2,52.2483888888889,-0.12325,NP101is,540.0,5.4,,,,,,,FlatWizard,,,0.0,FocusLynx Focuser 1,12302,12302,1.325,16.2,16.2,,,,,Starlight Xpress Filter Wheels,Ha,,,,,,,2000.0,N.I.N.A. 3.1.2.9001 (x64),FlatWizard_Date_2025-05-21_Time_10-15-22_Type_FLAT_Filter_Ha_Exposure_1.14s_HFR_px_FWHM_0.00_Frame_0016.xisf,1,,
FLAT,2025-05-21T09:15:31.762,2025-05-21T10:15:31.762,2025-05-21T09:15:32.914,1.14102,1.14102,ZWO ASI6200MM Pro,ZWO ASI6200MM Pro,100,10,0.246657639741898,1,1,-10.0,-10.8,3.76,3.76,40,66.2,52.2483888888889,-0.12325,NP101is,540.0,5.4,,,,,,,FlatWizard,,,0.0,FocusLynx Focuser 1,12302,12302,1.325,16.2,16.2,,,,,Starlight Xpress Filter Wheels,Ha,,,,,,,2000.0,N.I.N.A. 3.1.2.9001 (x64),FlatWizard_Date_2025-05-21_Time_10-15-31_Type_FLAT_Filter_Ha_Exposure_1.14s_HFR_px_FWHM_0.00_Frame_0020.xisf,1,,
FLAT,2025-05-21T09:15:24.747,2025-05-21T10:15:24.747,2025-05-21T09:15:25.870,1.14102,1.14102,ZWO ASI6200MM Pro,ZWO ASI6200MM Pro,100,10,0.246657639741898,1,1,-10.0,-10.9,3.76,3.76,40,66.2,52.2483888888889,-0.12325,NP101is,540.0,5.4,,,,,,,FlatWizard,,,0.0,FocusLynx Focuser 1,12302,12302,1.325,16.2,16.2,,,,,Starlight Xpress Filter Wheels,Ha,,,,,,,2000.0,N.I.N.A. 3.1.2.9001 (x64),FlatWizard_Date_2025-05-21_Time_10-15-24_Type_FLAT_Filter_Ha_Exposure_1.14s_HFR_px_FWHM_0.00_Frame_0017.xisf,1,,
FLAT,2025-05-21T09:15:34.128,2025-05-21T10:15:34.128,2025-05-21T09:15:35.271,1.14102,1.14102,ZWO ASI6200MM Pro,ZWO ASI6200MM Pro,100,10,0.246657639741898,1,1,-10.0,-10.8,3.76,3.76,40,66.2,52.2483888888889,-0.12325,NP101is,540.0,5.4,,,,,,,FlatWizard,,,0.0,FocusLynx Focuser 1,12302,12302,1.325,16.2,16.2,,,,,Starlight Xpress Filter Wheels,Ha,,,,,,,2000.0,N.I.N.A. 3.1.2.9001 (x64),FlatWizard_Date_2025-05-21_Time_10-15-34_Type_FLAT_Filter_Ha_Exposure_1.14s_HFR_px_FWHM_0.00_Frame_0021.xisf,1,,
FLAT,2025-05-21T09:16:21.370,2025-05-21T10:16:21.370,2025-05-21T09:16:22.498,1.14102,1.14102,ZWO ASI6200MM Pro,ZWO ASI6200MM Pro,100,10,0.246657639741898,1,1,-10.0,-10.4,3.76,3.76,40,66.2,52.2483888888889,-0.12325,NP101is,540.0,5.4,,,,,,,FlatWizard,,,0.0,FocusLynx Focuser 1,12302,12302,1.325,16.2,16.2,,,,,Starlight Xpress Filter Wheels,Ha,,,,,,,2000.0,N.I.N.A. 3.1.2.9001 (x64),FlatWizard_Date_2025-05-21_Time_10-16-21_Type_FLAT_Filter_Ha_Exposure_1.14s_HFR_px_FWHM_0.00_Frame_0041.xisf,1,,
FLAT,2025-05-21T09:15:55.408,2025-05-21T10:15:55.408,2025-05-21T09:15:56.536,1.14102,1.14102,ZWO ASI6200MM Pro,ZWO ASI6200MM Pro,100,10,0.246657639741898,1,1,-10.0,-10.7,3.76,3.76,40,66.2,52.2483888888889,-0.12325,NP101is,540.0,5.4,,,,,,,FlatWizard,,,0.0,FocusLynx Focuser 1,12302,12302,1.325,16.2,16.2,,,,,Starlight Xpress Filter Wheels,Ha,,,,,,,2000.0,N.I.N.A. 3.1.2.9001 (x64),FlatWizard_Date_2025-05-21_Time_10-15-55_Type_FLAT_Filter_Ha_Exposure_1.14s_HFR_px_FWHM_0.00_Frame_0030.xisf,1,,
FLAT,2025-05-21T09:15:50.730,2025-05-21T10:15:50.730,2025-05-21T09:15:51.847,1.14102,1.14102,ZWO ASI6200MM Pro,ZWO ASI6200MM Pro,100,10,0.246657639741898,1,1,-10.0,-10.8,3.76,3.76,40,66.2,52.2483888888889,-0.12325,NP101is,540.0,5.4,,,,,,,FlatWizard,,,0.0,FocusLynx Focuser 1,12302,12302,1.325,16.2,16.2,,,,,Starlight Xpress Filter Wheels,Ha,,,,,,,2000.0,N.I.N.A. 3.1.2.9001 (x64),FlatWizard_Date_2025-05-21_Time_10-15-50_Type_FLAT_Filter_Ha_Exposure_1.14s_HFR_px_FWHM_0.00_Frame_0028.xisf,1,,
FLAT,2025-05-21T09:15:45.958,2025-05-21T10:15:45.958,2025-05-21T09:15:47.107,1.14102,1.14102,ZWO ASI6200MM Pro,ZWO ASI6200MM Pro,100,10,0.246657639741898,1,1,-10.0,-10.8,3.76,3.76,40,66.2,52.2483888888889,-0.12325,NP101is,540.0,5.4,,,,,,,FlatWizard,,,0.0,FocusLynx Focuser 1,12302,12302,1.325,16.2,16.2,,,,,Starlight Xpress Filter Wheels,Ha,,,,,,,2000.0,N.I.N.A. 3.1.2.9001 (x64),FlatWizard_Date_2025-05-21_Time_10-15-45_Type_FLAT_Filter_Ha_Exposure_1.14s_HFR_px_FWHM_0.00_Frame_0026.xisf,1,,
FLAT,2025-05-21T09:15:43.550,2025-05-21T10:15:43.550,2025-05-21T09:15:44.705,1.14102,1.14102,ZWO ASI6200MM Pro,ZWO ASI6200MM Pro,100,10,0.246657639741898,1,1,-10.0,-10.8,3.76,3.76,40,66.2,52.2483888888889,-0.12325,NP101is,540.0,5.4,,,,,,,FlatWizard,,,0.0,FocusLynx Focuser 1,12302,12302,1.325,16.2,16.2,,,,,Starlight Xpress Filter Wheels,Ha,,,,,,,2000.0,N.I.N.A. 3.1.2.9001 (x64),FlatWizard_Date_2025-05-21_Time_10-15-43_Type_FLAT_Filter_Ha_Exposure_1.14s_HFR_px_FWHM_0.00_Frame_0025.xisf,1,,
FLAT,2025-05-21T09:15:36.470,2025-05-21T10:15:36.470,2025-05-21T09:15:37.600,1.14102,1.14102,ZWO ASI6200MM Pro,ZWO ASI6200MM Pro,100,10,0.246657639741898,1,1,-10.0,-10.8,3.76,3.76,40,66.2,52.2483888888889,-0.12325,NP101is,540.0,5.4,,,,,,,FlatWizard,,,0.0,FocusLynx Focuser 1,12302,12302,1.325,16.2,16.2,,,,,Starlight Xpress Filter Wheels,Ha,,,,,,,2000.0,N.I.N.A. 3.1.2.9001 (x64),FlatWizard_Date_2025-05-21_Time_10-15-36_Type_FLAT_Filter_Ha_Exposure_1.14s_HFR_px_FWHM_0.00_Frame_0022.xisf,1,,
FLAT,2025-05-21T09:15:57.742,2025-05-21T10:15:57.742,2025-05-21T09:15:58.894,1.14102,1.14102,ZWO ASI6200MM Pro,ZWO ASI6200MM Pro,100,10,0.246657639741898,1,1,-10.0,-10.6,3.76,3.76,40,66.2,52.2483888888889,-0.12325,NP101is,540.0,5.4,,,,,,,FlatWizard,,,0.0,FocusLynx Focuser 1,12302,12302,1.325,16.2,16.2,,,,,Starlight Xpress Filter Wheels,Ha,,,,,,,2000.0,N.I.N.A. 3.1.2.9001 (x64),FlatWizard_Date_2025-05-21_Time_10-15-57_Type_FLAT_Filter_Ha_Exposure_1.14s_HFR_px_FWHM_0.00_Frame_0031.xisf,1,,
FLAT,2025-05-21T09:15:38.845,2025-05-21T10:15:38.845,2025-05-21T09:15:39.978,1.14102,1.14102,ZWO ASI6200MM Pro,ZWO ASI6200MM Pro,100,10,0.246657639741898,1,1,-10.0,-10.8,3.76,3.76,40,66.2,52.2483888888889,-0.12325,NP101is,540.0,5.4,,,,,,,FlatWizard,,,0.0,FocusLynx Focuser 1,12302,12302,1.325,16.2,16.2,,,,,Starlight Xpress Filter Wheels,Ha,,,,,,,2000.0,N.I.N.A. 3.1.2.9001 (x64),FlatWizard_Date_2025-05-21_Time_10-15-38_Type_FLAT_Filter_Ha_Exposure_1.14s_HFR_px_FWHM_0.00_Frame_0023.xisf,1,,
FLAT,2025-05-21T09:15:48.357,2025-05-21T10:15:48.357,2025-05-21T09:15:49.516,1.14102,1.14102,ZWO ASI6200MM Pro,ZWO ASI6200MM Pro,100,10,0.246657639741898,1,1,-10.0,-10.8,3.76,3.76,40,66.2,52.2483888888889,-0.12325,NP101is,540.0,5.4,,,,,,,FlatWizard,,,0.0,FocusLynx Focuser 1,12302,12302,1.325,16.2,16.2,,,,,Starlight Xpress Filter Wheels,Ha,,,,,,,2000.0,N.I.N.A. 3.1.2.9001 (x64),FlatWizard_Date_2025-05-21_Time_10-15-48_Type_FLAT_Filter_Ha_Exposure_1.14s_HFR_px_FWHM_0.00_Frame_0027.xisf,1,,
FLAT,2025-05-21T09:15:41.224,2025-05-21T10:15:41.224,2025-05-21T09:15:42.358,1.14102,1.14102,ZWO ASI6200MM Pro,ZWO ASI6200MM Pro,100,10,0.246657639741898,1,1,-10.0,-10.8,3.76,3.76,40,66.2,52.2483888888889,-0.12325,NP101is,540.0,5.4,,,,,,,FlatWizard,,,0.0,FocusLynx Focuser 1,12302,12302,1.325,16.2,16.2,,,,,Starlight Xpress Filter Wheels,Ha,,,,,,,2000.0,N.I.N.A. 3.1.2.9001 (x64),FlatWizard_Date_2025-05-21_Time_10-15-41_Type_FLAT_Filter_Ha_Exposure_1.14s_HFR_px_FWHM_0.00_Frame_0024.xisf,1,,
FLAT,2025-05-21T09:15:53.050,2025-05-21T10:15:53.050,2025-05-21T09:15:54.200,1.14102,1.14102,ZWO ASI6200MM Pro,ZWO ASI6200MM Pro,100,10,0.246657639741898,1,1,-10.0,-10.7,3.76,3.76,40,66.2,52.2483888888889,-0.12325,NP101is,540.0,5.4,,,,,,,FlatWizard,,,0.0,FocusLynx Focuser 1,12302,12302,1.325,16.2,16.2,,,,,Starlight Xpress Filter Wheels,Ha,,,,,,,2000.0,N.I.N.A. 3.1.2.9001 (x64),FlatWizard_Date_2025-05-21_Time_10-15-53_Type_FLAT_Filter_Ha_Exposure_1.14s_HFR_px_FWHM_0.00_Frame_0029.xisf,1,,
FLAT,2025-05-21T09:16:00.121,2025-05-21T10:16:00.121,2025-05-21T09:16:01.287,1.14102,1.14102,ZWO ASI6200MM Pro,ZWO ASI6200MM Pro,100,10,0.246657639741898,1,1,-10.0,-10.6,3.76,3.76,40,66.2,52.2483888888889,-0.12325,NP101is,540.0,5.4,,,,,,,FlatWizard,,,0.0,FocusLynx Focuser 1,12302,12302,1.325,16.2,16.2,,,,,Starlight Xpress Filter Wheels,Ha,,,,,,,2000.0,N.I.N.A. 3.1.2.9001 (x64),FlatWizard_Date_2025-05-21_Time_10-16-00_Type_FLAT_Filter_Ha_Exposure_1.14s_HFR_px_FWHM_0.00_Frame_0032.xisf,1,,
FLAT,2025-05-21T09:16:04.891,2025-05-21T10:16:04.891,2025-05-21T09:16:06.053,1.14102,1.14102,ZWO ASI6200MM Pro,ZWO ASI6200MM Pro,100,10,0.246657639741898,1,1,-10.0,-10.6,3.76,3.76,40,66.2,52.2483888888889,-0.12325,NP101is,540.0,5.4,,,,,,,FlatWizard,,,0.0,FocusLynx Focuser 1,12302,12302,1.325,16.2,16.2,,,,,Starlight Xpress Filter Wheels,Ha,,,,,,,2000.0,N.I.N.A. 3.1.2.9001 (x64),FlatWizard_Date_2025-05-21_Time_10-16-04_Type_FLAT_Filter_Ha_Exposure_1.14s_HFR_px_FWHM_0.00_Frame_0034.xisf,1,,
FLAT,2025-05-21T09:16:02.533,2025-05-21T10:16:02.533,2025-05-21T09:16:03.684,1.14102,1.14102,ZWO ASI6200MM Pro,ZWO ASI6200MM Pro,100,10,0.246657639741898,1,1,-10.0,-10.6,3.76,3.76,40,66.2,52.2483888888889,-0.12325,NP101is,540.0,5.4,,,,,,,FlatWizard,,,0.0,FocusLynx Focuser 1,12302,12302,1.325,16.2,16.2,,,,,Starlight Xpress Filter Wheels,Ha,,,,,,,2000.0,N.I.N.A. 3.1.2.9001 (x64),FlatWizard_Date_2025-05-21_Time_10-16-02_Type_FLAT_Filter_Ha_Exposure_1.14s_HFR_px_FWHM_0.00_Frame_0033.xisf,1,,
FLAT,2025-05-21T09:16:07.295,2025-05-21T10:16:07.295,2025-05-21T09:16:08.441,1.14102,1.14102,ZWO ASI6200MM Pro,ZWO ASI6200MM Pro,100,10,0.246657639741898,1,1,-10.0,-10.6,3.76,3.76,40,66.2,52.2483888888889,-0.12325,NP101is,540.0,5.4,,,,,,,FlatWizard,,,0.0,FocusLynx Focuser 1,12302,12302,1.325,16.2,16.2,,,,,Starlight Xpress Filter Wheels,Ha,,,,,,,2000.0,N.I.N.A. 3.1.2.9001 (x64),FlatWizard_Date_2025-05-21_Time_10-16-07_Type_FLAT_Filter_Ha_Exposure_1.14s_HFR_px_FWHM_0.00_Frame_0035.xisf,1,,
FLAT,2025-05-21T09:16:11.989,2025-05-21T10:16:11.989,2025-05-21T09:16:13.150,1.14102,1.14102,ZWO ASI6200MM Pro,ZWO ASI6200MM Pro,100,10,0.246657639741898,1,1,-10.0,-10.5,3.76,3.76,40,66.2,52.2483888888889,-0.12325,NP101is,540.0,5.4,,,,,,,FlatWizard,,,0.0,FocusLynx Focuser 1,12302,12302,1.325,16.2,16.2,,,,,Starlight Xpress Filter Wheels,Ha,,,,,,,2000.0,N.I.N.A. 3.1.2.9001 (x64),FlatWizard_Date_2025-05-21_Time_10-16-11_Type_FLAT_Filter_Ha_Exposure_1.14s_HFR_px_FWHM_0.00_Frame_0037.xisf,1,,
FLAT,2025-05-21T09:16:09.668,2025-05-21T10:16:09.668,2025-05-21T09:16:10.800,1.14102,1.14102,ZWO ASI6200MM Pro,ZWO ASI6200MM Pro,100,10,0.246657639741898,1,1,-10.0,-10.5,3.76,3.76,40,66.2,52.2483888888889,-0.12325,NP101is,540.0,5.4,,,,,,,FlatWizard,,,0.0,FocusLynx Focuser 1,12302,12302,1.325,16.2,16.2,,,,,Starlight Xpress Filter Wheels,Ha,,,,,,,2000.0,N.I.N.A. 3.1.2.9001 (x64),FlatWizard_Date_2025-05-21_Time_10-16-09_Type_FLAT_Filter_Ha_Exposure_1.14s_HFR_px_FWHM_0.00_Frame_0036.xisf,1,,
FLAT,2025-05-21T09:16:23.712,2025-05-21T10:16:23.712,2025-05-21T09:16:24.828,1.14102,1.14102,ZWO ASI6200MM Pro,ZWO ASI6200MM Pro,100,10,0.246657639741898,1,1,-10.0,-10.4,3.76,3.76,40,66.2,52.2483888888889,-0.12325,NP101is,540.0,5.4,,,,,,,FlatWizard,,,0.0,FocusLynx Focuser 1,12302,12302,1.325,16.2,16.2,,,,,Starlight Xpress Filter Wheels,Ha,,,,,,,2000.0,N.I.N.A. 3.1.2.9001 (x64),FlatWizard_Date_2025-05-21_Time_10-16-23_Type_FLAT_Filter_Ha_Exposure_1.14s_HFR_px_FWHM_0.00_Frame_0042.xisf,1,,
FLAT,2025-05-21T09:16:28.418,2025-05-21T10:16:28.418,2025-05-21T09:16:29.545,1.14102,1.14102,ZWO ASI6200MM Pro,ZWO ASI6200MM Pro,100,10,0.246657639741898,1,1,-10.0,-10.3,3.76,3.76,40,66.2,52.2483888888889,-0.12325,NP101is,540.0,5.4,,,,,,,FlatWizard,,,0.0,FocusLynx Focuser 1,12302,12302,1.325,16.2,16.2,,,,,Starlight Xpress Filter Wheels,Ha,,,,,,,2000.0,N.I.N.A. 3.1.2.9001 (x64),FlatWizard_Date_2025-05-21_Time_10-16-28_Type_FLAT_Filter_Ha_Exposure_1.14s_HFR_px_FWHM_0.00_Frame_0044.xisf,1,,
FLAT,2025-05-21T09:16:16.691,2025-05-21T10:16:16.691,2025-05-21T09:16:17.815,1.14102,1.14102,ZWO ASI6200MM Pro,ZWO ASI6200MM Pro,100,10,0.246657639741898,1,1,-10.0,-10.5,3.76,3.76,40,66.2,52.2483888888889,-0.12325,NP101is,540.0,5.4,,,,,,,FlatWizard,,,0.0,FocusLynx Focuser 1,12302,12302,1.325,16.2,16.2,,,,,Starlight Xpress Filter Wheels,Ha,,,,,,,2000.0,N.I.N.A. 3.1.2.9001 (x64),FlatWizard_Date_2025-05-21_Time_10-16-16_Type_FLAT_Filter_Ha_Exposure_1.14s_HFR_px_FWHM_0.00_Frame_0039.xisf,1,,
FLAT,2025-05-21T09:16:26.013,2025-05-21T10:16:26.013,2025-05-21T09:16:27.172,1.14102,1.14102,ZWO ASI6200MM Pro,ZWO ASI6200MM Pro,100,10,0.246657639741898,1,1,-10.0,-10.3,3.76,3.76,40,66.2,52.2483888888889,-0.12325,NP101is,540.0,5.4,,,,,,,FlatWizard,,,0.0,FocusLynx Focuser 1,12302,12302,1.325,16.2,16.2,,,,,Starlight Xpress Filter Wheels,Ha,,,,,,,2000.0,N.I.N.A. 3.1.2.9001 (x64),FlatWizard_Date_2025-05-21_Time_10-16-26_Type_FLAT_Filter_Ha_Exposure_1.14s_HFR_px_FWHM_0.00_Frame_0043.xisf,1,,
FLAT,2025-05-21T09:16:19.021,2025-05-21T10:16:19.021,2025-05-21T09:16:20.160,1.14102,1.14102,ZWO ASI6200MM Pro,ZWO ASI6200MM Pro,100,10,0.246657639741898,1,1,-10.0,-10.4,3.76,3.76,40,66.2,52.2483888888889,-0.12325,NP101is,540.0,5.4,,,,,,,FlatWizard,,,0.0,FocusLynx Focuser 1,12302,12302,1.325,16.2,16.2,,,,,Starlight Xpress Filter Wheels,Ha,,,,,,,2000.0,N.I.N.A. 3.1.2.9001 (x64),FlatWizard_Date_2025-05-21_Time_10-16-19_Type_FLAT_Filter_Ha_Exposure_1.14s_HFR_px_FWHM_0.00_Frame_0040.xisf,1,,
FLAT,2025-05-21T09:15:29.445,2025-05-21T10:15:29.445,2025-05-21T09:15:30.564,1.14102,1.14102,ZWO ASI6200MM Pro,ZWO ASI6200MM Pro,100,10,0.246657639741898,1,1,-10.0,-10.8,3.76,3.76,40,66.2,52.2483888888889,-0.12325,NP101is,540.0,5.4,,,,,,,FlatWizard,,,0.0,FocusLynx Focuser 1,12302,12302,1.325,16.2,16.2,,,,,Starlight Xpress Filter Wheels,Ha,,,,,,,2000.0,N.I.N.A. 3.1.2.9001 (x64),FlatWizard_Date_2025-05-21_Time_10-15-29_Type_FLAT_Filter_Ha_Exposure_1.14s_HFR_px_FWHM_0.00_Frame_0019.xisf,1,,
FLAT,2025-05-21T09:16:14.391,2025-05-21T10:16:14.391,2025-05-21T09:16:15.509,1.14102,1.14102,ZWO ASI6200MM Pro,ZWO ASI6200MM Pro,100,10,0.246657639741898,1,1,-10.0,-10.5,3.76,3.76,40,66.2,52.2483888888889,-0.12325,NP101is,540.0,5.4,,,,,,,FlatWizard,,,0.0,FocusLynx Focuser 1,12302,12302,1.325,16.2,16.2,,,,,Starlight Xpress Filter Wheels,Ha,,,,,,,2000.0,N.I.N.A. 3.1.2.9001 (x64),FlatWizard_Date_2025-05-21_Time_10-16-14_Type_FLAT_Filter_Ha_Exposure_1.14s_HFR_px_FWHM_0.00_Frame_0038.xisf,1,,
FLAT,2025-05-21T09:16:37.729,2025-05-21T10:16:37.729,2025-05-21T09:16:38.861,1.14102,1.14102,ZWO ASI6200MM Pro,ZWO ASI6200MM Pro,100,10,0.246657639741898,1,1,-10.0,-10.2,3.76,3.76,40,66.2,52.2483888888889,-0.12325,NP101is,540.0,5.4,,,,,,,FlatWizard,,,0.0,FocusLynx Focuser 1,12302,12302,1.325,16.2,16.2,,,,,Starlight Xpress Filter Wheels,Ha,,,,,,,2000.0,N.I.N.A. 3.1.2.9001 (x64),FlatWizard_Date_2025-05-21_Time_10-16-37_Type_FLAT_Filter_Ha_Exposure_1.14s_HFR_px_FWHM_0.00_Frame_0048.xisf,1,,
FLAT,2025-05-21T09:17:15.446,2025-05-21T10:17:15.446,2025-05-21T09:17:16.593,1.14102,1.14102,ZWO ASI6200MM Pro,ZWO ASI6200MM Pro,100,10,0.246657639741898,1,1,-10.0,-10.0,3.76,3.76,40,66.2,52.2483888888889,-0.12325,NP101is,540.0,5.4,,,,,,,FlatWizard,,,0.0,FocusLynx Focuser 1,12302,12302,1.325,16.2,16.2,,,,,Starlight Xpress Filter Wheels,Ha,,,,,,,2000.0,N.I.N.A. 3.1.2.9001 (x64),FlatWizard_Date_2025-05-21_Time_10-17-15_Type_FLAT_Filter_Ha_Exposure_1.14s_HFR_px_FWHM_0.00_Frame_0064.xisf,1,,
FLAT,2025-05-21T09:16:33.079,2025-05-21T10:16:33.079,2025-05-21T09:16:34.215,1.14102,1.14102,ZWO ASI6200MM Pro,ZWO ASI6200MM Pro,100,10,0.246657639741898,1,1,-10.0,-10.3,3.76,3.76,40,66.2,52.2483888888889,-0.12325,NP101is,540.0,5.4,,,,,,,FlatWizard,,,0.0,FocusLynx Focuser 1,12302,12302,1.325,16.2,16.2,,,,,Starlight Xpress Filter Wheels,Ha,,,,,,,2000.0,N.I.N.A. 3.1.2.9001 (x64),FlatWizard_Date_2025-05-21_Time_10-16-33_Type_FLAT_Filter_Ha_Exposure_1.14s_HFR_px_FWHM_0.00_Frame_0046.xisf,1,,
FLAT,2025-05-21T09:16:42.398,2025-05-21T10:16:42.398,2025-05-21T09:16:43.539,1.14102,1.14102,ZWO ASI6200MM Pro,ZWO ASI6200MM Pro,100,10,0.246657639741898,1,1,-10.0,-10.1,3.76,3.76,40,66.2,52.2483888888889,-0.12325,NP101is,540.0,5.4,,,,,,,FlatWizard,,,0.0,FocusLynx Focuser 1,12302,12302,1.325,16.2,16.2,,,,,Starlight Xpress Filter Wheels,Ha,,,,,,,2000.0,N.I.N.A. 3.1.2.9001 (x64),FlatWizard_Date_2025-05-21_Time_10-16-42_Type_FLAT_Filter_Ha_Exposure_1.14s_HFR_px_FWHM_0.00_Frame_0050.xisf,1,,
FLAT,2025-05-21T09:16:35.413,2025-05-21T10:16:35.413,2025-05-21T09:16:36.541,1.14102,1.14102,ZWO ASI6200MM Pro,ZWO ASI6200MM Pro,100,10,0.246657639741898,1,1,-10.0,-10.2,3.76,3.76,40,66.2,52.2483888888889,-0.12325,NP101is,540.0,5.4,,,,,,,FlatWizard,,,0.0,FocusLynx Focuser 1,12302,12302,1.325,16.2,16.2,,,,,Starlight Xpress Filter Wheels,Ha,,,,,,,2000.0,N.I.N.A. 3.1.2.9001 (x64),FlatWizard_Date_2025-05-21_Time_10-16-35_Type_FLAT_Filter_Ha_Exposure_1.14s_HFR_px_FWHM_0.00_Frame_0047.xisf,1,,
FLAT,2025-05-21T09:16:30.731,2025-05-21T10:16:30.731,2025-05-21T09:16:31.876,1.14102,1.14102,ZWO ASI6200MM Pro,ZWO ASI6200MM Pro,100,10,0.246657639741898,1,1,-10.0,-10.3,3.76,3.76,40,66.2,52.2483888888889,-0.12325,NP101is,540.0,5.4,,,,,,,FlatWizard,,,0.0,FocusLynx Focuser 1,12302,12302,1.325,16.2,16.2,,,,,Starlight Xpress Filter Wheels,Ha,,,,,,,2000.0,N.I.N.A. 3.1.2.9001 (x64),FlatWizard_Date_2025-05-21_Time_10-16-30_Type_FLAT_Filter_Ha_Exposure_1.14s_HFR_px_FWHM_0.00_Frame_0045.xisf,1,,
FLAT,2025-05-21T09:16:49.457,2025-05-21T10:16:49.457,2025-05-21T09:16:50.576,1.14102,1.14102,ZWO ASI6200MM Pro,ZWO ASI6200MM Pro,100,10,0.246657639741898,1,1,-10.0,-10.1,3.76,3.76,40,66.2,52.2483888888889,-0.12325,NP101is,540.0,5.4,,,,,,,FlatWizard,,,0.0,FocusLynx Focuser 1,12302,12302,1.325,16.2,16.2,,,,,Starlight Xpress Filter Wheels,Ha,,,,,,,2000.0,N.I.N.A. 3.1.2.9001 (x64),FlatWizard_Date_2025-05-21_Time_10-16-49_Type_FLAT_Filter_Ha_Exposure_1.14s_HFR_px_FWHM_0.00_Frame_0053.xisf,1,,
FLAT,2025-05-21T09:16:44.746,2025-05-21T10:16:44.746,2025-05-21T09:16:45.882,1.14102,1.14102,ZWO ASI6200MM Pro,ZWO ASI6200MM Pro,100,10,0.246657639741898,1,1,-10.0,-10.1,3.76,3.76,40,66.2,52.2483888888889,-0.12325,NP101is,540.0,5.4,,,,,,,FlatWizard,,,0.0,FocusLynx Focuser 1,12302,12302,1.325,16.2,16.2,,,,,Starlight Xpress Filter Wheels,Ha,,,,,,,2000.0,N.I.N.A. 3.1.2.9001 (x64),FlatWizard_Date_2025-05-21_Time_10-16-44_Type_FLAT_Filter_Ha_Exposure_1.14s_HFR_px_FWHM_0.00_Frame_0051.xisf,1,,
FLAT,2025-05-21T09:16:51.779,2025-05-21T10:16:51.779,2025-05-21T09:16:52.938,1.14102,1.14102,ZWO ASI6200MM Pro,ZWO ASI6200MM Pro,100,10,0.246657639741898,1,1,-10.0,-10.1,3.76,3.76,40,66.2,52.2483888888889,-0.12325,NP101is,540.0,5.4,,,,,,,FlatWizard,,,0.0,FocusLynx Focuser 1,12302,12302,1.325,16.2,16.2,,,,,Starlight Xpress Filter Wheels,Ha,,,,,,,2000.0,N.I.N.A. 3.1.2.9001 (x64),FlatWizard_Date_2025-05-21_Time_10-16-51_Type_FLAT_Filter_Ha_Exposure_1.14s_HFR_px_FWHM_0.00_Frame_0054.xisf,1,,
FLAT,2025-05-21T09:16:54.185,2025-05-21T10:16:54.185,2025-05-21T09:16:55.332,1.14102,1.14102,ZWO ASI6200MM Pro,ZWO ASI6200MM Pro,100,10,0.246657639741898,1,1,-10.0,-10.1,3.76,3.76,40,66.2,52.2483888888889,-0.12325,NP101is,540.0,5.4,,,,,,,FlatWizard,,,0.0,FocusLynx Focuser 1,12302,12302,1.325,16.2,16.2,,,,,Starlight Xpress Filter Wheels,Ha,,,,,,,2000.0,N.I.N.A. 3.1.2.9001 (x64),FlatWizard_Date_2025-05-21_Time_10-16-54_Type_FLAT_Filter_Ha_Exposure_1.14s_HFR_px_FWHM_0.00_Frame_0055.xisf,1,,
FLAT,2025-05-21T09:17:46.218,2025-05-21T10:17:46.218,2025-05-21T09:17:47.349,1.14102,1.14102,ZWO ASI6200MM Pro,ZWO ASI6200MM Pro,100,10,0.246657639741898,1,1,-10.0,-9.9,3.76,3.76,40,66.2,52.2483888888889,-0.12325,NP101is,540.0,5.4,,,,,,,FlatWizard,,,0.0,FocusLynx Focuser 1,12302,12302,1.325,16.2,16.2,,,,,Starlight Xpress Filter Wheels,Ha,,,,,,,2000.0,N.I.N.A. 3.1.2.9001 (x64),FlatWizard_Date_2025-05-21_Time_10-17-46_Type_FLAT_Filter_Ha_Exposure_1.14s_HFR_px_FWHM_0.00_Frame_0077.xisf,1,,
FLAT,2025-05-21T09:16:56.535,2025-05-21T10:16:56.535,2025-05-21T09:16:57.664,1.14102,1.14102,ZWO ASI6200MM Pro,ZWO ASI6200MM Pro,100,10,0.246657639741898,1,1,-10.0,-10.1,3.76,3.76,40,66.2,52.2483888888889,-0.12325,NP101is,540.0,5.4,,,,,,,FlatWizard,,,0.0,FocusLynx Focuser 1,12302,12302,1.325,16.2,16.2,,,,,Starlight Xpress Filter Wheels,Ha,,,,,,,2000.0,N.I.N.A. 3.1.2.9001 (x64),FlatWizard_Date_2025-05-21_Time_10-16-56_Type_FLAT_Filter_Ha_Exposure_1.14s_HFR_px_FWHM_0.00_Frame_0056.xisf,1,,
FLAT,2025-05-21T09:17:03.627,2025-05-21T10:17:03.627,2025-05-21T09:17:04.748,1.14102,1.14102,ZWO ASI6200MM Pro,ZWO ASI6200MM Pro,100,10,0.246657639741898,1,1,-10.0,-10.0,3.76,3.76,40,66.2,52.2483888888889,-0.12325,NP101is,540.0,5.4,,,,,,,FlatWizard,,,0.0,FocusLynx Focuser 1,12302,12302,1.325,16.2,16.2,,,,,Starlight Xpress Filter Wheels,Ha,,,,,,,2000.0,N.I.N.A. 3.1.2.9001 (x64),FlatWizard_Date_2025-05-21_Time_10-17-03_Type_FLAT_Filter_Ha_Exposure_1.14s_HFR_px_FWHM_0.00_Frame_0059.xisf,1,,
FLAT,2025-05-21T09:17:13.059,2025-05-21T10:17:13.059,2025-05-21T09:17:14.211,1.14102,1.14102,ZWO ASI6200MM Pro,ZWO ASI6200MM Pro,100,10,0.246657639741898,1,1,-10.0,-10.0,3.76,3.76,40,66.2,52.2483888888889,-0.12325,NP101is,540.0,5.4,,,,,,,FlatWizard,,,0.0,FocusLynx Focuser 1,12302,12302,1.325,16.2,16.2,,,,,Starlight Xpress Filter Wheels,Ha,,,,,,,2000.0,N.I.N.A. 3.1.2.9001 (x64),FlatWizard_Date_2025-05-21_Time_10-17-13_Type_FLAT_Filter_Ha_Exposure_1.14s_HFR_px_FWHM_0.00_Frame_0063.xisf,1,,
FLAT,2025-05-21T09:16:58.874,2025-05-21T10:16:58.874,2025-05-21T09:17:00.022,1.14102,1.14102,ZWO ASI6200MM Pro,ZWO ASI6200MM Pro,100,10,0.246657639741898,1,1,-10.0,-10.1,3.76,3.76,40,66.2,52.2483888888889,-0.12325,NP101is,540.0,5.4,,,,,,,FlatWizard,,,0.0,FocusLynx Focuser 1,12302,12302,1.325,16.2,16.2,,,,,Starlight Xpress Filter Wheels,Ha,,,,,,,2000.0,N.I.N.A. 3.1.2.9001 (x64),FlatWizard_Date_2025-05-21_Time_10-16-58_Type_FLAT_Filter_Ha_Exposure_1.14s_HFR_px_FWHM_0.00_Frame_0057.xisf,1,,
FLAT,2025-05-21T09:17:24.952,2025-05-21T10:17:24.952,2025-05-21T09:17:26.098,1.14102,1.14102,ZWO ASI6200MM Pro,ZWO ASI6200MM Pro,100,10,0.246657639741898,1,1,-10.0,-10.0,3.76,3.76,40,66.2,52.2483888888889,-0.12325,NP101is,540.0,5.4,,,,,,,FlatWizard,,,0.0,FocusLynx Focuser 1,12302,12302,1.325,16.2,16.2,,,,,Starlight Xpress Filter Wheels,Ha,,,,,,,2000.0,N.I.N.A. 3.1.2.9001 (x64),FlatWizard_Date_2025-05-21_Time_10-17-24_Type_FLAT_Filter_Ha_Exposure_1.14s_HFR_px_FWHM_0.00_Frame_0068.xisf,1,,
FLAT,2025-05-21T09:17:22.589,2025-05-21T10:17:22.589,2025-05-21T09:17:23.731,1.14102,1.14102,ZWO ASI6200MM Pro,ZWO ASI6200MM Pro,100,10,0.246657639741898,1,1,-10.0,-10.0,3.76,3.76,40,66.2,52.2483888888889,-0.12325,NP101is,540.0,5.4,,,,,,,FlatWizard,,,0.0,FocusLynx Focuser 1,12302,12302,1.325,16.2,16.2,,,,,Starlight Xpress Filter Wheels,Ha,,,,,,,2000.0,N.I.N.A. 3.1.2.9001 (x64),FlatWizard_Date_2025-05-21_Time_10-17-22_Type_FLAT_Filter_Ha_Exposure_1.14s_HFR_px_FWHM_0.00_Frame_0067.xisf,1,,
FLAT,2025-05-21T09:17:08.273,2025-05-21T10:17:08.273,2025-05-21T09:17:09.437,1.14102,1.14102,ZWO ASI6200MM Pro,ZWO ASI6200MM Pro,100,10,0.246657639741898,1,1,-10.0,-10.0,3.76,3.76,40,66.2,52.2483888888889,-0.12325,NP101is,540.0,5.4,,,,,,,FlatWizard,,,0.0,FocusLynx Focuser 1,12302,12302,1.325,16.2,16.2,,,,,Starlight Xpress Filter Wheels,Ha,,,,,,,2000.0,N.I.N.A. 3.1.2.9001 (x64),FlatWizard_Date_2025-05-21_Time_10-17-08_Type_FLAT_Filter_Ha_Exposure_1.14s_HFR_px_FWHM_0.00_Frame_0061.xisf,1,,
FLAT,2025-05-21T09:17:10.681,2025-05-21T10:17:10.681,2025-05-21T09:17:11.818,1.14102,1.14102,ZWO ASI6200MM Pro,ZWO ASI6200MM Pro,100,10,0.246657639741898,1,1,-10.0,-10.0,3.76,3.76,40,66.2,52.2483888888889,-0.12325,NP101is,540.0,5.4,,,,,,,FlatWizard,,,0.0,FocusLynx Focuser 1,12302,12302,1.325,16.2,16.2,,,,,Starlight Xpress Filter Wheels,Ha,,,,,,,2000.0,N.I.N.A. 3.1.2.9001 (x64),FlatWizard_Date_2025-05-21_Time_10-17-10_Type_FLAT_Filter_Ha_Exposure_1.14s_HFR_px_FWHM_0.00_Frame_0062.xisf,1,,
FLAT,2025-05-21T09:17:17.829,2025-05-21T10:17:17.829,2025-05-21T09:17:18.989,1.14102,1.14102,ZWO ASI6200MM Pro,ZWO ASI6200MM Pro,100,10,0.246657639741898,1,1,-10.0,-10.0,3.76,3.76,40,66.2,52.2483888888889,-0.12325,NP101is,540.0,5.4,,,,,,,FlatWizard,,,0.0,FocusLynx Focuser 1,12302,12302,1.325,16.2,16.2,,,,,Starlight Xpress Filter Wheels,Ha,,,,,,,2000.0,N.I.N.A. 3.1.2.9001 (x64),FlatWizard_Date_2025-05-21_Time_10-17-17_Type_FLAT_Filter_Ha_Exposure_1.14s_HFR_px_FWHM_0.00_Frame_0065.xisf,1,,
FLAT,2025-05-21T09:17:27.322,2025-05-21T10:17:27.322,2025-05-21T09:17:28.473,1.14102,1.14102,ZWO ASI6200MM Pro,ZWO ASI6200MM Pro,100,10,0.246657639741898,1,1,-10.0,-10.0,3.76,3.76,40,66.2,52.2483888888889,-0.12325,NP101is,540.0,5.4,,,,,,,FlatWizard,,,0.0,FocusLynx Focuser 1,12302,12302,1.325,16.2,16.2,,,,,Starlight Xpress Filter Wheels,Ha,,,,,,,2000.0,N.I.N.A. 3.1.2.9001 (x64),FlatWizard_Date_2025-05-21_Time_10-17-27_Type_FLAT_Filter_Ha_Exposure_1.14s_HFR_px_FWHM_0.00_Frame_0069.xisf,1,,
FLAT,2025-05-21T09:17:01.261,2025-05-21T10:17:01.261,2025-05-21T09:17:02.416,1.14102,1.14102,ZWO ASI6200MM Pro,ZWO ASI6200MM Pro,100,10,0.246657639741898,1,1,-10.0,-10.0,3.76,3.76,40,66.2,52.2483888888889,-0.12325,NP101is,540.0,5.4,,,,,,,FlatWizard,,,0.0,FocusLynx Focuser 1,12302,12302,1.325,16.2,16.2,,,,,Starlight Xpress Filter Wheels,Ha,,,,,,,2000.0,N.I.N.A. 3.1.2.9001 (x64),FlatWizard_Date_2025-05-21_Time_10-17-01_Type_FLAT_Filter_Ha_Exposure_1.14s_HFR_px_FWHM_0.00_Frame_0058.xisf,1,,
FLAT,2025-05-21T09:16:40.056,2025-05-21T10:16:40.056,2025-05-21T09:16:41.185,1.14102,1.14102,ZWO ASI6200MM Pro,ZWO ASI6200MM Pro,100,10,0.246657639741898,1,1,-10.0,-10.2,3.76,3.76,40,66.2,52.2483888888889,-0.12325,NP101is,540.0,5.4,,,,,,,FlatWizard,,,0.0,FocusLynx Focuser 1,12302,12302,1.325,16.2,16.2,,,,,Starlight Xpress Filter Wheels,Ha,,,,,,,2000.0,N.I.N.A. 3.1.2.9001 (x64),FlatWizard_Date_2025-05-21_Time_10-16-40_Type_FLAT_Filter_Ha_Exposure_1.14s_HFR_px_FWHM_0.00_Frame_0049.xisf,1,,
FLAT,2025-05-21T09:17:32.062,2025-05-21T10:17:32.062,2025-05-21T09:17:33.194,1.14102,1.14102,ZWO ASI6200MM Pro,ZWO ASI6200MM Pro,100,10,0.246657639741898,1,1,-10.0,-10.0,3.76,3.76,40,66.2,52.2483888888889,-0.12325,NP101is,540.0,5.4,,,,,,,FlatWizard,,,0.0,FocusLynx Focuser 1,12302,12302,1.325,16.2,16.2,,,,,Starlight Xpress Filter Wheels,Ha,,,,,,,2000.0,N.I.N.A. 3.1.2.9001 (x64),FlatWizard_Date_2025-05-21_Time_10-17-32_Type_FLAT_Filter_Ha_Exposure_1.14s_HFR_px_FWHM_0.00_Frame_0071.xisf,1,,
FLAT,2025-05-21T09:17:05.954,2025-05-21T10:17:05.954,2025-05-21T09:17:07.073,1.14102,1.14102,ZWO ASI6200MM Pro,ZWO ASI6200MM Pro,100,10,0.246657639741898,1,1,-10.0,-10.0,3.76,3.76,40,66.2,52.2483888888889,-0.12325,NP101is,540.0,5.4,,,,,,,FlatWizard,,,0.0,FocusLynx Focuser 1,12302,12302,1.325,16.2,16.2,,,,,Starlight Xpress Filter Wheels,Ha,,,,,,,2000.0,N.I.N.A. 3.1.2.9001 (x64),FlatWizard_Date_2025-05-21_Time_10-17-05_Type_FLAT_Filter_Ha_Exposure_1.14s_HFR_px_FWHM_0.00_Frame_0060.xisf,1,,
FLAT,2025-05-21T09:17:20.229,2025-05-21T10:17:20.229,2025-05-21T09:17:21.380,1.14102,1.14102,ZWO ASI6200MM Pro,ZWO ASI6200MM Pro,100,10,0.246657639741898,1,1,-10.0,-10.0,3.76,3.76,40,66.2,52.2483888888889,-0.12325,NP101is,540.0,5.4,,,,,,,FlatWizard,,,0.0,FocusLynx Focuser 1,12302,12302,1.325,16.2,16.2,,,,,Starlight Xpress Filter Wheels,Ha,,,,,,,2000.0,N.I.N.A. 3.1.2.9001 (x64),FlatWizard_Date_2025-05-21_Time_10-17-20_Type_FLAT_Filter_Ha_Exposure_1.14s_HFR_px_FWHM_0.00_Frame_0066.xisf,1,,
FLAT,2025-05-21T09:17:29.707,2025-05-21T10:17:29.707,2025-05-21T09:17:30.852,1.14102,1.14102,ZWO ASI6200MM Pro,ZWO ASI6200MM Pro,100,10,0.246657639741898,1,1,-10.0,-10.0,3.76,3.76,40,66.2,52.2483888888889,-0.12325,NP101is,540.0,5.4,,,,,,,FlatWizard,,,0.0,FocusLynx Focuser 1,12302,12302,1.325,16.2,16.2,,,,,Starlight Xpress Filter Wheels,Ha,,,,,,,2000.0,N.I.N.A. 3.1.2.9001 (x64),FlatWizard_Date_2025-05-21_Time_10-17-29_Type_FLAT_Filter_Ha_Exposure_1.14s_HFR_px_FWHM_0.00_Frame_0070.xisf,1,,
FLAT,2025-05-21T09:17:39.206,2025-05-21T10:17:39.206,2025-05-21T09:17:40.350,1.14102,1.14102,ZWO ASI6200MM Pro,ZWO ASI6200MM Pro,100,10,0.246657639741898,1,1,-10.0,-10.0,3.76,3.76,40,66.2,52.2483888888889,-0.12325,NP101is,540.0,5.4,,,,,,,FlatWizard,,,0.0,FocusLynx Focuser 1,12302,12302,1.325,16.2,16.2,,,,,Starlight Xpress Filter Wheels,Ha,,,,,,,2000.0,N.I.N.A. 3.1.2.9001 (x64),FlatWizard_Date_2025-05-21_Time_10-17-39_Type_FLAT_Filter_Ha_Exposure_1.14s_HFR_px_FWHM_0.00_Frame_0074.xisf,1,,
FLAT,2025-05-21T09:17:43.897,2025-05-21T10:17:43.897,2025-05-21T09:17:45.028,1.14102,1.14102,ZWO ASI6200MM Pro,ZWO ASI6200MM Pro,100,10,0.246657639741898,1,1,-10.0,-9.9,3.76,3.76,40,66.2,52.2483888888889,-0.12325,NP101is,540.0,5.4,,,,,,,FlatWizard,,,0.0,FocusLynx Focuser 1,12302,12302,1.325,16.2,16.2,,,,,Starlight Xpress Filter Wheels,Ha,,,,,,,2000.0,N.I.N.A. 3.1.2.9001 (x64),FlatWizard_Date_2025-05-21_Time_10-17-43_Type_FLAT_Filter_Ha_Exposure_1.14s_HFR_px_FWHM_0.00_Frame_0076.xisf,1,,
FLAT,2025-05-21T09:17:34.409,2025-05-21T10:17:34.409,2025-05-21T09:17:35.574,1.14102,1.14102,ZWO ASI6200MM Pro,ZWO ASI6200MM Pro,100,10,0.246657639741898,1,1,-10.0,-9.9,3.76,3.76,40,66.2,52.2483888888889,-0.12325,NP101is,540.0,5.4,,,,,,,FlatWizard,,,0.0,FocusLynx Focuser 1,12302,12302,1.325,16.2,16.2,,,,,Starlight Xpress Filter Wheels,Ha,,,,,,,2000.0,N.I.N.A. 3.1.2.9001 (x64),FlatWizard_Date_2025-05-21_Time_10-17-34_Type_FLAT_Filter_Ha_Exposure_1.14s_HFR_px_FWHM_0.00_Frame_0072.xisf,1,,
FLAT,2025-05-21T09:17:41.555,2025-05-21T10:17:41.555,2025-05-21T09:17:42.680,1.14102,1.14102,ZWO ASI6200MM Pro,ZWO ASI6200MM Pro,100,10,0.246657639741898,1,1,-10.0,-10.0,3.76,3.76,40,66.2,52.2483888888889,-0.12325,NP101is,540.0,5.4,,,,,,,FlatWizard,,,0.0,FocusLynx Focuser 1,12302,12302,1.325,16.2,16.2,,,,,Starlight Xpress Filter Wheels,Ha,,,,,,,2000.0,N.I.N.A. 3.1.2.9001 (x64),FlatWizard_Date_2025-05-21_Time_10-17-41_Type_FLAT_Filter_Ha_Exposure_1.14s_HFR_px_FWHM_0.00_Frame_0075.xisf,1,,
FLAT,2025-05-21T09:17:36.820,2025-05-21T10:17:36.820,2025-05-21T09:17:37.973,1.14102,1.14102,ZWO ASI6200MM Pro,ZWO ASI6200MM Pro,100,10,0.246657639741898,1,1,-10.0,-10.0,3.76,3.76,40,66.2,52.2483888888889,-0.12325,NP101is,540.0,5.4,,,,,,,FlatWizard,,,0.0,FocusLynx Focuser 1,12302,12302,1.325,16.2,16.2,,,,,Starlight Xpress Filter Wheels,Ha,,,,,,,2000.0,N.I.N.A. 3.1.2.9001 (x64),FlatWizard_Date_2025-05-21_Time_10-17-36_Type_FLAT_Filter_Ha_Exposure_1.14s_HFR_px_FWHM_0.00_Frame_0073.xisf,1,,
FLAT,2025-05-21T09:17:48.560,2025-05-21T10:17:48.560,2025-05-21T09:17:49.709,1.14102,1.14102,ZWO ASI6200MM Pro,ZWO ASI6200MM Pro,100,10,0.246657639741898,1,1,-10.0,-9.9,3.76,3.76,40,66.2,52.2483888888889,-0.12325,NP101is,540.0,5.4,,,,,,,FlatWizard,,,0.0,FocusLynx Focuser 1,12302,12302,1.325,16.2,16.2,,,,,Starlight Xpress Filter Wheels,Ha,,,,,,,2000.0,N.I.N.A. 3.1.2.9001 (x64),FlatWizard_Date_2025-05-21_Time_10-17-48_Type_FLAT_Filter_Ha_Exposure_1.14s_HFR_px_FWHM_0.00_Frame_0078.xisf,1,,
FLAT,2025-05-21T09:16:47.108,2025-05-21T10:16:47.108,2025-05-21T09:16:48.254,1.14102,1.14102,ZWO ASI6200MM Pro,ZWO ASI6200MM Pro,100,10,0.246657639741898,1,1,-10.0,-10.1,3.76,3.76,40,66.2,52.2483888888889,-0.12325,NP101is,540.0,5.4,,,,,,,FlatWizard,,,0.0,FocusLynx Focuser 1,12302,12302,1.325,16.2,16.2,,,,,Starlight Xpress Filter Wheels,Ha,,,,,,,2000.0,N.I.N.A. 3.1.2.9001 (x64),FlatWizard_Date_2025-05-21_Time_10-16-47_Type_FLAT_Filter_Ha_Exposure_1.14s_HFR_px_FWHM_0.00_Frame_0052.xisf,1,,
FLAT,2025-05-21T09:18:00.263,2025-05-21T10:18:00.263,2025-05-21T09:18:01.379,1.14102,1.14102,ZWO ASI6200MM Pro,ZWO ASI6200MM Pro,100,10,0.246657639741898,1,1,-10.0,-9.9,3.76,3.76,40,66.2,52.2483888888889,-0.12325,NP101is,540.0,5.4,,,,,,,FlatWizard,,,0.0,FocusLynx Focuser 1,12302,12302,1.325,16.2,16.2,,,,,Starlight Xpress Filter Wheels,Ha,,,,,,,2000.0,N.I.N.A. 3.1.2.9001 (x64),FlatWizard_Date_2025-05-21_Time_10-18-00_Type_FLAT_Filter_Ha_Exposure_1.14s_HFR_px_FWHM_0.00_Frame_0083.xisf,1,,
FLAT,2025-05-21T09:17:50.912,2025-05-21T10:17:50.912,2025-05-21T09:17:52.031,1.14102,1.14102,ZWO ASI6200MM Pro,ZWO ASI6200MM Pro,100,10,0.246657639741898,1,1,-10.0,-9.9,3.76,3.76,40,66.2,52.2483888888889,-0.12325,NP101is,540.0,5.4,,,,,,,FlatWizard,,,0.0,FocusLynx Focuser 1,12302,12302,1.325,16.2,16.2,,,,,Starlight Xpress Filter Wheels,Ha,,,,,,,2000.0,N.I.N.A. 3.1.2.9001 (x64),FlatWizard_Date_2025-05-21_Time_10-17-50_Type_FLAT_Filter_Ha_Exposure_1.14s_HFR_px_FWHM_0.00_Frame_0079.xisf,1,,
FLAT,2025-05-21T09:17:57.921,2025-05-21T10:17:57.921,2025-05-21T09:17:59.061,1.14102,1.14102,ZWO ASI6200MM Pro,ZWO ASI6200MM Pro,100,10,0.246657639741898,1,1,-10.0,-9.9,3.76,3.76,40,66.2,52.2483888888889,-0.12325,NP101is,540.0,5.4,,,,,,,FlatWizard,,,0.0,FocusLynx Focuser 1,12302,12302,1.325,16.2,16.2,,,,,Starlight Xpress Filter Wheels,Ha,,,,,,,2000.0,N.I.N.A. 3.1.2.9001 (x64),FlatWizard_Date_2025-05-21_Time_10-17-57_Type_FLAT_Filter_Ha_Exposure_1.14s_HFR_px_FWHM_0.00_Frame_0082.xisf,1,,
FLAT,2025-05-21T09:17:55.575,2025-05-21T10:17:55.575,2025-05-21T09:17:56.705,1.14102,1.14102,ZWO ASI6200MM Pro,ZWO ASI6200MM Pro,100,10,0.246657639741898,1,1,-10.0,-9.9,3.76,3.76,40,66.2,52.2483888888889,-0.12325,NP101is,540.0,5.4,,,,,,,FlatWizard,,,0.0,FocusLynx Focuser 1,12302,12302,1.325,16.2,16.2,,,,,Starlight Xpress Filter Wheels,Ha,,,,,,,2000.0,N.I.N.A. 3.1.2.9001 (x64),FlatWizard_Date_2025-05-21_Time_10-17-55_Type_FLAT_Filter_Ha_Exposure_1.14s_HFR_px_FWHM_0.00_Frame_0081.xisf,1,,
FLAT,2025-05-21T09:17:53.250,2025-05-21T10:17:53.250,2025-05-21T09:17:54.381,1.14102,1.14102,ZWO ASI6200MM Pro,ZWO ASI6200MM Pro,100,10,0.246657639741898,1,1,-10.0,-9.9,3.76,3.76,40,66.2,52.2483888888889,-0.12325,NP101is,540.0,5.4,,,,,,,FlatWizard,,,0.0,FocusLynx Focuser 1,12302,12302,1.325,16.2,16.2,,,,,Starlight Xpress Filter Wheels,Ha,,,,,,,2000.0,N.I.N.A. 3.1.2.9001 (x64),FlatWizard_Date_2025-05-21_Time_10-17-53_Type_FLAT_Filter_Ha_Exposure_1.14s_HFR_px_FWHM_0.00_Frame_0080.xisf,1,,
FLAT,2025-05-21T09:18:04.885,2025-05-21T10:18:04.885,2025-05-21T09:18:06.031,1.14102,1.14102,ZWO ASI6200MM Pro,ZWO ASI6200MM Pro,100,10,0.246657639741898,1,1,-10.0,-9.9,3.76,3.76,40,66.2,52.2483888888889,-0.12325,NP101is,540.0,5.4,,,,,,,FlatWizard,,,0.0,FocusLynx Focuser 1,12302,12302,1.325,16.2,16.2,,,,,Starlight Xpress Filter Wheels,Ha,,,,,,,2000.0,N.I.N.A. 3.1.2.9001 (x64),FlatWizard_Date_2025-05-21_Time_10-18-04_Type_FLAT_Filter_Ha_Exposure_1.14s_HFR_px_FWHM_0.00_Frame_0085.xisf,1,,
FLAT,2025-05-21T09:18:09.626,2025-05-21T10:18:09.626,2025-05-21T09:18:10.770,1.14102,1.14102,ZWO ASI6200MM Pro,ZWO ASI6200MM Pro,100,10,0.246657639741898,1,1,-10.0,-9.9,3.76,3.76,40,66.2,52.2483888888889,-0.12325,NP101is,540.0,5.4,,,,,,,FlatWizard,,,0.0,FocusLynx Focuser 1,12302,12302,1.325,16.2,16.2,,,,,Starlight Xpress Filter Wheels,Ha,,,,,,,2000.0,N.I.N.A. 3.1.2.9001 (x64),FlatWizard_Date_2025-05-21_Time_10-18-09_Type_FLAT_Filter_Ha_Exposure_1.14s_HFR_px_FWHM_0.00_Frame_0087.xisf,1,,
FLAT,2025-05-21T09:18:07.264,2025-05-21T10:18:07.264,2025-05-21T09:18:08.414,1.14102,1.14102,ZWO ASI6200MM Pro,ZWO ASI6200MM Pro,100,10,0.246657639741898,1,1,-10.0,-9.9,3.76,3.76,40,66.2,52.2483888888889,-0.12325,NP101is,540.0,5.4,,,,,,,FlatWizard,,,0.0,FocusLynx Focuser 1,12302,12302,1.325,16.2,16.2,,,,,Starlight Xpress Filter Wheels,Ha,,,,,,,2000.0,N.I.N.A. 3.1.2.9001 (x64),FlatWizard_Date_2025-05-21_Time_10-18-07_Type_FLAT_Filter_Ha_Exposure_1.14s_HFR_px_FWHM_0.00_Frame_0086.xisf,1,,
FLAT,2025-05-21T09:18:02.575,2025-05-21T10:18:02.575,2025-05-21T09:18:03.688,1.14102,1.14102,ZWO ASI6200MM Pro,ZWO ASI6200MM Pro,100,10,0.246657639741898,1,1,-10.0,-9.9,3.76,3.76,40,66.2,52.2483888888889,-0.12325,NP101is,540.0,5.4,,,,,,,FlatWizard,,,0.0,FocusLynx Focuser 1,12302,12302,1.325,16.2,16.2,,,,,Starlight Xpress Filter Wheels,Ha,,,,,,,2000.0,N.I.N.A. 3.1.2.9001 (x64),FlatWizard_Date_2025-05-21_Time_10-18-02_Type_FLAT_Filter_Ha_Exposure_1.14s_HFR_px_FWHM_0.00_Frame_0084.xisf,1,,
FLAT,2025-05-21T09:18:11.970,2025-05-21T10:18:11.970,2025-05-21T09:18:13.120,1.14102,1.14102,ZWO ASI6200MM Pro,ZWO ASI6200MM Pro,100,10,0.246657639741898,1,1,-10.0,-9.9,3.76,3.76,40,66.2,52.2483888888889,-0.12325,NP101is,540.0,5.4,,,,,,,FlatWizard,,,0.0,FocusLynx Focuser 1,12302,12302,1.325,16.2,16.2,,,,,Starlight Xpress Filter Wheels,Ha,,,,,,,2000.0,N.I.N.A. 3.1.2.9001 (x64),FlatWizard_Date_2025-05-21_Time_10-18-11_Type_FLAT_Filter_Ha_Exposure_1.14s_HFR_px_FWHM_0.00_Frame_0088.xisf,1,,
FLAT,2025-05-21T09:18:14.331,2025-05-21T10:18:14.331,2025-05-21T09:18:15.449,1.14102,1.14102,ZWO ASI6200MM Pro,ZWO ASI6200MM Pro,100,10,0.246657639741898,1,1,-10.0,-9.9,3.76,3.76,40,66.2,52.2483888888889,-0.12325,NP101is,540.0,5.4,,,,,,,FlatWizard,,,0.0,FocusLynx Focuser 1,12302,12302,1.325,16.2,16.2,,,,,Starlight Xpress Filter Wheels,Ha,,,,,,,2000.0,N.I.N.A. 3.1.2.9001 (x64),FlatWizard_Date_2025-05-21_Time_10-18-14_Type_FLAT_Filter_Ha_Exposure_1.14s_HFR_px_FWHM_0.00_Frame_0089.xisf,1,,
FLAT,2025-05-21T09:18:16.647,2025-05-21T10:18:16.647,2025-05-21T09:18:17.788,1.14102,1.14102,ZWO ASI6200MM Pro,ZWO ASI6200MM Pro,100,10,0.246657639741898,1,1,-10.0,-9.9,3.76,3.76,40,66.2,52.2483888888889,-0.12325,NP101is,540.0,5.4,,,,,,,FlatWizard,,,0.0,FocusLynx Focuser 1,12302,12302,1.325,16.2,16.2,,,,,Starlight Xpress Filter Wheels,Ha,,,,,,,2000.0,N.I.N.A. 3.1.2.9001 (x64),FlatWizard_Date_2025-05-21_Time_10-18-16_Type_FLAT_Filter_Ha_Exposure_1.14s_HFR_px_FWHM_0.00_Frame_0090.xisf,1,,
FLAT,2025-05-21T09:18:21.343,2025-05-21T10:18:21.343,2025-05-21T09:18:22.508,1.14102,1.14102,ZWO ASI6200MM Pro,ZWO ASI6200MM Pro,100,10,0.246657639741898,1,1,-10.0,-9.9,3.76,3.76,40,66.2,52.2483888888889,-0.12325,NP101is,540.0,5.4,,,,,,,FlatWizard,,,0.0,FocusLynx Focuser 1,12302,12302,1.325,16.2,16.2,,,,,Starlight Xpress Filter Wheels,Ha,,,,,,,2000.0,N.I.N.A. 3.1.2.9001 (x64),FlatWizard_Date_2025-05-21_Time_10-18-21_Type_FLAT_Filter_Ha_Exposure_1.14s_HFR_px_FWHM_0.00_Frame_0092.xisf,1,,
FLAT,2025-05-21T09:18:23.760,2025-05-21T10:18:23.760,2025-05-21T09:18:24.920,1.14102,1.14102,ZWO ASI6200MM Pro,ZWO ASI6200MM Pro,100,10,0.246657639741898,1,1,-10.0,-9.9,3.76,3.76,40,66.2,52.2483888888889,-0.12325,NP101is,540.0,5.4,,,,,,,FlatWizard,,,0.0,FocusLynx Focuser 1,12302,12302,1.325,16.2,16.2,,,,,Starlight Xpress Filter Wheels,Ha,,,,,,,2000.0,N.I.N.A. 3.1.2.9001 (x64),FlatWizard_Date_2025-05-21_Time_10-18-23_Type_FLAT_Filter_Ha_Exposure_1.14s_HFR_px_FWHM_0.00_Frame_0093.xisf,1,,
FLAT,2025-05-21T09:18:26.162,2025-05-21T10:18:26.162,2025-05-21T09:18:27.294,1.14102,1.14102,ZWO ASI6200MM Pro,ZWO ASI6200MM Pro,100,10,0.246657639741898,1,1,-10.0,-9.9,3.76,3.76,40,66.2,52.2483888888889,-0.12325,NP101is,540.0,5.4,,,,,,,FlatWizard,,,0.0,FocusLynx Focuser 1,12302,12302,1.325,16.2,16.2,,,,,Starlight Xpress Filter Wheels,Ha,,,,,,,2000.0,N.I.N.A. 3.1.2.9001 (x64),FlatWizard_Date_2025-05-21_Time_10-18-26_Type_FLAT_Filter_Ha_Exposure_1.14s_HFR_px_FWHM_0.00_Frame_0094.xisf,1,,
FLAT,2025-05-21T09:18:33.232,2025-05-21T10:18:33.232,2025-05-21T09:18:34.384,1.14102,1.14102,ZWO ASI6200MM Pro,ZWO ASI6200MM Pro,100,10,0.246657639741898,1,1,-10.0,-9.9,3.76,3.76,40,66.2,52.2483888888889,-0.12325,NP101is,540.0,5.4,,,,,,,FlatWizard,,,0.0,FocusLynx Focuser 1,12302,12302,1.325,16.2,16.2,,,,,Starlight Xpress Filter Wheels,Ha,,,,,,,2000.0,N.I.N.A. 3.1.2.9001 (x64),FlatWizard_Date_2025-05-21_Time_10-18-33_Type_FLAT_Filter_Ha_Exposure_1.14s_HFR_px_FWHM_0.00_Frame_0097.xisf,1,,
FLAT,2025-05-21T09:18:30.865,2025-05-21T10:18:30.865,2025-05-21T09:18:32.010,1.14102,1.14102,ZWO ASI6200MM Pro,ZWO ASI6200MM Pro,100,10,0.246657639741898,1,1,-10.0,-9.9,3.76,3.76,40,66.2,52.2483888888889,-0.12325,NP101is,540.0,5.4,,,,,,,FlatWizard,,,0.0,FocusLynx Focuser 1,12302,12302,1.325,16.2,16.2,,,,,Starlight Xpress Filter Wheels,Ha,,,,,,,2000.0,N.I.N.A. 3.1.2.9001 (x64),FlatWizard_Date_2025-05-21_Time_10-18-30_Type_FLAT_Filter_Ha_Exposure_1.14s_HFR_px_FWHM_0.00_Frame_0096.xisf,1,,
FLAT,2025-05-21T09:18:19.016,2025-05-21T10:18:19.016,2025-05-21T09:18:20.151,1.14102,1.14102,ZWO ASI6200MM Pro,ZWO ASI6200MM Pro,100,10,0.246657639741898,1,1,-10.0,-9.9,3.76,3.76,40,66.2,52.2483888888889,-0.12325,NP101is,540.0,5.4,,,,,,,FlatWizard,,,0.0,FocusLynx Focuser 1,12302,12302,1.325,16.2,16.2,,,,,Starlight Xpress Filter Wheels,Ha,,,,,,,2000.0,N.I.N.A. 3.1.2.9001 (x64),FlatWizard_Date_2025-05-21_Time_10-18-19_Type_FLAT_Filter_Ha_Exposure_1.14s_HFR_px_FWHM_0.00_Frame_0091.xisf,1,,
FLAT,2025-05-21T09:18:28.508,2025-05-21T10:18:28.508,2025-05-21T09:18:29.646,1.14102,1.14102,ZWO ASI6200MM Pro,ZWO ASI6200MM Pro,100,10,0.246657639741898,1,1,-10.0,-9.9,3.76,3.76,40,66.2,52.2483888888889,-0.12325,NP101is,540.0,5.4,,,,,,,FlatWizard,,,0.0,FocusLynx Focuser 1,12302,12302,1.325,16.2,16.2,,,,,Starlight Xpress Filter Wheels,Ha,,,,,,,2000.0,N.I.N.A. 3.1.2.9001 (x64),FlatWizard_Date_2025-05-21_Time_10-18-28_Type_FLAT_Filter_Ha_Exposure_1.14s_HFR_px_FWHM_0.00_Frame_0095.xisf,1,,
FLAT,2025-05-21T09:18:35.619,2025-05-21T10:18:35.619,2025-05-21T09:18:36.777,1.14102,1.14102,ZWO ASI6200MM Pro,ZWO ASI6200MM Pro,100,10,0.246657639741898,1,1,-10.0,-9.9,3.76,3.76,40,66.2,52.2483888888889,-0.12325,NP101is,540.0,5.4,,,,,,,FlatWizard,,,0.0,FocusLynx Focuser 1,12302,12302,1.325,16.2,16.2,,,,,Starlight Xpress Filter Wheels,Ha,,,,,,,2000.0,N.I.N.A. 3.1.2.9001 (x64),FlatWizard_Date_2025-05-21_Time_10-18-35_Type_FLAT_Filter_Ha_Exposure_1.14s_HFR_px_FWHM_0.00_Frame_0098.xisf,1,,
FLAT,2025-06-12T16:31:09.782,2025-06-12T17:31:09.782,2025-06-12T16:31:10.516,0.505,0.505,ZWO ASI6200MM Pro,ZWO ASI6200MM Pro,0,10,0.779999971389771,1,1,5.0,3.0,3.76,3.76,40,66.2,52.2483888888889,-0.12325,NP101is,540.0,5.4,,,,,,,FlatWizard,,,0.0,FocusLynx Focuser 1,12315,12315,1.325,26.8,26.8,,,,,Starlight Xpress Filter Wheels,Blue,,,,,,,2000.0,N.I.N.A. 3.1.2.9001 (x64),FlatWizard_Date_2025-06-12_Time_17-31-09_Type_FLAT_Filter_Blue_Exposure_0.51s_Gain_0_Offset_10_Eccentricity_0.00_HFR_px_FWHM_0.00_Temp_26.80_Frame_0000.xisf,1,,
FLAT,2025-05-21T09:18:38.024,2025-05-21T10:18:38.024,2025-05-21T09:18:39.178,1.14102,1.14102,ZWO ASI6200MM Pro,ZWO ASI6200MM Pro,100,10,0.246657639741898,1,1,-10.0,-9.9,3.76,3.76,40,66.2,52.2483888888889,-0.12325,NP101is,540.0,5.4,,,,,,,FlatWizard,,,0.0,FocusLynx Focuser 1,12302,12302,1.325,16.2,16.2,,,,,Starlight Xpress Filter Wheels,Ha,,,,,,,2000.0,N.I.N.A. 3.1.2.9001 (x64),FlatWizard_Date_2025-05-21_Time_10-18-38_Type_FLAT_Filter_Ha_Exposure_1.14s_HFR_px_FWHM_0.00_Frame_0099.xisf,1,,
FLAT,2025-06-12T16:31:14.795,2025-06-12T17:31:14.795,2025-06-12T16:31:15.541,0.505,0.505,ZWO ASI6200MM Pro,ZWO ASI6200MM Pro,0,10,0.779999971389771,1,1,5.0,3.1,3.76,3.76,40,66.2,52.2483888888889,-0.12325,NP101is,540.0,5.4,,,,,,,FlatWizard,,,0.0,FocusLynx Focuser 1,12315,12315,1.325,26.8,26.8,,,,,Starlight Xpress Filter Wheels,Blue,,,,,,,2000.0,N.I.N.A. 3.1.2.9001 (x64),FlatWizard_Date_2025-06-12_Time_17-31-14_Type_FLAT_Filter_Blue_Exposure_0.51s_Gain_0_Offset_10_Eccentricity_0.00_HFR_px_FWHM_0.00_Temp_26.80_Frame_0003.xisf,1,,
FLAT,2025-06-12T16:31:24.200,2025-06-12T17:31:24.200,2025-06-12T16:31:24.938,0.505,0.505,ZWO ASI6200MM Pro,ZWO ASI6200MM Pro,0,10,0.779999971389771,1,1,5.0,3.5,3.76,3.76,40,66.2,52.2483888888889,-0.12325,NP101is,540.0,5.4,,,,,,,FlatWizard,,,0.0,FocusLynx Focuser 1,12315,12315,1.325,26.8,26.8,,,,,Starlight Xpress Filter Wheels,Blue,,,,,,,2000.0,N.I.N.A. 3.1.2.9001 (x64),FlatWizard_Date_2025-06-12_Time_17-31-24_Type_FLAT_Filter_Blue_Exposure_0.51s_Gain_0_Offset_10_Eccentricity_0.00_HFR_px_FWHM_0.00_Temp_26.80_Frame_0007.xisf,1,,
FLAT,2025-06-12T16:31:11.778,2025-06-12T17:31:11.778,2025-06-12T16:31:12.505,0.505,0.505,ZWO ASI6200MM Pro,ZWO ASI6200MM Pro,0,10,0.779999971389771,1,1,5.0,3.0,3.76,3.76,40,66.2,52.2483888888889,-0.12325,NP101is,540.0,5.4,,,,,,,FlatWizard,,,0.0,FocusLynx Focuser 1,12315,12315,1.325,26.8,26.8,,,,,Starlight Xpress Filter Wheels,Blue,,,,,,,2000.0,N.I.N.A. 3.1.2.9001 (x64),FlatWizard_Date_2025-06-12_Time_17-31-11_Type_FLAT_Filter_Blue_Exposure_0.51s_Gain_0_Offset_10_Eccentricity_0.00_HFR_px_FWHM_0.00_Temp_26.80_Frame_0001.xisf,1,,
FLAT,2025-06-12T16:31:16.441,2025-06-12T17:31:16.441,2025-06-12T16:31:17.165,0.505,0.505,ZWO ASI6200MM Pro,ZWO ASI6200MM Pro,0,10,0.779999971389771,1,1,5.0,3.1,3.76,3.76,40,66.2,52.2483888888889,-0.12325,NP101is,540.0,5.4,,,,,,,FlatWizard,,,0.0,FocusLynx Focuser 1,12315,12315,1.325,26.8,26.8,,,,,Starlight Xpress Filter Wheels,Blue,,,,,,,2000.0,N.I.N.A. 3.1.2.9001 (x64),FlatWizard_Date_2025-06-12_Time_17-31-16_Type_FLAT_Filter_Blue_Exposure_0.51s_Gain_0_Offset_10_Eccentricity_0.00_HFR_px_FWHM_0.00_Temp_26.80_Frame_0004.xisf,1,,
FLAT,2025-06-12T16:31:17.957,2025-06-12T17:31:17.957,2025-06-12T16:31:18.698,0.505,0.505,ZWO ASI6200MM Pro,ZWO ASI6200MM Pro,0,10,0.779999971389771,1,1,5.0,3.3,3.76,3.76,40,66.2,52.2483888888889,-0.12325,NP101is,540.0,5.4,,,,,,,FlatWizard,,,0.0,FocusLynx Focuser 1,12315,12315,1.325,26.8,26.8,,,,,Starlight Xpress Filter Wheels,Blue,,,,,,,2000.0,N.I.N.A. 3.1.2.9001 (x64),FlatWizard_Date_2025-06-12_Time_17-31-17_Type_FLAT_Filter_Blue_Exposure_0.51s_Gain_0_Offset_10_Eccentricity_0.00_HFR_px_FWHM_0.00_Temp_26.80_Frame_0005.xisf,1,,
FLAT,2025-06-12T16:31:19.556,2025-06-12T17:31:19.556,2025-06-12T16:31:20.297,0.505,0.505,ZWO ASI6200MM Pro,ZWO ASI6200MM Pro,0,10,0.779999971389771,1,1,5.0,3.3,3.76,3.76,40,66.2,52.2483888888889,-0.12325,NP101is,540.0,5.4,,,,,,,FlatWizard,,,0.0,FocusLynx Focuser 1,12315,12315,1.325,26.8,26.8,,,,,Starlight Xpress Filter Wheels,Blue,,,,,,,2000.0,N.I.N.A. 3.1.2.9001 (x64),FlatWizard_Date_2025-06-12_Time_17-31-19_Type_FLAT_Filter_Blue_Exposure_0.51s_Gain_0_Offset_10_Eccentricity_0.00_HFR_px_FWHM_0.00_Temp_26.80_Frame_0006.xisf,1,,
FLAT,2025-06-12T16:31:13.292,2025-06-12T17:31:13.292,2025-06-12T16:31:14.007,0.505,0.505,ZWO ASI6200MM Pro,ZWO ASI6200MM Pro,0,10,0.779999971389771,1,1,5.0,3.0,3.76,3.76,40,66.2,52.2483888888889,-0.12325,NP101is,540.0,5.4,,,,,,,FlatWizard,,,0.0,FocusLynx Focuser 1,12315,12315,1.325,26.8,26.8,,,,,Starlight Xpress Filter Wheels,Blue,,,,,,,2000.0,N.I.N.A. 3.1.2.9001 (x64),FlatWizard_Date_2025-06-12_Time_17-31-13_Type_FLAT_Filter_Blue_Exposure_0.51s_Gain_0_Offset_10_Eccentricity_0.00_HFR_px_FWHM_0.00_Temp_26.80_Frame_0002.xisf,1,,
FLAT,2025-06-12T16:31:27.304,2025-06-12T17:31:27.304,2025-06-12T16:31:28.032,0.505,0.505,ZWO ASI6200MM Pro,ZWO ASI6200MM Pro,0,10,0.779999971389771,1,1,5.0,3.6,3.76,3.76,40,66.2,52.2483888888889,-0.12325,NP101is,540.0,5.4,,,,,,,FlatWizard,,,0.0,FocusLynx Focuser 1,12315,12315,1.325,26.8,26.8,,,,,Starlight Xpress Filter Wheels,Blue,,,,,,,2000.0,N.I.N.A. 3.1.2.9001 (x64),FlatWizard_Date_2025-06-12_Time_17-31-27_Type_FLAT_Filter_Blue_Exposure_0.51s_Gain_0_Offset_10_Eccentricity_0.00_HFR_px_FWHM_0.00_Temp_26.80_Frame_0009.xisf,1,,
FLAT,2025-06-12T16:31:30.389,2025-06-12T17:31:30.389,2025-06-12T16:31:31.102,0.505,0.505,ZWO ASI6200MM Pro,ZWO ASI6200MM Pro,0,10,0.779999971389771,1,1,5.0,3.8,3.76,3.76,40,66.2,52.2483888888889,-0.12325,NP101is,540.0,5.4,,,,,,,FlatWizard,,,0.0,FocusLynx Focuser 1,12315,12315,1.325,26.8,26.8,,,,,Starlight Xpress Filter Wheels,Blue,,,,,,,2000.0,N.I.N.A. 3.1.2.9001 (x64),FlatWizard_Date_2025-06-12_Time_17-31-30_Type_FLAT_Filter_Blue_Exposure_0.51s_Gain_0_Offset_10_Eccentricity_0.00_HFR_px_FWHM_0.00_Temp_26.80_Frame_0011.xisf,1,,
FLAT,2025-06-12T16:31:54.783,2025-06-12T17:31:54.783,2025-06-12T16:31:55.492,0.505,0.505,ZWO ASI6200MM Pro,ZWO ASI6200MM Pro,0,10,0.779999971389771,1,1,5.0,4.8,3.76,3.76,40,66.2,52.2483888888889,-0.12325,NP101is,540.0,5.4,,,,,,,FlatWizard,,,0.0,FocusLynx Focuser 1,12315,12315,1.325,26.8,26.8,,,,,Starlight Xpress Filter Wheels,Blue,,,,,,,2000.0,N.I.N.A. 3.1.2.9001 (x64),FlatWizard_Date_2025-06-12_Time_17-31-54_Type_FLAT_Filter_Blue_Exposure_0.51s_Gain_0_Offset_10_Eccentricity_0.00_HFR_px_FWHM_0.00_Temp_26.80_Frame_0027.xisf,1,,
FLAT,2025-06-12T16:31:28.840,2025-06-12T17:31:28.840,2025-06-12T16:31:29.576,0.505,0.505,ZWO ASI6200MM Pro,ZWO ASI6200MM Pro,0,10,0.779999971389771,1,1,5.0,3.7,3.76,3.76,40,66.2,52.2483888888889,-0.12325,NP101is,540.0,5.4,,,,,,,FlatWizard,,,0.0,FocusLynx Focuser 1,12315,12315,1.325,26.8,26.8,,,,,Starlight Xpress Filter Wheels,Blue,,,,,,,2000.0,N.I.N.A. 3.1.2.9001 (x64),FlatWizard_Date_2025-06-12_Time_17-31-28_Type_FLAT_Filter_Blue_Exposure_0.51s_Gain_0_Offset_10_Eccentricity_0.00_HFR_px_FWHM_0.00_Temp_26.80_Frame_0010.xisf,1,,
FLAT,2025-06-12T16:31:31.884,2025-06-12T17:31:31.884,2025-06-12T16:31:32.636,0.505,0.505,ZWO ASI6200MM Pro,ZWO ASI6200MM Pro,0,10,0.779999971389771,1,1,5.0,3.9,3.76,3.76,40,66.2,52.2483888888889,-0.12325,NP101is,540.0,5.4,,,,,,,FlatWizard,,,0.0,FocusLynx Focuser 1,12315,12315,1.325,26.8,26.8,,,,,Starlight Xpress Filter Wheels,Blue,,,,,,,2000.0,N.I.N.A. 3.1.2.9001 (x64),FlatWizard_Date_2025-06-12_Time_17-31-31_Type_FLAT_Filter_Blue_Exposure_0.51s_Gain_0_Offset_10_Eccentricity_0.00_HFR_px_FWHM_0.00_Temp_26.80_Frame_0012.xisf,1,,
FLAT,2025-06-12T16:31:35.020,2025-06-12T17:31:35.020,2025-06-12T16:31:35.758,0.505,0.505,ZWO ASI6200MM Pro,ZWO ASI6200MM Pro,0,10,0.779999971389771,1,1,5.0,4.0,3.76,3.76,40,66.2,52.2483888888889,-0.12325,NP101is,540.0,5.4,,,,,,,FlatWizard,,,0.0,FocusLynx Focuser 1,12315,12315,1.325,26.8,26.8,,,,,Starlight Xpress Filter Wheels,Blue,,,,,,,2000.0,N.I.N.A. 3.1.2.9001 (x64),FlatWizard_Date_2025-06-12_Time_17-31-35_Type_FLAT_Filter_Blue_Exposure_0.51s_Gain_0_Offset_10_Eccentricity_0.00_HFR_px_FWHM_0.00_Temp_26.80_Frame_0014.xisf,1,,
FLAT,2025-06-12T16:31:33.490,2025-06-12T17:31:33.490,2025-06-12T16:31:34.212,0.505,0.505,ZWO ASI6200MM Pro,ZWO ASI6200MM Pro,0,10,0.779999971389771,1,1,5.0,4.0,3.76,3.76,40,66.2,52.2483888888889,-0.12325,NP101is,540.0,5.4,,,,,,,FlatWizard,,,0.0,FocusLynx Focuser 1,12315,12315,1.325,26.8,26.8,,,,,Starlight Xpress Filter Wheels,Blue,,,,,,,2000.0,N.I.N.A. 3.1.2.9001 (x64),FlatWizard_Date_2025-06-12_Time_17-31-33_Type_FLAT_Filter_Blue_Exposure_0.51s_Gain_0_Offset_10_Eccentricity_0.00_HFR_px_FWHM_0.00_Temp_26.80_Frame_0013.xisf,1,,
FLAT,2025-06-12T16:31:36.565,2025-06-12T17:31:36.565,2025-06-12T16:31:37.300,0.505,0.505,ZWO ASI6200MM Pro,ZWO ASI6200MM Pro,0,10,0.779999971389771,1,1,5.0,4.0,3.76,3.76,40,66.2,52.2483888888889,-0.12325,NP101is,540.0,5.4,,,,,,,FlatWizard,,,0.0,FocusLynx Focuser 1,12315,12315,1.325,26.8,26.8,,,,,Starlight Xpress Filter Wheels,Blue,,,,,,,2000.0,N.I.N.A. 3.1.2.9001 (x64),FlatWizard_Date_2025-06-12_Time_17-31-36_Type_FLAT_Filter_Blue_Exposure_0.51s_Gain_0_Offset_10_Eccentricity_0.00_HFR_px_FWHM_0.00_Temp_26.80_Frame_0015.xisf,1,,
FLAT,2025-06-12T16:31:39.684,2025-06-12T17:31:39.684,2025-06-12T16:31:40.422,0.505,0.505,ZWO ASI6200MM Pro,ZWO ASI6200MM Pro,0,10,0.779999971389771,1,1,5.0,4.2,3.76,3.76,40,66.2,52.2483888888889,-0.12325,NP101is,540.0,5.4,,,,,,,FlatWizard,,,0.0,FocusLynx Focuser 1,12315,12315,1.325,26.8,26.8,,,,,Starlight Xpress Filter Wheels,Blue,,,,,,,2000.0,N.I.N.A. 3.1.2.9001 (x64),FlatWizard_Date_2025-06-12_Time_17-31-39_Type_FLAT_Filter_Blue_Exposure_0.51s_Gain_0_Offset_10_Eccentricity_0.00_HFR_px_FWHM_0.00_Temp_26.80_Frame_0017.xisf,1,,
FLAT,2025-06-12T16:31:41.224,2025-06-12T17:31:41.224,2025-06-12T16:31:41.916,0.505,0.505,ZWO ASI6200MM Pro,ZWO ASI6200MM Pro,0,10,0.779999971389771,1,1,5.0,4.2,3.76,3.76,40,66.2,52.2483888888889,-0.12325,NP101is,540.0,5.4,,,,,,,FlatWizard,,,0.0,FocusLynx Focuser 1,12315,12315,1.325,26.8,26.8,,,,,Starlight Xpress Filter Wheels,Blue,,,,,,,2000.0,N.I.N.A. 3.1.2.9001 (x64),FlatWizard_Date_2025-06-12_Time_17-31-41_Type_FLAT_Filter_Blue_Exposure_0.51s_Gain_0_Offset_10_Eccentricity_0.00_HFR_px_FWHM_0.00_Temp_26.80_Frame_0018.xisf,1,,
FLAT,2025-06-12T16:31:42.672,2025-06-12T17:31:42.672,2025-06-12T16:31:43.383,0.505,0.505,ZWO ASI6200MM Pro,ZWO ASI6200MM Pro,0,10,0.779999971389771,1,1,5.0,4.3,3.76,3.76,40,66.2,52.2483888888889,-0.12325,NP101is,540.0,5.4,,,,,,,FlatWizard,,,0.0,FocusLynx Focuser 1,12315,12315,1.325,26.8,26.8,,,,,Starlight Xpress Filter Wheels,Blue,,,,,,,2000.0,N.I.N.A. 3.1.2.9001 (x64),FlatWizard_Date_2025-06-12_Time_17-31-42_Type_FLAT_Filter_Blue_Exposure_0.51s_Gain_0_Offset_10_Eccentricity_0.00_HFR_px_FWHM_0.00_Temp_26.80_Frame_0019.xisf,1,,
FLAT,2025-06-12T16:31:38.109,2025-06-12T17:31:38.109,2025-06-12T16:31:38.860,0.505,0.505,ZWO ASI6200MM Pro,ZWO ASI6200MM Pro,0,10,0.779999971389771,1,1,5.0,4.1,3.76,3.76,40,66.2,52.2483888888889,-0.12325,NP101is,540.0,5.4,,,,,,,FlatWizard,,,0.0,FocusLynx Focuser 1,12315,12315,1.325,26.8,26.8,,,,,Starlight Xpress Filter Wheels,Blue,,,,,,,2000.0,N.I.N.A. 3.1.2.9001 (x64),FlatWizard_Date_2025-06-12_Time_17-31-38_Type_FLAT_Filter_Blue_Exposure_0.51s_Gain_0_Offset_10_Eccentricity_0.00_HFR_px_FWHM_0.00_Temp_26.80_Frame_0016.xisf,1,,
FLAT,2025-06-12T16:31:45.666,2025-06-12T17:31:45.666,2025-06-12T16:31:46.380,0.505,0.505,ZWO ASI6200MM Pro,ZWO ASI6200MM Pro,0,10,0.779999971389771,1,1,5.0,4.5,3.76,3.76,40,66.2,52.2483888888889,-0.12325,NP101is,540.0,5.4,,,,,,,FlatWizard,,,0.0,FocusLynx Focuser 1,12315,12315,1.325,26.8,26.8,,,,,Starlight Xpress Filter Wheels,Blue,,,,,,,2000.0,N.I.N.A. 3.1.2.9001 (x64),FlatWizard_Date_2025-06-12_Time_17-31-45_Type_FLAT_Filter_Blue_Exposure_0.51s_Gain_0_Offset_10_Eccentricity_0.00_HFR_px_FWHM_0.00_Temp_26.80_Frame_0021.xisf,1,,
FLAT,2025-06-12T16:31:44.168,2025-06-12T17:31:44.168,2025-06-12T16:31:44.879,0.505,0.505,ZWO ASI6200MM Pro,ZWO ASI6200MM Pro,0,10,0.779999971389771,1,1,5.0,4.4,3.76,3.76,40,66.2,52.2483888888889,-0.12325,NP101is,540.0,5.4,,,,,,,FlatWizard,,,0.0,FocusLynx Focuser 1,12315,12315,1.325,26.8,26.8,,,,,Starlight Xpress Filter Wheels,Blue,,,,,,,2000.0,N.I.N.A. 3.1.2.9001 (x64),FlatWizard_Date_2025-06-12_Time_17-31-44_Type_FLAT_Filter_Blue_Exposure_0.51s_Gain_0_Offset_10_Eccentricity_0.00_HFR_px_FWHM_0.00_Temp_26.80_Frame_0020.xisf,1,,
FLAT,2025-06-12T16:31:47.162,2025-06-12T17:31:47.162,2025-06-12T16:31:47.885,0.505,0.505,ZWO ASI6200MM Pro,ZWO ASI6200MM Pro,0,10,0.779999971389771,1,1,5.0,4.6,3.76,3.76,40,66.2,52.2483888888889,-0.12325,NP101is,540.0,5.4,,,,,,,FlatWizard,,,0.0,FocusLynx Focuser 1,12315,12315,1.325,26.8,26.8,,,,,Starlight Xpress Filter Wheels,Blue,,,,,,,2000.0,N.I.N.A. 3.1.2.9001 (x64),FlatWizard_Date_2025-06-12_Time_17-31-47_Type_FLAT_Filter_Blue_Exposure_0.51s_Gain_0_Offset_10_Eccentricity_0.00_HFR_px_FWHM_0.00_Temp_26.80_Frame_0022.xisf,1,,
FLAT,2025-06-12T16:31:48.688,2025-06-12T17:31:48.688,2025-06-12T16:31:49.438,0.505,0.505,ZWO ASI6200MM Pro,ZWO ASI6200MM Pro,0,10,0.779999971389771,1,1,5.0,4.6,3.76,3.76,40,66.2,52.2483888888889,-0.12325,NP101is,540.0,5.4,,,,,,,FlatWizard,,,0.0,FocusLynx Focuser 1,12315,12315,1.325,26.8,26.8,,,,,Starlight Xpress Filter Wheels,Blue,,,,,,,2000.0,N.I.N.A. 3.1.2.9001 (x64),FlatWizard_Date_2025-06-12_Time_17-31-48_Type_FLAT_Filter_Blue_Exposure_0.51s_Gain_0_Offset_10_Eccentricity_0.00_HFR_px_FWHM_0.00_Temp_26.80_Frame_0023.xisf,1,,
FLAT,2025-06-12T16:31:51.776,2025-06-12T17:31:51.776,2025-06-12T16:31:52.498,0.505,0.505,ZWO ASI6200MM Pro,ZWO ASI6200MM Pro,0,10,0.779999971389771,1,1,5.0,4.7,3.76,3.76,40,66.2,52.2483888888889,-0.12325,NP101is,540.0,5.4,,,,,,,FlatWizard,,,0.0,FocusLynx Focuser 1,12315,12315,1.325,26.8,26.8,,,,,Starlight Xpress Filter Wheels,Blue,,,,,,,2000.0,N.I.N.A. 3.1.2.9001 (x64),FlatWizard_Date_2025-06-12_Time_17-31-51_Type_FLAT_Filter_Blue_Exposure_0.51s_Gain_0_Offset_10_Eccentricity_0.00_HFR_px_FWHM_0.00_Temp_26.80_Frame_0025.xisf,1,,
FLAT,2025-06-12T16:31:50.257,2025-06-12T17:31:50.257,2025-06-12T16:31:50.968,0.505,0.505,ZWO ASI6200MM Pro,ZWO ASI6200MM Pro,0,10,0.779999971389771,1,1,5.0,4.6,3.76,3.76,40,66.2,52.2483888888889,-0.12325,NP101is,540.0,5.4,,,,,,,FlatWizard,,,0.0,FocusLynx Focuser 1,12315,12315,1.325,26.8,26.8,,,,,Starlight Xpress Filter Wheels,Blue,,,,,,,2000.0,N.I.N.A. 3.1.2.9001 (x64),FlatWizard_Date_2025-06-12_Time_17-31-50_Type_FLAT_Filter_Blue_Exposure_0.51s_Gain_0_Offset_10_Eccentricity_0.00_HFR_px_FWHM_0.00_Temp_26.80_Frame_0024.xisf,1,,
FLAT,2025-06-12T16:32:11.461,2025-06-12T17:32:11.461,2025-06-12T16:32:12.158,0.505,0.505,ZWO ASI6200MM Pro,ZWO ASI6200MM Pro,0,10,0.779999971389771,1,1,5.0,5.4,3.76,3.76,40,66.2,52.2483888888889,-0.12325,NP101is,540.0,5.4,,,,,,,FlatWizard,,,0.0,FocusLynx Focuser 1,12315,12315,1.325,26.8,26.8,,,,,Starlight Xpress Filter Wheels,Blue,,,,,,,2000.0,N.I.N.A. 3.1.2.9001 (x64),FlatWizard_Date_2025-06-12_Time_17-32-11_Type_FLAT_Filter_Blue_Exposure_0.51s_Gain_0_Offset_10_Eccentricity_0.00_HFR_px_FWHM_0.00_Temp_26.80_Frame_0038.xisf,1,,
FLAT,2025-06-12T16:31:56.275,2025-06-12T17:31:56.275,2025-06-12T16:31:57.013,0.505,0.505,ZWO ASI6200MM Pro,ZWO ASI6200MM Pro,0,10,0.779999971389771,1,1,5.0,4.9,3.76,3.76,40,66.2,52.2483888888889,-0.12325,NP101is,540.0,5.4,,,,,,,FlatWizard,,,0.0,FocusLynx Focuser 1,12315,12315,1.325,26.8,26.8,,,,,Starlight Xpress Filter Wheels,Blue,,,,,,,2000.0,N.I.N.A. 3.1.2.9001 (x64),FlatWizard_Date_2025-06-12_Time_17-31-56_Type_FLAT_Filter_Blue_Exposure_0.51s_Gain_0_Offset_10_Eccentricity_0.00_HFR_px_FWHM_0.00_Temp_26.80_Frame_0028.xisf,1,,
FLAT,2025-06-12T16:31:53.292,2025-06-12T17:31:53.292,2025-06-12T16:31:54.007,0.505,0.505,ZWO ASI6200MM Pro,ZWO ASI6200MM Pro,0,10,0.779999971389771,1,1,5.0,4.8,3.76,3.76,40,66.2,52.2483888888889,-0.12325,NP101is,540.0,5.4,,,,,,,FlatWizard,,,0.0,FocusLynx Focuser 1,12315,12315,1.325,26.8,26.8,,,,,Starlight Xpress Filter Wheels,Blue,,,,,,,2000.0,N.I.N.A. 3.1.2.9001 (x64),FlatWizard_Date_2025-06-12_Time_17-31-53_Type_FLAT_Filter_Blue_Exposure_0.51s_Gain_0_Offset_10_Eccentricity_0.00_HFR_px_FWHM_0.00_Temp_26.80_Frame_0026.xisf,1,,
FLAT,2025-06-12T16:32:00.875,2025-06-12T17:32:00.875,2025-06-12T16:32:01.577,0.505,0.505,ZWO ASI6200MM Pro,ZWO ASI6200MM Pro,0,10,0.779999971389771,1,1,5.0,5.0,3.76,3.76,40,66.2,52.2483888888889,-0.12325,NP101is,540.0,5.4,,,,,,,FlatWizard,,,0.0,FocusLynx Focuser 1,12315,12315,1.325,26.9,26.9,,,,,Starlight Xpress Filter Wheels,Blue,,,,,,,2000.0,N.I.N.A. 3.1.2.9001 (x64),FlatWizard_Date_2025-06-12_Time_17-32-00_Type_FLAT_Filter_Blue_Exposure_0.51s_Gain_0_Offset_10_Eccentricity_0.00_HFR_px_FWHM_0.00_Temp_26.90_Frame_0031.xisf,1,,
FLAT,2025-06-12T16:31:57.819,2025-06-12T17:31:57.819,2025-06-12T16:31:58.558,0.505,0.505,ZWO ASI6200MM Pro,ZWO ASI6200MM Pro,0,10,0.779999971389771,1,1,5.0,5.0,3.76,3.76,40,66.2,52.2483888888889,-0.12325,NP101is,540.0,5.4,,,,,,,FlatWizard,,,0.0,FocusLynx Focuser 1,12315,12315,1.325,26.8,26.8,,,,,Starlight Xpress Filter Wheels,Blue,,,,,,,2000.0,N.I.N.A. 3.1.2.9001 (x64),FlatWizard_Date_2025-06-12_Time_17-31-57_Type_FLAT_Filter_Blue_Exposure_0.51s_Gain_0_Offset_10_Eccentricity_0.00_HFR_px_FWHM_0.00_Temp_26.80_Frame_0029.xisf,1,,
FLAT,2025-06-12T16:32:08.414,2025-06-12T17:32:08.414,2025-06-12T16:32:09.151,0.505,0.505,ZWO ASI6200MM Pro,ZWO ASI6200MM Pro,0,10,0.779999971389771,1,1,5.0,5.3,3.76,3.76,40,66.2,52.2483888888889,-0.12325,NP101is,540.0,5.4,,,,,,,FlatWizard,,,0.0,FocusLynx Focuser 1,12315,12315,1.325,26.8,26.8,,,,,Starlight Xpress Filter Wheels,Blue,,,,,,,2000.0,N.I.N.A. 3.1.2.9001 (x64),FlatWizard_Date_2025-06-12_Time_17-32-08_Type_FLAT_Filter_Blue_Exposure_0.51s_Gain_0_Offset_10_Eccentricity_0.00_HFR_px_FWHM_0.00_Temp_26.80_Frame_0036.xisf,1,,
FLAT,2025-06-12T16:32:17.468,2025-06-12T17:32:17.468,2025-06-12T16:32:18.190,0.505,0.505,ZWO ASI6200MM Pro,ZWO ASI6200MM Pro,0,10,0.779999971389771,1,1,5.0,5.5,3.76,3.76,40,66.2,52.2483888888889,-0.12325,NP101is,540.0,5.4,,,,,,,FlatWizard,,,0.0,FocusLynx Focuser 1,12315,12315,1.325,26.8,26.8,,,,,Starlight Xpress Filter Wheels,Blue,,,,,,,2000.0,N.I.N.A. 3.1.2.9001 (x64),FlatWizard_Date_2025-06-12_Time_17-32-17_Type_FLAT_Filter_Blue_Exposure_0.51s_Gain_0_Offset_10_Eccentricity_0.00_HFR_px_FWHM_0.00_Temp_26.80_Frame_0042.xisf,1,,
FLAT,2025-06-12T16:32:15.974,2025-06-12T17:32:15.974,2025-06-12T16:32:16.686,0.505,0.505,ZWO ASI6200MM Pro,ZWO ASI6200MM Pro,0,10,0.779999971389771,1,1,5.0,5.5,3.76,3.76,40,66.2,52.2483888888889,-0.12325,NP101is,540.0,5.4,,,,,,,FlatWizard,,,0.0,FocusLynx Focuser 1,12315,12315,1.325,26.8,26.8,,,,,Starlight Xpress Filter Wheels,Blue,,,,,,,2000.0,N.I.N.A. 3.1.2.9001 (x64),FlatWizard_Date_2025-06-12_Time_17-32-15_Type_FLAT_Filter_Blue_Exposure_0.51s_Gain_0_Offset_10_Eccentricity_0.00_HFR_px_FWHM_0.00_Temp_26.80_Frame_0041.xisf,1,,
FLAT,2025-06-12T16:32:02.342,2025-06-12T17:32:02.342,2025-06-12T16:32:03.047,0.505,0.505,ZWO ASI6200MM Pro,ZWO ASI6200MM Pro,0,10,0.779999971389771,1,1,5.0,5.1,3.76,3.76,40,66.2,52.2483888888889,-0.12325,NP101is,540.0,5.4,,,,,,,FlatWizard,,,0.0,FocusLynx Focuser 1,12315,12315,1.325,26.8,26.8,,,,,Starlight Xpress Filter Wheels,Blue,,,,,,,2000.0,N.I.N.A. 3.1.2.9001 (x64),FlatWizard_Date_2025-06-12_Time_17-32-02_Type_FLAT_Filter_Blue_Exposure_0.51s_Gain_0_Offset_10_Eccentricity_0.00_HFR_px_FWHM_0.00_Temp_26.80_Frame_0032.xisf,1,,
FLAT,2025-06-12T16:31:59.366,2025-06-12T17:31:59.366,2025-06-12T16:32:00.085,0.505,0.505,ZWO ASI6200MM Pro,ZWO ASI6200MM Pro,0,10,0.779999971389771,1,1,5.0,5.0,3.76,3.76,40,66.2,52.2483888888889,-0.12325,NP101is,540.0,5.4,,,,,,,FlatWizard,,,0.0,FocusLynx Focuser 1,12315,12315,1.325,26.8,26.8,,,,,Starlight Xpress Filter Wheels,Blue,,,,,,,2000.0,N.I.N.A. 3.1.2.9001 (x64),FlatWizard_Date_2025-06-12_Time_17-31-59_Type_FLAT_Filter_Blue_Exposure_0.51s_Gain_0_Offset_10_Eccentricity_0.00_HFR_px_FWHM_0.00_Temp_26.80_Frame_0030.xisf,1,,
FLAT,2025-06-12T16:31:25.765,2025-06-12T17:31:25.765,2025-06-12T16:31:26.496,0.505,0.505,ZWO ASI6200MM Pro,ZWO ASI6200MM Pro,0,10,0.779999971389771,1,1,5.0,3.6,3.76,3.76,40,66.2,52.2483888888889,-0.12325,NP101is,540.0,5.4,,,,,,,FlatWizard,,,0.0,FocusLynx Focuser 1,12315,12315,1.325,26.8,26.8,,,,,Starlight Xpress Filter Wheels,Blue,,,,,,,2000.0,N.I.N.A. 3.1.2.9001 (x64),FlatWizard_Date_2025-06-12_Time_17-31-25_Type_FLAT_Filter_Blue_Exposure_0.51s_Gain_0_Offset_10_Eccentricity_0.00_HFR_px_FWHM_0.00_Temp_26.80_Frame_0008.xisf,1,,
FLAT,2025-06-12T16:32:14.491,2025-06-12T17:32:14.491,2025-06-12T16:32:15.199,0.505,0.505,ZWO ASI6200MM Pro,ZWO ASI6200MM Pro,0,10,0.779999971389771,1,1,5.0,5.4,3.76,3.76,40,66.2,52.2483888888889,-0.12325,NP101is,540.0,5.4,,,,,,,FlatWizard,,,0.0,FocusLynx Focuser 1,12315,12315,1.325,26.9,26.9,,,,,Starlight Xpress Filter Wheels,Blue,,,,,,,2000.0,N.I.N.A. 3.1.2.9001 (x64),FlatWizard_Date_2025-06-12_Time_17-32-14_Type_FLAT_Filter_Blue_Exposure_0.51s_Gain_0_Offset_10_Eccentricity_0.00_HFR_px_FWHM_0.00_Temp_26.90_Frame_0040.xisf,1,,
FLAT,2025-06-12T16:32:20.526,2025-06-12T17:32:20.526,2025-06-12T16:32:21.227,0.505,0.505,ZWO ASI6200MM Pro,ZWO ASI6200MM Pro,0,10,0.779999971389771,1,1,5.0,5.5,3.76,3.76,40,66.2,52.2483888888889,-0.12325,NP101is,540.0,5.4,,,,,,,FlatWizard,,,0.0,FocusLynx Focuser 1,12315,12315,1.325,26.9,26.9,,,,,Starlight Xpress Filter Wheels,Blue,,,,,,,2000.0,N.I.N.A. 3.1.2.9001 (x64),FlatWizard_Date_2025-06-12_Time_17-32-20_Type_FLAT_Filter_Blue_Exposure_0.51s_Gain_0_Offset_10_Eccentricity_0.00_HFR_px_FWHM_0.00_Temp_26.90_Frame_0044.xisf,1,,
FLAT,2025-06-12T16:32:05.337,2025-06-12T17:32:05.337,2025-06-12T16:32:06.073,0.505,0.505,ZWO ASI6200MM Pro,ZWO ASI6200MM Pro,0,10,0.779999971389771,1,1,5.0,5.2,3.76,3.76,40,66.2,52.2483888888889,-0.12325,NP101is,540.0,5.4,,,,,,,FlatWizard,,,0.0,FocusLynx Focuser 1,12315,12315,1.325,26.8,26.8,,,,,Starlight Xpress Filter Wheels,Blue,,,,,,,2000.0,N.I.N.A. 3.1.2.9001 (x64),FlatWizard_Date_2025-06-12_Time_17-32-05_Type_FLAT_Filter_Blue_Exposure_0.51s_Gain_0_Offset_10_Eccentricity_0.00_HFR_px_FWHM_0.00_Temp_26.80_Frame_0034.xisf,1,,
FLAT,2025-06-12T16:32:12.933,2025-06-12T17:32:12.933,2025-06-12T16:32:13.676,0.505,0.505,ZWO ASI6200MM Pro,ZWO ASI6200MM Pro,0,10,0.779999971389771,1,1,5.0,5.4,3.76,3.76,40,66.2,52.2483888888889,-0.12325,NP101is,540.0,5.4,,,,,,,FlatWizard,,,0.0,FocusLynx Focuser 1,12315,12315,1.325,26.8,26.8,,,,,Starlight Xpress Filter Wheels,Blue,,,,,,,2000.0,N.I.N.A. 3.1.2.9001 (x64),FlatWizard_Date_2025-06-12_Time_17-32-12_Type_FLAT_Filter_Blue_Exposure_0.51s_Gain_0_Offset_10_Eccentricity_0.00_HFR_px_FWHM_0.00_Temp_26.80_Frame_0039.xisf,1,,
FLAT,2025-06-12T16:32:06.873,2025-06-12T17:32:06.873,2025-06-12T16:32:07.592,0.505,0.505,ZWO ASI6200MM Pro,ZWO ASI6200MM Pro,0,10,0.779999971389771,1,1,5.0,5.3,3.76,3.76,40,66.2,52.2483888888889,-0.12325,NP101is,540.0,5.4,,,,,,,FlatWizard,,,0.0,FocusLynx Focuser 1,12315,12315,1.325,26.8,26.8,,,,,Starlight Xpress Filter Wheels,Blue,,,,,,,2000.0,N.I.N.A. 3.1.2.9001 (x64),FlatWizard_Date_2025-06-12_Time_17-32-06_Type_FLAT_Filter_Blue_Exposure_0.51s_Gain_0_Offset_10_Eccentricity_0.00_HFR_px_FWHM_0.00_Temp_26.80_Frame_0035.xisf,1,,
FLAT,2025-06-12T16:32:03.825,2025-06-12T17:32:03.825,2025-06-12T16:32:04.549,0.505,0.505,ZWO ASI6200MM Pro,ZWO ASI6200MM Pro,0,10,0.779999971389771,1,1,5.0,5.1,3.76,3.76,40,66.2,52.2483888888889,-0.12325,NP101is,540.0,5.4,,,,,,,FlatWizard,,,0.0,FocusLynx Focuser 1,12315,12315,1.325,26.8,26.8,,,,,Starlight Xpress Filter Wheels,Blue,,,,,,,2000.0,N.I.N.A. 3.1.2.9001 (x64),FlatWizard_Date_2025-06-12_Time_17-32-03_Type_FLAT_Filter_Blue_Exposure_0.51s_Gain_0_Offset_10_Eccentricity_0.00_HFR_px_FWHM_0.00_Temp_26.80_Frame_0033.xisf,1,,
FLAT,2025-06-12T16:32:22.034,2025-06-12T17:32:22.034,2025-06-12T16:32:22.737,0.505,0.505,ZWO ASI6200MM Pro,ZWO ASI6200MM Pro,0,10,0.779999971389771,1,1,5.0,5.6,3.76,3.76,40,66.2,52.2483888888889,-0.12325,NP101is,540.0,5.4,,,,,,,FlatWizard,,,0.0,FocusLynx Focuser 1,12315,12315,1.325,26.9,26.9,,,,,Starlight Xpress Filter Wheels,Blue,,,,,,,2000.0,N.I.N.A. 3.1.2.9001 (x64),FlatWizard_Date_2025-06-12_Time_17-32-22_Type_FLAT_Filter_Blue_Exposure_0.51s_Gain_0_Offset_10_Eccentricity_0.00_HFR_px_FWHM_0.00_Temp_26.90_Frame_0045.xisf,1,,
FLAT,2025-06-12T16:32:19.023,2025-06-12T17:32:19.023,2025-06-12T16:32:19.741,0.505,0.505,ZWO ASI6200MM Pro,ZWO ASI6200MM Pro,0,10,0.779999971389771,1,1,5.0,5.5,3.76,3.76,40,66.2,52.2483888888889,-0.12325,NP101is,540.0,5.4,,,,,,,FlatWizard,,,0.0,FocusLynx Focuser 1,12315,12315,1.325,26.9,26.9,,,,,Starlight Xpress Filter Wheels,Blue,,,,,,,2000.0,N.I.N.A. 3.1.2.9001 (x64),FlatWizard_Date_2025-06-12_Time_17-32-19_Type_FLAT_Filter_Blue_Exposure_0.51s_Gain_0_Offset_10_Eccentricity_0.00_HFR_px_FWHM_0.00_Temp_26.90_Frame_0043.xisf,1,,
FLAT,2025-06-12T16:32:24.979,2025-06-12T17:32:24.979,2025-06-12T16:32:25.712,0.505,0.505,ZWO ASI6200MM Pro,ZWO ASI6200MM Pro,0,10,0.779999971389771,1,1,5.0,5.6,3.76,3.76,40,66.2,52.2483888888889,-0.12325,NP101is,540.0,5.4,,,,,,,FlatWizard,,,0.0,FocusLynx Focuser 1,12315,12315,1.325,26.9,26.9,,,,,Starlight Xpress Filter Wheels,Blue,,,,,,,2000.0,N.I.N.A. 3.1.2.9001 (x64),FlatWizard_Date_2025-06-12_Time_17-32-24_Type_FLAT_Filter_Blue_Exposure_0.51s_Gain_0_Offset_10_Eccentricity_0.00_HFR_px_FWHM_0.00_Temp_26.90_Frame_0047.xisf,1,,
FLAT,2025-06-12T16:32:23.507,2025-06-12T17:32:23.507,2025-06-12T16:32:24.203,0.505,0.505,ZWO ASI6200MM Pro,ZWO ASI6200MM Pro,0,10,0.779999971389771,1,1,5.0,5.6,3.76,3.76,40,66.2,52.2483888888889,-0.12325,NP101is,540.0,5.4,,,,,,,FlatWizard,,,0.0,FocusLynx Focuser 1,12315,12315,1.325,26.9,26.9,,,,,Starlight Xpress Filter Wheels,Blue,,,,,,,2000.0,N.I.N.A. 3.1.2.9001 (x64),FlatWizard_Date_2025-06-12_Time_17-32-23_Type_FLAT_Filter_Blue_Exposure_0.51s_Gain_0_Offset_10_Eccentricity_0.00_HFR_px_FWHM_0.00_Temp_26.90_Frame_0046.xisf,1,,
FLAT,2025-06-12T16:32:26.516,2025-06-12T17:32:26.516,2025-06-12T16:32:27.252,0.505,0.505,ZWO ASI6200MM Pro,ZWO ASI6200MM Pro,0,10,0.779999971389771,1,1,5.0,5.7,3.76,3.76,40,66.2,52.2483888888889,-0.12325,NP101is,540.0,5.4,,,,,,,FlatWizard,,,0.0,FocusLynx Focuser 1,12315,12315,1.325,26.9,26.9,,,,,Starlight Xpress Filter Wheels,Blue,,,,,,,2000.0,N.I.N.A. 3.1.2.9001 (x64),FlatWizard_Date_2025-06-12_Time_17-32-26_Type_FLAT_Filter_Blue_Exposure_0.51s_Gain_0_Offset_10_Eccentricity_0.00_HFR_px_FWHM_0.00_Temp_26.90_Frame_0048.xisf,1,,
FLAT,2025-06-12T16:32:09.984,2025-06-12T17:32:09.984,2025-06-12T16:32:10.686,0.505,0.505,ZWO ASI6200MM Pro,ZWO ASI6200MM Pro,0,10,0.779999971389771,1,1,5.0,5.3,3.76,3.76,40,66.2,52.2483888888889,-0.12325,NP101is,540.0,5.4,,,,,,,FlatWizard,,,0.0,FocusLynx Focuser 1,12315,12315,1.325,26.8,26.8,,,,,Starlight Xpress Filter Wheels,Blue,,,,,,,2000.0,N.I.N.A. 3.1.2.9001 (x64),FlatWizard_Date_2025-06-12_Time_17-32-09_Type_FLAT_Filter_Blue_Exposure_0.51s_Gain_0_Offset_10_Eccentricity_0.00_HFR_px_FWHM_0.00_Temp_26.80_Frame_0037.xisf,1,,
FLAT,2025-06-12T16:32:31.161,2025-06-12T17:32:31.161,2025-06-12T16:32:31.893,0.505,0.505,ZWO ASI6200MM Pro,ZWO ASI6200MM Pro,0,10,0.779999971389771,1,1,5.0,5.7,3.76,3.76,40,66.2,52.2483888888889,-0.12325,NP101is,540.0,5.4,,,,,,,FlatWizard,,,0.0,FocusLynx Focuser 1,12315,12315,1.325,26.9,26.9,,,,,Starlight Xpress Filter Wheels,Blue,,,,,,,2000.0,N.I.N.A. 3.1.2.9001 (x64),FlatWizard_Date_2025-06-12_Time_17-32-31_Type_FLAT_Filter_Blue_Exposure_0.51s_Gain_0_Offset_10_Eccentricity_0.00_HFR_px_FWHM_0.00_Temp_26.90_Frame_0051.xisf,1,,
FLAT,2025-06-12T16:32:28.071,2025-06-12T17:32:28.071,2025-06-12T16:32:28.794,0.505,0.505,ZWO ASI6200MM Pro,ZWO ASI6200MM Pro,0,10,0.779999971389771,1,1,5.0,5.7,3.76,3.76,40,66.2,52.2483888888889,-0.12325,NP101is,540.0,5.4,,,,,,,FlatWizard,,,0.0,FocusLynx Focuser 1,12315,12315,1.325,26.9,26.9,,,,,Starlight Xpress Filter Wheels,Blue,,,,,,,2000.0,N.I.N.A. 3.1.2.9001 (x64),FlatWizard_Date_2025-06-12_Time_17-32-28_Type_FLAT_Filter_Blue_Exposure_0.51s_Gain_0_Offset_10_Eccentricity_0.00_HFR_px_FWHM_0.00_Temp_26.90_Frame_0049.xisf,1,,
FLAT,2025-06-12T16:32:29.594,2025-06-12T17:32:29.594,2025-06-12T16:32:30.338,0.505,0.505,ZWO ASI6200MM Pro,ZWO ASI6200MM Pro,0,10,0.779999971389771,1,1,5.0,5.7,3.76,3.76,40,66.2,52.2483888888889,-0.12325,NP101is,540.0,5.4,,,,,,,FlatWizard,,,0.0,FocusLynx Focuser 1,12315,12315,1.325,26.9,26.9,,,,,Starlight Xpress Filter Wheels,Blue,,,,,,,2000.0,N.I.N.A. 3.1.2.9001 (x64),FlatWizard_Date_2025-06-12_Time_17-32-29_Type_FLAT_Filter_Blue_Exposure_0.51s_Gain_0_Offset_10_Eccentricity_0.00_HFR_px_FWHM_0.00_Temp_26.90_Frame_0050.xisf,1,,
FLAT,2025-06-12T16:32:32.702,2025-06-12T17:32:32.702,2025-06-12T16:32:33.411,0.505,0.505,ZWO ASI6200MM Pro,ZWO ASI6200MM Pro,0,10,0.779999971389771,1,1,5.0,5.7,3.76,3.76,40,66.2,52.2483888888889,-0.12325,NP101is,540.0,5.4,,,,,,,FlatWizard,,,0.0,FocusLynx Focuser 1,12315,12315,1.325,26.9,26.9,,,,,Starlight Xpress Filter Wheels,Blue,,,,,,,2000.0,N.I.N.A. 3.1.2.9001 (x64),FlatWizard_Date_2025-06-12_Time_17-32-32_Type_FLAT_Filter_Blue_Exposure_0.51s_Gain_0_Offset_10_Eccentricity_0.00_HFR_px_FWHM_0.00_Temp_26.90_Frame_0052.xisf,1,,
FLAT,2025-06-12T16:32:38.758,2025-06-12T17:32:38.758,2025-06-12T16:32:39.478,0.505,0.505,ZWO ASI6200MM Pro,ZWO ASI6200MM Pro,0,10,0.779999971389771,1,1,5.0,5.8,3.76,3.76,40,66.2,52.2483888888889,-0.12325,NP101is,540.0,5.4,,,,,,,FlatWizard,,,0.0,FocusLynx Focuser 1,12315,12315,1.325,26.9,26.9,,,,,Starlight Xpress Filter Wheels,Blue,,,,,,,2000.0,N.I.N.A. 3.1.2.9001 (x64),FlatWizard_Date_2025-06-12_Time_17-32-38_Type_FLAT_Filter_Blue_Exposure_0.51s_Gain_0_Offset_10_Eccentricity_0.00_HFR_px_FWHM_0.00_Temp_26.90_Frame_0056.xisf,1,,
FLAT,2025-06-12T16:32:37.243,2025-06-12T17:32:37.243,2025-06-12T16:32:37.968,0.505,0.505,ZWO ASI6200MM Pro,ZWO ASI6200MM Pro,0,10,0.779999971389771,1,1,5.0,5.8,3.76,3.76,40,66.2,52.2483888888889,-0.12325,NP101is,540.0,5.4,,,,,,,FlatWizard,,,0.0,FocusLynx Focuser 1,12315,12315,1.325,26.9,26.9,,,,,Starlight Xpress Filter Wheels,Blue,,,,,,,2000.0,N.I.N.A. 3.1.2.9001 (x64),FlatWizard_Date_2025-06-12_Time_17-32-37_Type_FLAT_Filter_Blue_Exposure_0.51s_Gain_0_Offset_10_Eccentricity_0.00_HFR_px_FWHM_0.00_Temp_26.90_Frame_0055.xisf,1,,
FLAT,2025-06-12T16:32:35.680,2025-06-12T17:32:35.680,2025-06-12T16:32:36.423,0.505,0.505,ZWO ASI6200MM Pro,ZWO ASI6200MM Pro,0,10,0.779999971389771,1,1,5.0,5.8,3.76,3.76,40,66.2,52.2483888888889,-0.12325,NP101is,540.0,5.4,,,,,,,FlatWizard,,,0.0,FocusLynx Focuser 1,12315,12315,1.325,26.9,26.9,,,,,Starlight Xpress Filter Wheels,Blue,,,,,,,2000.0,N.I.N.A. 3.1.2.9001 (x64),FlatWizard_Date_2025-06-12_Time_17-32-35_Type_FLAT_Filter_Blue_Exposure_0.51s_Gain_0_Offset_10_Eccentricity_0.00_HFR_px_FWHM_0.00_Temp_26.90_Frame_0054.xisf,1,,
FLAT,2025-06-12T16:32:34.190,2025-06-12T17:32:34.190,2025-06-12T16:32:34.903,0.505,0.505,ZWO ASI6200MM Pro,ZWO ASI6200MM Pro,0,10,0.779999971389771,1,1,5.0,5.7,3.76,3.76,40,66.2,52.2483888888889,-0.12325,NP101is,540.0,5.4,,,,,,,FlatWizard,,,0.0,FocusLynx Focuser 1,12315,12315,1.325,26.9,26.9,,,,,Starlight Xpress Filter Wheels,Blue,,,,,,,2000.0,N.I.N.A. 3.1.2.9001 (x64),FlatWizard_Date_2025-06-12_Time_17-32-34_Type_FLAT_Filter_Blue_Exposure_0.51s_Gain_0_Offset_10_Eccentricity_0.00_HFR_px_FWHM_0.00_Temp_26.90_Frame_0053.xisf,1,,
FLAT,2025-06-12T16:32:41.739,2025-06-12T17:32:41.739,2025-06-12T16:32:42.445,0.505,0.505,ZWO ASI6200MM Pro,ZWO ASI6200MM Pro,0,10,0.779999971389771,1,1,5.0,5.8,3.76,3.76,40,66.2,52.2483888888889,-0.12325,NP101is,540.0,5.4,,,,,,,FlatWizard,,,0.0,FocusLynx Focuser 1,12315,12315,1.325,26.9,26.9,,,,,Starlight Xpress Filter Wheels,Blue,,,,,,,2000.0,N.I.N.A. 3.1.2.9001 (x64),FlatWizard_Date_2025-06-12_Time_17-32-41_Type_FLAT_Filter_Blue_Exposure_0.51s_Gain_0_Offset_10_Eccentricity_0.00_HFR_px_FWHM_0.00_Temp_26.90_Frame_0058.xisf,1,,
FLAT,2025-06-12T16:32:40.266,2025-06-12T17:32:40.266,2025-06-12T16:32:40.961,0.505,0.505,ZWO ASI6200MM Pro,ZWO ASI6200MM Pro,0,10,0.779999971389771,1,1,5.0,5.8,3.76,3.76,40,66.2,52.2483888888889,-0.12325,NP101is,540.0,5.4,,,,,,,FlatWizard,,,0.0,FocusLynx Focuser 1,12315,12315,1.325,26.9,26.9,,,,,Starlight Xpress Filter Wheels,Blue,,,,,,,2000.0,N.I.N.A. 3.1.2.9001 (x64),FlatWizard_Date_2025-06-12_Time_17-32-40_Type_FLAT_Filter_Blue_Exposure_0.51s_Gain_0_Offset_10_Eccentricity_0.00_HFR_px_FWHM_0.00_Temp_26.90_Frame_0057.xisf,1,,
FLAT,2025-06-12T16:32:43.244,2025-06-12T17:32:43.244,2025-06-12T16:32:43.972,0.505,0.505,ZWO ASI6200MM Pro,ZWO ASI6200MM Pro,0,10,0.779999971389771,1,1,5.0,5.8,3.76,3.76,40,66.2,52.2483888888889,-0.12325,NP101is,540.0,5.4,,,,,,,FlatWizard,,,0.0,FocusLynx Focuser 1,12315,12315,1.325,26.9,26.9,,,,,Starlight Xpress Filter Wheels,Blue,,,,,,,2000.0,N.I.N.A. 3.1.2.9001 (x64),FlatWizard_Date_2025-06-12_Time_17-32-43_Type_FLAT_Filter_Blue_Exposure_0.51s_Gain_0_Offset_10_Eccentricity_0.00_HFR_px_FWHM_0.00_Temp_26.90_Frame_0059.xisf,1,,
FLAT,2025-06-12T16:32:44.818,2025-06-12T17:32:44.818,2025-06-12T16:32:45.561,0.505,0.505,ZWO ASI6200MM Pro,ZWO ASI6200MM Pro,0,10,0.779999971389771,1,1,5.0,5.8,3.76,3.76,40,66.2,52.2483888888889,-0.12325,NP101is,540.0,5.4,,,,,,,FlatWizard,,,0.0,FocusLynx Focuser 1,12315,12315,1.325,26.9,26.9,,,,,Starlight Xpress Filter Wheels,Blue,,,,,,,2000.0,N.I.N.A. 3.1.2.9001 (x64),FlatWizard_Date_2025-06-12_Time_17-32-44_Type_FLAT_Filter_Blue_Exposure_0.51s_Gain_0_Offset_10_Eccentricity_0.00_HFR_px_FWHM_0.00_Temp_26.90_Frame_0060.xisf,1,,
FLAT,2025-06-12T16:32:46.434,2025-06-12T17:32:46.434,2025-06-12T16:32:47.173,0.505,0.505,ZWO ASI6200MM Pro,ZWO ASI6200MM Pro,0,10,0.779999971389771,1,1,5.0,5.8,3.76,3.76,40,66.2,52.2483888888889,-0.12325,NP101is,540.0,5.4,,,,,,,FlatWizard,,,0.0,FocusLynx Focuser 1,12315,12315,1.325,26.9,26.9,,,,,Starlight Xpress Filter Wheels,Blue,,,,,,,2000.0,N.I.N.A. 3.1.2.9001 (x64),FlatWizard_Date_2025-06-12_Time_17-32-46_Type_FLAT_Filter_Blue_Exposure_0.51s_Gain_0_Offset_10_Eccentricity_0.00_HFR_px_FWHM_0.00_Temp_26.90_Frame_0061.xisf,1,,
FLAT,2025-06-12T16:32:47.989,2025-06-12T17:32:47.989,2025-06-12T16:32:48.710,0.505,0.505,ZWO ASI6200MM Pro,ZWO ASI6200MM Pro,0,10,0.779999971389771,1,1,5.0,5.8,3.76,3.76,40,66.2,52.2483888888889,-0.12325,NP101is,540.0,5.4,,,,,,,FlatWizard,,,0.0,FocusLynx Focuser 1,12315,12315,1.325,26.9,26.9,,,,,Starlight Xpress Filter Wheels,Blue,,,,,,,2000.0,N.I.N.A. 3.1.2.9001 (x64),FlatWizard_Date_2025-06-12_Time_17-32-47_Type_FLAT_Filter_Blue_Exposure_0.51s_Gain_0_Offset_10_Eccentricity_0.00_HFR_px_FWHM_0.00_Temp_26.90_Frame_0062.xisf,1,,
FLAT,2025-06-12T16:32:49.509,2025-06-12T17:32:49.509,2025-06-12T16:32:50.233,0.505,0.505,ZWO ASI6200MM Pro,ZWO ASI6200MM Pro,0,10,0.779999971389771,1,1,5.0,5.8,3.76,3.76,40,66.2,52.2483888888889,-0.12325,NP101is,540.0,5.4,,,,,,,FlatWizard,,,0.0,FocusLynx Focuser 1,12315,12315,1.325,26.9,26.9,,,,,Starlight Xpress Filter Wheels,Blue,,,,,,,2000.0,N.I.N.A. 3.1.2.9001 (x64),FlatWizard_Date_2025-06-12_Time_17-32-49_Type_FLAT_Filter_Blue_Exposure_0.51s_Gain_0_Offset_10_Eccentricity_0.00_HFR_px_FWHM_0.00_Temp_26.90_Frame_0063.xisf,1,,
FLAT,2025-06-12T16:32:51.026,2025-06-12T17:32:51.026,2025-06-12T16:32:51.770,0.505,0.505,ZWO ASI6200MM Pro,ZWO ASI6200MM Pro,0,10,0.779999971389771,1,1,5.0,5.8,3.76,3.76,40,66.2,52.2483888888889,-0.12325,NP101is,540.0,5.4,,,,,,,FlatWizard,,,0.0,FocusLynx Focuser 1,12315,12315,1.325,26.9,26.9,,,,,Starlight Xpress Filter Wheels,Blue,,,,,,,2000.0,N.I.N.A. 3.1.2.9001 (x64),FlatWizard_Date_2025-06-12_Time_17-32-51_Type_FLAT_Filter_Blue_Exposure_0.51s_Gain_0_Offset_10_Eccentricity_0.00_HFR_px_FWHM_0.00_Temp_26.90_Frame_0064.xisf,1,,
FLAT,2025-06-12T16:32:54.164,2025-06-12T17:32:54.164,2025-06-12T16:32:54.909,0.505,0.505,ZWO ASI6200MM Pro,ZWO ASI6200MM Pro,0,10,0.779999971389771,1,1,5.0,5.8,3.76,3.76,40,66.2,52.2483888888889,-0.12325,NP101is,540.0,5.4,,,,,,,FlatWizard,,,0.0,FocusLynx Focuser 1,12315,12315,1.325,26.9,26.9,,,,,Starlight Xpress Filter Wheels,Blue,,,,,,,2000.0,N.I.N.A. 3.1.2.9001 (x64),FlatWizard_Date_2025-06-12_Time_17-32-54_Type_FLAT_Filter_Blue_Exposure_0.51s_Gain_0_Offset_10_Eccentricity_0.00_HFR_px_FWHM_0.00_Temp_26.90_Frame_0066.xisf,1,,
FLAT,2025-06-12T16:32:55.724,2025-06-12T17:32:55.724,2025-06-12T16:32:56.438,0.505,0.505,ZWO ASI6200MM Pro,ZWO ASI6200MM Pro,0,10,0.779999971389771,1,1,5.0,5.8,3.76,3.76,40,66.2,52.2483888888889,-0.12325,NP101is,540.0,5.4,,,,,,,FlatWizard,,,0.0,FocusLynx Focuser 1,12315,12315,1.325,26.9,26.9,,,,,Starlight Xpress Filter Wheels,Blue,,,,,,,2000.0,N.I.N.A. 3.1.2.9001 (x64),FlatWizard_Date_2025-06-12_Time_17-32-55_Type_FLAT_Filter_Blue_Exposure_0.51s_Gain_0_Offset_10_Eccentricity_0.00_HFR_px_FWHM_0.00_Temp_26.90_Frame_0067.xisf,1,,
FLAT,2025-06-12T16:32:52.576,2025-06-12T17:32:52.576,2025-06-12T16:32:53.314,0.505,0.505,ZWO ASI6200MM Pro,ZWO ASI6200MM Pro,0,10,0.779999971389771,1,1,5.0,5.8,3.76,3.76,40,66.2,52.2483888888889,-0.12325,NP101is,540.0,5.4,,,,,,,FlatWizard,,,0.0,FocusLynx Focuser 1,12315,12315,1.325,26.9,26.9,,,,,Starlight Xpress Filter Wheels,Blue,,,,,,,2000.0,N.I.N.A. 3.1.2.9001 (x64),FlatWizard_Date_2025-06-12_Time_17-32-52_Type_FLAT_Filter_Blue_Exposure_0.51s_Gain_0_Offset_10_Eccentricity_0.00_HFR_px_FWHM_0.00_Temp_26.90_Frame_0065.xisf,1,,
FLAT,2025-06-12T16:33:00.304,2025-06-12T17:33:00.304,2025-06-12T16:33:01.031,0.505,0.505,ZWO ASI6200MM Pro,ZWO ASI6200MM Pro,0,10,0.779999971389771,1,1,5.0,5.8,3.76,3.76,40,66.2,52.2483888888889,-0.12325,NP101is,540.0,5.4,,,,,,,FlatWizard,,,0.0,FocusLynx Focuser 1,12315,12315,1.325,26.9,26.9,,,,,Starlight Xpress Filter Wheels,Blue,,,,,,,2000.0,N.I.N.A. 3.1.2.9001 (x64),FlatWizard_Date_2025-06-12_Time_17-33-00_Type_FLAT_Filter_Blue_Exposure_0.51s_Gain_0_Offset_10_Eccentricity_0.00_HFR_px_FWHM_0.00_Temp_26.90_Frame_0070.xisf,1,,
FLAT,2025-06-12T16:33:01.828,2025-06-12T17:33:01.828,2025-06-12T16:33:02.555,0.505,0.505,ZWO ASI6200MM Pro,ZWO ASI6200MM Pro,0,10,0.779999971389771,1,1,5.0,5.8,3.76,3.76,40,66.2,52.2483888888889,-0.12325,NP101is,540.0,5.4,,,,,,,FlatWizard,,,0.0,FocusLynx Focuser 1,12315,12315,1.325,26.9,26.9,,,,,Starlight Xpress Filter Wheels,Blue,,,,,,,2000.0,N.I.N.A. 3.1.2.9001 (x64),FlatWizard_Date_2025-06-12_Time_17-33-01_Type_FLAT_Filter_Blue_Exposure_0.51s_Gain_0_Offset_10_Eccentricity_0.00_HFR_px_FWHM_0.00_Temp_26.90_Frame_0071.xisf,1,,
FLAT,2025-06-12T16:32:58.794,2025-06-12T17:32:58.794,2025-06-12T16:32:59.512,0.505,0.505,ZWO ASI6200MM Pro,ZWO ASI6200MM Pro,0,10,0.779999971389771,1,1,5.0,5.8,3.76,3.76,40,66.2,52.2483888888889,-0.12325,NP101is,540.0,5.4,,,,,,,FlatWizard,,,0.0,FocusLynx Focuser 1,12315,12315,1.325,26.9,26.9,,,,,Starlight Xpress Filter Wheels,Blue,,,,,,,2000.0,N.I.N.A. 3.1.2.9001 (x64),FlatWizard_Date_2025-06-12_Time_17-32-58_Type_FLAT_Filter_Blue_Exposure_0.51s_Gain_0_Offset_10_Eccentricity_0.00_HFR_px_FWHM_0.00_Temp_26.90_Frame_0069.xisf,1,,
FLAT,2025-06-12T16:32:57.268,2025-06-12T17:32:57.268,2025-06-12T16:32:57.998,0.505,0.505,ZWO ASI6200MM Pro,ZWO ASI6200MM Pro,0,10,0.779999971389771,1,1,5.0,5.8,3.76,3.76,40,66.2,52.2483888888889,-0.12325,NP101is,540.0,5.4,,,,,,,FlatWizard,,,0.0,FocusLynx Focuser 1,12315,12315,1.325,26.9,26.9,,,,,Starlight Xpress Filter Wheels,Blue,,,,,,,2000.0,N.I.N.A. 3.1.2.9001 (x64),FlatWizard_Date_2025-06-12_Time_17-32-57_Type_FLAT_Filter_Blue_Exposure_0.51s_Gain_0_Offset_10_Eccentricity_0.00_HFR_px_FWHM_0.00_Temp_26.90_Frame_0068.xisf,1,,
FLAT,2025-06-12T16:33:06.397,2025-06-12T17:33:06.397,2025-06-12T16:33:07.101,0.505,0.505,ZWO ASI6200MM Pro,ZWO ASI6200MM Pro,0,10,0.779999971389771,1,1,5.0,5.8,3.76,3.76,40,66.2,52.2483888888889,-0.12325,NP101is,540.0,5.4,,,,,,,FlatWizard,,,0.0,FocusLynx Focuser 1,12315,12315,1.325,26.9,26.9,,,,,Starlight Xpress Filter Wheels,Blue,,,,,,,2000.0,N.I.N.A. 3.1.2.9001 (x64),FlatWizard_Date_2025-06-12_Time_17-33-06_Type_FLAT_Filter_Blue_Exposure_0.51s_Gain_0_Offset_10_Eccentricity_0.00_HFR_px_FWHM_0.00_Temp_26.90_Frame_0074.xisf,1,,
FLAT,2025-06-12T16:33:03.351,2025-06-12T17:33:03.351,2025-06-12T16:33:04.069,0.505,0.505,ZWO ASI6200MM Pro,ZWO ASI6200MM Pro,0,10,0.779999971389771,1,1,5.0,5.8,3.76,3.76,40,66.2,52.2483888888889,-0.12325,NP101is,540.0,5.4,,,,,,,FlatWizard,,,0.0,FocusLynx Focuser 1,12315,12315,1.325,26.9,26.9,,,,,Starlight Xpress Filter Wheels,Blue,,,,,,,2000.0,N.I.N.A. 3.1.2.9001 (x64),FlatWizard_Date_2025-06-12_Time_17-33-03_Type_FLAT_Filter_Blue_Exposure_0.51s_Gain_0_Offset_10_Eccentricity_0.00_HFR_px_FWHM_0.00_Temp_26.90_Frame_0072.xisf,1,,
FLAT,2025-06-12T16:33:04.852,2025-06-12T17:33:04.852,2025-06-12T16:33:05.590,0.505,0.505,ZWO ASI6200MM Pro,ZWO ASI6200MM Pro,0,10,0.779999971389771,1,1,5.0,5.8,3.76,3.76,40,66.2,52.2483888888889,-0.12325,NP101is,540.0,5.4,,,,,,,FlatWizard,,,0.0,FocusLynx Focuser 1,12315,12315,1.325,26.9,26.9,,,,,Starlight Xpress Filter Wheels,Blue,,,,,,,2000.0,N.I.N.A. 3.1.2.9001 (x64),FlatWizard_Date_2025-06-12_Time_17-33-04_Type_FLAT_Filter_Blue_Exposure_0.51s_Gain_0_Offset_10_Eccentricity_0.00_HFR_px_FWHM_0.00_Temp_26.90_Frame_0073.xisf,1,,
FLAT,2025-06-12T16:33:10.958,2025-06-12T17:33:10.958,2025-06-12T16:33:11.680,0.505,0.505,ZWO ASI6200MM Pro,ZWO ASI6200MM Pro,0,10,0.779999971389771,1,1,5.0,5.8,3.76,3.76,40,66.2,52.2483888888889,-0.12325,NP101is,540.0,5.4,,,,,,,FlatWizard,,,0.0,FocusLynx Focuser 1,12315,12315,1.325,26.9,26.9,,,,,Starlight Xpress Filter Wheels,Blue,,,,,,,2000.0,N.I.N.A. 3.1.2.9001 (x64),FlatWizard_Date_2025-06-12_Time_17-33-10_Type_FLAT_Filter_Blue_Exposure_0.51s_Gain_0_Offset_10_Eccentricity_0.00_HFR_px_FWHM_0.00_Temp_26.90_Frame_0077.xisf,1,,
FLAT,2025-06-12T16:33:09.375,2025-06-12T17:33:09.375,2025-06-12T16:33:10.114,0.505,0.505,ZWO ASI6200MM Pro,ZWO ASI6200MM Pro,0,10,0.779999971389771,1,1,5.0,5.8,3.76,3.76,40,66.2,52.2483888888889,-0.12325,NP101is,540.0,5.4,,,,,,,FlatWizard,,,0.0,FocusLynx Focuser 1,12315,12315,1.325,26.9,26.9,,,,,Starlight Xpress Filter Wheels,Blue,,,,,,,2000.0,N.I.N.A. 3.1.2.9001 (x64),FlatWizard_Date_2025-06-12_Time_17-33-09_Type_FLAT_Filter_Blue_Exposure_0.51s_Gain_0_Offset_10_Eccentricity_0.00_HFR_px_FWHM_0.00_Temp_26.90_Frame_0076.xisf,1,,
FLAT,2025-06-12T16:33:14.029,2025-06-12T17:33:14.029,2025-06-12T16:33:14.743,0.505,0.505,ZWO ASI6200MM Pro,ZWO ASI6200MM Pro,0,10,0.779999971389771,1,1,5.0,5.7,3.76,3.76,40,66.2,52.2483888888889,-0.12325,NP101is,540.0,5.4,,,,,,,FlatWizard,,,0.0,FocusLynx Focuser 1,12315,12315,1.325,26.9,26.9,,,,,Starlight Xpress Filter Wheels,Blue,,,,,,,2000.0,N.I.N.A. 3.1.2.9001 (x64),FlatWizard_Date_2025-06-12_Time_17-33-14_Type_FLAT_Filter_Blue_Exposure_0.51s_Gain_0_Offset_10_Eccentricity_0.00_HFR_px_FWHM_0.00_Temp_26.90_Frame_0079.xisf,1,,
FLAT,2025-06-12T16:33:12.471,2025-06-12T17:33:12.471,2025-06-12T16:33:13.200,0.505,0.505,ZWO ASI6200MM Pro,ZWO ASI6200MM Pro,0,10,0.779999971389771,1,1,5.0,5.7,3.76,3.76,40,66.2,52.2483888888889,-0.12325,NP101is,540.0,5.4,,,,,,,FlatWizard,,,0.0,FocusLynx Focuser 1,12315,12315,1.325,26.9,26.9,,,,,Starlight Xpress Filter Wheels,Blue,,,,,,,2000.0,N.I.N.A. 3.1.2.9001 (x64),FlatWizard_Date_2025-06-12_Time_17-33-12_Type_FLAT_Filter_Blue_Exposure_0.51s_Gain_0_Offset_10_Eccentricity_0.00_HFR_px_FWHM_0.00_Temp_26.90_Frame_0078.xisf,1,,
FLAT,2025-06-12T16:33:17.048,2025-06-12T17:33:17.048,2025-06-12T16:33:17.788,0.505,0.505,ZWO ASI6200MM Pro,ZWO ASI6200MM Pro,0,10,0.779999971389771,1,1,5.0,5.7,3.76,3.76,40,66.2,52.2483888888889,-0.12325,NP101is,540.0,5.4,,,,,,,FlatWizard,,,0.0,FocusLynx Focuser 1,12315,12315,1.325,26.9,26.9,,,,,Starlight Xpress Filter Wheels,Blue,,,,,,,2000.0,N.I.N.A. 3.1.2.9001 (x64),FlatWizard_Date_2025-06-12_Time_17-33-17_Type_FLAT_Filter_Blue_Exposure_0.51s_Gain_0_Offset_10_Eccentricity_0.00_HFR_px_FWHM_0.00_Temp_26.90_Frame_0081.xisf,1,,
FLAT,2025-06-12T16:33:07.861,2025-06-12T17:33:07.861,2025-06-12T16:33:08.586,0.505,0.505,ZWO ASI6200MM Pro,ZWO ASI6200MM Pro,0,10,0.779999971389771,1,1,5.0,5.8,3.76,3.76,40,66.2,52.2483888888889,-0.12325,NP101is,540.0,5.4,,,,,,,FlatWizard,,,0.0,FocusLynx Focuser 1,12315,12315,1.325,26.9,26.9,,,,,Starlight Xpress Filter Wheels,Blue,,,,,,,2000.0,N.I.N.A. 3.1.2.9001 (x64),FlatWizard_Date_2025-06-12_Time_17-33-07_Type_FLAT_Filter_Blue_Exposure_0.51s_Gain_0_Offset_10_Eccentricity_0.00_HFR_px_FWHM_0.00_Temp_26.90_Frame_0075.xisf,1,,
FLAT,2025-06-12T16:33:15.514,2025-06-12T17:33:15.514,2025-06-12T16:33:16.246,0.505,0.505,ZWO ASI6200MM Pro,ZWO ASI6200MM Pro,0,10,0.779999971389771,1,1,5.0,5.7,3.76,3.76,40,66.2,52.2483888888889,-0.12325,NP101is,540.0,5.4,,,,,,,FlatWizard,,,0.0,FocusLynx Focuser 1,12315,12315,1.325,26.9,26.9,,,,,Starlight Xpress Filter Wheels,Blue,,,,,,,2000.0,N.I.N.A. 3.1.2.9001 (x64),FlatWizard_Date_2025-06-12_Time_17-33-15_Type_FLAT_Filter_Blue_Exposure_0.51s_Gain_0_Offset_10_Eccentricity_0.00_HFR_px_FWHM_0.00_Temp_26.90_Frame_0080.xisf,1,,
FLAT,2025-06-12T16:33:20.076,2025-06-12T17:33:20.076,2025-06-12T16:33:20.823,0.505,0.505,ZWO ASI6200MM Pro,ZWO ASI6200MM Pro,0,10,0.779999971389771,1,1,5.0,5.6,3.76,3.76,40,66.2,52.2483888888889,-0.12325,NP101is,540.0,5.4,,,,,,,FlatWizard,,,0.0,FocusLynx Focuser 1,12315,12315,1.325,27.0,27.0,,,,,Starlight Xpress Filter Wheels,Blue,,,,,,,2000.0,N.I.N.A. 3.1.2.9001 (x64),FlatWizard_Date_2025-06-12_Time_17-33-20_Type_FLAT_Filter_Blue_Exposure_0.51s_Gain_0_Offset_10_Eccentricity_0.00_HFR_px_FWHM_0.00_Temp_27.00_Frame_0083.xisf,1,,
FLAT,2025-06-12T16:33:24.690,2025-06-12T17:33:24.690,2025-06-12T16:33:25.402,0.505,0.505,ZWO ASI6200MM Pro,ZWO ASI6200MM Pro,0,10,0.779999971389771,1,1,5.0,5.6,3.76,3.76,40,66.2,52.2483888888889,-0.12325,NP101is,540.0,5.4,,,,,,,FlatWizard,,,0.0,FocusLynx Focuser 1,12315,12315,1.325,26.9,26.9,,,,,Starlight Xpress Filter Wheels,Blue,,,,,,,2000.0,N.I.N.A. 3.1.2.9001 (x64),FlatWizard_Date_2025-06-12_Time_17-33-24_Type_FLAT_Filter_Blue_Exposure_0.51s_Gain_0_Offset_10_Eccentricity_0.00_HFR_px_FWHM_0.00_Temp_26.90_Frame_0086.xisf,1,,
FLAT,2025-06-12T16:33:23.117,2025-06-12T17:33:23.117,2025-06-12T16:33:23.840,0.505,0.505,ZWO ASI6200MM Pro,ZWO ASI6200MM Pro,0,10,0.779999971389771,1,1,5.0,5.6,3.76,3.76,40,66.2,52.2483888888889,-0.12325,NP101is,540.0,5.4,,,,,,,FlatWizard,,,0.0,FocusLynx Focuser 1,12315,12315,1.325,27.0,27.0,,,,,Starlight Xpress Filter Wheels,Blue,,,,,,,2000.0,N.I.N.A. 3.1.2.9001 (x64),FlatWizard_Date_2025-06-12_Time_17-33-23_Type_FLAT_Filter_Blue_Exposure_0.51s_Gain_0_Offset_10_Eccentricity_0.00_HFR_px_FWHM_0.00_Temp_27.00_Frame_0085.xisf,1,,
FLAT,2025-06-12T16:33:21.653,2025-06-12T17:33:21.653,2025-06-12T16:33:22.351,0.505,0.505,ZWO ASI6200MM Pro,ZWO ASI6200MM Pro,0,10,0.779999971389771,1,1,5.0,5.6,3.76,3.76,40,66.2,52.2483888888889,-0.12325,NP101is,540.0,5.4,,,,,,,FlatWizard,,,0.0,FocusLynx Focuser 1,12315,12315,1.325,27.0,27.0,,,,,Starlight Xpress Filter Wheels,Blue,,,,,,,2000.0,N.I.N.A. 3.1.2.9001 (x64),FlatWizard_Date_2025-06-12_Time_17-33-21_Type_FLAT_Filter_Blue_Exposure_0.51s_Gain_0_Offset_10_Eccentricity_0.00_HFR_px_FWHM_0.00_Temp_27.00_Frame_0084.xisf,1,,
FLAT,2025-06-12T16:33:18.598,2025-06-12T17:33:18.598,2025-06-12T16:33:19.298,0.505,0.505,ZWO ASI6200MM Pro,ZWO ASI6200MM Pro,0,10,0.779999971389771,1,1,5.0,5.7,3.76,3.76,40,66.2,52.2483888888889,-0.12325,NP101is,540.0,5.4,,,,,,,FlatWizard,,,0.0,FocusLynx Focuser 1,12315,12315,1.325,27.0,27.0,,,,,Starlight Xpress Filter Wheels,Blue,,,,,,,2000.0,N.I.N.A. 3.1.2.9001 (x64),FlatWizard_Date_2025-06-12_Time_17-33-18_Type_FLAT_Filter_Blue_Exposure_0.51s_Gain_0_Offset_10_Eccentricity_0.00_HFR_px_FWHM_0.00_Temp_27.00_Frame_0082.xisf,1,,
FLAT,2025-06-12T16:33:26.179,2025-06-12T17:33:26.179,2025-06-12T16:33:26.893,0.505,0.505,ZWO ASI6200MM Pro,ZWO ASI6200MM Pro,0,10,0.779999971389771,1,1,5.0,5.6,3.76,3.76,40,66.2,52.2483888888889,-0.12325,NP101is,540.0,5.4,,,,,,,FlatWizard,,,0.0,FocusLynx Focuser 1,12315,12315,1.325,27.0,27.0,,,,,Starlight Xpress Filter Wheels,Blue,,,,,,,2000.0,N.I.N.A. 3.1.2.9001 (x64),FlatWizard_Date_2025-06-12_Time_17-33-26_Type_FLAT_Filter_Blue_Exposure_0.51s_Gain_0_Offset_10_Eccentricity_0.00_HFR_px_FWHM_0.00_Temp_27.00_Frame_0087.xisf,1,,
FLAT,2025-06-12T16:33:30.792,2025-06-12T17:33:30.792,2025-06-12T16:33:31.515,0.505,0.505,ZWO ASI6200MM Pro,ZWO ASI6200MM Pro,0,10,0.779999971389771,1,1,5.0,5.6,3.76,3.76,40,66.2,52.2483888888889,-0.12325,NP101is,540.0,5.4,,,,,,,FlatWizard,,,0.0,FocusLynx Focuser 1,12315,12315,1.325,27.0,27.0,,,,,Starlight Xpress Filter Wheels,Blue,,,,,,,2000.0,N.I.N.A. 3.1.2.9001 (x64),FlatWizard_Date_2025-06-12_Time_17-33-30_Type_FLAT_Filter_Blue_Exposure_0.51s_Gain_0_Offset_10_Eccentricity_0.00_HFR_px_FWHM_0.00_Temp_27.00_Frame_0090.xisf,1,,
FLAT,2025-06-12T16:33:29.228,2025-06-12T17:33:29.228,2025-06-12T16:33:29.978,0.505,0.505,ZWO ASI6200MM Pro,ZWO ASI6200MM Pro,0,10,0.779999971389771,1,1,5.0,5.6,3.76,3.76,40,66.2,52.2483888888889,-0.12325,NP101is,540.0,5.4,,,,,,,FlatWizard,,,0.0,FocusLynx Focuser 1,12315,12315,1.325,27.0,27.0,,,,,Starlight Xpress Filter Wheels,Blue,,,,,,,2000.0,N.I.N.A. 3.1.2.9001 (x64),FlatWizard_Date_2025-06-12_Time_17-33-29_Type_FLAT_Filter_Blue_Exposure_0.51s_Gain_0_Offset_10_Eccentricity_0.00_HFR_px_FWHM_0.00_Temp_27.00_Frame_0089.xisf,1,,
FLAT,2025-06-12T16:33:27.688,2025-06-12T17:33:27.688,2025-06-12T16:33:28.412,0.505,0.505,ZWO ASI6200MM Pro,ZWO ASI6200MM Pro,0,10,0.779999971389771,1,1,5.0,5.6,3.76,3.76,40,66.2,52.2483888888889,-0.12325,NP101is,540.0,5.4,,,,,,,FlatWizard,,,0.0,FocusLynx Focuser 1,12315,12315,1.325,27.0,27.0,,,,,Starlight Xpress Filter Wheels,Blue,,,,,,,2000.0,N.I.N.A. 3.1.2.9001 (x64),FlatWizard_Date_2025-06-12_Time_17-33-27_Type_FLAT_Filter_Blue_Exposure_0.51s_Gain_0_Offset_10_Eccentricity_0.00_HFR_px_FWHM_0.00_Temp_27.00_Frame_0088.xisf,1,,
FLAT,2025-06-12T16:33:36.837,2025-06-12T17:33:36.837,2025-06-12T16:33:37.547,0.505,0.505,ZWO ASI6200MM Pro,ZWO ASI6200MM Pro,0,10,0.779999971389771,1,1,5.0,5.5,3.76,3.76,40,66.2,52.2483888888889,-0.12325,NP101is,540.0,5.4,,,,,,,FlatWizard,,,0.0,FocusLynx Focuser 1,12315,12315,1.325,27.0,27.0,,,,,Starlight Xpress Filter Wheels,Blue,,,,,,,2000.0,N.I.N.A. 3.1.2.9001 (x64),FlatWizard_Date_2025-06-12_Time_17-33-36_Type_FLAT_Filter_Blue_Exposure_0.51s_Gain_0_Offset_10_Eccentricity_0.00_HFR_px_FWHM_0.00_Temp_27.00_Frame_0094.xisf,1,,
FLAT,2025-06-12T16:33:33.842,2025-06-12T17:33:33.842,2025-06-12T16:33:34.560,0.505,0.505,ZWO ASI6200MM Pro,ZWO ASI6200MM Pro,0,10,0.779999971389771,1,1,5.0,5.5,3.76,3.76,40,66.2,52.2483888888889,-0.12325,NP101is,540.0,5.4,,,,,,,FlatWizard,,,0.0,FocusLynx Focuser 1,12315,12315,1.325,27.0,27.0,,,,,Starlight Xpress Filter Wheels,Blue,,,,,,,2000.0,N.I.N.A. 3.1.2.9001 (x64),FlatWizard_Date_2025-06-12_Time_17-33-33_Type_FLAT_Filter_Blue_Exposure_0.51s_Gain_0_Offset_10_Eccentricity_0.00_HFR_px_FWHM_0.00_Temp_27.00_Frame_0092.xisf,1,,
FLAT,2025-06-12T16:33:35.352,2025-06-12T17:33:35.352,2025-06-12T16:33:36.057,0.505,0.505,ZWO ASI6200MM Pro,ZWO ASI6200MM Pro,0,10,0.779999971389771,1,1,5.0,5.5,3.76,3.76,40,66.2,52.2483888888889,-0.12325,NP101is,540.0,5.4,,,,,,,FlatWizard,,,0.0,FocusLynx Focuser 1,12315,12315,1.325,27.0,27.0,,,,,Starlight Xpress Filter Wheels,Blue,,,,,,,2000.0,N.I.N.A. 3.1.2.9001 (x64),FlatWizard_Date_2025-06-12_Time_17-33-35_Type_FLAT_Filter_Blue_Exposure_0.51s_Gain_0_Offset_10_Eccentricity_0.00_HFR_px_FWHM_0.00_Temp_27.00_Frame_0093.xisf,1,,
FLAT,2025-06-12T16:33:32.316,2025-06-12T17:33:32.316,2025-06-12T16:33:33.016,0.505,0.505,ZWO ASI6200MM Pro,ZWO ASI6200MM Pro,0,10,0.779999971389771,1,1,5.0,5.5,3.76,3.76,40,66.2,52.2483888888889,-0.12325,NP101is,540.0,5.4,,,,,,,FlatWizard,,,0.0,FocusLynx Focuser 1,12315,12315,1.325,27.0,27.0,,,,,Starlight Xpress Filter Wheels,Blue,,,,,,,2000.0,N.I.N.A. 3.1.2.9001 (x64),FlatWizard_Date_2025-06-12_Time_17-33-32_Type_FLAT_Filter_Blue_Exposure_0.51s_Gain_0_Offset_10_Eccentricity_0.00_HFR_px_FWHM_0.00_Temp_27.00_Frame_0091.xisf,1,,
FLAT,2025-06-12T16:33:41.393,2025-06-12T17:33:41.393,2025-06-12T16:33:42.116,0.505,0.505,ZWO ASI6200MM Pro,ZWO ASI6200MM Pro,0,10,0.779999971389771,1,1,5.0,5.5,3.76,3.76,40,66.2,52.2483888888889,-0.12325,NP101is,540.0,5.4,,,,,,,FlatWizard,,,0.0,FocusLynx Focuser 1,12315,12315,1.325,27.0,27.0,,,,,Starlight Xpress Filter Wheels,Blue,,,,,,,2000.0,N.I.N.A. 3.1.2.9001 (x64),FlatWizard_Date_2025-06-12_Time_17-33-41_Type_FLAT_Filter_Blue_Exposure_0.51s_Gain_0_Offset_10_Eccentricity_0.00_HFR_px_FWHM_0.00_Temp_27.00_Frame_0097.xisf,1,,
FLAT,2025-06-12T16:04:43.945,2025-06-12T17:04:43.945,2025-06-12T16:04:44.633,0.38125,0.38125,ZWO ASI6200MM Pro,ZWO ASI6200MM Pro,0,10,0.779999971389771,1,1,12.0,20.5,3.76,3.76,40,66.2,52.2483888888889,-0.12325,NP101is,540.0,5.4,,,,,,,FlatWizard,,,0.0,FocusLynx Focuser 1,12315,12315,1.325,24.7,24.7,,,,,Starlight Xpress Filter Wheels,Green,,,,,,,2000.0,N.I.N.A. 3.1.2.9001 (x64),FlatWizard_Date_2025-06-12_Time_17-04-43_Type_FLAT_Filter_Green_Exposure_0.38s_Gain_0_Offset_10_Eccentricity_0.00_HFR_px_FWHM_0.00_Temp_24.70_Frame_0002.xisf,1,,
FLAT,2025-06-12T16:33:38.320,2025-06-12T17:33:38.320,2025-06-12T16:33:39.053,0.505,0.505,ZWO ASI6200MM Pro,ZWO ASI6200MM Pro,0,10,0.779999971389771,1,1,5.0,5.5,3.76,3.76,40,66.2,52.2483888888889,-0.12325,NP101is,540.0,5.4,,,,,,,FlatWizard,,,0.0,FocusLynx Focuser 1,12315,12315,1.325,27.0,27.0,,,,,Starlight Xpress Filter Wheels,Blue,,,,,,,2000.0,N.I.N.A. 3.1.2.9001 (x64),FlatWizard_Date_2025-06-12_Time_17-33-38_Type_FLAT_Filter_Blue_Exposure_0.51s_Gain_0_Offset_10_Eccentricity_0.00_HFR_px_FWHM_0.00_Temp_27.00_Frame_0095.xisf,1,,
FLAT,2025-06-12T16:04:42.413,2025-06-12T17:04:42.413,2025-06-12T16:04:43.136,0.38125,0.38125,ZWO ASI6200MM Pro,ZWO ASI6200MM Pro,0,10,0.779999971389771,1,1,12.0,20.6,3.76,3.76,40,66.2,52.2483888888889,-0.12325,NP101is,540.0,5.4,,,,,,,FlatWizard,,,0.0,FocusLynx Focuser 1,12315,12315,1.325,24.7,24.7,,,,,Starlight Xpress Filter Wheels,Green,,,,,,,2000.0,N.I.N.A. 3.1.2.9001 (x64),FlatWizard_Date_2025-06-12_Time_17-04-42_Type_FLAT_Filter_Green_Exposure_0.38s_Gain_0_Offset_10_Eccentricity_0.00_HFR_px_FWHM_0.00_Temp_24.70_Frame_0001.xisf,1,,
FLAT,2025-06-12T16:04:39.712,2025-06-12T17:04:39.712,2025-06-12T16:04:40.437,0.38125,0.38125,ZWO ASI6200MM Pro,ZWO ASI6200MM Pro,0,10,0.779999971389771,1,1,14.0,20.6,3.76,3.76,40,66.2,52.2483888888889,-0.12325,NP101is,540.0,5.4,,,,,,,FlatWizard,,,0.0,FocusLynx Focuser 1,12315,12315,1.325,24.7,24.7,,,,,Starlight Xpress Filter Wheels,Green,,,,,,,2000.0,N.I.N.A. 3.1.2.9001 (x64),FlatWizard_Date_2025-06-12_Time_17-04-39_Type_FLAT_Filter_Green_Exposure_0.38s_Gain_0_Offset_10_Eccentricity_0.00_HFR_px_FWHM_0.00_Temp_24.70_Frame_0000.xisf,1,,
FLAT,2025-06-12T16:33:42.998,2025-06-12T17:33:42.998,2025-06-12T16:33:43.725,0.505,0.505,ZWO ASI6200MM Pro,ZWO ASI6200MM Pro,0,10,0.779999971389771,1,1,5.0,5.5,3.76,3.76,40,66.2,52.2483888888889,-0.12325,NP101is,540.0,5.4,,,,,,,FlatWizard,,,0.0,FocusLynx Focuser 1,12315,12315,1.325,27.0,27.0,,,,,Starlight Xpress Filter Wheels,Blue,,,,,,,2000.0,N.I.N.A. 3.1.2.9001 (x64),FlatWizard_Date_2025-06-12_Time_17-33-42_Type_FLAT_Filter_Blue_Exposure_0.51s_Gain_0_Offset_10_Eccentricity_0.00_HFR_px_FWHM_0.00_Temp_27.00_Frame_0098.xisf,1,,
FLAT,2025-06-12T16:04:50.135,2025-06-12T17:04:50.135,2025-06-12T16:04:50.858,0.38125,0.38125,ZWO ASI6200MM Pro,ZWO ASI6200MM Pro,0,10,0.779999971389771,1,1,12.0,20.5,3.76,3.76,40,66.2,52.2483888888889,-0.12325,NP101is,540.0,5.4,,,,,,,FlatWizard,,,0.0,FocusLynx Focuser 1,12315,12315,1.325,24.7,24.7,,,,,Starlight Xpress Filter Wheels,Green,,,,,,,2000.0,N.I.N.A. 3.1.2.9001 (x64),FlatWizard_Date_2025-06-12_Time_17-04-50_Type_FLAT_Filter_Green_Exposure_0.38s_Gain_0_Offset_10_Eccentricity_0.00_HFR_px_FWHM_0.00_Temp_24.70_Frame_0006.xisf,1,,
FLAT,2025-06-12T16:04:47.064,2025-06-12T17:04:47.064,2025-06-12T16:04:47.781,0.38125,0.38125,ZWO ASI6200MM Pro,ZWO ASI6200MM Pro,0,10,0.779999971389771,1,1,12.0,20.5,3.76,3.76,40,66.2,52.2483888888889,-0.12325,NP101is,540.0,5.4,,,,,,,FlatWizard,,,0.0,FocusLynx Focuser 1,12315,12315,1.325,24.7,24.7,,,,,Starlight Xpress Filter Wheels,Green,,,,,,,2000.0,N.I.N.A. 3.1.2.9001 (x64),FlatWizard_Date_2025-06-12_Time_17-04-47_Type_FLAT_Filter_Green_Exposure_0.38s_Gain_0_Offset_10_Eccentricity_0.00_HFR_px_FWHM_0.00_Temp_24.70_Frame_0004.xisf,1,,
FLAT,2025-06-12T16:33:39.865,2025-06-12T17:33:39.865,2025-06-12T16:33:40.595,0.505,0.505,ZWO ASI6200MM Pro,ZWO ASI6200MM Pro,0,10,0.779999971389771,1,1,5.0,5.5,3.76,3.76,40,66.2,52.2483888888889,-0.12325,NP101is,540.0,5.4,,,,,,,FlatWizard,,,0.0,FocusLynx Focuser 1,12315,12315,1.325,27.0,27.0,,,,,Starlight Xpress Filter Wheels,Blue,,,,,,,2000.0,N.I.N.A. 3.1.2.9001 (x64),FlatWizard_Date_2025-06-12_Time_17-33-39_Type_FLAT_Filter_Blue_Exposure_0.51s_Gain_0_Offset_10_Eccentricity_0.00_HFR_px_FWHM_0.00_Temp_27.00_Frame_0096.xisf,1,,
FLAT,2025-06-12T16:04:45.486,2025-06-12T17:04:45.486,2025-06-12T16:04:46.211,0.38125,0.38125,ZWO ASI6200MM Pro,ZWO ASI6200MM Pro,0,10,0.779999971389771,1,1,12.0,20.5,3.76,3.76,40,66.2,52.2483888888889,-0.12325,NP101is,540.0,5.4,,,,,,,FlatWizard,,,0.0,FocusLynx Focuser 1,12315,12315,1.325,24.7,24.7,,,,,Starlight Xpress Filter Wheels,Green,,,,,,,2000.0,N.I.N.A. 3.1.2.9001 (x64),FlatWizard_Date_2025-06-12_Time_17-04-45_Type_FLAT_Filter_Green_Exposure_0.38s_Gain_0_Offset_10_Eccentricity_0.00_HFR_px_FWHM_0.00_Temp_24.70_Frame_0003.xisf,1,,
FLAT,2025-06-12T16:04:59.137,2025-06-12T17:04:59.137,2025-06-12T16:04:59.840,0.38125,0.38125,ZWO ASI6200MM Pro,ZWO ASI6200MM Pro,0,10,0.779999971389771,1,1,10.0,20.3,3.76,3.76,40,66.2,52.2483888888889,-0.12325,NP101is,540.0,5.4,,,,,,,FlatWizard,,,0.0,FocusLynx Focuser 1,12315,12315,1.325,24.8,24.8,,,,,Starlight Xpress Filter Wheels,Green,,,,,,,2000.0,N.I.N.A. 3.1.2.9001 (x64),FlatWizard_Date_2025-06-12_Time_17-04-59_Type_FLAT_Filter_Green_Exposure_0.38s_Gain_0_Offset_10_Eccentricity_0.00_HFR_px_FWHM_0.00_Temp_24.80_Frame_0012.xisf,1,,
FLAT,2025-06-12T16:04:57.593,2025-06-12T17:04:57.593,2025-06-12T16:04:58.317,0.38125,0.38125,ZWO ASI6200MM Pro,ZWO ASI6200MM Pro,0,10,0.779999971389771,1,1,10.0,20.3,3.76,3.76,40,66.2,52.2483888888889,-0.12325,NP101is,540.0,5.4,,,,,,,FlatWizard,,,0.0,FocusLynx Focuser 1,12315,12315,1.325,24.8,24.8,,,,,Starlight Xpress Filter Wheels,Green,,,,,,,2000.0,N.I.N.A. 3.1.2.9001 (x64),FlatWizard_Date_2025-06-12_Time_17-04-57_Type_FLAT_Filter_Green_Exposure_0.38s_Gain_0_Offset_10_Eccentricity_0.00_HFR_px_FWHM_0.00_Temp_24.80_Frame_0011.xisf,1,,
FLAT,2025-06-12T16:04:48.604,2025-06-12T17:04:48.604,2025-06-12T16:04:49.334,0.38125,0.38125,ZWO ASI6200MM Pro,ZWO ASI6200MM Pro,0,10,0.779999971389771,1,1,12.0,20.5,3.76,3.76,40,66.2,52.2483888888889,-0.12325,NP101is,540.0,5.4,,,,,,,FlatWizard,,,0.0,FocusLynx Focuser 1,12315,12315,1.325,24.8,24.8,,,,,Starlight Xpress Filter Wheels,Green,,,,,,,2000.0,N.I.N.A. 3.1.2.9001 (x64),FlatWizard_Date_2025-06-12_Time_17-04-48_Type_FLAT_Filter_Green_Exposure_0.38s_Gain_0_Offset_10_Eccentricity_0.00_HFR_px_FWHM_0.00_Temp_24.80_Frame_0005.xisf,1,,
FLAT,2025-06-12T16:05:02.102,2025-06-12T17:05:02.102,2025-06-12T16:05:02.825,0.38125,0.38125,ZWO ASI6200MM Pro,ZWO ASI6200MM Pro,0,10,0.779999971389771,1,1,10.0,20.3,3.76,3.76,40,66.2,52.2483888888889,-0.12325,NP101is,540.0,5.4,,,,,,,FlatWizard,,,0.0,FocusLynx Focuser 1,12315,12315,1.325,24.8,24.8,,,,,Starlight Xpress Filter Wheels,Green,,,,,,,2000.0,N.I.N.A. 3.1.2.9001 (x64),FlatWizard_Date_2025-06-12_Time_17-05-02_Type_FLAT_Filter_Green_Exposure_0.38s_Gain_0_Offset_10_Eccentricity_0.00_HFR_px_FWHM_0.00_Temp_24.80_Frame_0014.xisf,1,,
FLAT,2025-06-12T16:04:51.684,2025-06-12T17:04:51.684,2025-06-12T16:04:52.385,0.38125,0.38125,ZWO ASI6200MM Pro,ZWO ASI6200MM Pro,0,10,0.779999971389771,1,1,12.0,20.5,3.76,3.76,40,66.2,52.2483888888889,-0.12325,NP101is,540.0,5.4,,,,,,,FlatWizard,,,0.0,FocusLynx Focuser 1,12315,12315,1.325,24.7,24.7,,,,,Starlight Xpress Filter Wheels,Green,,,,,,,2000.0,N.I.N.A. 3.1.2.9001 (x64),FlatWizard_Date_2025-06-12_Time_17-04-51_Type_FLAT_Filter_Green_Exposure_0.38s_Gain_0_Offset_10_Eccentricity_0.00_HFR_px_FWHM_0.00_Temp_24.70_Frame_0007.xisf,1,,
FLAT,2025-06-12T16:04:54.638,2025-06-12T17:04:54.638,2025-06-12T16:04:55.352,0.38125,0.38125,ZWO ASI6200MM Pro,ZWO ASI6200MM Pro,0,10,0.779999971389771,1,1,12.0,20.4,3.76,3.76,40,66.2,52.2483888888889,-0.12325,NP101is,540.0,5.4,,,,,,,FlatWizard,,,0.0,FocusLynx Focuser 1,12315,12315,1.325,24.7,24.7,,,,,Starlight Xpress Filter Wheels,Green,,,,,,,2000.0,N.I.N.A. 3.1.2.9001 (x64),FlatWizard_Date_2025-06-12_Time_17-04-54_Type_FLAT_Filter_Green_Exposure_0.38s_Gain_0_Offset_10_Eccentricity_0.00_HFR_px_FWHM_0.00_Temp_24.70_Frame_0009.xisf,1,,
FLAT,2025-06-12T16:05:17.171,2025-06-12T17:05:17.171,2025-06-12T16:05:17.878,0.38125,0.38125,ZWO ASI6200MM Pro,ZWO ASI6200MM Pro,0,10,0.779999971389771,1,1,8.0,19.9,3.76,3.76,40,66.2,52.2483888888889,-0.12325,NP101is,540.0,5.4,,,,,,,FlatWizard,,,0.0,FocusLynx Focuser 1,12315,12315,1.325,24.8,24.8,,,,,Starlight Xpress Filter Wheels,Green,,,,,,,2000.0,N.I.N.A. 3.1.2.9001 (x64),FlatWizard_Date_2025-06-12_Time_17-05-17_Type_FLAT_Filter_Green_Exposure_0.38s_Gain_0_Offset_10_Eccentricity_0.00_HFR_px_FWHM_0.00_Temp_24.80_Frame_0024.xisf,1,,
FLAT,2025-06-12T16:04:53.143,2025-06-12T17:04:53.143,2025-06-12T16:04:53.844,0.38125,0.38125,ZWO ASI6200MM Pro,ZWO ASI6200MM Pro,0,10,0.779999971389771,1,1,12.0,20.5,3.76,3.76,40,66.2,52.2483888888889,-0.12325,NP101is,540.0,5.4,,,,,,,FlatWizard,,,0.0,FocusLynx Focuser 1,12315,12315,1.325,24.7,24.7,,,,,Starlight Xpress Filter Wheels,Green,,,,,,,2000.0,N.I.N.A. 3.1.2.9001 (x64),FlatWizard_Date_2025-06-12_Time_17-04-53_Type_FLAT_Filter_Green_Exposure_0.38s_Gain_0_Offset_10_Eccentricity_0.00_HFR_px_FWHM_0.00_Temp_24.70_Frame_0008.xisf,1,,
FLAT,2025-06-12T16:05:03.619,2025-06-12T17:05:03.619,2025-06-12T16:05:04.310,0.38125,0.38125,ZWO ASI6200MM Pro,ZWO ASI6200MM Pro,0,10,0.779999971389771,1,1,10.0,20.2,3.76,3.76,40,66.2,52.2483888888889,-0.12325,NP101is,540.0,5.4,,,,,,,FlatWizard,,,0.0,FocusLynx Focuser 1,12315,12315,1.325,24.8,24.8,,,,,Starlight Xpress Filter Wheels,Green,,,,,,,2000.0,N.I.N.A. 3.1.2.9001 (x64),FlatWizard_Date_2025-06-12_Time_17-05-03_Type_FLAT_Filter_Green_Exposure_0.38s_Gain_0_Offset_10_Eccentricity_0.00_HFR_px_FWHM_0.00_Temp_24.80_Frame_0015.xisf,1,,
FLAT,2025-06-12T16:05:00.612,2025-06-12T17:05:00.612,2025-06-12T16:05:01.325,0.38125,0.38125,ZWO ASI6200MM Pro,ZWO ASI6200MM Pro,0,10,0.779999971389771,1,1,10.0,20.3,3.76,3.76,40,66.2,52.2483888888889,-0.12325,NP101is,540.0,5.4,,,,,,,FlatWizard,,,0.0,FocusLynx Focuser 1,12315,12315,1.325,24.7,24.7,,,,,Starlight Xpress Filter Wheels,Green,,,,,,,2000.0,N.I.N.A. 3.1.2.9001 (x64),FlatWizard_Date_2025-06-12_Time_17-05-00_Type_FLAT_Filter_Green_Exposure_0.38s_Gain_0_Offset_10_Eccentricity_0.00_HFR_px_FWHM_0.00_Temp_24.70_Frame_0013.xisf,1,,
FLAT,2025-06-12T16:05:15.717,2025-06-12T17:05:15.717,2025-06-12T16:05:16.414,0.38125,0.38125,ZWO ASI6200MM Pro,ZWO ASI6200MM Pro,0,10,0.779999971389771,1,1,8.0,20.0,3.76,3.76,40,66.2,52.2483888888889,-0.12325,NP101is,540.0,5.4,,,,,,,FlatWizard,,,0.0,FocusLynx Focuser 1,12315,12315,1.325,24.8,24.8,,,,,Starlight Xpress Filter Wheels,Green,,,,,,,2000.0,N.I.N.A. 3.1.2.9001 (x64),FlatWizard_Date_2025-06-12_Time_17-05-15_Type_FLAT_Filter_Green_Exposure_0.38s_Gain_0_Offset_10_Eccentricity_0.00_HFR_px_FWHM_0.00_Temp_24.80_Frame_0023.xisf,1,,
FLAT,2025-06-12T16:05:06.645,2025-06-12T17:05:06.645,2025-06-12T16:05:07.356,0.38125,0.38125,ZWO ASI6200MM Pro,ZWO ASI6200MM Pro,0,10,0.779999971389771,1,1,10.0,20.2,3.76,3.76,40,66.2,52.2483888888889,-0.12325,NP101is,540.0,5.4,,,,,,,FlatWizard,,,0.0,FocusLynx Focuser 1,12315,12315,1.325,24.8,24.8,,,,,Starlight Xpress Filter Wheels,Green,,,,,,,2000.0,N.I.N.A. 3.1.2.9001 (x64),FlatWizard_Date_2025-06-12_Time_17-05-06_Type_FLAT_Filter_Green_Exposure_0.38s_Gain_0_Offset_10_Eccentricity_0.00_HFR_px_FWHM_0.00_Temp_24.80_Frame_0017.xisf,1,,
FLAT,2025-06-12T16:05:05.115,2025-06-12T17:05:05.115,2025-06-12T16:05:05.846,0.38125,0.38125,ZWO ASI6200MM Pro,ZWO ASI6200MM Pro,0,10,0.779999971389771,1,1,10.0,20.2,3.76,3.76,40,66.2,52.2483888888889,-0.12325,NP101is,540.0,5.4,,,,,,,FlatWizard,,,0.0,FocusLynx Focuser 1,12315,12315,1.325,24.8,24.8,,,,,Starlight Xpress Filter Wheels,Green,,,,,,,2000.0,N.I.N.A. 3.1.2.9001 (x64),FlatWizard_Date_2025-06-12_Time_17-05-05_Type_FLAT_Filter_Green_Exposure_0.38s_Gain_0_Offset_10_Eccentricity_0.00_HFR_px_FWHM_0.00_Temp_24.80_Frame_0016.xisf,1,,
FLAT,2025-06-12T16:05:09.694,2025-06-12T17:05:09.694,2025-06-12T16:05:10.403,0.38125,0.38125,ZWO ASI6200MM Pro,ZWO ASI6200MM Pro,0,10,0.779999971389771,1,1,10.0,20.1,3.76,3.76,40,66.2,52.2483888888889,-0.12325,NP101is,540.0,5.4,,,,,,,FlatWizard,,,0.0,FocusLynx Focuser 1,12315,12315,1.325,24.8,24.8,,,,,Starlight Xpress Filter Wheels,Green,,,,,,,2000.0,N.I.N.A. 3.1.2.9001 (x64),FlatWizard_Date_2025-06-12_Time_17-05-09_Type_FLAT_Filter_Green_Exposure_0.38s_Gain_0_Offset_10_Eccentricity_0.00_HFR_px_FWHM_0.00_Temp_24.80_Frame_0019.xisf,1,,
FLAT,2025-06-12T16:05:14.224,2025-06-12T17:05:14.224,2025-06-12T16:05:14.920,0.38125,0.38125,ZWO ASI6200MM Pro,ZWO ASI6200MM Pro,0,10,0.779999971389771,1,1,8.0,20.0,3.76,3.76,40,66.2,52.2483888888889,-0.12325,NP101is,540.0,5.4,,,,,,,FlatWizard,,,0.0,FocusLynx Focuser 1,12315,12315,1.325,24.8,24.8,,,,,Starlight Xpress Filter Wheels,Green,,,,,,,2000.0,N.I.N.A. 3.1.2.9001 (x64),FlatWizard_Date_2025-06-12_Time_17-05-14_Type_FLAT_Filter_Green_Exposure_0.38s_Gain_0_Offset_10_Eccentricity_0.00_HFR_px_FWHM_0.00_Temp_24.80_Frame_0022.xisf,1,,
FLAT,2025-06-12T16:05:12.753,2025-06-12T17:05:12.753,2025-06-12T16:05:13.456,0.38125,0.38125,ZWO ASI6200MM Pro,ZWO ASI6200MM Pro,0,10,0.779999971389771,1,1,8.0,20.0,3.76,3.76,40,66.2,52.2483888888889,-0.12325,NP101is,540.0,5.4,,,,,,,FlatWizard,,,0.0,FocusLynx Focuser 1,12315,12315,1.325,24.8,24.8,,,,,Starlight Xpress Filter Wheels,Green,,,,,,,2000.0,N.I.N.A. 3.1.2.9001 (x64),FlatWizard_Date_2025-06-12_Time_17-05-12_Type_FLAT_Filter_Green_Exposure_0.38s_Gain_0_Offset_10_Eccentricity_0.00_HFR_px_FWHM_0.00_Temp_24.80_Frame_0021.xisf,1,,
FLAT,2025-06-12T16:04:56.131,2025-06-12T17:04:56.131,2025-06-12T16:04:56.827,0.38125,0.38125,ZWO ASI6200MM Pro,ZWO ASI6200MM Pro,0,10,0.779999971389771,1,1,12.0,20.4,3.76,3.76,40,66.2,52.2483888888889,-0.12325,NP101is,540.0,5.4,,,,,,,FlatWizard,,,0.0,FocusLynx Focuser 1,12315,12315,1.325,24.8,24.8,,,,,Starlight Xpress Filter Wheels,Green,,,,,,,2000.0,N.I.N.A. 3.1.2.9001 (x64),FlatWizard_Date_2025-06-12_Time_17-04-56_Type_FLAT_Filter_Green_Exposure_0.38s_Gain_0_Offset_10_Eccentricity_0.00_HFR_px_FWHM_0.00_Temp_24.80_Frame_0010.xisf,1,,
FLAT,2025-06-12T16:05:08.173,2025-06-12T17:05:08.173,2025-06-12T16:05:08.891,0.38125,0.38125,ZWO ASI6200MM Pro,ZWO ASI6200MM Pro,0,10,0.779999971389771,1,1,10.0,20.1,3.76,3.76,40,66.2,52.2483888888889,-0.12325,NP101is,540.0,5.4,,,,,,,FlatWizard,,,0.0,FocusLynx Focuser 1,12315,12315,1.325,24.8,24.8,,,,,Starlight Xpress Filter Wheels,Green,,,,,,,2000.0,N.I.N.A. 3.1.2.9001 (x64),FlatWizard_Date_2025-06-12_Time_17-05-08_Type_FLAT_Filter_Green_Exposure_0.38s_Gain_0_Offset_10_Eccentricity_0.00_HFR_px_FWHM_0.00_Temp_24.80_Frame_0018.xisf,1,,
FLAT,2025-06-12T16:05:11.209,2025-06-12T17:05:11.209,2025-06-12T16:05:11.931,0.38125,0.38125,ZWO ASI6200MM Pro,ZWO ASI6200MM Pro,0,10,0.779999971389771,1,1,10.0,20.1,3.76,3.76,40,66.2,52.2483888888889,-0.12325,NP101is,540.0,5.4,,,,,,,FlatWizard,,,0.0,FocusLynx Focuser 1,12315,12315,1.325,24.8,24.8,,,,,Starlight Xpress Filter Wheels,Green,,,,,,,2000.0,N.I.N.A. 3.1.2.9001 (x64),FlatWizard_Date_2025-06-12_Time_17-05-11_Type_FLAT_Filter_Green_Exposure_0.38s_Gain_0_Offset_10_Eccentricity_0.00_HFR_px_FWHM_0.00_Temp_24.80_Frame_0020.xisf,1,,
FLAT,2025-06-12T16:05:20.166,2025-06-12T17:05:20.166,2025-06-12T16:05:20.895,0.38125,0.38125,ZWO ASI6200MM Pro,ZWO ASI6200MM Pro,0,10,0.779999971389771,1,1,8.0,19.9,3.76,3.76,40,66.2,52.2483888888889,-0.12325,NP101is,540.0,5.4,,,,,,,FlatWizard,,,0.0,FocusLynx Focuser 1,12315,12315,1.325,24.8,24.8,,,,,Starlight Xpress Filter Wheels,Green,,,,,,,2000.0,N.I.N.A. 3.1.2.9001 (x64),FlatWizard_Date_2025-06-12_Time_17-05-20_Type_FLAT_Filter_Green_Exposure_0.38s_Gain_0_Offset_10_Eccentricity_0.00_HFR_px_FWHM_0.00_Temp_24.80_Frame_0026.xisf,1,,
FLAT,2025-06-12T16:05:26.309,2025-06-12T17:05:26.309,2025-06-12T16:05:27.008,0.38125,0.38125,ZWO ASI6200MM Pro,ZWO ASI6200MM Pro,0,10,0.779999971389771,1,1,8.0,19.7,3.76,3.76,40,66.2,52.2483888888889,-0.12325,NP101is,540.0,5.4,,,,,,,FlatWizard,,,0.0,FocusLynx Focuser 1,12315,12315,1.325,24.8,24.8,,,,,Starlight Xpress Filter Wheels,Green,,,,,,,2000.0,N.I.N.A. 3.1.2.9001 (x64),FlatWizard_Date_2025-06-12_Time_17-05-26_Type_FLAT_Filter_Green_Exposure_0.38s_Gain_0_Offset_10_Eccentricity_0.00_HFR_px_FWHM_0.00_Temp_24.80_Frame_0030.xisf,1,,
FLAT,2025-06-12T16:05:30.827,2025-06-12T17:05:30.827,2025-06-12T16:05:31.558,0.38125,0.38125,ZWO ASI6200MM Pro,ZWO ASI6200MM Pro,0,10,0.779999971389771,1,1,6.0,19.6,3.76,3.76,40,66.2,52.2483888888889,-0.12325,NP101is,540.0,5.4,,,,,,,FlatWizard,,,0.0,FocusLynx Focuser 1,12315,12315,1.325,24.8,24.8,,,,,Starlight Xpress Filter Wheels,Green,,,,,,,2000.0,N.I.N.A. 3.1.2.9001 (x64),FlatWizard_Date_2025-06-12_Time_17-05-30_Type_FLAT_Filter_Green_Exposure_0.38s_Gain_0_Offset_10_Eccentricity_0.00_HFR_px_FWHM_0.00_Temp_24.80_Frame_0033.xisf,1,,
FLAT,2025-06-12T16:05:21.730,2025-06-12T17:05:21.730,2025-06-12T16:05:22.422,0.38125,0.38125,ZWO ASI6200MM Pro,ZWO ASI6200MM Pro,0,10,0.779999971389771,1,1,8.0,19.8,3.76,3.76,40,66.2,52.2483888888889,-0.12325,NP101is,540.0,5.4,,,,,,,FlatWizard,,,0.0,FocusLynx Focuser 1,12315,12315,1.325,24.8,24.8,,,,,Starlight Xpress Filter Wheels,Green,,,,,,,2000.0,N.I.N.A. 3.1.2.9001 (x64),FlatWizard_Date_2025-06-12_Time_17-05-21_Type_FLAT_Filter_Green_Exposure_0.38s_Gain_0_Offset_10_Eccentricity_0.00_HFR_px_FWHM_0.00_Temp_24.80_Frame_0027.xisf,1,,
FLAT,2025-06-12T16:05:18.648,2025-06-12T17:05:18.648,2025-06-12T16:05:19.367,0.38125,0.38125,ZWO ASI6200MM Pro,ZWO ASI6200MM Pro,0,10,0.779999971389771,1,1,8.0,19.9,3.76,3.76,40,66.2,52.2483888888889,-0.12325,NP101is,540.0,5.4,,,,,,,FlatWizard,,,0.0,FocusLynx Focuser 1,12315,12315,1.325,24.8,24.8,,,,,Starlight Xpress Filter Wheels,Green,,,,,,,2000.0,N.I.N.A. 3.1.2.9001 (x64),FlatWizard_Date_2025-06-12_Time_17-05-18_Type_FLAT_Filter_Green_Exposure_0.38s_Gain_0_Offset_10_Eccentricity_0.00_HFR_px_FWHM_0.00_Temp_24.80_Frame_0025.xisf,1,,
FLAT,2025-06-12T16:05:24.765,2025-06-12T17:05:24.765,2025-06-12T16:05:25.499,0.38125,0.38125,ZWO ASI6200MM Pro,ZWO ASI6200MM Pro,0,10,0.779999971389771,1,1,8.0,19.8,3.76,3.76,40,66.2,52.2483888888889,-0.12325,NP101is,540.0,5.4,,,,,,,FlatWizard,,,0.0,FocusLynx Focuser 1,12315,12315,1.325,24.8,24.8,,,,,Starlight Xpress Filter Wheels,Green,,,,,,,2000.0,N.I.N.A. 3.1.2.9001 (x64),FlatWizard_Date_2025-06-12_Time_17-05-24_Type_FLAT_Filter_Green_Exposure_0.38s_Gain_0_Offset_10_Eccentricity_0.00_HFR_px_FWHM_0.00_Temp_24.80_Frame_0029.xisf,1,,
FLAT,2025-06-12T16:05:36.969,2025-06-12T17:05:36.969,2025-06-12T16:05:37.703,0.38125,0.38125,ZWO ASI6200MM Pro,ZWO ASI6200MM Pro,0,10,0.779999971389771,1,1,6.0,19.4,3.76,3.76,40,66.2,52.2483888888889,-0.12325,NP101is,540.0,5.4,,,,,,,FlatWizard,,,0.0,FocusLynx Focuser 1,12315,12315,1.325,24.8,24.8,,,,,Starlight Xpress Filter Wheels,Green,,,,,,,2000.0,N.I.N.A. 3.1.2.9001 (x64),FlatWizard_Date_2025-06-12_Time_17-05-36_Type_FLAT_Filter_Green_Exposure_0.38s_Gain_0_Offset_10_Eccentricity_0.00_HFR_px_FWHM_0.00_Temp_24.80_Frame_0037.xisf,1,,
FLAT,2025-06-12T16:05:38.548,2025-06-12T17:05:38.548,2025-06-12T16:05:39.249,0.38125,0.38125,ZWO ASI6200MM Pro,ZWO ASI6200MM Pro,0,10,0.779999971389771,1,1,6.0,19.4,3.76,3.76,40,66.2,52.2483888888889,-0.12325,NP101is,540.0,5.4,,,,,,,FlatWizard,,,0.0,FocusLynx Focuser 1,12315,12315,1.325,24.8,24.8,,,,,Starlight Xpress Filter Wheels,Green,,,,,,,2000.0,N.I.N.A. 3.1.2.9001 (x64),FlatWizard_Date_2025-06-12_Time_17-05-38_Type_FLAT_Filter_Green_Exposure_0.38s_Gain_0_Offset_10_Eccentricity_0.00_HFR_px_FWHM_0.00_Temp_24.80_Frame_0038.xisf,1,,
FLAT,2025-06-12T16:05:27.810,2025-06-12T17:05:27.810,2025-06-12T16:05:28.516,0.38125,0.38125,ZWO ASI6200MM Pro,ZWO ASI6200MM Pro,0,10,0.779999971389771,1,1,6.0,19.6,3.76,3.76,40,66.2,52.2483888888889,-0.12325,NP101is,540.0,5.4,,,,,,,FlatWizard,,,0.0,FocusLynx Focuser 1,12315,12315,1.325,24.8,24.8,,,,,Starlight Xpress Filter Wheels,Green,,,,,,,2000.0,N.I.N.A. 3.1.2.9001 (x64),FlatWizard_Date_2025-06-12_Time_17-05-27_Type_FLAT_Filter_Green_Exposure_0.38s_Gain_0_Offset_10_Eccentricity_0.00_HFR_px_FWHM_0.00_Temp_24.80_Frame_0031.xisf,1,,
FLAT,2025-06-12T16:05:23.204,2025-06-12T17:05:23.204,2025-06-12T16:05:23.930,0.38125,0.38125,ZWO ASI6200MM Pro,ZWO ASI6200MM Pro,0,10,0.779999971389771,1,1,8.0,19.8,3.76,3.76,40,66.2,52.2483888888889,-0.12325,NP101is,540.0,5.4,,,,,,,FlatWizard,,,0.0,FocusLynx Focuser 1,12315,12315,1.325,24.8,24.8,,,,,Starlight Xpress Filter Wheels,Green,,,,,,,2000.0,N.I.N.A. 3.1.2.9001 (x64),FlatWizard_Date_2025-06-12_Time_17-05-23_Type_FLAT_Filter_Green_Exposure_0.38s_Gain_0_Offset_10_Eccentricity_0.00_HFR_px_FWHM_0.00_Temp_24.80_Frame_0028.xisf,1,,
FLAT,2025-06-12T16:05:33.916,2025-06-12T17:05:33.916,2025-06-12T16:05:34.607,0.38125,0.38125,ZWO ASI6200MM Pro,ZWO ASI6200MM Pro,0,10,0.779999971389771,1,1,6.0,19.5,3.76,3.76,40,66.2,52.2483888888889,-0.12325,NP101is,540.0,5.4,,,,,,,FlatWizard,,,0.0,FocusLynx Focuser 1,12315,12315,1.325,24.8,24.8,,,,,Starlight Xpress Filter Wheels,Green,,,,,,,2000.0,N.I.N.A. 3.1.2.9001 (x64),FlatWizard_Date_2025-06-12_Time_17-05-33_Type_FLAT_Filter_Green_Exposure_0.38s_Gain_0_Offset_10_Eccentricity_0.00_HFR_px_FWHM_0.00_Temp_24.80_Frame_0035.xisf,1,,
FLAT,2025-06-12T16:05:35.401,2025-06-12T17:05:35.401,2025-06-12T16:05:36.134,0.38125,0.38125,ZWO ASI6200MM Pro,ZWO ASI6200MM Pro,0,10,0.779999971389771,1,1,6.0,19.5,3.76,3.76,40,66.2,52.2483888888889,-0.12325,NP101is,540.0,5.4,,,,,,,FlatWizard,,,0.0,FocusLynx Focuser 1,12315,12315,1.325,24.8,24.8,,,,,Starlight Xpress Filter Wheels,Green,,,,,,,2000.0,N.I.N.A. 3.1.2.9001 (x64),FlatWizard_Date_2025-06-12_Time_17-05-35_Type_FLAT_Filter_Green_Exposure_0.38s_Gain_0_Offset_10_Eccentricity_0.00_HFR_px_FWHM_0.00_Temp_24.80_Frame_0036.xisf,1,,
FLAT,2025-06-12T16:05:29.300,2025-06-12T17:05:29.300,2025-06-12T16:05:30.010,0.38125,0.38125,ZWO ASI6200MM Pro,ZWO ASI6200MM Pro,0,10,0.779999971389771,1,1,6.0,19.6,3.76,3.76,40,66.2,52.2483888888889,-0.12325,NP101is,540.0,5.4,,,,,,,FlatWizard,,,0.0,FocusLynx Focuser 1,12315,12315,1.325,24.8,24.8,,,,,Starlight Xpress Filter Wheels,Green,,,,,,,2000.0,N.I.N.A. 3.1.2.9001 (x64),FlatWizard_Date_2025-06-12_Time_17-05-29_Type_FLAT_Filter_Green_Exposure_0.38s_Gain_0_Offset_10_Eccentricity_0.00_HFR_px_FWHM_0.00_Temp_24.80_Frame_0032.xisf,1,,
FLAT,2025-06-12T16:05:32.383,2025-06-12T17:05:32.383,2025-06-12T16:05:33.112,0.38125,0.38125,ZWO ASI6200MM Pro,ZWO ASI6200MM Pro,0,10,0.779999971389771,1,1,6.0,19.6,3.76,3.76,40,66.2,52.2483888888889,-0.12325,NP101is,540.0,5.4,,,,,,,FlatWizard,,,0.0,FocusLynx Focuser 1,12315,12315,1.325,24.8,24.8,,,,,Starlight Xpress Filter Wheels,Green,,,,,,,2000.0,N.I.N.A. 3.1.2.9001 (x64),FlatWizard_Date_2025-06-12_Time_17-05-32_Type_FLAT_Filter_Green_Exposure_0.38s_Gain_0_Offset_10_Eccentricity_0.00_HFR_px_FWHM_0.00_Temp_24.80_Frame_0034.xisf,1,,
FLAT,2025-06-12T16:05:40.033,2025-06-12T17:05:40.033,2025-06-12T16:05:40.747,0.38125,0.38125,ZWO ASI6200MM Pro,ZWO ASI6200MM Pro,0,10,0.779999971389771,1,1,6.0,19.3,3.76,3.76,40,66.2,52.2483888888889,-0.12325,NP101is,540.0,5.4,,,,,,,FlatWizard,,,0.0,FocusLynx Focuser 1,12315,12315,1.325,24.8,24.8,,,,,Starlight Xpress Filter Wheels,Green,,,,,,,2000.0,N.I.N.A. 3.1.2.9001 (x64),FlatWizard_Date_2025-06-12_Time_17-05-40_Type_FLAT_Filter_Green_Exposure_0.38s_Gain_0_Offset_10_Eccentricity_0.00_HFR_px_FWHM_0.00_Temp_24.80_Frame_0039.xisf,1,,
FLAT,2025-06-12T16:05:41.561,2025-06-12T17:05:41.561,2025-06-12T16:05:42.272,0.38125,0.38125,ZWO ASI6200MM Pro,ZWO ASI6200MM Pro,0,10,0.779999971389771,1,1,6.0,19.3,3.76,3.76,40,66.2,52.2483888888889,-0.12325,NP101is,540.0,5.4,,,,,,,FlatWizard,,,0.0,FocusLynx Focuser 1,12315,12315,1.325,24.8,24.8,,,,,Starlight Xpress Filter Wheels,Green,,,,,,,2000.0,N.I.N.A. 3.1.2.9001 (x64),FlatWizard_Date_2025-06-12_Time_17-05-41_Type_FLAT_Filter_Green_Exposure_0.38s_Gain_0_Offset_10_Eccentricity_0.00_HFR_px_FWHM_0.00_Temp_24.80_Frame_0040.xisf,1,,
FLAT,2025-06-12T16:05:44.534,2025-06-12T17:05:44.534,2025-06-12T16:05:45.261,0.38125,0.38125,ZWO ASI6200MM Pro,ZWO ASI6200MM Pro,0,10,0.779999971389771,1,1,5.0,19.1,3.76,3.76,40,66.2,52.2483888888889,-0.12325,NP101is,540.0,5.4,,,,,,,FlatWizard,,,0.0,FocusLynx Focuser 1,12315,12315,1.325,24.8,24.8,,,,,Starlight Xpress Filter Wheels,Green,,,,,,,2000.0,N.I.N.A. 3.1.2.9001 (x64),FlatWizard_Date_2025-06-12_Time_17-05-44_Type_FLAT_Filter_Green_Exposure_0.38s_Gain_0_Offset_10_Eccentricity_0.00_HFR_px_FWHM_0.00_Temp_24.80_Frame_0042.xisf,1,,
FLAT,2025-06-12T16:05:43.091,2025-06-12T17:05:43.091,2025-06-12T16:05:43.779,0.38125,0.38125,ZWO ASI6200MM Pro,ZWO ASI6200MM Pro,0,10,0.779999971389771,1,1,5.0,19.2,3.76,3.76,40,66.2,52.2483888888889,-0.12325,NP101is,540.0,5.4,,,,,,,FlatWizard,,,0.0,FocusLynx Focuser 1,12315,12315,1.325,24.8,24.8,,,,,Starlight Xpress Filter Wheels,Green,,,,,,,2000.0,N.I.N.A. 3.1.2.9001 (x64),FlatWizard_Date_2025-06-12_Time_17-05-43_Type_FLAT_Filter_Green_Exposure_0.38s_Gain_0_Offset_10_Eccentricity_0.00_HFR_px_FWHM_0.00_Temp_24.80_Frame_0041.xisf,1,,
FLAT,2025-06-12T16:05:46.053,2025-06-12T17:05:46.053,2025-06-12T16:05:46.793,0.38125,0.38125,ZWO ASI6200MM Pro,ZWO ASI6200MM Pro,0,10,0.779999971389771,1,1,5.0,19.1,3.76,3.76,40,66.2,52.2483888888889,-0.12325,NP101is,540.0,5.4,,,,,,,FlatWizard,,,0.0,FocusLynx Focuser 1,12315,12315,1.325,24.8,24.8,,,,,Starlight Xpress Filter Wheels,Green,,,,,,,2000.0,N.I.N.A. 3.1.2.9001 (x64),FlatWizard_Date_2025-06-12_Time_17-05-46_Type_FLAT_Filter_Green_Exposure_0.38s_Gain_0_Offset_10_Eccentricity_0.00_HFR_px_FWHM_0.00_Temp_24.80_Frame_0043.xisf,1,,
FLAT,2025-06-12T16:05:50.722,2025-06-12T17:05:50.722,2025-06-12T16:05:51.415,0.38125,0.38125,ZWO ASI6200MM Pro,ZWO ASI6200MM Pro,0,10,0.779999971389771,1,1,5.0,19.0,3.76,3.76,40,66.2,52.2483888888889,-0.12325,NP101is,540.0,5.4,,,,,,,FlatWizard,,,0.0,FocusLynx Focuser 1,12315,12315,1.325,24.8,24.8,,,,,Starlight Xpress Filter Wheels,Green,,,,,,,2000.0,N.I.N.A. 3.1.2.9001 (x64),FlatWizard_Date_2025-06-12_Time_17-05-50_Type_FLAT_Filter_Green_Exposure_0.38s_Gain_0_Offset_10_Eccentricity_0.00_HFR_px_FWHM_0.00_Temp_24.80_Frame_0046.xisf,1,,
FLAT,2025-06-12T16:05:47.626,2025-06-12T17:05:47.626,2025-06-12T16:05:48.362,0.38125,0.38125,ZWO ASI6200MM Pro,ZWO ASI6200MM Pro,0,10,0.779999971389771,1,1,5.0,19.1,3.76,3.76,40,66.2,52.2483888888889,-0.12325,NP101is,540.0,5.4,,,,,,,FlatWizard,,,0.0,FocusLynx Focuser 1,12315,12315,1.325,24.8,24.8,,,,,Starlight Xpress Filter Wheels,Green,,,,,,,2000.0,N.I.N.A. 3.1.2.9001 (x64),FlatWizard_Date_2025-06-12_Time_17-05-47_Type_FLAT_Filter_Green_Exposure_0.38s_Gain_0_Offset_10_Eccentricity_0.00_HFR_px_FWHM_0.00_Temp_24.80_Frame_0044.xisf,1,,
FLAT,2025-06-12T16:05:52.189,2025-06-12T17:05:52.189,2025-06-12T16:05:52.880,0.38125,0.38125,ZWO ASI6200MM Pro,ZWO ASI6200MM Pro,0,10,0.779999971389771,1,1,5.0,19.0,3.76,3.76,40,66.2,52.2483888888889,-0.12325,NP101is,540.0,5.4,,,,,,,FlatWizard,,,0.0,FocusLynx Focuser 1,12315,12315,1.325,24.8,24.8,,,,,Starlight Xpress Filter Wheels,Green,,,,,,,2000.0,N.I.N.A. 3.1.2.9001 (x64),FlatWizard_Date_2025-06-12_Time_17-05-52_Type_FLAT_Filter_Green_Exposure_0.38s_Gain_0_Offset_10_Eccentricity_0.00_HFR_px_FWHM_0.00_Temp_24.80_Frame_0047.xisf,1,,
FLAT,2025-06-12T16:05:49.163,2025-06-12T17:05:49.163,2025-06-12T16:05:49.889,0.38125,0.38125,ZWO ASI6200MM Pro,ZWO ASI6200MM Pro,0,10,0.779999971389771,1,1,5.0,19.0,3.76,3.76,40,66.2,52.2483888888889,-0.12325,NP101is,540.0,5.4,,,,,,,FlatWizard,,,0.0,FocusLynx Focuser 1,12315,12315,1.325,24.8,24.8,,,,,Starlight Xpress Filter Wheels,Green,,,,,,,2000.0,N.I.N.A. 3.1.2.9001 (x64),FlatWizard_Date_2025-06-12_Time_17-05-49_Type_FLAT_Filter_Green_Exposure_0.38s_Gain_0_Offset_10_Eccentricity_0.00_HFR_px_FWHM_0.00_Temp_24.80_Frame_0045.xisf,1,,
FLAT,2025-06-12T16:05:56.667,2025-06-12T17:05:56.667,2025-06-12T16:05:57.372,0.38125,0.38125,ZWO ASI6200MM Pro,ZWO ASI6200MM Pro,0,10,0.779999971389771,1,1,5.0,18.8,3.76,3.76,40,66.2,52.2483888888889,-0.12325,NP101is,540.0,5.4,,,,,,,FlatWizard,,,0.0,FocusLynx Focuser 1,12315,12315,1.325,24.8,24.8,,,,,Starlight Xpress Filter Wheels,Green,,,,,,,2000.0,N.I.N.A. 3.1.2.9001 (x64),FlatWizard_Date_2025-06-12_Time_17-05-56_Type_FLAT_Filter_Green_Exposure_0.38s_Gain_0_Offset_10_Eccentricity_0.00_HFR_px_FWHM_0.00_Temp_24.80_Frame_0050.xisf,1,,
FLAT,2025-06-12T16:05:53.675,2025-06-12T17:05:53.675,2025-06-12T16:05:54.381,0.38125,0.38125,ZWO ASI6200MM Pro,ZWO ASI6200MM Pro,0,10,0.779999971389771,1,1,5.0,18.9,3.76,3.76,40,66.2,52.2483888888889,-0.12325,NP101is,540.0,5.4,,,,,,,FlatWizard,,,0.0,FocusLynx Focuser 1,12315,12315,1.325,24.8,24.8,,,,,Starlight Xpress Filter Wheels,Green,,,,,,,2000.0,N.I.N.A. 3.1.2.9001 (x64),FlatWizard_Date_2025-06-12_Time_17-05-53_Type_FLAT_Filter_Green_Exposure_0.38s_Gain_0_Offset_10_Eccentricity_0.00_HFR_px_FWHM_0.00_Temp_24.80_Frame_0048.xisf,1,,
FLAT,2025-06-12T16:05:59.629,2025-06-12T17:05:59.629,2025-06-12T16:06:00.346,0.38125,0.38125,ZWO ASI6200MM Pro,ZWO ASI6200MM Pro,0,10,0.779999971389771,1,1,3.0,18.7,3.76,3.76,40,66.2,52.2483888888889,-0.12325,NP101is,540.0,5.4,,,,,,,FlatWizard,,,0.0,FocusLynx Focuser 1,12315,12315,1.325,24.8,24.8,,,,,Starlight Xpress Filter Wheels,Green,,,,,,,2000.0,N.I.N.A. 3.1.2.9001 (x64),FlatWizard_Date_2025-06-12_Time_17-05-59_Type_FLAT_Filter_Green_Exposure_0.38s_Gain_0_Offset_10_Eccentricity_0.00_HFR_px_FWHM_0.00_Temp_24.80_Frame_0052.xisf,1,,
FLAT,2025-06-12T16:06:02.666,2025-06-12T17:06:02.666,2025-06-12T16:06:03.365,0.38125,0.38125,ZWO ASI6200MM Pro,ZWO ASI6200MM Pro,0,10,0.779999971389771,1,1,3.0,18.6,3.76,3.76,40,66.2,52.2483888888889,-0.12325,NP101is,540.0,5.4,,,,,,,FlatWizard,,,0.0,FocusLynx Focuser 1,12315,12315,1.325,24.8,24.8,,,,,Starlight Xpress Filter Wheels,Green,,,,,,,2000.0,N.I.N.A. 3.1.2.9001 (x64),FlatWizard_Date_2025-06-12_Time_17-06-02_Type_FLAT_Filter_Green_Exposure_0.38s_Gain_0_Offset_10_Eccentricity_0.00_HFR_px_FWHM_0.00_Temp_24.80_Frame_0054.xisf,1,,
FLAT,2025-06-12T16:06:04.153,2025-06-12T17:06:04.153,2025-06-12T16:06:04.844,0.38125,0.38125,ZWO ASI6200MM Pro,ZWO ASI6200MM Pro,0,10,0.779999971389771,1,1,3.0,18.5,3.76,3.76,40,66.2,52.2483888888889,-0.12325,NP101is,540.0,5.4,,,,,,,FlatWizard,,,0.0,FocusLynx Focuser 1,12315,12315,1.325,24.8,24.8,,,,,Starlight Xpress Filter Wheels,Green,,,,,,,2000.0,N.I.N.A. 3.1.2.9001 (x64),FlatWizard_Date_2025-06-12_Time_17-06-04_Type_FLAT_Filter_Green_Exposure_0.38s_Gain_0_Offset_10_Eccentricity_0.00_HFR_px_FWHM_0.00_Temp_24.80_Frame_0055.xisf,1,,
FLAT,2025-06-12T16:06:01.137,2025-06-12T17:06:01.137,2025-06-12T16:06:01.848,0.38125,0.38125,ZWO ASI6200MM Pro,ZWO ASI6200MM Pro,0,10,0.779999971389771,1,1,3.0,18.6,3.76,3.76,40,66.2,52.2483888888889,-0.12325,NP101is,540.0,5.4,,,,,,,FlatWizard,,,0.0,FocusLynx Focuser 1,12315,12315,1.325,24.8,24.8,,,,,Starlight Xpress Filter Wheels,Green,,,,,,,2000.0,N.I.N.A. 3.1.2.9001 (x64),FlatWizard_Date_2025-06-12_Time_17-06-01_Type_FLAT_Filter_Green_Exposure_0.38s_Gain_0_Offset_10_Eccentricity_0.00_HFR_px_FWHM_0.00_Temp_24.80_Frame_0053.xisf,1,,
FLAT,2025-06-12T16:05:55.153,2025-06-12T17:05:55.153,2025-06-12T16:05:55.872,0.38125,0.38125,ZWO ASI6200MM Pro,ZWO ASI6200MM Pro,0,10,0.779999971389771,1,1,5.0,18.8,3.76,3.76,40,66.2,52.2483888888889,-0.12325,NP101is,540.0,5.4,,,,,,,FlatWizard,,,0.0,FocusLynx Focuser 1,12315,12315,1.325,24.8,24.8,,,,,Starlight Xpress Filter Wheels,Green,,,,,,,2000.0,N.I.N.A. 3.1.2.9001 (x64),FlatWizard_Date_2025-06-12_Time_17-05-55_Type_FLAT_Filter_Green_Exposure_0.38s_Gain_0_Offset_10_Eccentricity_0.00_HFR_px_FWHM_0.00_Temp_24.80_Frame_0049.xisf,1,,
FLAT,2025-06-12T16:05:58.134,2025-06-12T17:05:58.134,2025-06-12T16:05:58.829,0.38125,0.38125,ZWO ASI6200MM Pro,ZWO ASI6200MM Pro,0,10,0.779999971389771,1,1,3.0,18.8,3.76,3.76,40,66.2,52.2483888888889,-0.12325,NP101is,540.0,5.4,,,,,,,FlatWizard,,,0.0,FocusLynx Focuser 1,12315,12315,1.325,24.8,24.8,,,,,Starlight Xpress Filter Wheels,Green,,,,,,,2000.0,N.I.N.A. 3.1.2.9001 (x64),FlatWizard_Date_2025-06-12_Time_17-05-58_Type_FLAT_Filter_Green_Exposure_0.38s_Gain_0_Offset_10_Eccentricity_0.00_HFR_px_FWHM_0.00_Temp_24.80_Frame_0051.xisf,1,,
FLAT,2025-06-12T16:06:05.611,2025-06-12T17:06:05.611,2025-06-12T16:06:06.340,0.38125,0.38125,ZWO ASI6200MM Pro,ZWO ASI6200MM Pro,0,10,0.779999971389771,1,1,3.0,18.5,3.76,3.76,40,66.2,52.2483888888889,-0.12325,NP101is,540.0,5.4,,,,,,,FlatWizard,,,0.0,FocusLynx Focuser 1,12315,12315,1.325,24.9,24.9,,,,,Starlight Xpress Filter Wheels,Green,,,,,,,2000.0,N.I.N.A. 3.1.2.9001 (x64),FlatWizard_Date_2025-06-12_Time_17-06-05_Type_FLAT_Filter_Green_Exposure_0.38s_Gain_0_Offset_10_Eccentricity_0.00_HFR_px_FWHM_0.00_Temp_24.90_Frame_0056.xisf,1,,
FLAT,2025-06-12T16:06:14.688,2025-06-12T17:06:14.688,2025-06-12T16:06:15.403,0.38125,0.38125,ZWO ASI6200MM Pro,ZWO ASI6200MM Pro,0,10,0.779999971389771,1,1,1.0,18.1,3.76,3.76,40,66.2,52.2483888888889,-0.12325,NP101is,540.0,5.4,,,,,,,FlatWizard,,,0.0,FocusLynx Focuser 1,12315,12315,1.325,24.9,24.9,,,,,Starlight Xpress Filter Wheels,Green,,,,,,,2000.0,N.I.N.A. 3.1.2.9001 (x64),FlatWizard_Date_2025-06-12_Time_17-06-14_Type_FLAT_Filter_Green_Exposure_0.38s_Gain_0_Offset_10_Eccentricity_0.00_HFR_px_FWHM_0.00_Temp_24.90_Frame_0062.xisf,1,,
FLAT,2025-06-12T16:06:19.175,2025-06-12T17:06:19.175,2025-06-12T16:06:19.868,0.38125,0.38125,ZWO ASI6200MM Pro,ZWO ASI6200MM Pro,0,10,0.779999971389771,1,1,1.0,18.1,3.76,3.76,40,66.2,52.2483888888889,-0.12325,NP101is,540.0,5.4,,,,,,,FlatWizard,,,0.0,FocusLynx Focuser 1,12315,12315,1.325,24.9,24.9,,,,,Starlight Xpress Filter Wheels,Green,,,,,,,2000.0,N.I.N.A. 3.1.2.9001 (x64),FlatWizard_Date_2025-06-12_Time_17-06-19_Type_FLAT_Filter_Green_Exposure_0.38s_Gain_0_Offset_10_Eccentricity_0.00_HFR_px_FWHM_0.00_Temp_24.90_Frame_0065.xisf,1,,
FLAT,2025-06-12T16:06:07.165,2025-06-12T17:06:07.165,2025-06-12T16:06:07.874,0.38125,0.38125,ZWO ASI6200MM Pro,ZWO ASI6200MM Pro,0,10,0.779999971389771,1,1,3.0,18.5,3.76,3.76,40,66.2,52.2483888888889,-0.12325,NP101is,540.0,5.4,,,,,,,FlatWizard,,,0.0,FocusLynx Focuser 1,12315,12315,1.325,24.9,24.9,,,,,Starlight Xpress Filter Wheels,Green,,,,,,,2000.0,N.I.N.A. 3.1.2.9001 (x64),FlatWizard_Date_2025-06-12_Time_17-06-07_Type_FLAT_Filter_Green_Exposure_0.38s_Gain_0_Offset_10_Eccentricity_0.00_HFR_px_FWHM_0.00_Temp_24.90_Frame_0057.xisf,1,,
FLAT,2025-06-12T16:06:16.215,2025-06-12T17:06:16.215,2025-06-12T16:06:16.919,0.38125,0.38125,ZWO ASI6200MM Pro,ZWO ASI6200MM Pro,0,10,0.779999971389771,1,1,1.0,18.1,3.76,3.76,40,66.2,52.2483888888889,-0.12325,NP101is,540.0,5.4,,,,,,,FlatWizard,,,0.0,FocusLynx Focuser 1,12315,12315,1.325,24.9,24.9,,,,,Starlight Xpress Filter Wheels,Green,,,,,,,2000.0,N.I.N.A. 3.1.2.9001 (x64),FlatWizard_Date_2025-06-12_Time_17-06-16_Type_FLAT_Filter_Green_Exposure_0.38s_Gain_0_Offset_10_Eccentricity_0.00_HFR_px_FWHM_0.00_Temp_24.90_Frame_0063.xisf,1,,
FLAT,2025-06-12T16:06:08.664,2025-06-12T17:06:08.664,2025-06-12T16:06:09.394,0.38125,0.38125,ZWO ASI6200MM Pro,ZWO ASI6200MM Pro,0,10,0.779999971389771,1,1,3.0,18.4,3.76,3.76,40,66.2,52.2483888888889,-0.12325,NP101is,540.0,5.4,,,,,,,FlatWizard,,,0.0,FocusLynx Focuser 1,12315,12315,1.325,24.8,24.8,,,,,Starlight Xpress Filter Wheels,Green,,,,,,,2000.0,N.I.N.A. 3.1.2.9001 (x64),FlatWizard_Date_2025-06-12_Time_17-06-08_Type_FLAT_Filter_Green_Exposure_0.38s_Gain_0_Offset_10_Eccentricity_0.00_HFR_px_FWHM_0.00_Temp_24.80_Frame_0058.xisf,1,,
FLAT,2025-06-12T16:06:20.640,2025-06-12T17:06:20.640,2025-06-12T16:06:21.373,0.38125,0.38125,ZWO ASI6200MM Pro,ZWO ASI6200MM Pro,0,10,0.779999971389771,1,1,1.0,18.0,3.76,3.76,40,66.2,52.2483888888889,-0.12325,NP101is,540.0,5.4,,,,,,,FlatWizard,,,0.0,FocusLynx Focuser 1,12315,12315,1.325,24.9,24.9,,,,,Starlight Xpress Filter Wheels,Green,,,,,,,2000.0,N.I.N.A. 3.1.2.9001 (x64),FlatWizard_Date_2025-06-12_Time_17-06-20_Type_FLAT_Filter_Green_Exposure_0.38s_Gain_0_Offset_10_Eccentricity_0.00_HFR_px_FWHM_0.00_Temp_24.90_Frame_0066.xisf,1,,
FLAT,2025-06-12T16:06:10.247,2025-06-12T17:06:10.247,2025-06-12T16:06:10.949,0.38125,0.38125,ZWO ASI6200MM Pro,ZWO ASI6200MM Pro,0,10,0.779999971389771,1,1,3.0,18.3,3.76,3.76,40,66.2,52.2483888888889,-0.12325,NP101is,540.0,5.4,,,,,,,FlatWizard,,,0.0,FocusLynx Focuser 1,12315,12315,1.325,24.9,24.9,,,,,Starlight Xpress Filter Wheels,Green,,,,,,,2000.0,N.I.N.A. 3.1.2.9001 (x64),FlatWizard_Date_2025-06-12_Time_17-06-10_Type_FLAT_Filter_Green_Exposure_0.38s_Gain_0_Offset_10_Eccentricity_0.00_HFR_px_FWHM_0.00_Temp_24.90_Frame_0059.xisf,1,,
FLAT,2025-06-12T16:06:17.686,2025-06-12T17:06:17.686,2025-06-12T16:06:18.382,0.38125,0.38125,ZWO ASI6200MM Pro,ZWO ASI6200MM Pro,0,10,0.779999971389771,1,1,1.0,18.1,3.76,3.76,40,66.2,52.2483888888889,-0.12325,NP101is,540.0,5.4,,,,,,,FlatWizard,,,0.0,FocusLynx Focuser 1,12315,12315,1.325,24.9,24.9,,,,,Starlight Xpress Filter Wheels,Green,,,,,,,2000.0,N.I.N.A. 3.1.2.9001 (x64),FlatWizard_Date_2025-06-12_Time_17-06-17_Type_FLAT_Filter_Green_Exposure_0.38s_Gain_0_Offset_10_Eccentricity_0.00_HFR_px_FWHM_0.00_Temp_24.90_Frame_0064.xisf,1,,
FLAT,2025-06-12T16:06:23.731,2025-06-12T17:06:23.731,2025-06-12T16:06:24.466,0.38125,0.38125,ZWO ASI6200MM Pro,ZWO ASI6200MM Pro,0,10,0.779999971389771,1,1,1.0,17.8,3.76,3.76,40,66.2,52.2483888888889,-0.12325,NP101is,540.0,5.4,,,,,,,FlatWizard,,,0.0,FocusLynx Focuser 1,12315,12315,1.325,24.9,24.9,,,,,Starlight Xpress Filter Wheels,Green,,,,,,,2000.0,N.I.N.A. 3.1.2.9001 (x64),FlatWizard_Date_2025-06-12_Time_17-06-23_Type_FLAT_Filter_Green_Exposure_0.38s_Gain_0_Offset_10_Eccentricity_0.00_HFR_px_FWHM_0.00_Temp_24.90_Frame_0068.xisf,1,,
FLAT,2025-06-12T16:06:13.229,2025-06-12T17:06:13.229,2025-06-12T16:06:13.927,0.38125,0.38125,ZWO ASI6200MM Pro,ZWO ASI6200MM Pro,0,10,0.779999971389771,1,1,1.0,18.3,3.76,3.76,40,66.2,52.2483888888889,-0.12325,NP101is,540.0,5.4,,,,,,,FlatWizard,,,0.0,FocusLynx Focuser 1,12315,12315,1.325,24.9,24.9,,,,,Starlight Xpress Filter Wheels,Green,,,,,,,2000.0,N.I.N.A. 3.1.2.9001 (x64),FlatWizard_Date_2025-06-12_Time_17-06-13_Type_FLAT_Filter_Green_Exposure_0.38s_Gain_0_Offset_10_Eccentricity_0.00_HFR_px_FWHM_0.00_Temp_24.90_Frame_0061.xisf,1,,
FLAT,2025-06-12T16:06:11.716,2025-06-12T17:06:11.716,2025-06-12T16:06:12.419,0.38125,0.38125,ZWO ASI6200MM Pro,ZWO ASI6200MM Pro,0,10,0.779999971389771,1,1,3.0,18.3,3.76,3.76,40,66.2,52.2483888888889,-0.12325,NP101is,540.0,5.4,,,,,,,FlatWizard,,,0.0,FocusLynx Focuser 1,12315,12315,1.325,24.9,24.9,,,,,Starlight Xpress Filter Wheels,Green,,,,,,,2000.0,N.I.N.A. 3.1.2.9001 (x64),FlatWizard_Date_2025-06-12_Time_17-06-11_Type_FLAT_Filter_Green_Exposure_0.38s_Gain_0_Offset_10_Eccentricity_0.00_HFR_px_FWHM_0.00_Temp_24.90_Frame_0060.xisf,1,,
FLAT,2025-06-12T16:06:28.202,2025-06-12T17:06:28.202,2025-06-12T16:06:28.911,0.38125,0.38125,ZWO ASI6200MM Pro,ZWO ASI6200MM Pro,0,10,0.779999971389771,1,1,-1.0,17.7,3.76,3.76,40,66.2,52.2483888888889,-0.12325,NP101is,540.0,5.4,,,,,,,FlatWizard,,,0.0,FocusLynx Focuser 1,12315,12315,1.325,24.9,24.9,,,,,Starlight Xpress Filter Wheels,Green,,,,,,,2000.0,N.I.N.A. 3.1.2.9001 (x64),FlatWizard_Date_2025-06-12_Time_17-06-28_Type_FLAT_Filter_Green_Exposure_0.38s_Gain_0_Offset_10_Eccentricity_0.00_HFR_px_FWHM_0.00_Temp_24.90_Frame_0071.xisf,1,,
FLAT,2025-06-12T16:06:29.749,2025-06-12T17:06:29.749,2025-06-12T16:06:30.475,0.38125,0.38125,ZWO ASI6200MM Pro,ZWO ASI6200MM Pro,0,10,0.779999971389771,1,1,-1.0,17.6,3.76,3.76,40,66.2,52.2483888888889,-0.12325,NP101is,540.0,5.4,,,,,,,FlatWizard,,,0.0,FocusLynx Focuser 1,12315,12315,1.325,24.9,24.9,,,,,Starlight Xpress Filter Wheels,Green,,,,,,,2000.0,N.I.N.A. 3.1.2.9001 (x64),FlatWizard_Date_2025-06-12_Time_17-06-29_Type_FLAT_Filter_Green_Exposure_0.38s_Gain_0_Offset_10_Eccentricity_0.00_HFR_px_FWHM_0.00_Temp_24.90_Frame_0072.xisf,1,,
FLAT,2025-06-12T16:06:38.906,2025-06-12T17:06:38.906,2025-06-12T16:06:39.609,0.38125,0.38125,ZWO ASI6200MM Pro,ZWO ASI6200MM Pro,0,10,0.779999971389771,1,1,-1.0,17.3,3.76,3.76,40,66.2,52.2483888888889,-0.12325,NP101is,540.0,5.4,,,,,,,FlatWizard,,,0.0,FocusLynx Focuser 1,12315,12315,1.325,24.9,24.9,,,,,Starlight Xpress Filter Wheels,Green,,,,,,,2000.0,N.I.N.A. 3.1.2.9001 (x64),FlatWizard_Date_2025-06-12_Time_17-06-38_Type_FLAT_Filter_Green_Exposure_0.38s_Gain_0_Offset_10_Eccentricity_0.00_HFR_px_FWHM_0.00_Temp_24.90_Frame_0077.xisf,1,,
FLAT,2025-06-12T16:06:26.720,2025-06-12T17:06:26.720,2025-06-12T16:06:27.419,0.38125,0.38125,ZWO ASI6200MM Pro,ZWO ASI6200MM Pro,0,10,0.779999971389771,1,1,1.0,17.8,3.76,3.76,40,66.2,52.2483888888889,-0.12325,NP101is,540.0,5.4,,,,,,,FlatWizard,,,0.0,FocusLynx Focuser 1,12315,12315,1.325,24.9,24.9,,,,,Starlight Xpress Filter Wheels,Green,,,,,,,2000.0,N.I.N.A. 3.1.2.9001 (x64),FlatWizard_Date_2025-06-12_Time_17-06-26_Type_FLAT_Filter_Green_Exposure_0.38s_Gain_0_Offset_10_Eccentricity_0.00_HFR_px_FWHM_0.00_Temp_24.90_Frame_0070.xisf,1,,
FLAT,2025-06-12T16:06:22.188,2025-06-12T17:06:22.188,2025-06-12T16:06:22.927,0.38125,0.38125,ZWO ASI6200MM Pro,ZWO ASI6200MM Pro,0,10,0.779999971389771,1,1,1.0,17.9,3.76,3.76,40,66.2,52.2483888888889,-0.12325,NP101is,540.0,5.4,,,,,,,FlatWizard,,,0.0,FocusLynx Focuser 1,12315,12315,1.325,24.9,24.9,,,,,Starlight Xpress Filter Wheels,Green,,,,,,,2000.0,N.I.N.A. 3.1.2.9001 (x64),FlatWizard_Date_2025-06-12_Time_17-06-22_Type_FLAT_Filter_Green_Exposure_0.38s_Gain_0_Offset_10_Eccentricity_0.00_HFR_px_FWHM_0.00_Temp_24.90_Frame_0067.xisf,1,,
FLAT,2025-06-12T16:06:25.274,2025-06-12T17:06:25.274,2025-06-12T16:06:25.968,0.38125,0.38125,ZWO ASI6200MM Pro,ZWO ASI6200MM Pro,0,10,0.779999971389771,1,1,1.0,17.8,3.76,3.76,40,66.2,52.2483888888889,-0.12325,NP101is,540.0,5.4,,,,,,,FlatWizard,,,0.0,FocusLynx Focuser 1,12315,12315,1.325,24.9,24.9,,,,,Starlight Xpress Filter Wheels,Green,,,,,,,2000.0,N.I.N.A. 3.1.2.9001 (x64),FlatWizard_Date_2025-06-12_Time_17-06-25_Type_FLAT_Filter_Green_Exposure_0.38s_Gain_0_Offset_10_Eccentricity_0.00_HFR_px_FWHM_0.00_Temp_24.90_Frame_0069.xisf,1,,
FLAT,2025-06-12T16:06:37.434,2025-06-12T17:06:37.434,2025-06-12T16:06:38.136,0.38125,0.38125,ZWO ASI6200MM Pro,ZWO ASI6200MM Pro,0,10,0.779999971389771,1,1,-1.0,17.3,3.76,3.76,40,66.2,52.2483888888889,-0.12325,NP101is,540.0,5.4,,,,,,,FlatWizard,,,0.0,FocusLynx Focuser 1,12315,12315,1.325,24.9,24.9,,,,,Starlight Xpress Filter Wheels,Green,,,,,,,2000.0,N.I.N.A. 3.1.2.9001 (x64),FlatWizard_Date_2025-06-12_Time_17-06-37_Type_FLAT_Filter_Green_Exposure_0.38s_Gain_0_Offset_10_Eccentricity_0.00_HFR_px_FWHM_0.00_Temp_24.90_Frame_0076.xisf,1,,
FLAT,2025-06-12T16:06:33.655,2025-06-12T17:06:33.655,2025-06-12T16:06:34.363,0.38125,0.38125,ZWO ASI6200MM Pro,ZWO ASI6200MM Pro,0,10,0.779999971389771,1,1,-1.0,17.5,3.76,3.76,40,66.2,52.2483888888889,-0.12325,NP101is,540.0,5.4,,,,,,,FlatWizard,,,0.0,FocusLynx Focuser 1,12315,12315,1.325,24.9,24.9,,,,,Starlight Xpress Filter Wheels,Green,,,,,,,2000.0,N.I.N.A. 3.1.2.9001 (x64),FlatWizard_Date_2025-06-12_Time_17-06-33_Type_FLAT_Filter_Green_Exposure_0.38s_Gain_0_Offset_10_Eccentricity_0.00_HFR_px_FWHM_0.00_Temp_24.90_Frame_0074.xisf,1,,
FLAT,2025-06-12T16:06:40.397,2025-06-12T17:06:40.397,2025-06-12T16:06:41.169,0.38125,0.38125,ZWO ASI6200MM Pro,ZWO ASI6200MM Pro,0,10,0.779999971389771,1,1,-1.0,17.1,3.76,3.76,40,66.2,52.2483888888889,-0.12325,NP101is,540.0,5.4,,,,,,,FlatWizard,,,0.0,FocusLynx Focuser 1,12315,12315,1.325,24.9,24.9,,,,,Starlight Xpress Filter Wheels,Green,,,,,,,2000.0,N.I.N.A. 3.1.2.9001 (x64),FlatWizard_Date_2025-06-12_Time_17-06-40_Type_FLAT_Filter_Green_Exposure_0.38s_Gain_0_Offset_10_Eccentricity_0.00_HFR_px_FWHM_0.00_Temp_24.90_Frame_0078.xisf,1,,
FLAT,2025-06-12T16:06:31.346,2025-06-12T17:06:31.346,2025-06-12T16:06:32.293,0.38125,0.38125,ZWO ASI6200MM Pro,ZWO ASI6200MM Pro,0,10,0.779999971389771,1,1,-1.0,17.6,3.76,3.76,40,66.2,52.2483888888889,-0.12325,NP101is,540.0,5.4,,,,,,,FlatWizard,,,0.0,FocusLynx Focuser 1,12315,12315,1.325,24.9,24.9,,,,,Starlight Xpress Filter Wheels,Green,,,,,,,2000.0,N.I.N.A. 3.1.2.9001 (x64),FlatWizard_Date_2025-06-12_Time_17-06-31_Type_FLAT_Filter_Green_Exposure_0.38s_Gain_0_Offset_10_Eccentricity_0.00_HFR_px_FWHM_0.00_Temp_24.90_Frame_0073.xisf,1,,
FLAT,2025-06-12T16:06:35.173,2025-06-12T17:06:35.173,2025-06-12T16:06:36.268,0.38125,0.38125,ZWO ASI6200MM Pro,ZWO ASI6200MM Pro,0,10,0.779999971389771,1,1,-1.0,17.3,3.76,3.76,40,66.2,52.2483888888889,-0.12325,NP101is,540.0,5.4,,,,,,,FlatWizard,,,0.0,FocusLynx Focuser 1,12315,12315,1.325,24.9,24.9,,,,,Starlight Xpress Filter Wheels,Green,,,,,,,2000.0,N.I.N.A. 3.1.2.9001 (x64),FlatWizard_Date_2025-06-12_Time_17-06-35_Type_FLAT_Filter_Green_Exposure_0.38s_Gain_0_Offset_10_Eccentricity_0.00_HFR_px_FWHM_0.00_Temp_24.90_Frame_0075.xisf,1,,
FLAT,2025-06-12T16:06:43.620,2025-06-12T17:06:43.620,2025-06-12T16:06:44.343,0.38125,0.38125,ZWO ASI6200MM Pro,ZWO ASI6200MM Pro,0,10,0.779999971389771,1,1,-3.0,17.0,3.76,3.76,40,66.2,52.2483888888889,-0.12325,NP101is,540.0,5.4,,,,,,,FlatWizard,,,0.0,FocusLynx Focuser 1,12315,12315,1.325,24.9,24.9,,,,,Starlight Xpress Filter Wheels,Green,,,,,,,2000.0,N.I.N.A. 3.1.2.9001 (x64),FlatWizard_Date_2025-06-12_Time_17-06-43_Type_FLAT_Filter_Green_Exposure_0.38s_Gain_0_Offset_10_Eccentricity_0.00_HFR_px_FWHM_0.00_Temp_24.90_Frame_0080.xisf,1,,
FLAT,2025-06-12T16:06:54.450,2025-06-12T17:06:54.450,2025-06-12T16:06:55.751,0.38125,0.38125,ZWO ASI6200MM Pro,ZWO ASI6200MM Pro,0,10,0.779999971389771,1,1,-3.0,16.5,3.76,3.76,40,66.2,52.2483888888889,-0.12325,NP101is,540.0,5.4,,,,,,,FlatWizard,,,0.0,FocusLynx Focuser 1,12315,12315,1.325,24.9,24.9,,,,,Starlight Xpress Filter Wheels,Green,,,,,,,2000.0,N.I.N.A. 3.1.2.9001 (x64),FlatWizard_Date_2025-06-12_Time_17-06-54_Type_FLAT_Filter_Green_Exposure_0.38s_Gain_0_Offset_10_Eccentricity_0.00_HFR_px_FWHM_0.00_Temp_24.90_Frame_0086.xisf,1,,
FLAT,2025-06-12T16:06:45.246,2025-06-12T17:06:45.246,2025-06-12T16:06:45.947,0.38125,0.38125,ZWO ASI6200MM Pro,ZWO ASI6200MM Pro,0,10,0.779999971389771,1,1,-3.0,17.0,3.76,3.76,40,66.2,52.2483888888889,-0.12325,NP101is,540.0,5.4,,,,,,,FlatWizard,,,0.0,FocusLynx Focuser 1,12315,12315,1.325,24.9,24.9,,,,,Starlight Xpress Filter Wheels,Green,,,,,,,2000.0,N.I.N.A. 3.1.2.9001 (x64),FlatWizard_Date_2025-06-12_Time_17-06-45_Type_FLAT_Filter_Green_Exposure_0.38s_Gain_0_Offset_10_Eccentricity_0.00_HFR_px_FWHM_0.00_Temp_24.90_Frame_0081.xisf,1,,
FLAT,2025-06-12T16:06:42.005,2025-06-12T17:06:42.005,2025-06-12T16:06:42.755,0.38125,0.38125,ZWO ASI6200MM Pro,ZWO ASI6200MM Pro,0,10,0.779999971389771,1,1,-3.0,17.1,3.76,3.76,40,66.2,52.2483888888889,-0.12325,NP101is,540.0,5.4,,,,,,,FlatWizard,,,0.0,FocusLynx Focuser 1,12315,12315,1.325,24.9,24.9,,,,,Starlight Xpress Filter Wheels,Green,,,,,,,2000.0,N.I.N.A. 3.1.2.9001 (x64),FlatWizard_Date_2025-06-12_Time_17-06-42_Type_FLAT_Filter_Green_Exposure_0.38s_Gain_0_Offset_10_Eccentricity_0.00_HFR_px_FWHM_0.00_Temp_24.90_Frame_0079.xisf,1,,
FLAT,2025-06-12T16:06:46.796,2025-06-12T17:06:46.796,2025-06-12T16:06:47.979,0.38125,0.38125,ZWO ASI6200MM Pro,ZWO ASI6200MM Pro,0,10,0.779999971389771,1,1,-3.0,16.8,3.76,3.76,40,66.2,52.2483888888889,-0.12325,NP101is,540.0,5.4,,,,,,,FlatWizard,,,0.0,FocusLynx Focuser 1,12315,12315,1.325,24.9,24.9,,,,,Starlight Xpress Filter Wheels,Green,,,,,,,2000.0,N.I.N.A. 3.1.2.9001 (x64),FlatWizard_Date_2025-06-12_Time_17-06-46_Type_FLAT_Filter_Green_Exposure_0.38s_Gain_0_Offset_10_Eccentricity_0.00_HFR_px_FWHM_0.00_Temp_24.90_Frame_0082.xisf,1,,
FLAT,2025-06-12T16:07:02.378,2025-06-12T17:07:02.378,2025-06-12T16:07:03.087,0.38125,0.38125,ZWO ASI6200MM Pro,ZWO ASI6200MM Pro,0,10,0.779999971389771,1,1,-5.0,16.1,3.76,3.76,40,66.2,52.2483888888889,-0.12325,NP101is,540.0,5.4,,,,,,,FlatWizard,,,0.0,FocusLynx Focuser 1,12315,12315,1.325,24.9,24.9,,,,,Starlight Xpress Filter Wheels,Green,,,,,,,2000.0,N.I.N.A. 3.1.2.9001 (x64),FlatWizard_Date_2025-06-12_Time_17-07-02_Type_FLAT_Filter_Green_Exposure_0.38s_Gain_0_Offset_10_Eccentricity_0.00_HFR_px_FWHM_0.00_Temp_24.90_Frame_0090.xisf,1,,
FLAT,2025-06-12T16:06:49.358,2025-06-12T17:06:49.358,2025-06-12T16:06:50.216,0.38125,0.38125,ZWO ASI6200MM Pro,ZWO ASI6200MM Pro,0,10,0.779999971389771,1,1,-3.0,16.7,3.76,3.76,40,66.2,52.2483888888889,-0.12325,NP101is,540.0,5.4,,,,,,,FlatWizard,,,0.0,FocusLynx Focuser 1,12315,12315,1.325,24.9,24.9,,,,,Starlight Xpress Filter Wheels,Green,,,,,,,2000.0,N.I.N.A. 3.1.2.9001 (x64),FlatWizard_Date_2025-06-12_Time_17-06-49_Type_FLAT_Filter_Green_Exposure_0.38s_Gain_0_Offset_10_Eccentricity_0.00_HFR_px_FWHM_0.00_Temp_24.90_Frame_0083.xisf,1,,
FLAT,2025-06-12T16:07:03.971,2025-06-12T17:07:03.971,2025-06-12T16:07:04.736,0.38125,0.38125,ZWO ASI6200MM Pro,ZWO ASI6200MM Pro,0,10,0.779999971389771,1,1,-5.0,16.0,3.76,3.76,40,66.2,52.2483888888889,-0.12325,NP101is,540.0,5.4,,,,,,,FlatWizard,,,0.0,FocusLynx Focuser 1,12315,12315,1.325,24.9,24.9,,,,,Starlight Xpress Filter Wheels,Green,,,,,,,2000.0,N.I.N.A. 3.1.2.9001 (x64),FlatWizard_Date_2025-06-12_Time_17-07-03_Type_FLAT_Filter_Green_Exposure_0.38s_Gain_0_Offset_10_Eccentricity_0.00_HFR_px_FWHM_0.00_Temp_24.90_Frame_0091.xisf,1,,
FLAT,2025-06-12T16:06:58.929,2025-06-12T17:06:58.929,2025-06-12T16:06:59.662,0.38125,0.38125,ZWO ASI6200MM Pro,ZWO ASI6200MM Pro,0,10,0.779999971389771,1,1,-5.0,16.2,3.76,3.76,40,66.2,52.2483888888889,-0.12325,NP101is,540.0,5.4,,,,,,,FlatWizard,,,0.0,FocusLynx Focuser 1,12315,12315,1.325,25.0,25.0,,,,,Starlight Xpress Filter Wheels,Green,,,,,,,2000.0,N.I.N.A. 3.1.2.9001 (x64),FlatWizard_Date_2025-06-12_Time_17-06-58_Type_FLAT_Filter_Green_Exposure_0.38s_Gain_0_Offset_10_Eccentricity_0.00_HFR_px_FWHM_0.00_Temp_25.00_Frame_0088.xisf,1,,
FLAT,2025-06-12T16:06:51.169,2025-06-12T17:06:51.169,2025-06-12T16:06:51.941,0.38125,0.38125,ZWO ASI6200MM Pro,ZWO ASI6200MM Pro,0,10,0.779999971389771,1,1,-3.0,16.6,3.76,3.76,40,66.2,52.2483888888889,-0.12325,NP101is,540.0,5.4,,,,,,,FlatWizard,,,0.0,FocusLynx Focuser 1,12315,12315,1.325,24.9,24.9,,,,,Starlight Xpress Filter Wheels,Green,,,,,,,2000.0,N.I.N.A. 3.1.2.9001 (x64),FlatWizard_Date_2025-06-12_Time_17-06-51_Type_FLAT_Filter_Green_Exposure_0.38s_Gain_0_Offset_10_Eccentricity_0.00_HFR_px_FWHM_0.00_Temp_24.90_Frame_0084.xisf,1,,
FLAT,2025-06-12T16:06:57.313,2025-06-12T17:06:57.313,2025-06-12T16:06:58.031,0.38125,0.38125,ZWO ASI6200MM Pro,ZWO ASI6200MM Pro,0,10,0.779999971389771,1,1,-5.0,16.3,3.76,3.76,40,66.2,52.2483888888889,-0.12325,NP101is,540.0,5.4,,,,,,,FlatWizard,,,0.0,FocusLynx Focuser 1,12315,12315,1.325,24.9,24.9,,,,,Starlight Xpress Filter Wheels,Green,,,,,,,2000.0,N.I.N.A. 3.1.2.9001 (x64),FlatWizard_Date_2025-06-12_Time_17-06-57_Type_FLAT_Filter_Green_Exposure_0.38s_Gain_0_Offset_10_Eccentricity_0.00_HFR_px_FWHM_0.00_Temp_24.90_Frame_0087.xisf,1,,
FLAT,2025-06-12T16:06:52.796,2025-06-12T17:06:52.796,2025-06-12T16:06:53.495,0.38125,0.38125,ZWO ASI6200MM Pro,ZWO ASI6200MM Pro,0,10,0.779999971389771,1,1,-3.0,16.6,3.76,3.76,40,66.2,52.2483888888889,-0.12325,NP101is,540.0,5.4,,,,,,,FlatWizard,,,0.0,FocusLynx Focuser 1,12315,12315,1.325,24.9,24.9,,,,,Starlight Xpress Filter Wheels,Green,,,,,,,2000.0,N.I.N.A. 3.1.2.9001 (x64),FlatWizard_Date_2025-06-12_Time_17-06-52_Type_FLAT_Filter_Green_Exposure_0.38s_Gain_0_Offset_10_Eccentricity_0.00_HFR_px_FWHM_0.00_Temp_24.90_Frame_0085.xisf,1,,
FLAT,2025-06-12T16:07:00.711,2025-06-12T17:07:00.711,2025-06-12T16:07:01.477,0.38125,0.38125,ZWO ASI6200MM Pro,ZWO ASI6200MM Pro,0,10,0.779999971389771,1,1,-5.0,16.2,3.76,3.76,40,66.2,52.2483888888889,-0.12325,NP101is,540.0,5.4,,,,,,,FlatWizard,,,0.0,FocusLynx Focuser 1,12315,12315,1.325,25.0,25.0,,,,,Starlight Xpress Filter Wheels,Green,,,,,,,2000.0,N.I.N.A. 3.1.2.9001 (x64),FlatWizard_Date_2025-06-12_Time_17-07-00_Type_FLAT_Filter_Green_Exposure_0.38s_Gain_0_Offset_10_Eccentricity_0.00_HFR_px_FWHM_0.00_Temp_25.00_Frame_0089.xisf,1,,
FLAT,2025-06-12T16:07:05.760,2025-06-12T17:07:05.760,2025-06-12T16:07:06.525,0.38125,0.38125,ZWO ASI6200MM Pro,ZWO ASI6200MM Pro,0,10,0.779999971389771,1,1,-5.0,15.9,3.76,3.76,40,66.2,52.2483888888889,-0.12325,NP101is,540.0,5.4,,,,,,,FlatWizard,,,0.0,FocusLynx Focuser 1,12315,12315,1.325,25.0,25.0,,,,,Starlight Xpress Filter Wheels,Green,,,,,,,2000.0,N.I.N.A. 3.1.2.9001 (x64),FlatWizard_Date_2025-06-12_Time_17-07-05_Type_FLAT_Filter_Green_Exposure_0.38s_Gain_0_Offset_10_Eccentricity_0.00_HFR_px_FWHM_0.00_Temp_25.00_Frame_0092.xisf,1,,
FLAT,2025-06-12T16:07:10.941,2025-06-12T17:07:10.941,2025-06-12T16:07:11.850,0.38125,0.38125,ZWO ASI6200MM Pro,ZWO ASI6200MM Pro,0,10,0.779999971389771,1,1,-5.0,15.6,3.76,3.76,40,66.2,52.2483888888889,-0.12325,NP101is,540.0,5.4,,,,,,,FlatWizard,,,0.0,FocusLynx Focuser 1,12315,12315,1.325,25.0,25.0,,,,,Starlight Xpress Filter Wheels,Green,,,,,,,2000.0,N.I.N.A. 3.1.2.9001 (x64),FlatWizard_Date_2025-06-12_Time_17-07-10_Type_FLAT_Filter_Green_Exposure_0.38s_Gain_0_Offset_10_Eccentricity_0.00_HFR_px_FWHM_0.00_Temp_25.00_Frame_0095.xisf,1,,
FLAT,2025-06-12T16:07:07.433,2025-06-12T17:07:07.433,2025-06-12T16:07:08.195,0.38125,0.38125,ZWO ASI6200MM Pro,ZWO ASI6200MM Pro,0,10,0.779999971389771,1,1,-5.0,15.8,3.76,3.76,40,66.2,52.2483888888889,-0.12325,NP101is,540.0,5.4,,,,,,,FlatWizard,,,0.0,FocusLynx Focuser 1,12315,12315,1.325,25.0,25.0,,,,,Starlight Xpress Filter Wheels,Green,,,,,,,2000.0,N.I.N.A. 3.1.2.9001 (x64),FlatWizard_Date_2025-06-12_Time_17-07-07_Type_FLAT_Filter_Green_Exposure_0.38s_Gain_0_Offset_10_Eccentricity_0.00_HFR_px_FWHM_0.00_Temp_25.00_Frame_0093.xisf,1,,
FLAT,2025-06-12T16:07:14.433,2025-06-12T17:07:14.433,2025-06-12T16:07:15.286,0.38125,0.38125,ZWO ASI6200MM Pro,ZWO ASI6200MM Pro,0,10,0.779999971389771,1,1,-6.0,15.5,3.76,3.76,40,66.2,52.2483888888889,-0.12325,NP101is,540.0,5.4,,,,,,,FlatWizard,,,0.0,FocusLynx Focuser 1,12315,12315,1.325,25.0,25.0,,,,,Starlight Xpress Filter Wheels,Green,,,,,,,2000.0,N.I.N.A. 3.1.2.9001 (x64),FlatWizard_Date_2025-06-12_Time_17-07-14_Type_FLAT_Filter_Green_Exposure_0.38s_Gain_0_Offset_10_Eccentricity_0.00_HFR_px_FWHM_0.00_Temp_25.00_Frame_0097.xisf,1,,
FLAT,2025-06-12T16:07:18.476,2025-06-12T17:07:18.476,2025-06-12T16:07:19.265,0.38125,0.38125,ZWO ASI6200MM Pro,ZWO ASI6200MM Pro,0,10,0.779999971389771,1,1,-6.0,15.3,3.76,3.76,40,66.2,52.2483888888889,-0.12325,NP101is,540.0,5.4,,,,,,,FlatWizard,,,0.0,FocusLynx Focuser 1,12315,12315,1.325,25.0,25.0,,,,,Starlight Xpress Filter Wheels,Green,,,,,,,2000.0,N.I.N.A. 3.1.2.9001 (x64),FlatWizard_Date_2025-06-12_Time_17-07-18_Type_FLAT_Filter_Green_Exposure_0.38s_Gain_0_Offset_10_Eccentricity_0.00_HFR_px_FWHM_0.00_Temp_25.00_Frame_0099.xisf,1,,
FLAT,2025-06-12T16:11:32.202,2025-06-12T17:11:32.202,2025-06-12T16:11:32.932,0.10282,0.10282,ZWO ASI6200MM Pro,ZWO ASI6200MM Pro,0,10,0.779999971389771,1,1,-10.0,0.5,3.76,3.76,40,66.2,52.2483888888889,-0.12325,NP101is,540.0,5.4,,,,,,,FlatWizard,,,0.0,FocusLynx Focuser 1,12315,12315,1.325,25.4,25.4,,,,,Starlight Xpress Filter Wheels,Lum,,,,,,,2000.0,N.I.N.A. 3.1.2.9001 (x64),FlatWizard_Date_2025-06-12_Time_17-11-32_Type_FLAT_Filter_Lum_Exposure_0.10s_Gain_0_Offset_10_Eccentricity_0.00_HFR_px_FWHM_0.00_Temp_25.40_Frame_0000.xisf,1,,
FLAT,2025-06-12T16:07:12.853,2025-06-12T17:07:12.853,2025-06-12T16:07:13.580,0.38125,0.38125,ZWO ASI6200MM Pro,ZWO ASI6200MM Pro,0,10,0.779999971389771,1,1,-6.0,15.5,3.76,3.76,40,66.2,52.2483888888889,-0.12325,NP101is,540.0,5.4,,,,,,,FlatWizard,,,0.0,FocusLynx Focuser 1,12315,12315,1.325,25.0,25.0,,,,,Starlight Xpress Filter Wheels,Green,,,,,,,2000.0,N.I.N.A. 3.1.2.9001 (x64),FlatWizard_Date_2025-06-12_Time_17-07-12_Type_FLAT_Filter_Green_Exposure_0.38s_Gain_0_Offset_10_Eccentricity_0.00_HFR_px_FWHM_0.00_Temp_25.00_Frame_0096.xisf,1,,
FLAT,2025-06-12T16:14:24.690,2025-06-12T17:14:24.690,2025-06-12T16:14:25.416,0.10282,0.10282,ZWO ASI6200MM Pro,ZWO ASI6200MM Pro,0,10,0.779999971389771,1,1,8.0,12.6,3.76,3.76,40,66.2,52.2483888888889,-0.12325,NP101is,540.0,5.4,,,,,,,FlatWizard,,,0.0,FocusLynx Focuser 1,12315,12315,1.325,25.6,25.6,,,,,Starlight Xpress Filter Wheels,Lum,,,,,,,2000.0,N.I.N.A. 3.1.2.9001 (x64),FlatWizard_Date_2025-06-12_Time_17-14-24_Type_FLAT_Filter_Lum_Exposure_0.10s_Gain_0_Offset_10_Eccentricity_0.00_HFR_px_FWHM_0.00_Temp_25.60_Frame_0000.xisf,1,,
FLAT,2025-06-12T16:14:28.815,2025-06-12T17:14:28.815,2025-06-12T16:14:29.511,0.10282,0.10282,ZWO ASI6200MM Pro,ZWO ASI6200MM Pro,0,10,0.779999971389771,1,1,8.0,12.8,3.76,3.76,40,66.2,52.2483888888889,-0.12325,NP101is,540.0,5.4,,,,,,,FlatWizard,,,0.0,FocusLynx Focuser 1,12315,12315,1.325,25.6,25.6,,,,,Starlight Xpress Filter Wheels,Lum,,,,,,,2000.0,N.I.N.A. 3.1.2.9001 (x64),FlatWizard_Date_2025-06-12_Time_17-14-28_Type_FLAT_Filter_Lum_Exposure_0.10s_Gain_0_Offset_10_Eccentricity_0.00_HFR_px_FWHM_0.00_Temp_25.60_Frame_0002.xisf,1,,
FLAT,2025-06-12T16:07:16.308,2025-06-12T17:07:16.308,2025-06-12T16:07:17.316,0.38125,0.38125,ZWO ASI6200MM Pro,ZWO ASI6200MM Pro,0,10,0.779999971389771,1,1,-6.0,15.3,3.76,3.76,40,66.2,52.2483888888889,-0.12325,NP101is,540.0,5.4,,,,,,,FlatWizard,,,0.0,FocusLynx Focuser 1,12315,12315,1.325,25.0,25.0,,,,,Starlight Xpress Filter Wheels,Green,,,,,,,2000.0,N.I.N.A. 3.1.2.9001 (x64),FlatWizard_Date_2025-06-12_Time_17-07-16_Type_FLAT_Filter_Green_Exposure_0.38s_Gain_0_Offset_10_Eccentricity_0.00_HFR_px_FWHM_0.00_Temp_25.00_Frame_0098.xisf,1,,
FLAT,2025-06-12T16:11:34.799,2025-06-12T17:11:34.799,2025-06-12T16:11:35.529,0.10282,0.10282,ZWO ASI6200MM Pro,ZWO ASI6200MM Pro,0,10,0.779999971389771,1,1,-10.0,0.5,3.76,3.76,40,66.2,52.2483888888889,-0.12325,NP101is,540.0,5.4,,,,,,,FlatWizard,,,0.0,FocusLynx Focuser 1,12315,12315,1.325,25.4,25.4,,,,,Starlight Xpress Filter Wheels,Lum,,,,,,,2000.0,N.I.N.A. 3.1.2.9001 (x64),FlatWizard_Date_2025-06-12_Time_17-11-34_Type_FLAT_Filter_Lum_Exposure_0.10s_Gain_0_Offset_10_Eccentricity_0.00_HFR_px_FWHM_0.00_Temp_25.40_Frame_0001.xisf,1,,
FLAT,2025-06-12T16:07:09.158,2025-06-12T17:07:09.158,2025-06-12T16:07:09.886,0.38125,0.38125,ZWO ASI6200MM Pro,ZWO ASI6200MM Pro,0,10,0.779999971389771,1,1,-5.0,15.7,3.76,3.76,40,66.2,52.2483888888889,-0.12325,NP101is,540.0,5.4,,,,,,,FlatWizard,,,0.0,FocusLynx Focuser 1,12315,12315,1.325,25.0,25.0,,,,,Starlight Xpress Filter Wheels,Green,,,,,,,2000.0,N.I.N.A. 3.1.2.9001 (x64),FlatWizard_Date_2025-06-12_Time_17-07-09_Type_FLAT_Filter_Green_Exposure_0.38s_Gain_0_Offset_10_Eccentricity_0.00_HFR_px_FWHM_0.00_Temp_25.00_Frame_0094.xisf,1,,
FLAT,2025-06-12T16:14:30.287,2025-06-12T17:14:30.287,2025-06-12T16:14:31.031,0.10282,0.10282,ZWO ASI6200MM Pro,ZWO ASI6200MM Pro,0,10,0.779999971389771,1,1,8.0,12.9,3.76,3.76,40,66.2,52.2483888888889,-0.12325,NP101is,540.0,5.4,,,,,,,FlatWizard,,,0.0,FocusLynx Focuser 1,12315,12315,1.325,25.6,25.6,,,,,Starlight Xpress Filter Wheels,Lum,,,,,,,2000.0,N.I.N.A. 3.1.2.9001 (x64),FlatWizard_Date_2025-06-12_Time_17-14-30_Type_FLAT_Filter_Lum_Exposure_0.10s_Gain_0_Offset_10_Eccentricity_0.00_HFR_px_FWHM_0.00_Temp_25.60_Frame_0003.xisf,1,,
FLAT,2025-06-12T16:11:37.827,2025-06-12T17:11:37.827,2025-06-12T16:11:38.577,0.10282,0.10282,ZWO ASI6200MM Pro,ZWO ASI6200MM Pro,0,10,0.779999971389771,1,1,-10.0,0.4,3.76,3.76,40,66.2,52.2483888888889,-0.12325,NP101is,540.0,5.4,,,,,,,FlatWizard,,,0.0,FocusLynx Focuser 1,12315,12315,1.325,25.4,25.4,,,,,Starlight Xpress Filter Wheels,Lum,,,,,,,2000.0,N.I.N.A. 3.1.2.9001 (x64),FlatWizard_Date_2025-06-12_Time_17-11-37_Type_FLAT_Filter_Lum_Exposure_0.10s_Gain_0_Offset_10_Eccentricity_0.00_HFR_px_FWHM_0.00_Temp_25.40_Frame_0003.xisf,1,,
FLAT,2025-06-12T16:14:31.871,2025-06-12T17:14:31.871,2025-06-12T16:14:32.603,0.10282,0.10282,ZWO ASI6200MM Pro,ZWO ASI6200MM Pro,0,10,0.779999971389771,1,1,8.0,13.0,3.76,3.76,40,66.2,52.2483888888889,-0.12325,NP101is,540.0,5.4,,,,,,,FlatWizard,,,0.0,FocusLynx Focuser 1,12315,12315,1.325,25.7,25.7,,,,,Starlight Xpress Filter Wheels,Lum,,,,,,,2000.0,N.I.N.A. 3.1.2.9001 (x64),FlatWizard_Date_2025-06-12_Time_17-14-31_Type_FLAT_Filter_Lum_Exposure_0.10s_Gain_0_Offset_10_Eccentricity_0.00_HFR_px_FWHM_0.00_Temp_25.70_Frame_0004.xisf,1,,
FLAT,2025-06-12T16:14:27.280,2025-06-12T17:14:27.280,2025-06-12T16:14:28.009,0.10282,0.10282,ZWO ASI6200MM Pro,ZWO ASI6200MM Pro,0,10,0.779999971389771,1,1,8.0,12.8,3.76,3.76,40,66.2,52.2483888888889,-0.12325,NP101is,540.0,5.4,,,,,,,FlatWizard,,,0.0,FocusLynx Focuser 1,12315,12315,1.325,25.6,25.6,,,,,Starlight Xpress Filter Wheels,Lum,,,,,,,2000.0,N.I.N.A. 3.1.2.9001 (x64),FlatWizard_Date_2025-06-12_Time_17-14-27_Type_FLAT_Filter_Lum_Exposure_0.10s_Gain_0_Offset_10_Eccentricity_0.00_HFR_px_FWHM_0.00_Temp_25.60_Frame_0001.xisf,1,,
FLAT,2025-06-12T16:11:36.339,2025-06-12T17:11:36.339,2025-06-12T16:11:37.037,0.10282,0.10282,ZWO ASI6200MM Pro,ZWO ASI6200MM Pro,0,10,0.779999971389771,1,1,-10.0,0.5,3.76,3.76,40,66.2,52.2483888888889,-0.12325,NP101is,540.0,5.4,,,,,,,FlatWizard,,,0.0,FocusLynx Focuser 1,12315,12315,1.325,25.4,25.4,,,,,Starlight Xpress Filter Wheels,Lum,,,,,,,2000.0,N.I.N.A. 3.1.2.9001 (x64),FlatWizard_Date_2025-06-12_Time_17-11-36_Type_FLAT_Filter_Lum_Exposure_0.10s_Gain_0_Offset_10_Eccentricity_0.00_HFR_px_FWHM_0.00_Temp_25.40_Frame_0002.xisf,1,,
FLAT,2025-06-12T16:14:36.466,2025-06-12T17:14:36.466,2025-06-12T16:14:37.195,0.10282,0.10282,ZWO ASI6200MM Pro,ZWO ASI6200MM Pro,0,10,0.779999971389771,1,1,8.0,13.3,3.76,3.76,40,66.2,52.2483888888889,-0.12325,NP101is,540.0,5.4,,,,,,,FlatWizard,,,0.0,FocusLynx Focuser 1,12315,12315,1.325,25.7,25.7,,,,,Starlight Xpress Filter Wheels,Lum,,,,,,,2000.0,N.I.N.A. 3.1.2.9001 (x64),FlatWizard_Date_2025-06-12_Time_17-14-36_Type_FLAT_Filter_Lum_Exposure_0.10s_Gain_0_Offset_10_Eccentricity_0.00_HFR_px_FWHM_0.00_Temp_25.70_Frame_0007.xisf,1,,
FLAT,2025-06-12T16:14:33.409,2025-06-12T17:14:33.409,2025-06-12T16:14:34.134,0.10282,0.10282,ZWO ASI6200MM Pro,ZWO ASI6200MM Pro,0,10,0.779999971389771,1,1,8.0,13.1,3.76,3.76,40,66.2,52.2483888888889,-0.12325,NP101is,540.0,5.4,,,,,,,FlatWizard,,,0.0,FocusLynx Focuser 1,12315,12315,1.325,25.7,25.7,,,,,Starlight Xpress Filter Wheels,Lum,,,,,,,2000.0,N.I.N.A. 3.1.2.9001 (x64),FlatWizard_Date_2025-06-12_Time_17-14-33_Type_FLAT_Filter_Lum_Exposure_0.10s_Gain_0_Offset_10_Eccentricity_0.00_HFR_px_FWHM_0.00_Temp_25.70_Frame_0005.xisf,1,,
FLAT,2025-06-12T16:14:41.062,2025-06-12T17:14:41.062,2025-06-12T16:14:41.763,0.10282,0.10282,ZWO ASI6200MM Pro,ZWO ASI6200MM Pro,0,10,0.779999971389771,1,1,8.0,13.6,3.76,3.76,40,66.2,52.2483888888889,-0.12325,NP101is,540.0,5.4,,,,,,,FlatWizard,,,0.0,FocusLynx Focuser 1,12315,12315,1.325,25.7,25.7,,,,,Starlight Xpress Filter Wheels,Lum,,,,,,,2000.0,N.I.N.A. 3.1.2.9001 (x64),FlatWizard_Date_2025-06-12_Time_17-14-41_Type_FLAT_Filter_Lum_Exposure_0.10s_Gain_0_Offset_10_Eccentricity_0.00_HFR_px_FWHM_0.00_Temp_25.70_Frame_0010.xisf,1,,
FLAT,2025-06-12T16:14:37.998,2025-06-12T17:14:37.998,2025-06-12T16:14:38.707,0.10282,0.10282,ZWO ASI6200MM Pro,ZWO ASI6200MM Pro,0,10,0.779999971389771,1,1,8.0,13.3,3.76,3.76,40,66.2,52.2483888888889,-0.12325,NP101is,540.0,5.4,,,,,,,FlatWizard,,,0.0,FocusLynx Focuser 1,12315,12315,1.325,25.7,25.7,,,,,Starlight Xpress Filter Wheels,Lum,,,,,,,2000.0,N.I.N.A. 3.1.2.9001 (x64),FlatWizard_Date_2025-06-12_Time_17-14-37_Type_FLAT_Filter_Lum_Exposure_0.10s_Gain_0_Offset_10_Eccentricity_0.00_HFR_px_FWHM_0.00_Temp_25.70_Frame_0008.xisf,1,,
FLAT,2025-06-12T16:14:34.960,2025-06-12T17:14:34.960,2025-06-12T16:14:35.674,0.10282,0.10282,ZWO ASI6200MM Pro,ZWO ASI6200MM Pro,0,10,0.779999971389771,1,1,8.0,13.1,3.76,3.76,40,66.2,52.2483888888889,-0.12325,NP101is,540.0,5.4,,,,,,,FlatWizard,,,0.0,FocusLynx Focuser 1,12315,12315,1.325,25.7,25.7,,,,,Starlight Xpress Filter Wheels,Lum,,,,,,,2000.0,N.I.N.A. 3.1.2.9001 (x64),FlatWizard_Date_2025-06-12_Time_17-14-34_Type_FLAT_Filter_Lum_Exposure_0.10s_Gain_0_Offset_10_Eccentricity_0.00_HFR_px_FWHM_0.00_Temp_25.70_Frame_0006.xisf,1,,
FLAT,2025-06-12T16:14:50.003,2025-06-12T17:14:50.003,2025-06-12T16:14:50.699,0.10282,0.10282,ZWO ASI6200MM Pro,ZWO ASI6200MM Pro,0,10,0.779999971389771,1,1,7.0,14.0,3.76,3.76,40,66.2,52.2483888888889,-0.12325,NP101is,540.0,5.4,,,,,,,FlatWizard,,,0.0,FocusLynx Focuser 1,12315,12315,1.325,25.7,25.7,,,,,Starlight Xpress Filter Wheels,Lum,,,,,,,2000.0,N.I.N.A. 3.1.2.9001 (x64),FlatWizard_Date_2025-06-12_Time_17-14-50_Type_FLAT_Filter_Lum_Exposure_0.10s_Gain_0_Offset_10_Eccentricity_0.00_HFR_px_FWHM_0.00_Temp_25.70_Frame_0016.xisf,1,,
FLAT,2025-06-12T16:14:42.541,2025-06-12T17:14:42.541,2025-06-12T16:14:43.236,0.10282,0.10282,ZWO ASI6200MM Pro,ZWO ASI6200MM Pro,0,10,0.779999971389771,1,1,7.0,13.6,3.76,3.76,40,66.2,52.2483888888889,-0.12325,NP101is,540.0,5.4,,,,,,,FlatWizard,,,0.0,FocusLynx Focuser 1,12315,12315,1.325,25.7,25.7,,,,,Starlight Xpress Filter Wheels,Lum,,,,,,,2000.0,N.I.N.A. 3.1.2.9001 (x64),FlatWizard_Date_2025-06-12_Time_17-14-42_Type_FLAT_Filter_Lum_Exposure_0.10s_Gain_0_Offset_10_Eccentricity_0.00_HFR_px_FWHM_0.00_Temp_25.70_Frame_0011.xisf,1,,
FLAT,2025-06-12T16:14:39.480,2025-06-12T17:14:39.480,2025-06-12T16:14:40.222,0.10282,0.10282,ZWO ASI6200MM Pro,ZWO ASI6200MM Pro,0,10,0.779999971389771,1,1,8.0,13.5,3.76,3.76,40,66.2,52.2483888888889,-0.12325,NP101is,540.0,5.4,,,,,,,FlatWizard,,,0.0,FocusLynx Focuser 1,12315,12315,1.325,25.7,25.7,,,,,Starlight Xpress Filter Wheels,Lum,,,,,,,2000.0,N.I.N.A. 3.1.2.9001 (x64),FlatWizard_Date_2025-06-12_Time_17-14-39_Type_FLAT_Filter_Lum_Exposure_0.10s_Gain_0_Offset_10_Eccentricity_0.00_HFR_px_FWHM_0.00_Temp_25.70_Frame_0009.xisf,1,,
FLAT,2025-06-12T16:14:45.529,2025-06-12T17:14:45.529,2025-06-12T16:14:46.225,0.10282,0.10282,ZWO ASI6200MM Pro,ZWO ASI6200MM Pro,0,10,0.779999971389771,1,1,7.0,13.8,3.76,3.76,40,66.2,52.2483888888889,-0.12325,NP101is,540.0,5.4,,,,,,,FlatWizard,,,0.0,FocusLynx Focuser 1,12315,12315,1.325,25.7,25.7,,,,,Starlight Xpress Filter Wheels,Lum,,,,,,,2000.0,N.I.N.A. 3.1.2.9001 (x64),FlatWizard_Date_2025-06-12_Time_17-14-45_Type_FLAT_Filter_Lum_Exposure_0.10s_Gain_0_Offset_10_Eccentricity_0.00_HFR_px_FWHM_0.00_Temp_25.70_Frame_0013.xisf,1,,
FLAT,2025-06-12T16:14:47.010,2025-06-12T17:14:47.010,2025-06-12T16:14:47.707,0.10282,0.10282,ZWO ASI6200MM Pro,ZWO ASI6200MM Pro,0,10,0.779999971389771,1,1,7.0,13.9,3.76,3.76,40,66.2,52.2483888888889,-0.12325,NP101is,540.0,5.4,,,,,,,FlatWizard,,,0.0,FocusLynx Focuser 1,12315,12315,1.325,25.7,25.7,,,,,Starlight Xpress Filter Wheels,Lum,,,,,,,2000.0,N.I.N.A. 3.1.2.9001 (x64),FlatWizard_Date_2025-06-12_Time_17-14-47_Type_FLAT_Filter_Lum_Exposure_0.10s_Gain_0_Offset_10_Eccentricity_0.00_HFR_px_FWHM_0.00_Temp_25.70_Frame_0014.xisf,1,,
FLAT,2025-06-12T16:14:53.013,2025-06-12T17:14:53.013,2025-06-12T16:14:53.740,0.10282,0.10282,ZWO ASI6200MM Pro,ZWO ASI6200MM Pro,0,10,0.779999971389771,1,1,7.0,14.1,3.76,3.76,40,66.2,52.2483888888889,-0.12325,NP101is,540.0,5.4,,,,,,,FlatWizard,,,0.0,FocusLynx Focuser 1,12315,12315,1.325,25.7,25.7,,,,,Starlight Xpress Filter Wheels,Lum,,,,,,,2000.0,N.I.N.A. 3.1.2.9001 (x64),FlatWizard_Date_2025-06-12_Time_17-14-53_Type_FLAT_Filter_Lum_Exposure_0.10s_Gain_0_Offset_10_Eccentricity_0.00_HFR_px_FWHM_0.00_Temp_25.70_Frame_0018.xisf,1,,
FLAT,2025-06-12T16:14:54.538,2025-06-12T17:14:54.538,2025-06-12T16:14:55.272,0.10282,0.10282,ZWO ASI6200MM Pro,ZWO ASI6200MM Pro,0,10,0.779999971389771,1,1,7.0,14.1,3.76,3.76,40,66.2,52.2483888888889,-0.12325,NP101is,540.0,5.4,,,,,,,FlatWizard,,,0.0,FocusLynx Focuser 1,12315,12315,1.325,25.7,25.7,,,,,Starlight Xpress Filter Wheels,Lum,,,,,,,2000.0,N.I.N.A. 3.1.2.9001 (x64),FlatWizard_Date_2025-06-12_Time_17-14-54_Type_FLAT_Filter_Lum_Exposure_0.10s_Gain_0_Offset_10_Eccentricity_0.00_HFR_px_FWHM_0.00_Temp_25.70_Frame_0019.xisf,1,,
FLAT,2025-06-12T16:14:51.462,2025-06-12T17:14:51.462,2025-06-12T16:14:52.198,0.10282,0.10282,ZWO ASI6200MM Pro,ZWO ASI6200MM Pro,0,10,0.779999971389771,1,1,7.0,14.0,3.76,3.76,40,66.2,52.2483888888889,-0.12325,NP101is,540.0,5.4,,,,,,,FlatWizard,,,0.0,FocusLynx Focuser 1,12315,12315,1.325,25.7,25.7,,,,,Starlight Xpress Filter Wheels,Lum,,,,,,,2000.0,N.I.N.A. 3.1.2.9001 (x64),FlatWizard_Date_2025-06-12_Time_17-14-51_Type_FLAT_Filter_Lum_Exposure_0.10s_Gain_0_Offset_10_Eccentricity_0.00_HFR_px_FWHM_0.00_Temp_25.70_Frame_0017.xisf,1,,
FLAT,2025-06-12T16:14:48.504,2025-06-12T17:14:48.504,2025-06-12T16:14:49.200,0.10282,0.10282,ZWO ASI6200MM Pro,ZWO ASI6200MM Pro,0,10,0.779999971389771,1,1,7.0,13.9,3.76,3.76,40,66.2,52.2483888888889,-0.12325,NP101is,540.0,5.4,,,,,,,FlatWizard,,,0.0,FocusLynx Focuser 1,12315,12315,1.325,25.7,25.7,,,,,Starlight Xpress Filter Wheels,Lum,,,,,,,2000.0,N.I.N.A. 3.1.2.9001 (x64),FlatWizard_Date_2025-06-12_Time_17-14-48_Type_FLAT_Filter_Lum_Exposure_0.10s_Gain_0_Offset_10_Eccentricity_0.00_HFR_px_FWHM_0.00_Temp_25.70_Frame_0015.xisf,1,,
FLAT,2025-06-12T16:14:44.018,2025-06-12T17:14:44.018,2025-06-12T16:14:44.737,0.10282,0.10282,ZWO ASI6200MM Pro,ZWO ASI6200MM Pro,0,10,0.779999971389771,1,1,7.0,13.6,3.76,3.76,40,66.2,52.2483888888889,-0.12325,NP101is,540.0,5.4,,,,,,,FlatWizard,,,0.0,FocusLynx Focuser 1,12315,12315,1.325,25.7,25.7,,,,,Starlight Xpress Filter Wheels,Lum,,,,,,,2000.0,N.I.N.A. 3.1.2.9001 (x64),FlatWizard_Date_2025-06-12_Time_17-14-44_Type_FLAT_Filter_Lum_Exposure_0.10s_Gain_0_Offset_10_Eccentricity_0.00_HFR_px_FWHM_0.00_Temp_25.70_Frame_0012.xisf,1,,
FLAT,2025-06-12T16:14:56.075,2025-06-12T17:14:56.075,2025-06-12T16:14:56.780,0.10282,0.10282,ZWO ASI6200MM Pro,ZWO ASI6200MM Pro,0,10,0.779999971389771,1,1,7.0,14.2,3.76,3.76,40,66.2,52.2483888888889,-0.12325,NP101is,540.0,5.4,,,,,,,FlatWizard,,,0.0,FocusLynx Focuser 1,12315,12315,1.325,25.7,25.7,,,,,Starlight Xpress Filter Wheels,Lum,,,,,,,2000.0,N.I.N.A. 3.1.2.9001 (x64),FlatWizard_Date_2025-06-12_Time_17-14-56_Type_FLAT_Filter_Lum_Exposure_0.10s_Gain_0_Offset_10_Eccentricity_0.00_HFR_px_FWHM_0.00_Temp_25.70_Frame_0020.xisf,1,,
FLAT,2025-06-12T16:14:59.074,2025-06-12T17:14:59.074,2025-06-12T16:14:59.800,0.10282,0.10282,ZWO ASI6200MM Pro,ZWO ASI6200MM Pro,0,10,0.779999971389771,1,1,7.0,14.3,3.76,3.76,40,66.2,52.2483888888889,-0.12325,NP101is,540.0,5.4,,,,,,,FlatWizard,,,0.0,FocusLynx Focuser 1,12315,12315,1.325,25.7,25.7,,,,,Starlight Xpress Filter Wheels,Lum,,,,,,,2000.0,N.I.N.A. 3.1.2.9001 (x64),FlatWizard_Date_2025-06-12_Time_17-14-59_Type_FLAT_Filter_Lum_Exposure_0.10s_Gain_0_Offset_10_Eccentricity_0.00_HFR_px_FWHM_0.00_Temp_25.70_Frame_0022.xisf,1,,
FLAT,2025-06-12T16:14:57.552,2025-06-12T17:14:57.552,2025-06-12T16:14:58.279,0.10282,0.10282,ZWO ASI6200MM Pro,ZWO ASI6200MM Pro,0,10,0.779999971389771,1,1,7.0,14.3,3.76,3.76,40,66.2,52.2483888888889,-0.12325,NP101is,540.0,5.4,,,,,,,FlatWizard,,,0.0,FocusLynx Focuser 1,12315,12315,1.325,25.7,25.7,,,,,Starlight Xpress Filter Wheels,Lum,,,,,,,2000.0,N.I.N.A. 3.1.2.9001 (x64),FlatWizard_Date_2025-06-12_Time_17-14-57_Type_FLAT_Filter_Lum_Exposure_0.10s_Gain_0_Offset_10_Eccentricity_0.00_HFR_px_FWHM_0.00_Temp_25.70_Frame_0021.xisf,1,,
FLAT,2025-06-12T16:15:02.101,2025-06-12T17:15:02.101,2025-06-12T16:15:02.810,0.10282,0.10282,ZWO ASI6200MM Pro,ZWO ASI6200MM Pro,0,10,0.779999971389771,1,1,7.0,14.4,3.76,3.76,40,66.2,52.2483888888889,-0.12325,NP101is,540.0,5.4,,,,,,,FlatWizard,,,0.0,FocusLynx Focuser 1,12315,12315,1.325,25.7,25.7,,,,,Starlight Xpress Filter Wheels,Lum,,,,,,,2000.0,N.I.N.A. 3.1.2.9001 (x64),FlatWizard_Date_2025-06-12_Time_17-15-02_Type_FLAT_Filter_Lum_Exposure_0.10s_Gain_0_Offset_10_Eccentricity_0.00_HFR_px_FWHM_0.00_Temp_25.70_Frame_0024.xisf,1,,
FLAT,2025-06-12T16:15:00.638,2025-06-12T17:15:00.638,2025-06-12T16:15:01.334,0.10282,0.10282,ZWO ASI6200MM Pro,ZWO ASI6200MM Pro,0,10,0.779999971389771,1,1,7.0,14.3,3.76,3.76,40,66.2,52.2483888888889,-0.12325,NP101is,540.0,5.4,,,,,,,FlatWizard,,,0.0,FocusLynx Focuser 1,12315,12315,1.325,25.7,25.7,,,,,Starlight Xpress Filter Wheels,Lum,,,,,,,2000.0,N.I.N.A. 3.1.2.9001 (x64),FlatWizard_Date_2025-06-12_Time_17-15-00_Type_FLAT_Filter_Lum_Exposure_0.10s_Gain_0_Offset_10_Eccentricity_0.00_HFR_px_FWHM_0.00_Temp_25.70_Frame_0023.xisf,1,,
FLAT,2025-06-12T16:15:06.597,2025-06-12T17:15:06.597,2025-06-12T16:15:07.291,0.10282,0.10282,ZWO ASI6200MM Pro,ZWO ASI6200MM Pro,0,10,0.779999971389771,1,1,7.0,14.6,3.76,3.76,40,66.2,52.2483888888889,-0.12325,NP101is,540.0,5.4,,,,,,,FlatWizard,,,0.0,FocusLynx Focuser 1,12315,12315,1.325,25.7,25.7,,,,,Starlight Xpress Filter Wheels,Lum,,,,,,,2000.0,N.I.N.A. 3.1.2.9001 (x64),FlatWizard_Date_2025-06-12_Time_17-15-06_Type_FLAT_Filter_Lum_Exposure_0.10s_Gain_0_Offset_10_Eccentricity_0.00_HFR_px_FWHM_0.00_Temp_25.70_Frame_0027.xisf,1,,
FLAT,2025-06-12T16:15:11.164,2025-06-12T17:15:11.164,2025-06-12T16:15:11.879,0.10282,0.10282,ZWO ASI6200MM Pro,ZWO ASI6200MM Pro,0,10,0.779999971389771,1,1,7.0,14.6,3.76,3.76,40,66.2,52.2483888888889,-0.12325,NP101is,540.0,5.4,,,,,,,FlatWizard,,,0.0,FocusLynx Focuser 1,12315,12315,1.325,25.7,25.7,,,,,Starlight Xpress Filter Wheels,Lum,,,,,,,2000.0,N.I.N.A. 3.1.2.9001 (x64),FlatWizard_Date_2025-06-12_Time_17-15-11_Type_FLAT_Filter_Lum_Exposure_0.10s_Gain_0_Offset_10_Eccentricity_0.00_HFR_px_FWHM_0.00_Temp_25.70_Frame_0030.xisf,1,,
FLAT,2025-06-12T16:15:05.083,2025-06-12T17:15:05.083,2025-06-12T16:15:05.801,0.10282,0.10282,ZWO ASI6200MM Pro,ZWO ASI6200MM Pro,0,10,0.779999971389771,1,1,7.0,14.5,3.76,3.76,40,66.2,52.2483888888889,-0.12325,NP101is,540.0,5.4,,,,,,,FlatWizard,,,0.0,FocusLynx Focuser 1,12315,12315,1.325,25.7,25.7,,,,,Starlight Xpress Filter Wheels,Lum,,,,,,,2000.0,N.I.N.A. 3.1.2.9001 (x64),FlatWizard_Date_2025-06-12_Time_17-15-05_Type_FLAT_Filter_Lum_Exposure_0.10s_Gain_0_Offset_10_Eccentricity_0.00_HFR_px_FWHM_0.00_Temp_25.70_Frame_0026.xisf,1,,
FLAT,2025-06-12T16:15:03.589,2025-06-12T17:15:03.589,2025-06-12T16:15:04.302,0.10282,0.10282,ZWO ASI6200MM Pro,ZWO ASI6200MM Pro,0,10,0.779999971389771,1,1,7.0,14.5,3.76,3.76,40,66.2,52.2483888888889,-0.12325,NP101is,540.0,5.4,,,,,,,FlatWizard,,,0.0,FocusLynx Focuser 1,12315,12315,1.325,25.7,25.7,,,,,Starlight Xpress Filter Wheels,Lum,,,,,,,2000.0,N.I.N.A. 3.1.2.9001 (x64),FlatWizard_Date_2025-06-12_Time_17-15-03_Type_FLAT_Filter_Lum_Exposure_0.10s_Gain_0_Offset_10_Eccentricity_0.00_HFR_px_FWHM_0.00_Temp_25.70_Frame_0025.xisf,1,,
FLAT,2025-06-12T16:15:09.640,2025-06-12T17:15:09.640,2025-06-12T16:15:10.365,0.10282,0.10282,ZWO ASI6200MM Pro,ZWO ASI6200MM Pro,0,10,0.779999971389771,1,1,7.0,14.6,3.76,3.76,40,66.2,52.2483888888889,-0.12325,NP101is,540.0,5.4,,,,,,,FlatWizard,,,0.0,FocusLynx Focuser 1,12315,12315,1.325,25.7,25.7,,,,,Starlight Xpress Filter Wheels,Lum,,,,,,,2000.0,N.I.N.A. 3.1.2.9001 (x64),FlatWizard_Date_2025-06-12_Time_17-15-09_Type_FLAT_Filter_Lum_Exposure_0.10s_Gain_0_Offset_10_Eccentricity_0.00_HFR_px_FWHM_0.00_Temp_25.70_Frame_0029.xisf,1,,
FLAT,2025-06-12T16:15:14.221,2025-06-12T17:15:14.221,2025-06-12T16:15:14.948,0.10282,0.10282,ZWO ASI6200MM Pro,ZWO ASI6200MM Pro,0,10,0.779999971389771,1,1,6.0,14.7,3.76,3.76,40,66.2,52.2483888888889,-0.12325,NP101is,540.0,5.4,,,,,,,FlatWizard,,,0.0,FocusLynx Focuser 1,12315,12315,1.325,25.7,25.7,,,,,Starlight Xpress Filter Wheels,Lum,,,,,,,2000.0,N.I.N.A. 3.1.2.9001 (x64),FlatWizard_Date_2025-06-12_Time_17-15-14_Type_FLAT_Filter_Lum_Exposure_0.10s_Gain_0_Offset_10_Eccentricity_0.00_HFR_px_FWHM_0.00_Temp_25.70_Frame_0032.xisf,1,,
FLAT,2025-06-12T16:15:08.066,2025-06-12T17:15:08.066,2025-06-12T16:15:08.793,0.10282,0.10282,ZWO ASI6200MM Pro,ZWO ASI6200MM Pro,0,10,0.779999971389771,1,1,7.0,14.6,3.76,3.76,40,66.2,52.2483888888889,-0.12325,NP101is,540.0,5.4,,,,,,,FlatWizard,,,0.0,FocusLynx Focuser 1,12315,12315,1.325,25.7,25.7,,,,,Starlight Xpress Filter Wheels,Lum,,,,,,,2000.0,N.I.N.A. 3.1.2.9001 (x64),FlatWizard_Date_2025-06-12_Time_17-15-08_Type_FLAT_Filter_Lum_Exposure_0.10s_Gain_0_Offset_10_Eccentricity_0.00_HFR_px_FWHM_0.00_Temp_25.70_Frame_0028.xisf,1,,
FLAT,2025-06-12T16:15:17.232,2025-06-12T17:15:17.232,2025-06-12T16:15:17.952,0.10282,0.10282,ZWO ASI6200MM Pro,ZWO ASI6200MM Pro,0,10,0.779999971389771,1,1,6.0,14.8,3.76,3.76,40,66.2,52.2483888888889,-0.12325,NP101is,540.0,5.4,,,,,,,FlatWizard,,,0.0,FocusLynx Focuser 1,12315,12315,1.325,25.7,25.7,,,,,Starlight Xpress Filter Wheels,Lum,,,,,,,2000.0,N.I.N.A. 3.1.2.9001 (x64),FlatWizard_Date_2025-06-12_Time_17-15-17_Type_FLAT_Filter_Lum_Exposure_0.10s_Gain_0_Offset_10_Eccentricity_0.00_HFR_px_FWHM_0.00_Temp_25.70_Frame_0034.xisf,1,,
FLAT,2025-06-12T16:15:18.737,2025-06-12T17:15:18.737,2025-06-12T16:15:19.454,0.10282,0.10282,ZWO ASI6200MM Pro,ZWO ASI6200MM Pro,0,10,0.779999971389771,1,1,6.0,14.8,3.76,3.76,40,66.2,52.2483888888889,-0.12325,NP101is,540.0,5.4,,,,,,,FlatWizard,,,0.0,FocusLynx Focuser 1,12315,12315,1.325,25.7,25.7,,,,,Starlight Xpress Filter Wheels,Lum,,,,,,,2000.0,N.I.N.A. 3.1.2.9001 (x64),FlatWizard_Date_2025-06-12_Time_17-15-18_Type_FLAT_Filter_Lum_Exposure_0.10s_Gain_0_Offset_10_Eccentricity_0.00_HFR_px_FWHM_0.00_Temp_25.70_Frame_0035.xisf,1,,
FLAT,2025-06-12T16:15:12.683,2025-06-12T17:15:12.683,2025-06-12T16:15:13.419,0.10282,0.10282,ZWO ASI6200MM Pro,ZWO ASI6200MM Pro,0,10,0.779999971389771,1,1,6.0,14.7,3.76,3.76,40,66.2,52.2483888888889,-0.12325,NP101is,540.0,5.4,,,,,,,FlatWizard,,,0.0,FocusLynx Focuser 1,12315,12315,1.325,25.7,25.7,,,,,Starlight Xpress Filter Wheels,Lum,,,,,,,2000.0,N.I.N.A. 3.1.2.9001 (x64),FlatWizard_Date_2025-06-12_Time_17-15-12_Type_FLAT_Filter_Lum_Exposure_0.10s_Gain_0_Offset_10_Eccentricity_0.00_HFR_px_FWHM_0.00_Temp_25.70_Frame_0031.xisf,1,,
FLAT,2025-06-12T16:15:27.807,2025-06-12T17:15:27.807,2025-06-12T16:15:28.499,0.10282,0.10282,ZWO ASI6200MM Pro,ZWO ASI6200MM Pro,0,10,0.779999971389771,1,1,6.0,15.0,3.76,3.76,40,66.2,52.2483888888889,-0.12325,NP101is,540.0,5.4,,,,,,,FlatWizard,,,0.0,FocusLynx Focuser 1,12315,12315,1.325,25.7,25.7,,,,,Starlight Xpress Filter Wheels,Lum,,,,,,,2000.0,N.I.N.A. 3.1.2.9001 (x64),FlatWizard_Date_2025-06-12_Time_17-15-27_Type_FLAT_Filter_Lum_Exposure_0.10s_Gain_0_Offset_10_Eccentricity_0.00_HFR_px_FWHM_0.00_Temp_25.70_Frame_0041.xisf,1,,
FLAT,2025-06-12T16:15:26.307,2025-06-12T17:15:26.307,2025-06-12T16:15:27.026,0.10282,0.10282,ZWO ASI6200MM Pro,ZWO ASI6200MM Pro,0,10,0.779999971389771,1,1,6.0,15.0,3.76,3.76,40,66.2,52.2483888888889,-0.12325,NP101is,540.0,5.4,,,,,,,FlatWizard,,,0.0,FocusLynx Focuser 1,12315,12315,1.325,25.7,25.7,,,,,Starlight Xpress Filter Wheels,Lum,,,,,,,2000.0,N.I.N.A. 3.1.2.9001 (x64),FlatWizard_Date_2025-06-12_Time_17-15-26_Type_FLAT_Filter_Lum_Exposure_0.10s_Gain_0_Offset_10_Eccentricity_0.00_HFR_px_FWHM_0.00_Temp_25.70_Frame_0040.xisf,1,,
FLAT,2025-06-12T16:15:15.740,2025-06-12T17:15:15.740,2025-06-12T16:15:16.450,0.10282,0.10282,ZWO ASI6200MM Pro,ZWO ASI6200MM Pro,0,10,0.779999971389771,1,1,6.0,14.7,3.76,3.76,40,66.2,52.2483888888889,-0.12325,NP101is,540.0,5.4,,,,,,,FlatWizard,,,0.0,FocusLynx Focuser 1,12315,12315,1.325,25.7,25.7,,,,,Starlight Xpress Filter Wheels,Lum,,,,,,,2000.0,N.I.N.A. 3.1.2.9001 (x64),FlatWizard_Date_2025-06-12_Time_17-15-15_Type_FLAT_Filter_Lum_Exposure_0.10s_Gain_0_Offset_10_Eccentricity_0.00_HFR_px_FWHM_0.00_Temp_25.70_Frame_0033.xisf,1,,
FLAT,2025-06-12T16:15:21.796,2025-06-12T17:15:21.796,2025-06-12T16:15:22.527,0.10282,0.10282,ZWO ASI6200MM Pro,ZWO ASI6200MM Pro,0,10,0.779999971389771,1,1,6.0,14.9,3.76,3.76,40,66.2,52.2483888888889,-0.12325,NP101is,540.0,5.4,,,,,,,FlatWizard,,,0.0,FocusLynx Focuser 1,12315,12315,1.325,25.7,25.7,,,,,Starlight Xpress Filter Wheels,Lum,,,,,,,2000.0,N.I.N.A. 3.1.2.9001 (x64),FlatWizard_Date_2025-06-12_Time_17-15-21_Type_FLAT_Filter_Lum_Exposure_0.10s_Gain_0_Offset_10_Eccentricity_0.00_HFR_px_FWHM_0.00_Temp_25.70_Frame_0037.xisf,1,,
FLAT,2025-06-12T16:15:23.334,2025-06-12T17:15:23.334,2025-06-12T16:15:24.029,0.10282,0.10282,ZWO ASI6200MM Pro,ZWO ASI6200MM Pro,0,10,0.779999971389771,1,1,6.0,14.9,3.76,3.76,40,66.2,52.2483888888889,-0.12325,NP101is,540.0,5.4,,,,,,,FlatWizard,,,0.0,FocusLynx Focuser 1,12315,12315,1.325,25.7,25.7,,,,,Starlight Xpress Filter Wheels,Lum,,,,,,,2000.0,N.I.N.A. 3.1.2.9001 (x64),FlatWizard_Date_2025-06-12_Time_17-15-23_Type_FLAT_Filter_Lum_Exposure_0.10s_Gain_0_Offset_10_Eccentricity_0.00_HFR_px_FWHM_0.00_Temp_25.70_Frame_0038.xisf,1,,
FLAT,2025-06-12T16:15:20.241,2025-06-12T17:15:20.241,2025-06-12T16:15:20.980,0.10282,0.10282,ZWO ASI6200MM Pro,ZWO ASI6200MM Pro,0,10,0.779999971389771,1,1,6.0,14.9,3.76,3.76,40,66.2,52.2483888888889,-0.12325,NP101is,540.0,5.4,,,,,,,FlatWizard,,,0.0,FocusLynx Focuser 1,12315,12315,1.325,25.7,25.7,,,,,Starlight Xpress Filter Wheels,Lum,,,,,,,2000.0,N.I.N.A. 3.1.2.9001 (x64),FlatWizard_Date_2025-06-12_Time_17-15-20_Type_FLAT_Filter_Lum_Exposure_0.10s_Gain_0_Offset_10_Eccentricity_0.00_HFR_px_FWHM_0.00_Temp_25.70_Frame_0036.xisf,1,,
FLAT,2025-06-12T16:15:24.789,2025-06-12T17:15:24.789,2025-06-12T16:15:25.512,0.10282,0.10282,ZWO ASI6200MM Pro,ZWO ASI6200MM Pro,0,10,0.779999971389771,1,1,6.0,14.9,3.76,3.76,40,66.2,52.2483888888889,-0.12325,NP101is,540.0,5.4,,,,,,,FlatWizard,,,0.0,FocusLynx Focuser 1,12315,12315,1.325,25.7,25.7,,,,,Starlight Xpress Filter Wheels,Lum,,,,,,,2000.0,N.I.N.A. 3.1.2.9001 (x64),FlatWizard_Date_2025-06-12_Time_17-15-24_Type_FLAT_Filter_Lum_Exposure_0.10s_Gain_0_Offset_10_Eccentricity_0.00_HFR_px_FWHM_0.00_Temp_25.70_Frame_0039.xisf,1,,
FLAT,2025-06-12T16:15:29.284,2025-06-12T17:15:29.284,2025-06-12T16:15:30.020,0.10282,0.10282,ZWO ASI6200MM Pro,ZWO ASI6200MM Pro,0,10,0.779999971389771,1,1,6.0,15.0,3.76,3.76,40,66.2,52.2483888888889,-0.12325,NP101is,540.0,5.4,,,,,,,FlatWizard,,,0.0,FocusLynx Focuser 1,12315,12315,1.325,25.7,25.7,,,,,Starlight Xpress Filter Wheels,Lum,,,,,,,2000.0,N.I.N.A. 3.1.2.9001 (x64),FlatWizard_Date_2025-06-12_Time_17-15-29_Type_FLAT_Filter_Lum_Exposure_0.10s_Gain_0_Offset_10_Eccentricity_0.00_HFR_px_FWHM_0.00_Temp_25.70_Frame_0042.xisf,1,,
FLAT,2025-06-12T16:15:33.816,2025-06-12T17:15:33.816,2025-06-12T16:15:34.564,0.10282,0.10282,ZWO ASI6200MM Pro,ZWO ASI6200MM Pro,0,10,0.779999971389771,1,1,6.0,15.0,3.76,3.76,40,66.2,52.2483888888889,-0.12325,NP101is,540.0,5.4,,,,,,,FlatWizard,,,0.0,FocusLynx Focuser 1,12315,12315,1.325,25.7,25.7,,,,,Starlight Xpress Filter Wheels,Lum,,,,,,,2000.0,N.I.N.A. 3.1.2.9001 (x64),FlatWizard_Date_2025-06-12_Time_17-15-33_Type_FLAT_Filter_Lum_Exposure_0.10s_Gain_0_Offset_10_Eccentricity_0.00_HFR_px_FWHM_0.00_Temp_25.70_Frame_0045.xisf,1,,
FLAT,2025-06-12T16:15:35.501,2025-06-12T17:15:35.501,2025-06-12T16:15:36.217,0.10282,0.10282,ZWO ASI6200MM Pro,ZWO ASI6200MM Pro,0,10,0.779999971389771,1,1,6.0,15.0,3.76,3.76,40,66.2,52.2483888888889,-0.12325,NP101is,540.0,5.4,,,,,,,FlatWizard,,,0.0,FocusLynx Focuser 1,12315,12315,1.325,25.7,25.7,,,,,Starlight Xpress Filter Wheels,Lum,,,,,,,2000.0,N.I.N.A. 3.1.2.9001 (x64),FlatWizard_Date_2025-06-12_Time_17-15-35_Type_FLAT_Filter_Lum_Exposure_0.10s_Gain_0_Offset_10_Eccentricity_0.00_HFR_px_FWHM_0.00_Temp_25.70_Frame_0046.xisf,1,,
FLAT,2025-06-12T16:15:32.307,2025-06-12T17:15:32.307,2025-06-12T16:15:33.011,0.10282,0.10282,ZWO ASI6200MM Pro,ZWO ASI6200MM Pro,0,10,0.779999971389771,1,1,6.0,15.0,3.76,3.76,40,66.2,52.2483888888889,-0.12325,NP101is,540.0,5.4,,,,,,,FlatWizard,,,0.0,FocusLynx Focuser 1,12315,12315,1.325,25.7,25.7,,,,,Starlight Xpress Filter Wheels,Lum,,,,,,,2000.0,N.I.N.A. 3.1.2.9001 (x64),FlatWizard_Date_2025-06-12_Time_17-15-32_Type_FLAT_Filter_Lum_Exposure_0.10s_Gain_0_Offset_10_Eccentricity_0.00_HFR_px_FWHM_0.00_Temp_25.70_Frame_0044.xisf,1,,
FLAT,2025-06-12T16:15:30.816,2025-06-12T17:15:30.816,2025-06-12T16:15:31.524,0.10282,0.10282,ZWO ASI6200MM Pro,ZWO ASI6200MM Pro,0,10,0.779999971389771,1,1,6.0,15.0,3.76,3.76,40,66.2,52.2483888888889,-0.12325,NP101is,540.0,5.4,,,,,,,FlatWizard,,,0.0,FocusLynx Focuser 1,12315,12315,1.325,25.8,25.8,,,,,Starlight Xpress Filter Wheels,Lum,,,,,,,2000.0,N.I.N.A. 3.1.2.9001 (x64),FlatWizard_Date_2025-06-12_Time_17-15-30_Type_FLAT_Filter_Lum_Exposure_0.10s_Gain_0_Offset_10_Eccentricity_0.00_HFR_px_FWHM_0.00_Temp_25.80_Frame_0043.xisf,1,,
FLAT,2025-06-12T16:15:41.576,2025-06-12T17:15:41.576,2025-06-12T16:15:42.287,0.10282,0.10282,ZWO ASI6200MM Pro,ZWO ASI6200MM Pro,0,10,0.779999971389771,1,1,6.0,15.0,3.76,3.76,40,66.2,52.2483888888889,-0.12325,NP101is,540.0,5.4,,,,,,,FlatWizard,,,0.0,FocusLynx Focuser 1,12315,12315,1.325,25.7,25.7,,,,,Starlight Xpress Filter Wheels,Lum,,,,,,,2000.0,N.I.N.A. 3.1.2.9001 (x64),FlatWizard_Date_2025-06-12_Time_17-15-41_Type_FLAT_Filter_Lum_Exposure_0.10s_Gain_0_Offset_10_Eccentricity_0.00_HFR_px_FWHM_0.00_Temp_25.70_Frame_0050.xisf,1,,
FLAT,2025-06-12T16:15:38.527,2025-06-12T17:15:38.527,2025-06-12T16:15:39.268,0.10282,0.10282,ZWO ASI6200MM Pro,ZWO ASI6200MM Pro,0,10,0.779999971389771,1,1,6.0,15.0,3.76,3.76,40,66.2,52.2483888888889,-0.12325,NP101is,540.0,5.4,,,,,,,FlatWizard,,,0.0,FocusLynx Focuser 1,12315,12315,1.325,25.7,25.7,,,,,Starlight Xpress Filter Wheels,Lum,,,,,,,2000.0,N.I.N.A. 3.1.2.9001 (x64),FlatWizard_Date_2025-06-12_Time_17-15-38_Type_FLAT_Filter_Lum_Exposure_0.10s_Gain_0_Offset_10_Eccentricity_0.00_HFR_px_FWHM_0.00_Temp_25.70_Frame_0048.xisf,1,,
FLAT,2025-06-12T16:15:40.090,2025-06-12T17:15:40.090,2025-06-12T16:15:40.791,0.10282,0.10282,ZWO ASI6200MM Pro,ZWO ASI6200MM Pro,0,10,0.779999971389771,1,1,6.0,15.0,3.76,3.76,40,66.2,52.2483888888889,-0.12325,NP101is,540.0,5.4,,,,,,,FlatWizard,,,0.0,FocusLynx Focuser 1,12315,12315,1.325,25.7,25.7,,,,,Starlight Xpress Filter Wheels,Lum,,,,,,,2000.0,N.I.N.A. 3.1.2.9001 (x64),FlatWizard_Date_2025-06-12_Time_17-15-40_Type_FLAT_Filter_Lum_Exposure_0.10s_Gain_0_Offset_10_Eccentricity_0.00_HFR_px_FWHM_0.00_Temp_25.70_Frame_0049.xisf,1,,
FLAT,2025-06-12T16:15:36.999,2025-06-12T17:15:36.999,2025-06-12T16:15:37.693,0.10282,0.10282,ZWO ASI6200MM Pro,ZWO ASI6200MM Pro,0,10,0.779999971389771,1,1,6.0,15.0,3.76,3.76,40,66.2,52.2483888888889,-0.12325,NP101is,540.0,5.4,,,,,,,FlatWizard,,,0.0,FocusLynx Focuser 1,12315,12315,1.325,25.7,25.7,,,,,Starlight Xpress Filter Wheels,Lum,,,,,,,2000.0,N.I.N.A. 3.1.2.9001 (x64),FlatWizard_Date_2025-06-12_Time_17-15-36_Type_FLAT_Filter_Lum_Exposure_0.10s_Gain_0_Offset_10_Eccentricity_0.00_HFR_px_FWHM_0.00_Temp_25.70_Frame_0047.xisf,1,,
FLAT,2025-06-12T16:15:43.064,2025-06-12T17:15:43.064,2025-06-12T16:15:43.792,0.10282,0.10282,ZWO ASI6200MM Pro,ZWO ASI6200MM Pro,0,10,0.779999971389771,1,1,5.0,15.0,3.76,3.76,40,66.2,52.2483888888889,-0.12325,NP101is,540.0,5.4,,,,,,,FlatWizard,,,0.0,FocusLynx Focuser 1,12315,12315,1.325,25.7,25.7,,,,,Starlight Xpress Filter Wheels,Lum,,,,,,,2000.0,N.I.N.A. 3.1.2.9001 (x64),FlatWizard_Date_2025-06-12_Time_17-15-43_Type_FLAT_Filter_Lum_Exposure_0.10s_Gain_0_Offset_10_Eccentricity_0.00_HFR_px_FWHM_0.00_Temp_25.70_Frame_0051.xisf,1,,
FLAT,2025-06-12T16:15:44.591,2025-06-12T17:15:44.591,2025-06-12T16:15:45.311,0.10282,0.10282,ZWO ASI6200MM Pro,ZWO ASI6200MM Pro,0,10,0.779999971389771,1,1,5.0,15.0,3.76,3.76,40,66.2,52.2483888888889,-0.12325,NP101is,540.0,5.4,,,,,,,FlatWizard,,,0.0,FocusLynx Focuser 1,12315,12315,1.325,25.7,25.7,,,,,Starlight Xpress Filter Wheels,Lum,,,,,,,2000.0,N.I.N.A. 3.1.2.9001 (x64),FlatWizard_Date_2025-06-12_Time_17-15-44_Type_FLAT_Filter_Lum_Exposure_0.10s_Gain_0_Offset_10_Eccentricity_0.00_HFR_px_FWHM_0.00_Temp_25.70_Frame_0052.xisf,1,,
FLAT,2025-06-12T16:15:46.101,2025-06-12T17:15:46.101,2025-06-12T16:15:46.839,0.10282,0.10282,ZWO ASI6200MM Pro,ZWO ASI6200MM Pro,0,10,0.779999971389771,1,1,5.0,15.0,3.76,3.76,40,66.2,52.2483888888889,-0.12325,NP101is,540.0,5.4,,,,,,,FlatWizard,,,0.0,FocusLynx Focuser 1,12315,12315,1.325,25.8,25.8,,,,,Starlight Xpress Filter Wheels,Lum,,,,,,,2000.0,N.I.N.A. 3.1.2.9001 (x64),FlatWizard_Date_2025-06-12_Time_17-15-46_Type_FLAT_Filter_Lum_Exposure_0.10s_Gain_0_Offset_10_Eccentricity_0.00_HFR_px_FWHM_0.00_Temp_25.80_Frame_0053.xisf,1,,
FLAT,2025-06-12T16:15:47.638,2025-06-12T17:15:47.638,2025-06-12T16:15:48.363,0.10282,0.10282,ZWO ASI6200MM Pro,ZWO ASI6200MM Pro,0,10,0.779999971389771,1,1,5.0,15.0,3.76,3.76,40,66.2,52.2483888888889,-0.12325,NP101is,540.0,5.4,,,,,,,FlatWizard,,,0.0,FocusLynx Focuser 1,12315,12315,1.325,25.7,25.7,,,,,Starlight Xpress Filter Wheels,Lum,,,,,,,2000.0,N.I.N.A. 3.1.2.9001 (x64),FlatWizard_Date_2025-06-12_Time_17-15-47_Type_FLAT_Filter_Lum_Exposure_0.10s_Gain_0_Offset_10_Eccentricity_0.00_HFR_px_FWHM_0.00_Temp_25.70_Frame_0054.xisf,1,,
FLAT,2025-06-12T16:15:49.169,2025-06-12T17:15:49.169,2025-06-12T16:15:49.896,0.10282,0.10282,ZWO ASI6200MM Pro,ZWO ASI6200MM Pro,0,10,0.779999971389771,1,1,5.0,15.0,3.76,3.76,40,66.2,52.2483888888889,-0.12325,NP101is,540.0,5.4,,,,,,,FlatWizard,,,0.0,FocusLynx Focuser 1,12315,12315,1.325,25.7,25.7,,,,,Starlight Xpress Filter Wheels,Lum,,,,,,,2000.0,N.I.N.A. 3.1.2.9001 (x64),FlatWizard_Date_2025-06-12_Time_17-15-49_Type_FLAT_Filter_Lum_Exposure_0.10s_Gain_0_Offset_10_Eccentricity_0.00_HFR_px_FWHM_0.00_Temp_25.70_Frame_0055.xisf,1,,
FLAT,2025-06-12T16:15:55.183,2025-06-12T17:15:55.183,2025-06-12T16:15:55.882,0.10282,0.10282,ZWO ASI6200MM Pro,ZWO ASI6200MM Pro,0,10,0.779999971389771,1,1,5.0,15.0,3.76,3.76,40,66.2,52.2483888888889,-0.12325,NP101is,540.0,5.4,,,,,,,FlatWizard,,,0.0,FocusLynx Focuser 1,12315,12315,1.325,25.8,25.8,,,,,Starlight Xpress Filter Wheels,Lum,,,,,,,2000.0,N.I.N.A. 3.1.2.9001 (x64),FlatWizard_Date_2025-06-12_Time_17-15-55_Type_FLAT_Filter_Lum_Exposure_0.10s_Gain_0_Offset_10_Eccentricity_0.00_HFR_px_FWHM_0.00_Temp_25.80_Frame_0059.xisf,1,,
FLAT,2025-06-12T16:15:52.169,2025-06-12T17:15:52.169,2025-06-12T16:15:52.892,0.10282,0.10282,ZWO ASI6200MM Pro,ZWO ASI6200MM Pro,0,10,0.779999971389771,1,1,5.0,15.0,3.76,3.76,40,66.2,52.2483888888889,-0.12325,NP101is,540.0,5.4,,,,,,,FlatWizard,,,0.0,FocusLynx Focuser 1,12315,12315,1.325,25.8,25.8,,,,,Starlight Xpress Filter Wheels,Lum,,,,,,,2000.0,N.I.N.A. 3.1.2.9001 (x64),FlatWizard_Date_2025-06-12_Time_17-15-52_Type_FLAT_Filter_Lum_Exposure_0.10s_Gain_0_Offset_10_Eccentricity_0.00_HFR_px_FWHM_0.00_Temp_25.80_Frame_0057.xisf,1,,
FLAT,2025-06-12T16:15:50.721,2025-06-12T17:15:50.721,2025-06-12T16:15:51.410,0.10282,0.10282,ZWO ASI6200MM Pro,ZWO ASI6200MM Pro,0,10,0.779999971389771,1,1,5.0,15.0,3.76,3.76,40,66.2,52.2483888888889,-0.12325,NP101is,540.0,5.4,,,,,,,FlatWizard,,,0.0,FocusLynx Focuser 1,12315,12315,1.325,25.8,25.8,,,,,Starlight Xpress Filter Wheels,Lum,,,,,,,2000.0,N.I.N.A. 3.1.2.9001 (x64),FlatWizard_Date_2025-06-12_Time_17-15-50_Type_FLAT_Filter_Lum_Exposure_0.10s_Gain_0_Offset_10_Eccentricity_0.00_HFR_px_FWHM_0.00_Temp_25.80_Frame_0056.xisf,1,,
FLAT,2025-06-12T16:15:56.665,2025-06-12T17:15:56.665,2025-06-12T16:15:57.397,0.10282,0.10282,ZWO ASI6200MM Pro,ZWO ASI6200MM Pro,0,10,0.779999971389771,1,1,5.0,15.0,3.76,3.76,40,66.2,52.2483888888889,-0.12325,NP101is,540.0,5.4,,,,,,,FlatWizard,,,0.0,FocusLynx Focuser 1,12315,12315,1.325,25.8,25.8,,,,,Starlight Xpress Filter Wheels,Lum,,,,,,,2000.0,N.I.N.A. 3.1.2.9001 (x64),FlatWizard_Date_2025-06-12_Time_17-15-56_Type_FLAT_Filter_Lum_Exposure_0.10s_Gain_0_Offset_10_Eccentricity_0.00_HFR_px_FWHM_0.00_Temp_25.80_Frame_0060.xisf,1,,
FLAT,2025-06-12T16:15:53.741,2025-06-12T17:15:53.741,2025-06-12T16:15:54.430,0.10282,0.10282,ZWO ASI6200MM Pro,ZWO ASI6200MM Pro,0,10,0.779999971389771,1,1,5.0,15.0,3.76,3.76,40,66.2,52.2483888888889,-0.12325,NP101is,540.0,5.4,,,,,,,FlatWizard,,,0.0,FocusLynx Focuser 1,12315,12315,1.325,25.8,25.8,,,,,Starlight Xpress Filter Wheels,Lum,,,,,,,2000.0,N.I.N.A. 3.1.2.9001 (x64),FlatWizard_Date_2025-06-12_Time_17-15-53_Type_FLAT_Filter_Lum_Exposure_0.10s_Gain_0_Offset_10_Eccentricity_0.00_HFR_px_FWHM_0.00_Temp_25.80_Frame_0058.xisf,1,,
FLAT,2025-06-12T16:15:58.188,2025-06-12T17:15:58.188,2025-06-12T16:15:58.890,0.10282,0.10282,ZWO ASI6200MM Pro,ZWO ASI6200MM Pro,0,10,0.779999971389771,1,1,5.0,15.0,3.76,3.76,40,66.2,52.2483888888889,-0.12325,NP101is,540.0,5.4,,,,,,,FlatWizard,,,0.0,FocusLynx Focuser 1,12315,12315,1.325,25.8,25.8,,,,,Starlight Xpress Filter Wheels,Lum,,,,,,,2000.0,N.I.N.A. 3.1.2.9001 (x64),FlatWizard_Date_2025-06-12_Time_17-15-58_Type_FLAT_Filter_Lum_Exposure_0.10s_Gain_0_Offset_10_Eccentricity_0.00_HFR_px_FWHM_0.00_Temp_25.80_Frame_0061.xisf,1,,
FLAT,2025-06-12T16:16:01.158,2025-06-12T17:16:01.158,2025-06-12T16:16:01.884,0.10282,0.10282,ZWO ASI6200MM Pro,ZWO ASI6200MM Pro,0,10,0.779999971389771,1,1,5.0,15.0,3.76,3.76,40,66.2,52.2483888888889,-0.12325,NP101is,540.0,5.4,,,,,,,FlatWizard,,,0.0,FocusLynx Focuser 1,12315,12315,1.325,25.8,25.8,,,,,Starlight Xpress Filter Wheels,Lum,,,,,,,2000.0,N.I.N.A. 3.1.2.9001 (x64),FlatWizard_Date_2025-06-12_Time_17-16-01_Type_FLAT_Filter_Lum_Exposure_0.10s_Gain_0_Offset_10_Eccentricity_0.00_HFR_px_FWHM_0.00_Temp_25.80_Frame_0063.xisf,1,,
FLAT,2025-06-12T16:15:59.683,2025-06-12T17:15:59.683,2025-06-12T16:16:00.377,0.10282,0.10282,ZWO ASI6200MM Pro,ZWO ASI6200MM Pro,0,10,0.779999971389771,1,1,5.0,15.0,3.76,3.76,40,66.2,52.2483888888889,-0.12325,NP101is,540.0,5.4,,,,,,,FlatWizard,,,0.0,FocusLynx Focuser 1,12315,12315,1.325,25.8,25.8,,,,,Starlight Xpress Filter Wheels,Lum,,,,,,,2000.0,N.I.N.A. 3.1.2.9001 (x64),FlatWizard_Date_2025-06-12_Time_17-15-59_Type_FLAT_Filter_Lum_Exposure_0.10s_Gain_0_Offset_10_Eccentricity_0.00_HFR_px_FWHM_0.00_Temp_25.80_Frame_0062.xisf,1,,
FLAT,2025-06-12T16:16:02.731,2025-06-12T17:16:02.731,2025-06-12T16:16:03.422,0.10282,0.10282,ZWO ASI6200MM Pro,ZWO ASI6200MM Pro,0,10,0.779999971389771,1,1,5.0,15.0,3.76,3.76,40,66.2,52.2483888888889,-0.12325,NP101is,540.0,5.4,,,,,,,FlatWizard,,,0.0,FocusLynx Focuser 1,12315,12315,1.325,25.8,25.8,,,,,Starlight Xpress Filter Wheels,Lum,,,,,,,2000.0,N.I.N.A. 3.1.2.9001 (x64),FlatWizard_Date_2025-06-12_Time_17-16-02_Type_FLAT_Filter_Lum_Exposure_0.10s_Gain_0_Offset_10_Eccentricity_0.00_HFR_px_FWHM_0.00_Temp_25.80_Frame_0064.xisf,1,,
FLAT,2025-06-12T16:16:04.230,2025-06-12T17:16:04.230,2025-06-12T16:16:04.951,0.10282,0.10282,ZWO ASI6200MM Pro,ZWO ASI6200MM Pro,0,10,0.779999971389771,1,1,5.0,14.9,3.76,3.76,40,66.2,52.2483888888889,-0.12325,NP101is,540.0,5.4,,,,,,,FlatWizard,,,0.0,FocusLynx Focuser 1,12315,12315,1.325,25.8,25.8,,,,,Starlight Xpress Filter Wheels,Lum,,,,,,,2000.0,N.I.N.A. 3.1.2.9001 (x64),FlatWizard_Date_2025-06-12_Time_17-16-04_Type_FLAT_Filter_Lum_Exposure_0.10s_Gain_0_Offset_10_Eccentricity_0.00_HFR_px_FWHM_0.00_Temp_25.80_Frame_0065.xisf,1,,
FLAT,2025-06-12T16:16:10.286,2025-06-12T17:16:10.286,2025-06-12T16:16:11.008,0.10282,0.10282,ZWO ASI6200MM Pro,ZWO ASI6200MM Pro,0,10,0.779999971389771,1,1,5.0,14.8,3.76,3.76,40,66.2,52.2483888888889,-0.12325,NP101is,540.0,5.4,,,,,,,FlatWizard,,,0.0,FocusLynx Focuser 1,12315,12315,1.325,25.8,25.8,,,,,Starlight Xpress Filter Wheels,Lum,,,,,,,2000.0,N.I.N.A. 3.1.2.9001 (x64),FlatWizard_Date_2025-06-12_Time_17-16-10_Type_FLAT_Filter_Lum_Exposure_0.10s_Gain_0_Offset_10_Eccentricity_0.00_HFR_px_FWHM_0.00_Temp_25.80_Frame_0069.xisf,1,,
FLAT,2025-06-12T16:16:05.735,2025-06-12T17:16:05.735,2025-06-12T16:16:06.428,0.10282,0.10282,ZWO ASI6200MM Pro,ZWO ASI6200MM Pro,0,10,0.779999971389771,1,1,5.0,14.9,3.76,3.76,40,66.2,52.2483888888889,-0.12325,NP101is,540.0,5.4,,,,,,,FlatWizard,,,0.0,FocusLynx Focuser 1,12315,12315,1.325,25.8,25.8,,,,,Starlight Xpress Filter Wheels,Lum,,,,,,,2000.0,N.I.N.A. 3.1.2.9001 (x64),FlatWizard_Date_2025-06-12_Time_17-16-05_Type_FLAT_Filter_Lum_Exposure_0.10s_Gain_0_Offset_10_Eccentricity_0.00_HFR_px_FWHM_0.00_Temp_25.80_Frame_0066.xisf,1,,
FLAT,2025-06-12T16:16:07.187,2025-06-12T17:16:07.187,2025-06-12T16:16:07.894,0.10282,0.10282,ZWO ASI6200MM Pro,ZWO ASI6200MM Pro,0,10,0.779999971389771,1,1,5.0,14.9,3.76,3.76,40,66.2,52.2483888888889,-0.12325,NP101is,540.0,5.4,,,,,,,FlatWizard,,,0.0,FocusLynx Focuser 1,12315,12315,1.325,25.8,25.8,,,,,Starlight Xpress Filter Wheels,Lum,,,,,,,2000.0,N.I.N.A. 3.1.2.9001 (x64),FlatWizard_Date_2025-06-12_Time_17-16-07_Type_FLAT_Filter_Lum_Exposure_0.10s_Gain_0_Offset_10_Eccentricity_0.00_HFR_px_FWHM_0.00_Temp_25.80_Frame_0067.xisf,1,,
FLAT,2025-06-12T16:16:08.699,2025-06-12T17:16:08.699,2025-06-12T16:16:09.448,0.10282,0.10282,ZWO ASI6200MM Pro,ZWO ASI6200MM Pro,0,10,0.779999971389771,1,1,5.0,14.8,3.76,3.76,40,66.2,52.2483888888889,-0.12325,NP101is,540.0,5.4,,,,,,,FlatWizard,,,0.0,FocusLynx Focuser 1,12315,12315,1.325,25.8,25.8,,,,,Starlight Xpress Filter Wheels,Lum,,,,,,,2000.0,N.I.N.A. 3.1.2.9001 (x64),FlatWizard_Date_2025-06-12_Time_17-16-08_Type_FLAT_Filter_Lum_Exposure_0.10s_Gain_0_Offset_10_Eccentricity_0.00_HFR_px_FWHM_0.00_Temp_25.80_Frame_0068.xisf,1,,
FLAT,2025-06-12T16:16:13.254,2025-06-12T17:16:13.254,2025-06-12T16:16:13.960,0.10282,0.10282,ZWO ASI6200MM Pro,ZWO ASI6200MM Pro,0,10,0.779999971389771,1,1,4.0,14.8,3.76,3.76,40,66.2,52.2483888888889,-0.12325,NP101is,540.0,5.4,,,,,,,FlatWizard,,,0.0,FocusLynx Focuser 1,12315,12315,1.325,25.8,25.8,,,,,Starlight Xpress Filter Wheels,Lum,,,,,,,2000.0,N.I.N.A. 3.1.2.9001 (x64),FlatWizard_Date_2025-06-12_Time_17-16-13_Type_FLAT_Filter_Lum_Exposure_0.10s_Gain_0_Offset_10_Eccentricity_0.00_HFR_px_FWHM_0.00_Temp_25.80_Frame_0071.xisf,1,,
FLAT,2025-06-12T16:16:16.212,2025-06-12T17:16:16.212,2025-06-12T16:16:16.940,0.10282,0.10282,ZWO ASI6200MM Pro,ZWO ASI6200MM Pro,0,10,0.779999971389771,1,1,4.0,14.8,3.76,3.76,40,66.2,52.2483888888889,-0.12325,NP101is,540.0,5.4,,,,,,,FlatWizard,,,0.0,FocusLynx Focuser 1,12315,12315,1.325,25.8,25.8,,,,,Starlight Xpress Filter Wheels,Lum,,,,,,,2000.0,N.I.N.A. 3.1.2.9001 (x64),FlatWizard_Date_2025-06-12_Time_17-16-16_Type_FLAT_Filter_Lum_Exposure_0.10s_Gain_0_Offset_10_Eccentricity_0.00_HFR_px_FWHM_0.00_Temp_25.80_Frame_0073.xisf,1,,
FLAT,2025-06-12T16:16:11.789,2025-06-12T17:16:11.789,2025-06-12T16:16:12.490,0.10282,0.10282,ZWO ASI6200MM Pro,ZWO ASI6200MM Pro,0,10,0.779999971389771,1,1,5.0,14.8,3.76,3.76,40,66.2,52.2483888888889,-0.12325,NP101is,540.0,5.4,,,,,,,FlatWizard,,,0.0,FocusLynx Focuser 1,12315,12315,1.325,25.8,25.8,,,,,Starlight Xpress Filter Wheels,Lum,,,,,,,2000.0,N.I.N.A. 3.1.2.9001 (x64),FlatWizard_Date_2025-06-12_Time_17-16-11_Type_FLAT_Filter_Lum_Exposure_0.10s_Gain_0_Offset_10_Eccentricity_0.00_HFR_px_FWHM_0.00_Temp_25.80_Frame_0070.xisf,1,,
FLAT,2025-06-12T16:16:14.740,2025-06-12T17:16:14.740,2025-06-12T16:16:15.444,0.10282,0.10282,ZWO ASI6200MM Pro,ZWO ASI6200MM Pro,0,10,0.779999971389771,1,1,4.0,14.8,3.76,3.76,40,66.2,52.2483888888889,-0.12325,NP101is,540.0,5.4,,,,,,,FlatWizard,,,0.0,FocusLynx Focuser 1,12315,12315,1.325,25.8,25.8,,,,,Starlight Xpress Filter Wheels,Lum,,,,,,,2000.0,N.I.N.A. 3.1.2.9001 (x64),FlatWizard_Date_2025-06-12_Time_17-16-14_Type_FLAT_Filter_Lum_Exposure_0.10s_Gain_0_Offset_10_Eccentricity_0.00_HFR_px_FWHM_0.00_Temp_25.80_Frame_0072.xisf,1,,
FLAT,2025-06-12T16:16:37.430,2025-06-12T17:16:37.430,2025-06-12T16:16:38.166,0.10282,0.10282,ZWO ASI6200MM Pro,ZWO ASI6200MM Pro,0,10,0.779999971389771,1,1,4.0,14.5,3.76,3.76,40,66.2,52.2483888888889,-0.12325,NP101is,540.0,5.4,,,,,,,FlatWizard,,,0.0,FocusLynx Focuser 1,12315,12315,1.325,25.8,25.8,,,,,Starlight Xpress Filter Wheels,Lum,,,,,,,2000.0,N.I.N.A. 3.1.2.9001 (x64),FlatWizard_Date_2025-06-12_Time_17-16-37_Type_FLAT_Filter_Lum_Exposure_0.10s_Gain_0_Offset_10_Eccentricity_0.00_HFR_px_FWHM_0.00_Temp_25.80_Frame_0087.xisf,1,,
FLAT,2025-06-12T16:16:20.766,2025-06-12T17:16:20.766,2025-06-12T16:16:21.461,0.10282,0.10282,ZWO ASI6200MM Pro,ZWO ASI6200MM Pro,0,10,0.779999971389771,1,1,4.0,14.7,3.76,3.76,40,66.2,52.2483888888889,-0.12325,NP101is,540.0,5.4,,,,,,,FlatWizard,,,0.0,FocusLynx Focuser 1,12315,12315,1.325,25.8,25.8,,,,,Starlight Xpress Filter Wheels,Lum,,,,,,,2000.0,N.I.N.A. 3.1.2.9001 (x64),FlatWizard_Date_2025-06-12_Time_17-16-20_Type_FLAT_Filter_Lum_Exposure_0.10s_Gain_0_Offset_10_Eccentricity_0.00_HFR_px_FWHM_0.00_Temp_25.80_Frame_0076.xisf,1,,
FLAT,2025-06-12T16:16:28.194,2025-06-12T17:16:28.194,2025-06-12T16:16:28.895,0.10282,0.10282,ZWO ASI6200MM Pro,ZWO ASI6200MM Pro,0,10,0.779999971389771,1,1,4.0,14.6,3.76,3.76,40,66.2,52.2483888888889,-0.12325,NP101is,540.0,5.4,,,,,,,FlatWizard,,,0.0,FocusLynx Focuser 1,12315,12315,1.325,25.8,25.8,,,,,Starlight Xpress Filter Wheels,Lum,,,,,,,2000.0,N.I.N.A. 3.1.2.9001 (x64),FlatWizard_Date_2025-06-12_Time_17-16-28_Type_FLAT_Filter_Lum_Exposure_0.10s_Gain_0_Offset_10_Eccentricity_0.00_HFR_px_FWHM_0.00_Temp_25.80_Frame_0081.xisf,1,,
FLAT,2025-06-12T16:16:23.735,2025-06-12T17:16:23.735,2025-06-12T16:16:24.453,0.10282,0.10282,ZWO ASI6200MM Pro,ZWO ASI6200MM Pro,0,10,0.779999971389771,1,1,4.0,14.7,3.76,3.76,40,66.2,52.2483888888889,-0.12325,NP101is,540.0,5.4,,,,,,,FlatWizard,,,0.0,FocusLynx Focuser 1,12315,12315,1.325,25.8,25.8,,,,,Starlight Xpress Filter Wheels,Lum,,,,,,,2000.0,N.I.N.A. 3.1.2.9001 (x64),FlatWizard_Date_2025-06-12_Time_17-16-23_Type_FLAT_Filter_Lum_Exposure_0.10s_Gain_0_Offset_10_Eccentricity_0.00_HFR_px_FWHM_0.00_Temp_25.80_Frame_0078.xisf,1,,
FLAT,2025-06-12T16:16:29.674,2025-06-12T17:16:29.674,2025-06-12T16:16:30.397,0.10282,0.10282,ZWO ASI6200MM Pro,ZWO ASI6200MM Pro,0,10,0.779999971389771,1,1,4.0,14.6,3.76,3.76,40,66.2,52.2483888888889,-0.12325,NP101is,540.0,5.4,,,,,,,FlatWizard,,,0.0,FocusLynx Focuser 1,12315,12315,1.325,25.8,25.8,,,,,Starlight Xpress Filter Wheels,Lum,,,,,,,2000.0,N.I.N.A. 3.1.2.9001 (x64),FlatWizard_Date_2025-06-12_Time_17-16-29_Type_FLAT_Filter_Lum_Exposure_0.10s_Gain_0_Offset_10_Eccentricity_0.00_HFR_px_FWHM_0.00_Temp_25.80_Frame_0082.xisf,1,,
FLAT,2025-06-12T16:16:26.698,2025-06-12T17:16:26.698,2025-06-12T16:16:27.412,0.10282,0.10282,ZWO ASI6200MM Pro,ZWO ASI6200MM Pro,0,10,0.779999971389771,1,1,4.0,14.6,3.76,3.76,40,66.2,52.2483888888889,-0.12325,NP101is,540.0,5.4,,,,,,,FlatWizard,,,0.0,FocusLynx Focuser 1,12315,12315,1.325,25.8,25.8,,,,,Starlight Xpress Filter Wheels,Lum,,,,,,,2000.0,N.I.N.A. 3.1.2.9001 (x64),FlatWizard_Date_2025-06-12_Time_17-16-26_Type_FLAT_Filter_Lum_Exposure_0.10s_Gain_0_Offset_10_Eccentricity_0.00_HFR_px_FWHM_0.00_Temp_25.80_Frame_0080.xisf,1,,
FLAT,2025-06-12T16:16:31.280,2025-06-12T17:16:31.280,2025-06-12T16:16:32.021,0.10282,0.10282,ZWO ASI6200MM Pro,ZWO ASI6200MM Pro,0,10,0.779999971389771,1,1,4.0,14.6,3.76,3.76,40,66.2,52.2483888888889,-0.12325,NP101is,540.0,5.4,,,,,,,FlatWizard,,,0.0,FocusLynx Focuser 1,12315,12315,1.325,25.8,25.8,,,,,Starlight Xpress Filter Wheels,Lum,,,,,,,2000.0,N.I.N.A. 3.1.2.9001 (x64),FlatWizard_Date_2025-06-12_Time_17-16-31_Type_FLAT_Filter_Lum_Exposure_0.10s_Gain_0_Offset_10_Eccentricity_0.00_HFR_px_FWHM_0.00_Temp_25.80_Frame_0083.xisf,1,,
FLAT,2025-06-12T16:16:43.474,2025-06-12T17:16:43.474,2025-06-12T16:16:44.165,0.10282,0.10282,ZWO ASI6200MM Pro,ZWO ASI6200MM Pro,0,10,0.779999971389771,1,1,3.0,14.3,3.76,3.76,40,66.2,52.2483888888889,-0.12325,NP101is,540.0,5.4,,,,,,,FlatWizard,,,0.0,FocusLynx Focuser 1,12315,12315,1.325,25.8,25.8,,,,,Starlight Xpress Filter Wheels,Lum,,,,,,,2000.0,N.I.N.A. 3.1.2.9001 (x64),FlatWizard_Date_2025-06-12_Time_17-16-43_Type_FLAT_Filter_Lum_Exposure_0.10s_Gain_0_Offset_10_Eccentricity_0.00_HFR_px_FWHM_0.00_Temp_25.80_Frame_0091.xisf,1,,
FLAT,2025-06-12T16:16:50.912,2025-06-12T17:16:50.912,2025-06-12T16:16:51.701,0.10282,0.10282,ZWO ASI6200MM Pro,ZWO ASI6200MM Pro,0,10,0.779999971389771,1,1,3.0,14.1,3.76,3.76,40,66.2,52.2483888888889,-0.12325,NP101is,540.0,5.4,,,,,,,FlatWizard,,,0.0,FocusLynx Focuser 1,12315,12315,1.325,25.8,25.8,,,,,Starlight Xpress Filter Wheels,Lum,,,,,,,2000.0,N.I.N.A. 3.1.2.9001 (x64),FlatWizard_Date_2025-06-12_Time_17-16-50_Type_FLAT_Filter_Lum_Exposure_0.10s_Gain_0_Offset_10_Eccentricity_0.00_HFR_px_FWHM_0.00_Temp_25.80_Frame_0096.xisf,1,,
FLAT,2025-06-12T16:16:44.934,2025-06-12T17:16:44.934,2025-06-12T16:16:45.643,0.10282,0.10282,ZWO ASI6200MM Pro,ZWO ASI6200MM Pro,0,10,0.779999971389771,1,1,3.0,14.3,3.76,3.76,40,66.2,52.2483888888889,-0.12325,NP101is,540.0,5.4,,,,,,,FlatWizard,,,0.0,FocusLynx Focuser 1,12315,12315,1.325,25.8,25.8,,,,,Starlight Xpress Filter Wheels,Lum,,,,,,,2000.0,N.I.N.A. 3.1.2.9001 (x64),FlatWizard_Date_2025-06-12_Time_17-16-44_Type_FLAT_Filter_Lum_Exposure_0.10s_Gain_0_Offset_10_Eccentricity_0.00_HFR_px_FWHM_0.00_Temp_25.80_Frame_0092.xisf,1,,
FLAT,2025-06-12T16:16:35.927,2025-06-12T17:16:35.927,2025-06-12T16:16:36.647,0.10282,0.10282,ZWO ASI6200MM Pro,ZWO ASI6200MM Pro,0,10,0.779999971389771,1,1,4.0,14.5,3.76,3.76,40,66.2,52.2483888888889,-0.12325,NP101is,540.0,5.4,,,,,,,FlatWizard,,,0.0,FocusLynx Focuser 1,12315,12315,1.325,25.8,25.8,,,,,Starlight Xpress Filter Wheels,Lum,,,,,,,2000.0,N.I.N.A. 3.1.2.9001 (x64),FlatWizard_Date_2025-06-12_Time_17-16-35_Type_FLAT_Filter_Lum_Exposure_0.10s_Gain_0_Offset_10_Eccentricity_0.00_HFR_px_FWHM_0.00_Temp_25.80_Frame_0086.xisf,1,,
FLAT,2025-06-12T16:16:38.977,2025-06-12T17:16:38.977,2025-06-12T16:16:39.664,0.10282,0.10282,ZWO ASI6200MM Pro,ZWO ASI6200MM Pro,0,10,0.779999971389771,1,1,4.0,14.4,3.76,3.76,40,66.2,52.2483888888889,-0.12325,NP101is,540.0,5.4,,,,,,,FlatWizard,,,0.0,FocusLynx Focuser 1,12315,12315,1.325,25.8,25.8,,,,,Starlight Xpress Filter Wheels,Lum,,,,,,,2000.0,N.I.N.A. 3.1.2.9001 (x64),FlatWizard_Date_2025-06-12_Time_17-16-38_Type_FLAT_Filter_Lum_Exposure_0.10s_Gain_0_Offset_10_Eccentricity_0.00_HFR_px_FWHM_0.00_Temp_25.80_Frame_0088.xisf,1,,
FLAT,2025-06-12T16:16:47.902,2025-06-12T17:16:47.902,2025-06-12T16:16:48.642,0.10282,0.10282,ZWO ASI6200MM Pro,ZWO ASI6200MM Pro,0,10,0.779999971389771,1,1,3.0,14.2,3.76,3.76,40,66.2,52.2483888888889,-0.12325,NP101is,540.0,5.4,,,,,,,FlatWizard,,,0.0,FocusLynx Focuser 1,12315,12315,1.325,25.8,25.8,,,,,Starlight Xpress Filter Wheels,Lum,,,,,,,2000.0,N.I.N.A. 3.1.2.9001 (x64),FlatWizard_Date_2025-06-12_Time_17-16-47_Type_FLAT_Filter_Lum_Exposure_0.10s_Gain_0_Offset_10_Eccentricity_0.00_HFR_px_FWHM_0.00_Temp_25.80_Frame_0094.xisf,1,,
FLAT,2025-06-12T16:16:17.738,2025-06-12T17:16:17.738,2025-06-12T16:16:18.439,0.10282,0.10282,ZWO ASI6200MM Pro,ZWO ASI6200MM Pro,0,10,0.779999971389771,1,1,4.0,14.8,3.76,3.76,40,66.2,52.2483888888889,-0.12325,NP101is,540.0,5.4,,,,,,,FlatWizard,,,0.0,FocusLynx Focuser 1,12315,12315,1.325,25.8,25.8,,,,,Starlight Xpress Filter Wheels,Lum,,,,,,,2000.0,N.I.N.A. 3.1.2.9001 (x64),FlatWizard_Date_2025-06-12_Time_17-16-17_Type_FLAT_Filter_Lum_Exposure_0.10s_Gain_0_Offset_10_Eccentricity_0.00_HFR_px_FWHM_0.00_Temp_25.80_Frame_0074.xisf,1,,
FLAT,2025-06-12T16:27:05.965,2025-06-12T17:27:05.965,2025-06-12T16:27:06.660,0.31937,0.31937,ZWO ASI6200MM Pro,ZWO ASI6200MM Pro,0,10,0.779999971389771,1,1,5.0,7.6,3.76,3.76,40,66.2,52.2483888888889,-0.12325,NP101is,540.0,5.4,,,,,,,FlatWizard,,,0.0,FocusLynx Focuser 1,12315,12315,1.325,26.5,26.5,,,,,Starlight Xpress Filter Wheels,Red,,,,,,,2000.0,N.I.N.A. 3.1.2.9001 (x64),FlatWizard_Date_2025-06-12_Time_17-27-05_Type_FLAT_Filter_Red_Exposure_0.32s_Gain_0_Offset_10_Eccentricity_0.00_HFR_px_FWHM_0.00_Temp_26.50_Frame_0004.xisf,1,,
FLAT,2025-06-12T16:16:54.106,2025-06-12T17:16:54.106,2025-06-12T16:16:54.804,0.10282,0.10282,ZWO ASI6200MM Pro,ZWO ASI6200MM Pro,0,10,0.779999971389771,1,1,3.0,14.1,3.76,3.76,40,66.2,52.2483888888889,-0.12325,NP101is,540.0,5.4,,,,,,,FlatWizard,,,0.0,FocusLynx Focuser 1,12315,12315,1.325,25.8,25.8,,,,,Starlight Xpress Filter Wheels,Lum,,,,,,,2000.0,N.I.N.A. 3.1.2.9001 (x64),FlatWizard_Date_2025-06-12_Time_17-16-54_Type_FLAT_Filter_Lum_Exposure_0.10s_Gain_0_Offset_10_Eccentricity_0.00_HFR_px_FWHM_0.00_Temp_25.80_Frame_0098.xisf,1,,
FLAT,2025-06-12T16:16:19.276,2025-06-12T17:16:19.276,2025-06-12T16:16:19.983,0.10282,0.10282,ZWO ASI6200MM Pro,ZWO ASI6200MM Pro,0,10,0.779999971389771,1,1,4.0,14.7,3.76,3.76,40,66.2,52.2483888888889,-0.12325,NP101is,540.0,5.4,,,,,,,FlatWizard,,,0.0,FocusLynx Focuser 1,12315,12315,1.325,25.8,25.8,,,,,Starlight Xpress Filter Wheels,Lum,,,,,,,2000.0,N.I.N.A. 3.1.2.9001 (x64),FlatWizard_Date_2025-06-12_Time_17-16-19_Type_FLAT_Filter_Lum_Exposure_0.10s_Gain_0_Offset_10_Eccentricity_0.00_HFR_px_FWHM_0.00_Temp_25.80_Frame_0075.xisf,1,,
FLAT,2025-06-12T16:16:41.975,2025-06-12T17:16:41.975,2025-06-12T16:16:42.692,0.10282,0.10282,ZWO ASI6200MM Pro,ZWO ASI6200MM Pro,0,10,0.779999971389771,1,1,4.0,14.3,3.76,3.76,40,66.2,52.2483888888889,-0.12325,NP101is,540.0,5.4,,,,,,,FlatWizard,,,0.0,FocusLynx Focuser 1,12315,12315,1.325,25.8,25.8,,,,,Starlight Xpress Filter Wheels,Lum,,,,,,,2000.0,N.I.N.A. 3.1.2.9001 (x64),FlatWizard_Date_2025-06-12_Time_17-16-41_Type_FLAT_Filter_Lum_Exposure_0.10s_Gain_0_Offset_10_Eccentricity_0.00_HFR_px_FWHM_0.00_Temp_25.80_Frame_0090.xisf,1,,
FLAT,2025-06-12T16:16:34.460,2025-06-12T17:16:34.460,2025-06-12T16:16:35.159,0.10282,0.10282,ZWO ASI6200MM Pro,ZWO ASI6200MM Pro,0,10,0.779999971389771,1,1,4.0,14.5,3.76,3.76,40,66.2,52.2483888888889,-0.12325,NP101is,540.0,5.4,,,,,,,FlatWizard,,,0.0,FocusLynx Focuser 1,12315,12315,1.325,25.8,25.8,,,,,Starlight Xpress Filter Wheels,Lum,,,,,,,2000.0,N.I.N.A. 3.1.2.9001 (x64),FlatWizard_Date_2025-06-12_Time_17-16-34_Type_FLAT_Filter_Lum_Exposure_0.10s_Gain_0_Offset_10_Eccentricity_0.00_HFR_px_FWHM_0.00_Temp_25.80_Frame_0085.xisf,1,,
FLAT,2025-06-12T16:16:55.574,2025-06-12T17:16:55.574,2025-06-12T16:16:56.280,0.10282,0.10282,ZWO ASI6200MM Pro,ZWO ASI6200MM Pro,0,10,0.779999971389771,1,1,3.0,14.0,3.76,3.76,40,66.2,52.2483888888889,-0.12325,NP101is,540.0,5.4,,,,,,,FlatWizard,,,0.0,FocusLynx Focuser 1,12315,12315,1.325,25.8,25.8,,,,,Starlight Xpress Filter Wheels,Lum,,,,,,,2000.0,N.I.N.A. 3.1.2.9001 (x64),FlatWizard_Date_2025-06-12_Time_17-16-55_Type_FLAT_Filter_Lum_Exposure_0.10s_Gain_0_Offset_10_Eccentricity_0.00_HFR_px_FWHM_0.00_Temp_25.80_Frame_0099.xisf,1,,
FLAT,2025-06-12T16:16:52.551,2025-06-12T17:16:52.551,2025-06-12T16:16:53.295,0.10282,0.10282,ZWO ASI6200MM Pro,ZWO ASI6200MM Pro,0,10,0.779999971389771,1,1,3.0,14.1,3.76,3.76,40,66.2,52.2483888888889,-0.12325,NP101is,540.0,5.4,,,,,,,FlatWizard,,,0.0,FocusLynx Focuser 1,12315,12315,1.325,25.8,25.8,,,,,Starlight Xpress Filter Wheels,Lum,,,,,,,2000.0,N.I.N.A. 3.1.2.9001 (x64),FlatWizard_Date_2025-06-12_Time_17-16-52_Type_FLAT_Filter_Lum_Exposure_0.10s_Gain_0_Offset_10_Eccentricity_0.00_HFR_px_FWHM_0.00_Temp_25.80_Frame_0097.xisf,1,,
FLAT,2025-06-12T16:16:25.234,2025-06-12T17:16:25.234,2025-06-12T16:16:25.936,0.10282,0.10282,ZWO ASI6200MM Pro,ZWO ASI6200MM Pro,0,10,0.779999971389771,1,1,4.0,14.6,3.76,3.76,40,66.2,52.2483888888889,-0.12325,NP101is,540.0,5.4,,,,,,,FlatWizard,,,0.0,FocusLynx Focuser 1,12315,12315,1.325,25.8,25.8,,,,,Starlight Xpress Filter Wheels,Lum,,,,,,,2000.0,N.I.N.A. 3.1.2.9001 (x64),FlatWizard_Date_2025-06-12_Time_17-16-25_Type_FLAT_Filter_Lum_Exposure_0.10s_Gain_0_Offset_10_Eccentricity_0.00_HFR_px_FWHM_0.00_Temp_25.80_Frame_0079.xisf,1,,
FLAT,2025-06-12T16:16:22.234,2025-06-12T17:16:22.234,2025-06-12T16:16:22.938,0.10282,0.10282,ZWO ASI6200MM Pro,ZWO ASI6200MM Pro,0,10,0.779999971389771,1,1,4.0,14.7,3.76,3.76,40,66.2,52.2483888888889,-0.12325,NP101is,540.0,5.4,,,,,,,FlatWizard,,,0.0,FocusLynx Focuser 1,12315,12315,1.325,25.8,25.8,,,,,Starlight Xpress Filter Wheels,Lum,,,,,,,2000.0,N.I.N.A. 3.1.2.9001 (x64),FlatWizard_Date_2025-06-12_Time_17-16-22_Type_FLAT_Filter_Lum_Exposure_0.10s_Gain_0_Offset_10_Eccentricity_0.00_HFR_px_FWHM_0.00_Temp_25.80_Frame_0077.xisf,1,,
FLAT,2025-06-12T16:26:58.740,2025-06-12T17:26:58.740,2025-06-12T16:26:59.463,0.31937,0.31937,ZWO ASI6200MM Pro,ZWO ASI6200MM Pro,0,10,0.779999971389771,1,1,5.0,7.7,3.76,3.76,40,66.2,52.2483888888889,-0.12325,NP101is,540.0,5.4,,,,,,,FlatWizard,,,0.0,FocusLynx Focuser 1,12315,12315,1.325,26.5,26.5,,,,,Starlight Xpress Filter Wheels,Red,,,,,,,2000.0,N.I.N.A. 3.1.2.9001 (x64),FlatWizard_Date_2025-06-12_Time_17-26-58_Type_FLAT_Filter_Red_Exposure_0.32s_Gain_0_Offset_10_Eccentricity_0.00_HFR_px_FWHM_0.00_Temp_26.50_Frame_0000.xisf,1,,
FLAT,2025-06-12T16:16:40.428,2025-06-12T17:16:40.428,2025-06-12T16:16:41.157,0.10282,0.10282,ZWO ASI6200MM Pro,ZWO ASI6200MM Pro,0,10,0.779999971389771,1,1,4.0,14.4,3.76,3.76,40,66.2,52.2483888888889,-0.12325,NP101is,540.0,5.4,,,,,,,FlatWizard,,,0.0,FocusLynx Focuser 1,12315,12315,1.325,25.8,25.8,,,,,Starlight Xpress Filter Wheels,Lum,,,,,,,2000.0,N.I.N.A. 3.1.2.9001 (x64),FlatWizard_Date_2025-06-12_Time_17-16-40_Type_FLAT_Filter_Lum_Exposure_0.10s_Gain_0_Offset_10_Eccentricity_0.00_HFR_px_FWHM_0.00_Temp_25.80_Frame_0089.xisf,1,,
FLAT,2025-06-12T16:16:46.437,2025-06-12T17:16:46.437,2025-06-12T16:16:47.136,0.10282,0.10282,ZWO ASI6200MM Pro,ZWO ASI6200MM Pro,0,10,0.779999971389771,1,1,3.0,14.3,3.76,3.76,40,66.2,52.2483888888889,-0.12325,NP101is,540.0,5.4,,,,,,,FlatWizard,,,0.0,FocusLynx Focuser 1,12315,12315,1.325,25.8,25.8,,,,,Starlight Xpress Filter Wheels,Lum,,,,,,,2000.0,N.I.N.A. 3.1.2.9001 (x64),FlatWizard_Date_2025-06-12_Time_17-16-46_Type_FLAT_Filter_Lum_Exposure_0.10s_Gain_0_Offset_10_Eccentricity_0.00_HFR_px_FWHM_0.00_Temp_25.80_Frame_0093.xisf,1,,
FLAT,2025-06-12T16:16:49.462,2025-06-12T17:16:49.462,2025-06-12T16:16:50.153,0.10282,0.10282,ZWO ASI6200MM Pro,ZWO ASI6200MM Pro,0,10,0.779999971389771,1,1,3.0,14.2,3.76,3.76,40,66.2,52.2483888888889,-0.12325,NP101is,540.0,5.4,,,,,,,FlatWizard,,,0.0,FocusLynx Focuser 1,12315,12315,1.325,25.8,25.8,,,,,Starlight Xpress Filter Wheels,Lum,,,,,,,2000.0,N.I.N.A. 3.1.2.9001 (x64),FlatWizard_Date_2025-06-12_Time_17-16-49_Type_FLAT_Filter_Lum_Exposure_0.10s_Gain_0_Offset_10_Eccentricity_0.00_HFR_px_FWHM_0.00_Temp_25.80_Frame_0095.xisf,1,,
FLAT,2025-06-12T16:27:02.904,2025-06-12T17:27:02.904,2025-06-12T16:27:03.637,0.31937,0.31937,ZWO ASI6200MM Pro,ZWO ASI6200MM Pro,0,10,0.779999971389771,1,1,5.0,7.6,3.76,3.76,40,66.2,52.2483888888889,-0.12325,NP101is,540.0,5.4,,,,,,,FlatWizard,,,0.0,FocusLynx Focuser 1,12315,12315,1.325,26.5,26.5,,,,,Starlight Xpress Filter Wheels,Red,,,,,,,2000.0,N.I.N.A. 3.1.2.9001 (x64),FlatWizard_Date_2025-06-12_Time_17-27-02_Type_FLAT_Filter_Red_Exposure_0.32s_Gain_0_Offset_10_Eccentricity_0.00_HFR_px_FWHM_0.00_Temp_26.50_Frame_0002.xisf,1,,
FLAT,2025-06-12T16:27:01.385,2025-06-12T17:27:01.385,2025-06-12T16:27:02.115,0.31937,0.31937,ZWO ASI6200MM Pro,ZWO ASI6200MM Pro,0,10,0.779999971389771,1,1,5.0,7.6,3.76,3.76,40,66.2,52.2483888888889,-0.12325,NP101is,540.0,5.4,,,,,,,FlatWizard,,,0.0,FocusLynx Focuser 1,12315,12315,1.325,26.5,26.5,,,,,Starlight Xpress Filter Wheels,Red,,,,,,,2000.0,N.I.N.A. 3.1.2.9001 (x64),FlatWizard_Date_2025-06-12_Time_17-27-01_Type_FLAT_Filter_Red_Exposure_0.32s_Gain_0_Offset_10_Eccentricity_0.00_HFR_px_FWHM_0.00_Temp_26.50_Frame_0001.xisf,1,,
FLAT,2025-06-12T16:27:12.046,2025-06-12T17:27:12.046,2025-06-12T16:27:12.790,0.31937,0.31937,ZWO ASI6200MM Pro,ZWO ASI6200MM Pro,0,10,0.779999971389771,1,1,5.0,7.7,3.76,3.76,40,66.2,52.2483888888889,-0.12325,NP101is,540.0,5.4,,,,,,,FlatWizard,,,0.0,FocusLynx Focuser 1,12315,12315,1.325,26.6,26.6,,,,,Starlight Xpress Filter Wheels,Red,,,,,,,2000.0,N.I.N.A. 3.1.2.9001 (x64),FlatWizard_Date_2025-06-12_Time_17-27-12_Type_FLAT_Filter_Red_Exposure_0.32s_Gain_0_Offset_10_Eccentricity_0.00_HFR_px_FWHM_0.00_Temp_26.60_Frame_0008.xisf,1,,
FLAT,2025-06-12T16:27:08.973,2025-06-12T17:27:08.973,2025-06-12T16:27:09.686,0.31937,0.31937,ZWO ASI6200MM Pro,ZWO ASI6200MM Pro,0,10,0.779999971389771,1,1,5.0,7.7,3.76,3.76,40,66.2,52.2483888888889,-0.12325,NP101is,540.0,5.4,,,,,,,FlatWizard,,,0.0,FocusLynx Focuser 1,12315,12315,1.325,26.5,26.5,,,,,Starlight Xpress Filter Wheels,Red,,,,,,,2000.0,N.I.N.A. 3.1.2.9001 (x64),FlatWizard_Date_2025-06-12_Time_17-27-08_Type_FLAT_Filter_Red_Exposure_0.32s_Gain_0_Offset_10_Eccentricity_0.00_HFR_px_FWHM_0.00_Temp_26.50_Frame_0006.xisf,1,,
FLAT,2025-06-12T16:16:32.907,2025-06-12T17:16:32.907,2025-06-12T16:16:33.629,0.10282,0.10282,ZWO ASI6200MM Pro,ZWO ASI6200MM Pro,0,10,0.779999971389771,1,1,4.0,14.6,3.76,3.76,40,66.2,52.2483888888889,-0.12325,NP101is,540.0,5.4,,,,,,,FlatWizard,,,0.0,FocusLynx Focuser 1,12315,12315,1.325,25.8,25.8,,,,,Starlight Xpress Filter Wheels,Lum,,,,,,,2000.0,N.I.N.A. 3.1.2.9001 (x64),FlatWizard_Date_2025-06-12_Time_17-16-32_Type_FLAT_Filter_Lum_Exposure_0.10s_Gain_0_Offset_10_Eccentricity_0.00_HFR_px_FWHM_0.00_Temp_25.80_Frame_0084.xisf,1,,
FLAT,2025-06-12T16:27:10.467,2025-06-12T17:27:10.467,2025-06-12T16:27:11.207,0.31937,0.31937,ZWO ASI6200MM Pro,ZWO ASI6200MM Pro,0,10,0.779999971389771,1,1,5.0,7.7,3.76,3.76,40,66.2,52.2483888888889,-0.12325,NP101is,540.0,5.4,,,,,,,FlatWizard,,,0.0,FocusLynx Focuser 1,12315,12315,1.325,26.6,26.6,,,,,Starlight Xpress Filter Wheels,Red,,,,,,,2000.0,N.I.N.A. 3.1.2.9001 (x64),FlatWizard_Date_2025-06-12_Time_17-27-10_Type_FLAT_Filter_Red_Exposure_0.32s_Gain_0_Offset_10_Eccentricity_0.00_HFR_px_FWHM_0.00_Temp_26.60_Frame_0007.xisf,1,,
FLAT,2025-06-12T16:27:07.442,2025-06-12T17:27:07.442,2025-06-12T16:27:08.151,0.31937,0.31937,ZWO ASI6200MM Pro,ZWO ASI6200MM Pro,0,10,0.779999971389771,1,1,5.0,7.6,3.76,3.76,40,66.2,52.2483888888889,-0.12325,NP101is,540.0,5.4,,,,,,,FlatWizard,,,0.0,FocusLynx Focuser 1,12315,12315,1.325,26.5,26.5,,,,,Starlight Xpress Filter Wheels,Red,,,,,,,2000.0,N.I.N.A. 3.1.2.9001 (x64),FlatWizard_Date_2025-06-12_Time_17-27-07_Type_FLAT_Filter_Red_Exposure_0.32s_Gain_0_Offset_10_Eccentricity_0.00_HFR_px_FWHM_0.00_Temp_26.50_Frame_0005.xisf,1,,
FLAT,2025-06-12T16:27:04.450,2025-06-12T17:27:04.450,2025-06-12T16:27:05.154,0.31937,0.31937,ZWO ASI6200MM Pro,ZWO ASI6200MM Pro,0,10,0.779999971389771,1,1,5.0,7.6,3.76,3.76,40,66.2,52.2483888888889,-0.12325,NP101is,540.0,5.4,,,,,,,FlatWizard,,,0.0,FocusLynx Focuser 1,12315,12315,1.325,26.5,26.5,,,,,Starlight Xpress Filter Wheels,Red,,,,,,,2000.0,N.I.N.A. 3.1.2.9001 (x64),FlatWizard_Date_2025-06-12_Time_17-27-04_Type_FLAT_Filter_Red_Exposure_0.32s_Gain_0_Offset_10_Eccentricity_0.00_HFR_px_FWHM_0.00_Temp_26.50_Frame_0003.xisf,1,,
FLAT,2025-06-12T16:27:13.632,2025-06-12T17:27:13.632,2025-06-12T16:27:14.379,0.31937,0.31937,ZWO ASI6200MM Pro,ZWO ASI6200MM Pro,0,10,0.779999971389771,1,1,5.0,7.7,3.76,3.76,40,66.2,52.2483888888889,-0.12325,NP101is,540.0,5.4,,,,,,,FlatWizard,,,0.0,FocusLynx Focuser 1,12315,12315,1.325,26.6,26.6,,,,,Starlight Xpress Filter Wheels,Red,,,,,,,2000.0,N.I.N.A. 3.1.2.9001 (x64),FlatWizard_Date_2025-06-12_Time_17-27-13_Type_FLAT_Filter_Red_Exposure_0.32s_Gain_0_Offset_10_Eccentricity_0.00_HFR_px_FWHM_0.00_Temp_26.60_Frame_0009.xisf,1,,
FLAT,2025-06-12T16:27:15.207,2025-06-12T17:27:15.207,2025-06-12T16:27:15.901,0.31937,0.31937,ZWO ASI6200MM Pro,ZWO ASI6200MM Pro,0,10,0.779999971389771,1,1,5.0,7.7,3.76,3.76,40,66.2,52.2483888888889,-0.12325,NP101is,540.0,5.4,,,,,,,FlatWizard,,,0.0,FocusLynx Focuser 1,12315,12315,1.325,26.6,26.6,,,,,Starlight Xpress Filter Wheels,Red,,,,,,,2000.0,N.I.N.A. 3.1.2.9001 (x64),FlatWizard_Date_2025-06-12_Time_17-27-15_Type_FLAT_Filter_Red_Exposure_0.32s_Gain_0_Offset_10_Eccentricity_0.00_HFR_px_FWHM_0.00_Temp_26.60_Frame_0010.xisf,1,,
FLAT,2025-06-12T16:27:18.137,2025-06-12T17:27:18.137,2025-06-12T16:27:18.830,0.31937,0.31937,ZWO ASI6200MM Pro,ZWO ASI6200MM Pro,0,10,0.779999971389771,1,1,5.0,7.7,3.76,3.76,40,66.2,52.2483888888889,-0.12325,NP101is,540.0,5.4,,,,,,,FlatWizard,,,0.0,FocusLynx Focuser 1,12315,12315,1.325,26.6,26.6,,,,,Starlight Xpress Filter Wheels,Red,,,,,,,2000.0,N.I.N.A. 3.1.2.9001 (x64),FlatWizard_Date_2025-06-12_Time_17-27-18_Type_FLAT_Filter_Red_Exposure_0.32s_Gain_0_Offset_10_Eccentricity_0.00_HFR_px_FWHM_0.00_Temp_26.60_Frame_0012.xisf,1,,
FLAT,2025-06-12T16:27:16.675,2025-06-12T17:27:16.675,2025-06-12T16:27:17.366,0.31937,0.31937,ZWO ASI6200MM Pro,ZWO ASI6200MM Pro,0,10,0.779999971389771,1,1,5.0,7.7,3.76,3.76,40,66.2,52.2483888888889,-0.12325,NP101is,540.0,5.4,,,,,,,FlatWizard,,,0.0,FocusLynx Focuser 1,12315,12315,1.325,26.6,26.6,,,,,Starlight Xpress Filter Wheels,Red,,,,,,,2000.0,N.I.N.A. 3.1.2.9001 (x64),FlatWizard_Date_2025-06-12_Time_17-27-16_Type_FLAT_Filter_Red_Exposure_0.32s_Gain_0_Offset_10_Eccentricity_0.00_HFR_px_FWHM_0.00_Temp_26.60_Frame_0011.xisf,1,,
FLAT,2025-06-12T16:27:21.050,2025-06-12T17:27:21.050,2025-06-12T16:27:21.748,0.31937,0.31937,ZWO ASI6200MM Pro,ZWO ASI6200MM Pro,0,10,0.779999971389771,1,1,5.0,7.8,3.76,3.76,40,66.2,52.2483888888889,-0.12325,NP101is,540.0,5.4,,,,,,,FlatWizard,,,0.0,FocusLynx Focuser 1,12315,12315,1.325,26.6,26.6,,,,,Starlight Xpress Filter Wheels,Red,,,,,,,2000.0,N.I.N.A. 3.1.2.9001 (x64),FlatWizard_Date_2025-06-12_Time_17-27-21_Type_FLAT_Filter_Red_Exposure_0.32s_Gain_0_Offset_10_Eccentricity_0.00_HFR_px_FWHM_0.00_Temp_26.60_Frame_0014.xisf,1,,
FLAT,2025-06-12T16:27:22.523,2025-06-12T17:27:22.523,2025-06-12T16:27:23.223,0.31937,0.31937,ZWO ASI6200MM Pro,ZWO ASI6200MM Pro,0,10,0.779999971389771,1,1,5.0,7.8,3.76,3.76,40,66.2,52.2483888888889,-0.12325,NP101is,540.0,5.4,,,,,,,FlatWizard,,,0.0,FocusLynx Focuser 1,12315,12315,1.325,26.6,26.6,,,,,Starlight Xpress Filter Wheels,Red,,,,,,,2000.0,N.I.N.A. 3.1.2.9001 (x64),FlatWizard_Date_2025-06-12_Time_17-27-22_Type_FLAT_Filter_Red_Exposure_0.32s_Gain_0_Offset_10_Eccentricity_0.00_HFR_px_FWHM_0.00_Temp_26.60_Frame_0015.xisf,1,,
FLAT,2025-06-12T16:27:25.537,2025-06-12T17:27:25.537,2025-06-12T16:27:26.263,0.31937,0.31937,ZWO ASI6200MM Pro,ZWO ASI6200MM Pro,0,10,0.779999971389771,1,1,5.0,7.8,3.76,3.76,40,66.2,52.2483888888889,-0.12325,NP101is,540.0,5.4,,,,,,,FlatWizard,,,0.0,FocusLynx Focuser 1,12315,12315,1.325,26.6,26.6,,,,,Starlight Xpress Filter Wheels,Red,,,,,,,2000.0,N.I.N.A. 3.1.2.9001 (x64),FlatWizard_Date_2025-06-12_Time_17-27-25_Type_FLAT_Filter_Red_Exposure_0.32s_Gain_0_Offset_10_Eccentricity_0.00_HFR_px_FWHM_0.00_Temp_26.60_Frame_0017.xisf,1,,
FLAT,2025-06-12T16:27:19.587,2025-06-12T17:27:19.587,2025-06-12T16:27:20.288,0.31937,0.31937,ZWO ASI6200MM Pro,ZWO ASI6200MM Pro,0,10,0.779999971389771,1,1,5.0,7.8,3.76,3.76,40,66.2,52.2483888888889,-0.12325,NP101is,540.0,5.4,,,,,,,FlatWizard,,,0.0,FocusLynx Focuser 1,12315,12315,1.325,26.6,26.6,,,,,Starlight Xpress Filter Wheels,Red,,,,,,,2000.0,N.I.N.A. 3.1.2.9001 (x64),FlatWizard_Date_2025-06-12_Time_17-27-19_Type_FLAT_Filter_Red_Exposure_0.32s_Gain_0_Offset_10_Eccentricity_0.00_HFR_px_FWHM_0.00_Temp_26.60_Frame_0013.xisf,1,,
FLAT,2025-06-12T16:27:24.029,2025-06-12T17:27:24.029,2025-06-12T16:27:24.750,0.31937,0.31937,ZWO ASI6200MM Pro,ZWO ASI6200MM Pro,0,10,0.779999971389771,1,1,5.0,7.8,3.76,3.76,40,66.2,52.2483888888889,-0.12325,NP101is,540.0,5.4,,,,,,,FlatWizard,,,0.0,FocusLynx Focuser 1,12315,12315,1.325,26.6,26.6,,,,,Starlight Xpress Filter Wheels,Red,,,,,,,2000.0,N.I.N.A. 3.1.2.9001 (x64),FlatWizard_Date_2025-06-12_Time_17-27-24_Type_FLAT_Filter_Red_Exposure_0.32s_Gain_0_Offset_10_Eccentricity_0.00_HFR_px_FWHM_0.00_Temp_26.60_Frame_0016.xisf,1,,
FLAT,2025-06-12T16:27:27.091,2025-06-12T17:27:27.091,2025-06-12T16:27:27.825,0.31937,0.31937,ZWO ASI6200MM Pro,ZWO ASI6200MM Pro,0,10,0.779999971389771,1,1,5.0,7.8,3.76,3.76,40,66.2,52.2483888888889,-0.12325,NP101is,540.0,5.4,,,,,,,FlatWizard,,,0.0,FocusLynx Focuser 1,12315,12315,1.325,26.6,26.6,,,,,Starlight Xpress Filter Wheels,Red,,,,,,,2000.0,N.I.N.A. 3.1.2.9001 (x64),FlatWizard_Date_2025-06-12_Time_17-27-27_Type_FLAT_Filter_Red_Exposure_0.32s_Gain_0_Offset_10_Eccentricity_0.00_HFR_px_FWHM_0.00_Temp_26.60_Frame_0018.xisf,1,,
FLAT,2025-06-12T16:27:33.138,2025-06-12T17:27:33.138,2025-06-12T16:27:33.857,0.31937,0.31937,ZWO ASI6200MM Pro,ZWO ASI6200MM Pro,0,10,0.779999971389771,1,1,5.0,7.8,3.76,3.76,40,66.2,52.2483888888889,-0.12325,NP101is,540.0,5.4,,,,,,,FlatWizard,,,0.0,FocusLynx Focuser 1,12315,12315,1.325,26.6,26.6,,,,,Starlight Xpress Filter Wheels,Red,,,,,,,2000.0,N.I.N.A. 3.1.2.9001 (x64),FlatWizard_Date_2025-06-12_Time_17-27-33_Type_FLAT_Filter_Red_Exposure_0.32s_Gain_0_Offset_10_Eccentricity_0.00_HFR_px_FWHM_0.00_Temp_26.60_Frame_0022.xisf,1,,
FLAT,2025-06-12T16:27:31.687,2025-06-12T17:27:31.687,2025-06-12T16:27:32.381,0.31937,0.31937,ZWO ASI6200MM Pro,ZWO ASI6200MM Pro,0,10,0.779999971389771,1,1,5.0,7.8,3.76,3.76,40,66.2,52.2483888888889,-0.12325,NP101is,540.0,5.4,,,,,,,FlatWizard,,,0.0,FocusLynx Focuser 1,12315,12315,1.325,26.6,26.6,,,,,Starlight Xpress Filter Wheels,Red,,,,,,,2000.0,N.I.N.A. 3.1.2.9001 (x64),FlatWizard_Date_2025-06-12_Time_17-27-31_Type_FLAT_Filter_Red_Exposure_0.32s_Gain_0_Offset_10_Eccentricity_0.00_HFR_px_FWHM_0.00_Temp_26.60_Frame_0021.xisf,1,,
FLAT,2025-06-12T16:27:28.626,2025-06-12T17:27:28.626,2025-06-12T16:27:29.349,0.31937,0.31937,ZWO ASI6200MM Pro,ZWO ASI6200MM Pro,0,10,0.779999971389771,1,1,5.0,7.8,3.76,3.76,40,66.2,52.2483888888889,-0.12325,NP101is,540.0,5.4,,,,,,,FlatWizard,,,0.0,FocusLynx Focuser 1,12315,12315,1.325,26.6,26.6,,,,,Starlight Xpress Filter Wheels,Red,,,,,,,2000.0,N.I.N.A. 3.1.2.9001 (x64),FlatWizard_Date_2025-06-12_Time_17-27-28_Type_FLAT_Filter_Red_Exposure_0.32s_Gain_0_Offset_10_Eccentricity_0.00_HFR_px_FWHM_0.00_Temp_26.60_Frame_0019.xisf,1,,
FLAT,2025-06-12T16:27:34.679,2025-06-12T17:27:34.679,2025-06-12T16:27:35.404,0.31937,0.31937,ZWO ASI6200MM Pro,ZWO ASI6200MM Pro,0,10,0.779999971389771,1,1,5.0,7.7,3.76,3.76,40,66.2,52.2483888888889,-0.12325,NP101is,540.0,5.4,,,,,,,FlatWizard,,,0.0,FocusLynx Focuser 1,12315,12315,1.325,26.6,26.6,,,,,Starlight Xpress Filter Wheels,Red,,,,,,,2000.0,N.I.N.A. 3.1.2.9001 (x64),FlatWizard_Date_2025-06-12_Time_17-27-34_Type_FLAT_Filter_Red_Exposure_0.32s_Gain_0_Offset_10_Eccentricity_0.00_HFR_px_FWHM_0.00_Temp_26.60_Frame_0023.xisf,1,,
FLAT,2025-06-12T16:27:39.100,2025-06-12T17:27:39.100,2025-06-12T16:27:39.846,0.31937,0.31937,ZWO ASI6200MM Pro,ZWO ASI6200MM Pro,0,10,0.779999971389771,1,1,5.0,7.7,3.76,3.76,40,66.2,52.2483888888889,-0.12325,NP101is,540.0,5.4,,,,,,,FlatWizard,,,0.0,FocusLynx Focuser 1,12315,12315,1.325,26.6,26.6,,,,,Starlight Xpress Filter Wheels,Red,,,,,,,2000.0,N.I.N.A. 3.1.2.9001 (x64),FlatWizard_Date_2025-06-12_Time_17-27-39_Type_FLAT_Filter_Red_Exposure_0.32s_Gain_0_Offset_10_Eccentricity_0.00_HFR_px_FWHM_0.00_Temp_26.60_Frame_0026.xisf,1,,
FLAT,2025-06-12T16:27:36.199,2025-06-12T17:27:36.199,2025-06-12T16:27:36.891,0.31937,0.31937,ZWO ASI6200MM Pro,ZWO ASI6200MM Pro,0,10,0.779999971389771,1,1,5.0,7.7,3.76,3.76,40,66.2,52.2483888888889,-0.12325,NP101is,540.0,5.4,,,,,,,FlatWizard,,,0.0,FocusLynx Focuser 1,12315,12315,1.325,26.6,26.6,,,,,Starlight Xpress Filter Wheels,Red,,,,,,,2000.0,N.I.N.A. 3.1.2.9001 (x64),FlatWizard_Date_2025-06-12_Time_17-27-36_Type_FLAT_Filter_Red_Exposure_0.32s_Gain_0_Offset_10_Eccentricity_0.00_HFR_px_FWHM_0.00_Temp_26.60_Frame_0024.xisf,1,,
FLAT,2025-06-12T16:27:40.660,2025-06-12T17:27:40.660,2025-06-12T16:27:41.358,0.31937,0.31937,ZWO ASI6200MM Pro,ZWO ASI6200MM Pro,0,10,0.779999971389771,1,1,5.0,7.7,3.76,3.76,40,66.2,52.2483888888889,-0.12325,NP101is,540.0,5.4,,,,,,,FlatWizard,,,0.0,FocusLynx Focuser 1,12315,12315,1.325,26.6,26.6,,,,,Starlight Xpress Filter Wheels,Red,,,,,,,2000.0,N.I.N.A. 3.1.2.9001 (x64),FlatWizard_Date_2025-06-12_Time_17-27-40_Type_FLAT_Filter_Red_Exposure_0.32s_Gain_0_Offset_10_Eccentricity_0.00_HFR_px_FWHM_0.00_Temp_26.60_Frame_0027.xisf,1,,
FLAT,2025-06-12T16:27:30.156,2025-06-12T17:27:30.156,2025-06-12T16:27:30.886,0.31937,0.31937,ZWO ASI6200MM Pro,ZWO ASI6200MM Pro,0,10,0.779999971389771,1,1,5.0,7.8,3.76,3.76,40,66.2,52.2483888888889,-0.12325,NP101is,540.0,5.4,,,,,,,FlatWizard,,,0.0,FocusLynx Focuser 1,12315,12315,1.325,26.6,26.6,,,,,Starlight Xpress Filter Wheels,Red,,,,,,,2000.0,N.I.N.A. 3.1.2.9001 (x64),FlatWizard_Date_2025-06-12_Time_17-27-30_Type_FLAT_Filter_Red_Exposure_0.32s_Gain_0_Offset_10_Eccentricity_0.00_HFR_px_FWHM_0.00_Temp_26.60_Frame_0020.xisf,1,,
FLAT,2025-06-12T16:27:37.650,2025-06-12T17:27:37.650,2025-06-12T16:27:38.345,0.31937,0.31937,ZWO ASI6200MM Pro,ZWO ASI6200MM Pro,0,10,0.779999971389771,1,1,5.0,7.7,3.76,3.76,40,66.2,52.2483888888889,-0.12325,NP101is,540.0,5.4,,,,,,,FlatWizard,,,0.0,FocusLynx Focuser 1,12315,12315,1.325,26.6,26.6,,,,,Starlight Xpress Filter Wheels,Red,,,,,,,2000.0,N.I.N.A. 3.1.2.9001 (x64),FlatWizard_Date_2025-06-12_Time_17-27-37_Type_FLAT_Filter_Red_Exposure_0.32s_Gain_0_Offset_10_Eccentricity_0.00_HFR_px_FWHM_0.00_Temp_26.60_Frame_0025.xisf,1,,
FLAT,2025-06-12T16:27:43.647,2025-06-12T17:27:43.647,2025-06-12T16:27:44.363,0.31937,0.31937,ZWO ASI6200MM Pro,ZWO ASI6200MM Pro,0,10,0.779999971389771,1,1,5.0,7.7,3.76,3.76,40,66.2,52.2483888888889,-0.12325,NP101is,540.0,5.4,,,,,,,FlatWizard,,,0.0,FocusLynx Focuser 1,12315,12315,1.325,26.6,26.6,,,,,Starlight Xpress Filter Wheels,Red,,,,,,,2000.0,N.I.N.A. 3.1.2.9001 (x64),FlatWizard_Date_2025-06-12_Time_17-27-43_Type_FLAT_Filter_Red_Exposure_0.32s_Gain_0_Offset_10_Eccentricity_0.00_HFR_px_FWHM_0.00_Temp_26.60_Frame_0029.xisf,1,,
FLAT,2025-06-12T16:27:42.136,2025-06-12T17:27:42.136,2025-06-12T16:27:42.853,0.31937,0.31937,ZWO ASI6200MM Pro,ZWO ASI6200MM Pro,0,10,0.779999971389771,1,1,5.0,7.7,3.76,3.76,40,66.2,52.2483888888889,-0.12325,NP101is,540.0,5.4,,,,,,,FlatWizard,,,0.0,FocusLynx Focuser 1,12315,12315,1.325,26.6,26.6,,,,,Starlight Xpress Filter Wheels,Red,,,,,,,2000.0,N.I.N.A. 3.1.2.9001 (x64),FlatWizard_Date_2025-06-12_Time_17-27-42_Type_FLAT_Filter_Red_Exposure_0.32s_Gain_0_Offset_10_Eccentricity_0.00_HFR_px_FWHM_0.00_Temp_26.60_Frame_0028.xisf,1,,
FLAT,2025-06-12T16:27:45.193,2025-06-12T17:27:45.193,2025-06-12T16:27:45.921,0.31937,0.31937,ZWO ASI6200MM Pro,ZWO ASI6200MM Pro,0,10,0.779999971389771,1,1,5.0,7.7,3.76,3.76,40,66.2,52.2483888888889,-0.12325,NP101is,540.0,5.4,,,,,,,FlatWizard,,,0.0,FocusLynx Focuser 1,12315,12315,1.325,26.6,26.6,,,,,Starlight Xpress Filter Wheels,Red,,,,,,,2000.0,N.I.N.A. 3.1.2.9001 (x64),FlatWizard_Date_2025-06-12_Time_17-27-45_Type_FLAT_Filter_Red_Exposure_0.32s_Gain_0_Offset_10_Eccentricity_0.00_HFR_px_FWHM_0.00_Temp_26.60_Frame_0030.xisf,1,,
FLAT,2025-06-12T16:27:46.711,2025-06-12T17:27:46.711,2025-06-12T16:27:47.444,0.31937,0.31937,ZWO ASI6200MM Pro,ZWO ASI6200MM Pro,0,10,0.779999971389771,1,1,5.0,7.7,3.76,3.76,40,66.2,52.2483888888889,-0.12325,NP101is,540.0,5.4,,,,,,,FlatWizard,,,0.0,FocusLynx Focuser 1,12315,12315,1.325,26.6,26.6,,,,,Starlight Xpress Filter Wheels,Red,,,,,,,2000.0,N.I.N.A. 3.1.2.9001 (x64),FlatWizard_Date_2025-06-12_Time_17-27-46_Type_FLAT_Filter_Red_Exposure_0.32s_Gain_0_Offset_10_Eccentricity_0.00_HFR_px_FWHM_0.00_Temp_26.60_Frame_0031.xisf,1,,
FLAT,2025-06-12T16:28:12.378,2025-06-12T17:28:12.378,2025-06-12T16:28:13.102,0.31937,0.31937,ZWO ASI6200MM Pro,ZWO ASI6200MM Pro,0,10,0.779999971389771,1,1,5.0,7.5,3.76,3.76,40,66.2,52.2483888888889,-0.12325,NP101is,540.0,5.4,,,,,,,FlatWizard,,,0.0,FocusLynx Focuser 1,12315,12315,1.325,26.6,26.6,,,,,Starlight Xpress Filter Wheels,Red,,,,,,,2000.0,N.I.N.A. 3.1.2.9001 (x64),FlatWizard_Date_2025-06-12_Time_17-28-12_Type_FLAT_Filter_Red_Exposure_0.32s_Gain_0_Offset_10_Eccentricity_0.00_HFR_px_FWHM_0.00_Temp_26.60_Frame_0048.xisf,1,,
FLAT,2025-06-12T16:27:49.819,2025-06-12T17:27:49.819,2025-06-12T16:27:50.524,0.31937,0.31937,ZWO ASI6200MM Pro,ZWO ASI6200MM Pro,0,10,0.779999971389771,1,1,5.0,7.6,3.76,3.76,40,66.2,52.2483888888889,-0.12325,NP101is,540.0,5.4,,,,,,,FlatWizard,,,0.0,FocusLynx Focuser 1,12315,12315,1.325,26.6,26.6,,,,,Starlight Xpress Filter Wheels,Red,,,,,,,2000.0,N.I.N.A. 3.1.2.9001 (x64),FlatWizard_Date_2025-06-12_Time_17-27-49_Type_FLAT_Filter_Red_Exposure_0.32s_Gain_0_Offset_10_Eccentricity_0.00_HFR_px_FWHM_0.00_Temp_26.60_Frame_0033.xisf,1,,
FLAT,2025-06-12T16:27:52.796,2025-06-12T17:27:52.796,2025-06-12T16:27:53.517,0.31937,0.31937,ZWO ASI6200MM Pro,ZWO ASI6200MM Pro,0,10,0.779999971389771,1,1,5.0,7.6,3.76,3.76,40,66.2,52.2483888888889,-0.12325,NP101is,540.0,5.4,,,,,,,FlatWizard,,,0.0,FocusLynx Focuser 1,12315,12315,1.325,26.6,26.6,,,,,Starlight Xpress Filter Wheels,Red,,,,,,,2000.0,N.I.N.A. 3.1.2.9001 (x64),FlatWizard_Date_2025-06-12_Time_17-27-52_Type_FLAT_Filter_Red_Exposure_0.32s_Gain_0_Offset_10_Eccentricity_0.00_HFR_px_FWHM_0.00_Temp_26.60_Frame_0035.xisf,1,,
FLAT,2025-06-12T16:27:48.241,2025-06-12T17:27:48.241,2025-06-12T16:27:48.989,0.31937,0.31937,ZWO ASI6200MM Pro,ZWO ASI6200MM Pro,0,10,0.779999971389771,1,1,5.0,7.6,3.76,3.76,40,66.2,52.2483888888889,-0.12325,NP101is,540.0,5.4,,,,,,,FlatWizard,,,0.0,FocusLynx Focuser 1,12315,12315,1.325,26.6,26.6,,,,,Starlight Xpress Filter Wheels,Red,,,,,,,2000.0,N.I.N.A. 3.1.2.9001 (x64),FlatWizard_Date_2025-06-12_Time_17-27-48_Type_FLAT_Filter_Red_Exposure_0.32s_Gain_0_Offset_10_Eccentricity_0.00_HFR_px_FWHM_0.00_Temp_26.60_Frame_0032.xisf,1,,
FLAT,2025-06-12T16:27:51.298,2025-06-12T17:27:51.298,2025-06-12T16:27:52.011,0.31937,0.31937,ZWO ASI6200MM Pro,ZWO ASI6200MM Pro,0,10,0.779999971389771,1,1,5.0,7.6,3.76,3.76,40,66.2,52.2483888888889,-0.12325,NP101is,540.0,5.4,,,,,,,FlatWizard,,,0.0,FocusLynx Focuser 1,12315,12315,1.325,26.6,26.6,,,,,Starlight Xpress Filter Wheels,Red,,,,,,,2000.0,N.I.N.A. 3.1.2.9001 (x64),FlatWizard_Date_2025-06-12_Time_17-27-51_Type_FLAT_Filter_Red_Exposure_0.32s_Gain_0_Offset_10_Eccentricity_0.00_HFR_px_FWHM_0.00_Temp_26.60_Frame_0034.xisf,1,,
FLAT,2025-06-12T16:27:54.302,2025-06-12T17:27:54.302,2025-06-12T16:27:55.016,0.31937,0.31937,ZWO ASI6200MM Pro,ZWO ASI6200MM Pro,0,10,0.779999971389771,1,1,5.0,7.6,3.76,3.76,40,66.2,52.2483888888889,-0.12325,NP101is,540.0,5.4,,,,,,,FlatWizard,,,0.0,FocusLynx Focuser 1,12315,12315,1.325,26.6,26.6,,,,,Starlight Xpress Filter Wheels,Red,,,,,,,2000.0,N.I.N.A. 3.1.2.9001 (x64),FlatWizard_Date_2025-06-12_Time_17-27-54_Type_FLAT_Filter_Red_Exposure_0.32s_Gain_0_Offset_10_Eccentricity_0.00_HFR_px_FWHM_0.00_Temp_26.60_Frame_0036.xisf,1,,
FLAT,2025-06-12T16:27:57.269,2025-06-12T17:27:57.269,2025-06-12T16:27:57.969,0.31937,0.31937,ZWO ASI6200MM Pro,ZWO ASI6200MM Pro,0,10,0.779999971389771,1,1,5.0,7.6,3.76,3.76,40,66.2,52.2483888888889,-0.12325,NP101is,540.0,5.4,,,,,,,FlatWizard,,,0.0,FocusLynx Focuser 1,12315,12315,1.325,26.6,26.6,,,,,Starlight Xpress Filter Wheels,Red,,,,,,,2000.0,N.I.N.A. 3.1.2.9001 (x64),FlatWizard_Date_2025-06-12_Time_17-27-57_Type_FLAT_Filter_Red_Exposure_0.32s_Gain_0_Offset_10_Eccentricity_0.00_HFR_px_FWHM_0.00_Temp_26.60_Frame_0038.xisf,1,,
FLAT,2025-06-12T16:28:01.761,2025-06-12T17:28:01.761,2025-06-12T16:28:02.487,0.31937,0.31937,ZWO ASI6200MM Pro,ZWO ASI6200MM Pro,0,10,0.779999971389771,1,1,5.0,7.6,3.76,3.76,40,66.2,52.2483888888889,-0.12325,NP101is,540.0,5.4,,,,,,,FlatWizard,,,0.0,FocusLynx Focuser 1,12315,12315,1.325,26.6,26.6,,,,,Starlight Xpress Filter Wheels,Red,,,,,,,2000.0,N.I.N.A. 3.1.2.9001 (x64),FlatWizard_Date_2025-06-12_Time_17-28-01_Type_FLAT_Filter_Red_Exposure_0.32s_Gain_0_Offset_10_Eccentricity_0.00_HFR_px_FWHM_0.00_Temp_26.60_Frame_0041.xisf,1,,
FLAT,2025-06-12T16:28:04.770,2025-06-12T17:28:04.770,2025-06-12T16:28:05.475,0.31937,0.31937,ZWO ASI6200MM Pro,ZWO ASI6200MM Pro,0,10,0.779999971389771,1,1,5.0,7.6,3.76,3.76,40,66.2,52.2483888888889,-0.12325,NP101is,540.0,5.4,,,,,,,FlatWizard,,,0.0,FocusLynx Focuser 1,12315,12315,1.325,26.6,26.6,,,,,Starlight Xpress Filter Wheels,Red,,,,,,,2000.0,N.I.N.A. 3.1.2.9001 (x64),FlatWizard_Date_2025-06-12_Time_17-28-04_Type_FLAT_Filter_Red_Exposure_0.32s_Gain_0_Offset_10_Eccentricity_0.00_HFR_px_FWHM_0.00_Temp_26.60_Frame_0043.xisf,1,,
FLAT,2025-06-12T16:28:00.212,2025-06-12T17:28:00.212,2025-06-12T16:28:00.946,0.31937,0.31937,ZWO ASI6200MM Pro,ZWO ASI6200MM Pro,0,10,0.779999971389771,1,1,5.0,7.6,3.76,3.76,40,66.2,52.2483888888889,-0.12325,NP101is,540.0,5.4,,,,,,,FlatWizard,,,0.0,FocusLynx Focuser 1,12315,12315,1.325,26.6,26.6,,,,,Starlight Xpress Filter Wheels,Red,,,,,,,2000.0,N.I.N.A. 3.1.2.9001 (x64),FlatWizard_Date_2025-06-12_Time_17-28-00_Type_FLAT_Filter_Red_Exposure_0.32s_Gain_0_Offset_10_Eccentricity_0.00_HFR_px_FWHM_0.00_Temp_26.60_Frame_0040.xisf,1,,
FLAT,2025-06-12T16:27:58.738,2025-06-12T17:27:58.738,2025-06-12T16:27:59.440,0.31937,0.31937,ZWO ASI6200MM Pro,ZWO ASI6200MM Pro,0,10,0.779999971389771,1,1,5.0,7.6,3.76,3.76,40,66.2,52.2483888888889,-0.12325,NP101is,540.0,5.4,,,,,,,FlatWizard,,,0.0,FocusLynx Focuser 1,12315,12315,1.325,26.6,26.6,,,,,Starlight Xpress Filter Wheels,Red,,,,,,,2000.0,N.I.N.A. 3.1.2.9001 (x64),FlatWizard_Date_2025-06-12_Time_17-27-58_Type_FLAT_Filter_Red_Exposure_0.32s_Gain_0_Offset_10_Eccentricity_0.00_HFR_px_FWHM_0.00_Temp_26.60_Frame_0039.xisf,1,,
FLAT,2025-06-12T16:28:09.424,2025-06-12T17:28:09.424,2025-06-12T16:28:10.113,0.31937,0.31937,ZWO ASI6200MM Pro,ZWO ASI6200MM Pro,0,10,0.779999971389771,1,1,5.0,7.6,3.76,3.76,40,66.2,52.2483888888889,-0.12325,NP101is,540.0,5.4,,,,,,,FlatWizard,,,0.0,FocusLynx Focuser 1,12315,12315,1.325,26.6,26.6,,,,,Starlight Xpress Filter Wheels,Red,,,,,,,2000.0,N.I.N.A. 3.1.2.9001 (x64),FlatWizard_Date_2025-06-12_Time_17-28-09_Type_FLAT_Filter_Red_Exposure_0.32s_Gain_0_Offset_10_Eccentricity_0.00_HFR_px_FWHM_0.00_Temp_26.60_Frame_0046.xisf,1,,
FLAT,2025-06-12T16:28:03.281,2025-06-12T17:28:03.281,2025-06-12T16:28:03.992,0.31937,0.31937,ZWO ASI6200MM Pro,ZWO ASI6200MM Pro,0,10,0.779999971389771,1,1,5.0,7.6,3.76,3.76,40,66.2,52.2483888888889,-0.12325,NP101is,540.0,5.4,,,,,,,FlatWizard,,,0.0,FocusLynx Focuser 1,12315,12315,1.325,26.6,26.6,,,,,Starlight Xpress Filter Wheels,Red,,,,,,,2000.0,N.I.N.A. 3.1.2.9001 (x64),FlatWizard_Date_2025-06-12_Time_17-28-03_Type_FLAT_Filter_Red_Exposure_0.32s_Gain_0_Offset_10_Eccentricity_0.00_HFR_px_FWHM_0.00_Temp_26.60_Frame_0042.xisf,1,,
FLAT,2025-06-12T16:28:10.907,2025-06-12T17:28:10.907,2025-06-12T16:28:11.610,0.31937,0.31937,ZWO ASI6200MM Pro,ZWO ASI6200MM Pro,0,10,0.779999971389771,1,1,5.0,7.5,3.76,3.76,40,66.2,52.2483888888889,-0.12325,NP101is,540.0,5.4,,,,,,,FlatWizard,,,0.0,FocusLynx Focuser 1,12315,12315,1.325,26.6,26.6,,,,,Starlight Xpress Filter Wheels,Red,,,,,,,2000.0,N.I.N.A. 3.1.2.9001 (x64),FlatWizard_Date_2025-06-12_Time_17-28-10_Type_FLAT_Filter_Red_Exposure_0.32s_Gain_0_Offset_10_Eccentricity_0.00_HFR_px_FWHM_0.00_Temp_26.60_Frame_0047.xisf,1,,
FLAT,2025-06-12T16:28:06.301,2025-06-12T17:28:06.301,2025-06-12T16:28:07.034,0.31937,0.31937,ZWO ASI6200MM Pro,ZWO ASI6200MM Pro,0,10,0.779999971389771,1,1,5.0,7.6,3.76,3.76,40,66.2,52.2483888888889,-0.12325,NP101is,540.0,5.4,,,,,,,FlatWizard,,,0.0,FocusLynx Focuser 1,12315,12315,1.325,26.6,26.6,,,,,Starlight Xpress Filter Wheels,Red,,,,,,,2000.0,N.I.N.A. 3.1.2.9001 (x64),FlatWizard_Date_2025-06-12_Time_17-28-06_Type_FLAT_Filter_Red_Exposure_0.32s_Gain_0_Offset_10_Eccentricity_0.00_HFR_px_FWHM_0.00_Temp_26.60_Frame_0044.xisf,1,,
FLAT,2025-06-12T16:28:40.869,2025-06-12T17:28:40.869,2025-06-12T16:28:41.604,0.31937,0.31937,ZWO ASI6200MM Pro,ZWO ASI6200MM Pro,0,10,0.779999971389771,1,1,5.0,7.3,3.76,3.76,40,66.2,52.2483888888889,-0.12325,NP101is,540.0,5.4,,,,,,,FlatWizard,,,0.0,FocusLynx Focuser 1,12315,12315,1.325,26.6,26.6,,,,,Starlight Xpress Filter Wheels,Red,,,,,,,2000.0,N.I.N.A. 3.1.2.9001 (x64),FlatWizard_Date_2025-06-12_Time_17-28-40_Type_FLAT_Filter_Red_Exposure_0.32s_Gain_0_Offset_10_Eccentricity_0.00_HFR_px_FWHM_0.00_Temp_26.60_Frame_0067.xisf,1,,
FLAT,2025-06-12T16:27:55.795,2025-06-12T17:27:55.795,2025-06-12T16:27:56.500,0.31937,0.31937,ZWO ASI6200MM Pro,ZWO ASI6200MM Pro,0,10,0.779999971389771,1,1,5.0,7.6,3.76,3.76,40,66.2,52.2483888888889,-0.12325,NP101is,540.0,5.4,,,,,,,FlatWizard,,,0.0,FocusLynx Focuser 1,12315,12315,1.325,26.6,26.6,,,,,Starlight Xpress Filter Wheels,Red,,,,,,,2000.0,N.I.N.A. 3.1.2.9001 (x64),FlatWizard_Date_2025-06-12_Time_17-27-55_Type_FLAT_Filter_Red_Exposure_0.32s_Gain_0_Offset_10_Eccentricity_0.00_HFR_px_FWHM_0.00_Temp_26.60_Frame_0037.xisf,1,,
FLAT,2025-06-12T16:28:18.411,2025-06-12T17:28:18.411,2025-06-12T16:28:19.097,0.31937,0.31937,ZWO ASI6200MM Pro,ZWO ASI6200MM Pro,0,10,0.779999971389771,1,1,5.0,7.5,3.76,3.76,40,66.2,52.2483888888889,-0.12325,NP101is,540.0,5.4,,,,,,,FlatWizard,,,0.0,FocusLynx Focuser 1,12315,12315,1.325,26.6,26.6,,,,,Starlight Xpress Filter Wheels,Red,,,,,,,2000.0,N.I.N.A. 3.1.2.9001 (x64),FlatWizard_Date_2025-06-12_Time_17-28-18_Type_FLAT_Filter_Red_Exposure_0.32s_Gain_0_Offset_10_Eccentricity_0.00_HFR_px_FWHM_0.00_Temp_26.60_Frame_0052.xisf,1,,
FLAT,2025-06-12T16:28:22.950,2025-06-12T17:28:22.950,2025-06-12T16:28:23.670,0.31937,0.31937,ZWO ASI6200MM Pro,ZWO ASI6200MM Pro,0,10,0.779999971389771,1,1,5.0,7.5,3.76,3.76,40,66.2,52.2483888888889,-0.12325,NP101is,540.0,5.4,,,,,,,FlatWizard,,,0.0,FocusLynx Focuser 1,12315,12315,1.325,26.6,26.6,,,,,Starlight Xpress Filter Wheels,Red,,,,,,,2000.0,N.I.N.A. 3.1.2.9001 (x64),FlatWizard_Date_2025-06-12_Time_17-28-22_Type_FLAT_Filter_Red_Exposure_0.32s_Gain_0_Offset_10_Eccentricity_0.00_HFR_px_FWHM_0.00_Temp_26.60_Frame_0055.xisf,1,,
FLAT,2025-06-12T16:28:45.426,2025-06-12T17:28:45.426,2025-06-12T16:28:46.126,0.31937,0.31937,ZWO ASI6200MM Pro,ZWO ASI6200MM Pro,0,10,0.779999971389771,1,1,5.0,7.2,3.76,3.76,40,66.2,52.2483888888889,-0.12325,NP101is,540.0,5.4,,,,,,,FlatWizard,,,0.0,FocusLynx Focuser 1,12315,12315,1.325,26.6,26.6,,,,,Starlight Xpress Filter Wheels,Red,,,,,,,2000.0,N.I.N.A. 3.1.2.9001 (x64),FlatWizard_Date_2025-06-12_Time_17-28-45_Type_FLAT_Filter_Red_Exposure_0.32s_Gain_0_Offset_10_Eccentricity_0.00_HFR_px_FWHM_0.00_Temp_26.60_Frame_0070.xisf,1,,
FLAT,2025-06-12T16:28:16.882,2025-06-12T17:28:16.882,2025-06-12T16:28:17.598,0.31937,0.31937,ZWO ASI6200MM Pro,ZWO ASI6200MM Pro,0,10,0.779999971389771,1,1,5.0,7.5,3.76,3.76,40,66.2,52.2483888888889,-0.12325,NP101is,540.0,5.4,,,,,,,FlatWizard,,,0.0,FocusLynx Focuser 1,12315,12315,1.325,26.6,26.6,,,,,Starlight Xpress Filter Wheels,Red,,,,,,,2000.0,N.I.N.A. 3.1.2.9001 (x64),FlatWizard_Date_2025-06-12_Time_17-28-16_Type_FLAT_Filter_Red_Exposure_0.32s_Gain_0_Offset_10_Eccentricity_0.00_HFR_px_FWHM_0.00_Temp_26.60_Frame_0051.xisf,1,,
FLAT,2025-06-12T16:28:42.437,2025-06-12T17:28:42.437,2025-06-12T16:28:43.133,0.31937,0.31937,ZWO ASI6200MM Pro,ZWO ASI6200MM Pro,0,10,0.779999971389771,1,1,5.0,7.3,3.76,3.76,40,66.2,52.2483888888889,-0.12325,NP101is,540.0,5.4,,,,,,,FlatWizard,,,0.0,FocusLynx Focuser 1,12315,12315,1.325,26.6,26.6,,,,,Starlight Xpress Filter Wheels,Red,,,,,,,2000.0,N.I.N.A. 3.1.2.9001 (x64),FlatWizard_Date_2025-06-12_Time_17-28-42_Type_FLAT_Filter_Red_Exposure_0.32s_Gain_0_Offset_10_Eccentricity_0.00_HFR_px_FWHM_0.00_Temp_26.60_Frame_0068.xisf,1,,
FLAT,2025-06-12T16:28:19.873,2025-06-12T17:28:19.873,2025-06-12T16:28:20.595,0.31937,0.31937,ZWO ASI6200MM Pro,ZWO ASI6200MM Pro,0,10,0.779999971389771,1,1,5.0,7.5,3.76,3.76,40,66.2,52.2483888888889,-0.12325,NP101is,540.0,5.4,,,,,,,FlatWizard,,,0.0,FocusLynx Focuser 1,12315,12315,1.325,26.6,26.6,,,,,Starlight Xpress Filter Wheels,Red,,,,,,,2000.0,N.I.N.A. 3.1.2.9001 (x64),FlatWizard_Date_2025-06-12_Time_17-28-19_Type_FLAT_Filter_Red_Exposure_0.32s_Gain_0_Offset_10_Eccentricity_0.00_HFR_px_FWHM_0.00_Temp_26.60_Frame_0053.xisf,1,,
FLAT,2025-06-12T16:28:28.999,2025-06-12T17:28:28.999,2025-06-12T16:28:29.713,0.31937,0.31937,ZWO ASI6200MM Pro,ZWO ASI6200MM Pro,0,10,0.779999971389771,1,1,5.0,7.4,3.76,3.76,40,66.2,52.2483888888889,-0.12325,NP101is,540.0,5.4,,,,,,,FlatWizard,,,0.0,FocusLynx Focuser 1,12315,12315,1.325,26.6,26.6,,,,,Starlight Xpress Filter Wheels,Red,,,,,,,2000.0,N.I.N.A. 3.1.2.9001 (x64),FlatWizard_Date_2025-06-12_Time_17-28-28_Type_FLAT_Filter_Red_Exposure_0.32s_Gain_0_Offset_10_Eccentricity_0.00_HFR_px_FWHM_0.00_Temp_26.60_Frame_0059.xisf,1,,
FLAT,2025-06-12T16:28:24.454,2025-06-12T17:28:24.454,2025-06-12T16:28:25.173,0.31937,0.31937,ZWO ASI6200MM Pro,ZWO ASI6200MM Pro,0,10,0.779999971389771,1,1,5.0,7.4,3.76,3.76,40,66.2,52.2483888888889,-0.12325,NP101is,540.0,5.4,,,,,,,FlatWizard,,,0.0,FocusLynx Focuser 1,12315,12315,1.325,26.6,26.6,,,,,Starlight Xpress Filter Wheels,Red,,,,,,,2000.0,N.I.N.A. 3.1.2.9001 (x64),FlatWizard_Date_2025-06-12_Time_17-28-24_Type_FLAT_Filter_Red_Exposure_0.32s_Gain_0_Offset_10_Eccentricity_0.00_HFR_px_FWHM_0.00_Temp_26.60_Frame_0056.xisf,1,,
FLAT,2025-06-12T16:28:13.910,2025-06-12T17:28:13.910,2025-06-12T16:28:14.602,0.31937,0.31937,ZWO ASI6200MM Pro,ZWO ASI6200MM Pro,0,10,0.779999971389771,1,1,5.0,7.5,3.76,3.76,40,66.2,52.2483888888889,-0.12325,NP101is,540.0,5.4,,,,,,,FlatWizard,,,0.0,FocusLynx Focuser 1,12315,12315,1.325,26.6,26.6,,,,,Starlight Xpress Filter Wheels,Red,,,,,,,2000.0,N.I.N.A. 3.1.2.9001 (x64),FlatWizard_Date_2025-06-12_Time_17-28-13_Type_FLAT_Filter_Red_Exposure_0.32s_Gain_0_Offset_10_Eccentricity_0.00_HFR_px_FWHM_0.00_Temp_26.60_Frame_0049.xisf,1,,
FLAT,2025-06-12T16:28:31.988,2025-06-12T17:28:31.988,2025-06-12T16:28:32.683,0.31937,0.31937,ZWO ASI6200MM Pro,ZWO ASI6200MM Pro,0,10,0.779999971389771,1,1,5.0,7.3,3.76,3.76,40,66.2,52.2483888888889,-0.12325,NP101is,540.0,5.4,,,,,,,FlatWizard,,,0.0,FocusLynx Focuser 1,12315,12315,1.325,26.6,26.6,,,,,Starlight Xpress Filter Wheels,Red,,,,,,,2000.0,N.I.N.A. 3.1.2.9001 (x64),FlatWizard_Date_2025-06-12_Time_17-28-31_Type_FLAT_Filter_Red_Exposure_0.32s_Gain_0_Offset_10_Eccentricity_0.00_HFR_px_FWHM_0.00_Temp_26.60_Frame_0061.xisf,1,,
FLAT,2025-06-12T16:28:21.376,2025-06-12T17:28:21.376,2025-06-12T16:28:22.112,0.31937,0.31937,ZWO ASI6200MM Pro,ZWO ASI6200MM Pro,0,10,0.779999971389771,1,1,5.0,7.5,3.76,3.76,40,66.2,52.2483888888889,-0.12325,NP101is,540.0,5.4,,,,,,,FlatWizard,,,0.0,FocusLynx Focuser 1,12315,12315,1.325,26.6,26.6,,,,,Starlight Xpress Filter Wheels,Red,,,,,,,2000.0,N.I.N.A. 3.1.2.9001 (x64),FlatWizard_Date_2025-06-12_Time_17-28-21_Type_FLAT_Filter_Red_Exposure_0.32s_Gain_0_Offset_10_Eccentricity_0.00_HFR_px_FWHM_0.00_Temp_26.60_Frame_0054.xisf,1,,
FLAT,2025-06-12T16:28:56.177,2025-06-12T17:28:56.177,2025-06-12T16:28:56.873,0.31937,0.31937,ZWO ASI6200MM Pro,ZWO ASI6200MM Pro,0,10,0.779999971389771,1,1,5.0,7.1,3.76,3.76,40,66.2,52.2483888888889,-0.12325,NP101is,540.0,5.4,,,,,,,FlatWizard,,,0.0,FocusLynx Focuser 1,12315,12315,1.325,26.7,26.7,,,,,Starlight Xpress Filter Wheels,Red,,,,,,,2000.0,N.I.N.A. 3.1.2.9001 (x64),FlatWizard_Date_2025-06-12_Time_17-28-56_Type_FLAT_Filter_Red_Exposure_0.32s_Gain_0_Offset_10_Eccentricity_0.00_HFR_px_FWHM_0.00_Temp_26.70_Frame_0077.xisf,1,,
FLAT,2025-06-12T16:28:36.364,2025-06-12T17:28:36.364,2025-06-12T16:28:37.078,0.31937,0.31937,ZWO ASI6200MM Pro,ZWO ASI6200MM Pro,0,10,0.779999971389771,1,1,5.0,7.3,3.76,3.76,40,66.2,52.2483888888889,-0.12325,NP101is,540.0,5.4,,,,,,,FlatWizard,,,0.0,FocusLynx Focuser 1,12315,12315,1.325,26.6,26.6,,,,,Starlight Xpress Filter Wheels,Red,,,,,,,2000.0,N.I.N.A. 3.1.2.9001 (x64),FlatWizard_Date_2025-06-12_Time_17-28-36_Type_FLAT_Filter_Red_Exposure_0.32s_Gain_0_Offset_10_Eccentricity_0.00_HFR_px_FWHM_0.00_Temp_26.60_Frame_0064.xisf,1,,
FLAT,2025-06-12T16:28:30.513,2025-06-12T17:28:30.513,2025-06-12T16:28:31.221,0.31937,0.31937,ZWO ASI6200MM Pro,ZWO ASI6200MM Pro,0,10,0.779999971389771,1,1,5.0,7.3,3.76,3.76,40,66.2,52.2483888888889,-0.12325,NP101is,540.0,5.4,,,,,,,FlatWizard,,,0.0,FocusLynx Focuser 1,12315,12315,1.325,26.6,26.6,,,,,Starlight Xpress Filter Wheels,Red,,,,,,,2000.0,N.I.N.A. 3.1.2.9001 (x64),FlatWizard_Date_2025-06-12_Time_17-28-30_Type_FLAT_Filter_Red_Exposure_0.32s_Gain_0_Offset_10_Eccentricity_0.00_HFR_px_FWHM_0.00_Temp_26.60_Frame_0060.xisf,1,,
FLAT,2025-06-12T16:28:27.526,2025-06-12T17:28:27.526,2025-06-12T16:28:28.217,0.31937,0.31937,ZWO ASI6200MM Pro,ZWO ASI6200MM Pro,0,10,0.779999971389771,1,1,5.0,7.4,3.76,3.76,40,66.2,52.2483888888889,-0.12325,NP101is,540.0,5.4,,,,,,,FlatWizard,,,0.0,FocusLynx Focuser 1,12315,12315,1.325,26.6,26.6,,,,,Starlight Xpress Filter Wheels,Red,,,,,,,2000.0,N.I.N.A. 3.1.2.9001 (x64),FlatWizard_Date_2025-06-12_Time_17-28-27_Type_FLAT_Filter_Red_Exposure_0.32s_Gain_0_Offset_10_Eccentricity_0.00_HFR_px_FWHM_0.00_Temp_26.60_Frame_0058.xisf,1,,
FLAT,2025-06-12T16:28:33.447,2025-06-12T17:28:33.447,2025-06-12T16:28:34.135,0.31937,0.31937,ZWO ASI6200MM Pro,ZWO ASI6200MM Pro,0,10,0.779999971389771,1,1,5.0,7.3,3.76,3.76,40,66.2,52.2483888888889,-0.12325,NP101is,540.0,5.4,,,,,,,FlatWizard,,,0.0,FocusLynx Focuser 1,12315,12315,1.325,26.6,26.6,,,,,Starlight Xpress Filter Wheels,Red,,,,,,,2000.0,N.I.N.A. 3.1.2.9001 (x64),FlatWizard_Date_2025-06-12_Time_17-28-33_Type_FLAT_Filter_Red_Exposure_0.32s_Gain_0_Offset_10_Eccentricity_0.00_HFR_px_FWHM_0.00_Temp_26.60_Frame_0062.xisf,1,,
FLAT,2025-06-12T16:28:07.848,2025-06-12T17:28:07.848,2025-06-12T16:28:08.597,0.31937,0.31937,ZWO ASI6200MM Pro,ZWO ASI6200MM Pro,0,10,0.779999971389771,1,1,5.0,7.6,3.76,3.76,40,66.2,52.2483888888889,-0.12325,NP101is,540.0,5.4,,,,,,,FlatWizard,,,0.0,FocusLynx Focuser 1,12315,12315,1.325,26.6,26.6,,,,,Starlight Xpress Filter Wheels,Red,,,,,,,2000.0,N.I.N.A. 3.1.2.9001 (x64),FlatWizard_Date_2025-06-12_Time_17-28-07_Type_FLAT_Filter_Red_Exposure_0.32s_Gain_0_Offset_10_Eccentricity_0.00_HFR_px_FWHM_0.00_Temp_26.60_Frame_0045.xisf,1,,
FLAT,2025-06-12T16:28:37.860,2025-06-12T17:28:37.860,2025-06-12T16:28:38.575,0.31937,0.31937,ZWO ASI6200MM Pro,ZWO ASI6200MM Pro,0,10,0.779999971389771,1,1,5.0,7.3,3.76,3.76,40,66.2,52.2483888888889,-0.12325,NP101is,540.0,5.4,,,,,,,FlatWizard,,,0.0,FocusLynx Focuser 1,12315,12315,1.325,26.6,26.6,,,,,Starlight Xpress Filter Wheels,Red,,,,,,,2000.0,N.I.N.A. 3.1.2.9001 (x64),FlatWizard_Date_2025-06-12_Time_17-28-37_Type_FLAT_Filter_Red_Exposure_0.32s_Gain_0_Offset_10_Eccentricity_0.00_HFR_px_FWHM_0.00_Temp_26.60_Frame_0065.xisf,1,,
FLAT,2025-06-12T16:28:39.352,2025-06-12T17:28:39.352,2025-06-12T16:28:40.075,0.31937,0.31937,ZWO ASI6200MM Pro,ZWO ASI6200MM Pro,0,10,0.779999971389771,1,1,5.0,7.3,3.76,3.76,40,66.2,52.2483888888889,-0.12325,NP101is,540.0,5.4,,,,,,,FlatWizard,,,0.0,FocusLynx Focuser 1,12315,12315,1.325,26.6,26.6,,,,,Starlight Xpress Filter Wheels,Red,,,,,,,2000.0,N.I.N.A. 3.1.2.9001 (x64),FlatWizard_Date_2025-06-12_Time_17-28-39_Type_FLAT_Filter_Red_Exposure_0.32s_Gain_0_Offset_10_Eccentricity_0.00_HFR_px_FWHM_0.00_Temp_26.60_Frame_0066.xisf,1,,
FLAT,2025-06-12T16:28:43.889,2025-06-12T17:28:43.889,2025-06-12T16:28:44.625,0.31937,0.31937,ZWO ASI6200MM Pro,ZWO ASI6200MM Pro,0,10,0.779999971389771,1,1,5.0,7.2,3.76,3.76,40,66.2,52.2483888888889,-0.12325,NP101is,540.0,5.4,,,,,,,FlatWizard,,,0.0,FocusLynx Focuser 1,12315,12315,1.325,26.6,26.6,,,,,Starlight Xpress Filter Wheels,Red,,,,,,,2000.0,N.I.N.A. 3.1.2.9001 (x64),FlatWizard_Date_2025-06-12_Time_17-28-43_Type_FLAT_Filter_Red_Exposure_0.32s_Gain_0_Offset_10_Eccentricity_0.00_HFR_px_FWHM_0.00_Temp_26.60_Frame_0069.xisf,1,,
FLAT,2025-06-12T16:28:15.364,2025-06-12T17:28:15.364,2025-06-12T16:28:16.080,0.31937,0.31937,ZWO ASI6200MM Pro,ZWO ASI6200MM Pro,0,10,0.779999971389771,1,1,5.0,7.5,3.76,3.76,40,66.2,52.2483888888889,-0.12325,NP101is,540.0,5.4,,,,,,,FlatWizard,,,0.0,FocusLynx Focuser 1,12315,12315,1.325,26.6,26.6,,,,,Starlight Xpress Filter Wheels,Red,,,,,,,2000.0,N.I.N.A. 3.1.2.9001 (x64),FlatWizard_Date_2025-06-12_Time_17-28-15_Type_FLAT_Filter_Red_Exposure_0.32s_Gain_0_Offset_10_Eccentricity_0.00_HFR_px_FWHM_0.00_Temp_26.60_Frame_0050.xisf,1,,
FLAT,2025-06-12T16:28:25.990,2025-06-12T17:28:25.990,2025-06-12T16:28:26.721,0.31937,0.31937,ZWO ASI6200MM Pro,ZWO ASI6200MM Pro,0,10,0.779999971389771,1,1,5.0,7.4,3.76,3.76,40,66.2,52.2483888888889,-0.12325,NP101is,540.0,5.4,,,,,,,FlatWizard,,,0.0,FocusLynx Focuser 1,12315,12315,1.325,26.6,26.6,,,,,Starlight Xpress Filter Wheels,Red,,,,,,,2000.0,N.I.N.A. 3.1.2.9001 (x64),FlatWizard_Date_2025-06-12_Time_17-28-25_Type_FLAT_Filter_Red_Exposure_0.32s_Gain_0_Offset_10_Eccentricity_0.00_HFR_px_FWHM_0.00_Temp_26.60_Frame_0057.xisf,1,,
FLAT,2025-06-12T16:28:46.903,2025-06-12T17:28:46.903,2025-06-12T16:28:47.644,0.31937,0.31937,ZWO ASI6200MM Pro,ZWO ASI6200MM Pro,0,10,0.779999971389771,1,1,5.0,7.1,3.76,3.76,40,66.2,52.2483888888889,-0.12325,NP101is,540.0,5.4,,,,,,,FlatWizard,,,0.0,FocusLynx Focuser 1,12315,12315,1.325,26.6,26.6,,,,,Starlight Xpress Filter Wheels,Red,,,,,,,2000.0,N.I.N.A. 3.1.2.9001 (x64),FlatWizard_Date_2025-06-12_Time_17-28-46_Type_FLAT_Filter_Red_Exposure_0.32s_Gain_0_Offset_10_Eccentricity_0.00_HFR_px_FWHM_0.00_Temp_26.60_Frame_0071.xisf,1,,
FLAT,2025-06-12T16:28:50.031,2025-06-12T17:28:50.031,2025-06-12T16:28:50.778,0.31937,0.31937,ZWO ASI6200MM Pro,ZWO ASI6200MM Pro,0,10,0.779999971389771,1,1,5.0,7.1,3.76,3.76,40,66.2,52.2483888888889,-0.12325,NP101is,540.0,5.4,,,,,,,FlatWizard,,,0.0,FocusLynx Focuser 1,12315,12315,1.325,26.7,26.7,,,,,Starlight Xpress Filter Wheels,Red,,,,,,,2000.0,N.I.N.A. 3.1.2.9001 (x64),FlatWizard_Date_2025-06-12_Time_17-28-50_Type_FLAT_Filter_Red_Exposure_0.32s_Gain_0_Offset_10_Eccentricity_0.00_HFR_px_FWHM_0.00_Temp_26.70_Frame_0073.xisf,1,,
FLAT,2025-06-12T16:28:57.634,2025-06-12T17:28:57.634,2025-06-12T16:28:58.327,0.31937,0.31937,ZWO ASI6200MM Pro,ZWO ASI6200MM Pro,0,10,0.779999971389771,1,1,5.0,7.1,3.76,3.76,40,66.2,52.2483888888889,-0.12325,NP101is,540.0,5.4,,,,,,,FlatWizard,,,0.0,FocusLynx Focuser 1,12315,12315,1.325,26.7,26.7,,,,,Starlight Xpress Filter Wheels,Red,,,,,,,2000.0,N.I.N.A. 3.1.2.9001 (x64),FlatWizard_Date_2025-06-12_Time_17-28-57_Type_FLAT_Filter_Red_Exposure_0.32s_Gain_0_Offset_10_Eccentricity_0.00_HFR_px_FWHM_0.00_Temp_26.70_Frame_0078.xisf,1,,
FLAT,2025-06-12T16:28:59.083,2025-06-12T17:28:59.083,2025-06-12T16:28:59.801,0.31937,0.31937,ZWO ASI6200MM Pro,ZWO ASI6200MM Pro,0,10,0.779999971389771,1,1,5.0,7.0,3.76,3.76,40,66.2,52.2483888888889,-0.12325,NP101is,540.0,5.4,,,,,,,FlatWizard,,,0.0,FocusLynx Focuser 1,12315,12315,1.325,26.6,26.6,,,,,Starlight Xpress Filter Wheels,Red,,,,,,,2000.0,N.I.N.A. 3.1.2.9001 (x64),FlatWizard_Date_2025-06-12_Time_17-28-59_Type_FLAT_Filter_Red_Exposure_0.32s_Gain_0_Offset_10_Eccentricity_0.00_HFR_px_FWHM_0.00_Temp_26.60_Frame_0079.xisf,1,,
FLAT,2025-06-12T16:28:51.594,2025-06-12T17:28:51.594,2025-06-12T16:28:52.323,0.31937,0.31937,ZWO ASI6200MM Pro,ZWO ASI6200MM Pro,0,10,0.779999971389771,1,1,5.0,7.1,3.76,3.76,40,66.2,52.2483888888889,-0.12325,NP101is,540.0,5.4,,,,,,,FlatWizard,,,0.0,FocusLynx Focuser 1,12315,12315,1.325,26.6,26.6,,,,,Starlight Xpress Filter Wheels,Red,,,,,,,2000.0,N.I.N.A. 3.1.2.9001 (x64),FlatWizard_Date_2025-06-12_Time_17-28-51_Type_FLAT_Filter_Red_Exposure_0.32s_Gain_0_Offset_10_Eccentricity_0.00_HFR_px_FWHM_0.00_Temp_26.60_Frame_0074.xisf,1,,
FLAT,2025-06-12T16:28:53.126,2025-06-12T17:28:53.126,2025-06-12T16:28:53.841,0.31937,0.31937,ZWO ASI6200MM Pro,ZWO ASI6200MM Pro,0,10,0.779999971389771,1,1,5.0,7.1,3.76,3.76,40,66.2,52.2483888888889,-0.12325,NP101is,540.0,5.4,,,,,,,FlatWizard,,,0.0,FocusLynx Focuser 1,12315,12315,1.325,26.6,26.6,,,,,Starlight Xpress Filter Wheels,Red,,,,,,,2000.0,N.I.N.A. 3.1.2.9001 (x64),FlatWizard_Date_2025-06-12_Time_17-28-53_Type_FLAT_Filter_Red_Exposure_0.32s_Gain_0_Offset_10_Eccentricity_0.00_HFR_px_FWHM_0.00_Temp_26.60_Frame_0075.xisf,1,,
FLAT,2025-06-12T16:28:48.448,2025-06-12T17:28:48.448,2025-06-12T16:28:49.190,0.31937,0.31937,ZWO ASI6200MM Pro,ZWO ASI6200MM Pro,0,10,0.779999971389771,1,1,5.0,7.1,3.76,3.76,40,66.2,52.2483888888889,-0.12325,NP101is,540.0,5.4,,,,,,,FlatWizard,,,0.0,FocusLynx Focuser 1,12315,12315,1.325,26.7,26.7,,,,,Starlight Xpress Filter Wheels,Red,,,,,,,2000.0,N.I.N.A. 3.1.2.9001 (x64),FlatWizard_Date_2025-06-12_Time_17-28-48_Type_FLAT_Filter_Red_Exposure_0.32s_Gain_0_Offset_10_Eccentricity_0.00_HFR_px_FWHM_0.00_Temp_26.70_Frame_0072.xisf,1,,
FLAT,2025-06-12T16:28:54.634,2025-06-12T17:28:54.634,2025-06-12T16:28:55.375,0.31937,0.31937,ZWO ASI6200MM Pro,ZWO ASI6200MM Pro,0,10,0.779999971389771,1,1,5.0,7.1,3.76,3.76,40,66.2,52.2483888888889,-0.12325,NP101is,540.0,5.4,,,,,,,FlatWizard,,,0.0,FocusLynx Focuser 1,12315,12315,1.325,26.7,26.7,,,,,Starlight Xpress Filter Wheels,Red,,,,,,,2000.0,N.I.N.A. 3.1.2.9001 (x64),FlatWizard_Date_2025-06-12_Time_17-28-54_Type_FLAT_Filter_Red_Exposure_0.32s_Gain_0_Offset_10_Eccentricity_0.00_HFR_px_FWHM_0.00_Temp_26.70_Frame_0076.xisf,1,,
FLAT,2025-06-12T16:28:34.890,2025-06-12T17:28:34.890,2025-06-12T16:28:35.595,0.31937,0.31937,ZWO ASI6200MM Pro,ZWO ASI6200MM Pro,0,10,0.779999971389771,1,1,5.0,7.3,3.76,3.76,40,66.2,52.2483888888889,-0.12325,NP101is,540.0,5.4,,,,,,,FlatWizard,,,0.0,FocusLynx Focuser 1,12315,12315,1.325,26.6,26.6,,,,,Starlight Xpress Filter Wheels,Red,,,,,,,2000.0,N.I.N.A. 3.1.2.9001 (x64),FlatWizard_Date_2025-06-12_Time_17-28-34_Type_FLAT_Filter_Red_Exposure_0.32s_Gain_0_Offset_10_Eccentricity_0.00_HFR_px_FWHM_0.00_Temp_26.60_Frame_0063.xisf,1,,
FLAT,2025-06-12T16:29:00.586,2025-06-12T17:29:00.586,2025-06-12T16:29:01.313,0.31937,0.31937,ZWO ASI6200MM Pro,ZWO ASI6200MM Pro,0,10,0.779999971389771,1,1,5.0,7.0,3.76,3.76,40,66.2,52.2483888888889,-0.12325,NP101is,540.0,5.4,,,,,,,FlatWizard,,,0.0,FocusLynx Focuser 1,12315,12315,1.325,26.6,26.6,,,,,Starlight Xpress Filter Wheels,Red,,,,,,,2000.0,N.I.N.A. 3.1.2.9001 (x64),FlatWizard_Date_2025-06-12_Time_17-29-00_Type_FLAT_Filter_Red_Exposure_0.32s_Gain_0_Offset_10_Eccentricity_0.00_HFR_px_FWHM_0.00_Temp_26.60_Frame_0080.xisf,1,,
FLAT,2025-06-12T16:29:02.157,2025-06-12T17:29:02.157,2025-06-12T16:29:02.896,0.31937,0.31937,ZWO ASI6200MM Pro,ZWO ASI6200MM Pro,0,10,0.779999971389771,1,1,5.0,7.0,3.76,3.76,40,66.2,52.2483888888889,-0.12325,NP101is,540.0,5.4,,,,,,,FlatWizard,,,0.0,FocusLynx Focuser 1,12315,12315,1.325,26.7,26.7,,,,,Starlight Xpress Filter Wheels,Red,,,,,,,2000.0,N.I.N.A. 3.1.2.9001 (x64),FlatWizard_Date_2025-06-12_Time_17-29-02_Type_FLAT_Filter_Red_Exposure_0.32s_Gain_0_Offset_10_Eccentricity_0.00_HFR_px_FWHM_0.00_Temp_26.70_Frame_0081.xisf,1,,
FLAT,2025-06-12T16:29:03.708,2025-06-12T17:29:03.708,2025-06-12T16:29:04.446,0.31937,0.31937,ZWO ASI6200MM Pro,ZWO ASI6200MM Pro,0,10,0.779999971389771,1,1,5.0,7.0,3.76,3.76,40,66.2,52.2483888888889,-0.12325,NP101is,540.0,5.4,,,,,,,FlatWizard,,,0.0,FocusLynx Focuser 1,12315,12315,1.325,26.6,26.6,,,,,Starlight Xpress Filter Wheels,Red,,,,,,,2000.0,N.I.N.A. 3.1.2.9001 (x64),FlatWizard_Date_2025-06-12_Time_17-29-03_Type_FLAT_Filter_Red_Exposure_0.32s_Gain_0_Offset_10_Eccentricity_0.00_HFR_px_FWHM_0.00_Temp_26.60_Frame_0082.xisf,1,,
FLAT,2025-06-12T16:29:05.245,2025-06-12T17:29:05.245,2025-06-12T16:29:05.950,0.31937,0.31937,ZWO ASI6200MM Pro,ZWO ASI6200MM Pro,0,10,0.779999971389771,1,1,5.0,7.0,3.76,3.76,40,66.2,52.2483888888889,-0.12325,NP101is,540.0,5.4,,,,,,,FlatWizard,,,0.0,FocusLynx Focuser 1,12315,12315,1.325,26.6,26.6,,,,,Starlight Xpress Filter Wheels,Red,,,,,,,2000.0,N.I.N.A. 3.1.2.9001 (x64),FlatWizard_Date_2025-06-12_Time_17-29-05_Type_FLAT_Filter_Red_Exposure_0.32s_Gain_0_Offset_10_Eccentricity_0.00_HFR_px_FWHM_0.00_Temp_26.60_Frame_0083.xisf,1,,
FLAT,2025-06-12T16:29:06.716,2025-06-12T17:29:06.716,2025-06-12T16:29:07.434,0.31937,0.31937,ZWO ASI6200MM Pro,ZWO ASI6200MM Pro,0,10,0.779999971389771,1,1,5.0,6.9,3.76,3.76,40,66.2,52.2483888888889,-0.12325,NP101is,540.0,5.4,,,,,,,FlatWizard,,,0.0,FocusLynx Focuser 1,12315,12315,1.325,26.7,26.7,,,,,Starlight Xpress Filter Wheels,Red,,,,,,,2000.0,N.I.N.A. 3.1.2.9001 (x64),FlatWizard_Date_2025-06-12_Time_17-29-06_Type_FLAT_Filter_Red_Exposure_0.32s_Gain_0_Offset_10_Eccentricity_0.00_HFR_px_FWHM_0.00_Temp_26.70_Frame_0084.xisf,1,,
FLAT,2025-06-12T16:29:14.278,2025-06-12T17:29:14.278,2025-06-12T16:29:15.007,0.31937,0.31937,ZWO ASI6200MM Pro,ZWO ASI6200MM Pro,0,10,0.779999971389771,1,1,5.0,6.8,3.76,3.76,40,66.2,52.2483888888889,-0.12325,NP101is,540.0,5.4,,,,,,,FlatWizard,,,0.0,FocusLynx Focuser 1,12315,12315,1.325,26.7,26.7,,,,,Starlight Xpress Filter Wheels,Red,,,,,,,2000.0,N.I.N.A. 3.1.2.9001 (x64),FlatWizard_Date_2025-06-12_Time_17-29-14_Type_FLAT_Filter_Red_Exposure_0.32s_Gain_0_Offset_10_Eccentricity_0.00_HFR_px_FWHM_0.00_Temp_26.70_Frame_0089.xisf,1,,
FLAT,2025-06-12T16:29:09.683,2025-06-12T17:29:09.683,2025-06-12T16:29:10.398,0.31937,0.31937,ZWO ASI6200MM Pro,ZWO ASI6200MM Pro,0,10,0.779999971389771,1,1,5.0,6.8,3.76,3.76,40,66.2,52.2483888888889,-0.12325,NP101is,540.0,5.4,,,,,,,FlatWizard,,,0.0,FocusLynx Focuser 1,12315,12315,1.325,26.6,26.6,,,,,Starlight Xpress Filter Wheels,Red,,,,,,,2000.0,N.I.N.A. 3.1.2.9001 (x64),FlatWizard_Date_2025-06-12_Time_17-29-09_Type_FLAT_Filter_Red_Exposure_0.32s_Gain_0_Offset_10_Eccentricity_0.00_HFR_px_FWHM_0.00_Temp_26.60_Frame_0086.xisf,1,,
FLAT,2025-06-12T16:29:08.231,2025-06-12T17:29:08.231,2025-06-12T16:29:08.920,0.31937,0.31937,ZWO ASI6200MM Pro,ZWO ASI6200MM Pro,0,10,0.779999971389771,1,1,5.0,6.9,3.76,3.76,40,66.2,52.2483888888889,-0.12325,NP101is,540.0,5.4,,,,,,,FlatWizard,,,0.0,FocusLynx Focuser 1,12315,12315,1.325,26.7,26.7,,,,,Starlight Xpress Filter Wheels,Red,,,,,,,2000.0,N.I.N.A. 3.1.2.9001 (x64),FlatWizard_Date_2025-06-12_Time_17-29-08_Type_FLAT_Filter_Red_Exposure_0.32s_Gain_0_Offset_10_Eccentricity_0.00_HFR_px_FWHM_0.00_Temp_26.70_Frame_0085.xisf,1,,
FLAT,2025-06-12T16:29:11.219,2025-06-12T17:29:11.219,2025-06-12T16:29:11.928,0.31937,0.31937,ZWO ASI6200MM Pro,ZWO ASI6200MM Pro,0,10,0.779999971389771,1,1,5.0,6.8,3.76,3.76,40,66.2,52.2483888888889,-0.12325,NP101is,540.0,5.4,,,,,,,FlatWizard,,,0.0,FocusLynx Focuser 1,12315,12315,1.325,26.6,26.6,,,,,Starlight Xpress Filter Wheels,Red,,,,,,,2000.0,N.I.N.A. 3.1.2.9001 (x64),FlatWizard_Date_2025-06-12_Time_17-29-11_Type_FLAT_Filter_Red_Exposure_0.32s_Gain_0_Offset_10_Eccentricity_0.00_HFR_px_FWHM_0.00_Temp_26.60_Frame_0087.xisf,1,,
FLAT,2025-06-12T16:29:12.745,2025-06-12T17:29:12.745,2025-06-12T16:29:13.471,0.31937,0.31937,ZWO ASI6200MM Pro,ZWO ASI6200MM Pro,0,10,0.779999971389771,1,1,5.0,6.8,3.76,3.76,40,66.2,52.2483888888889,-0.12325,NP101is,540.0,5.4,,,,,,,FlatWizard,,,0.0,FocusLynx Focuser 1,12315,12315,1.325,26.7,26.7,,,,,Starlight Xpress Filter Wheels,Red,,,,,,,2000.0,N.I.N.A. 3.1.2.9001 (x64),FlatWizard_Date_2025-06-12_Time_17-29-12_Type_FLAT_Filter_Red_Exposure_0.32s_Gain_0_Offset_10_Eccentricity_0.00_HFR_px_FWHM_0.00_Temp_26.70_Frame_0088.xisf,1,,
FLAT,2025-06-12T16:29:18.874,2025-06-12T17:29:18.874,2025-06-12T16:29:19.592,0.31937,0.31937,ZWO ASI6200MM Pro,ZWO ASI6200MM Pro,0,10,0.779999971389771,1,1,5.0,6.7,3.76,3.76,40,66.2,52.2483888888889,-0.12325,NP101is,540.0,5.4,,,,,,,FlatWizard,,,0.0,FocusLynx Focuser 1,12315,12315,1.325,26.6,26.6,,,,,Starlight Xpress Filter Wheels,Red,,,,,,,2000.0,N.I.N.A. 3.1.2.9001 (x64),FlatWizard_Date_2025-06-12_Time_17-29-18_Type_FLAT_Filter_Red_Exposure_0.32s_Gain_0_Offset_10_Eccentricity_0.00_HFR_px_FWHM_0.00_Temp_26.60_Frame_0092.xisf,1,,
FLAT,2025-06-12T16:29:21.895,2025-06-12T17:29:21.895,2025-06-12T16:29:22.584,0.31937,0.31937,ZWO ASI6200MM Pro,ZWO ASI6200MM Pro,0,10,0.779999971389771,1,1,5.0,6.7,3.76,3.76,40,66.2,52.2483888888889,-0.12325,NP101is,540.0,5.4,,,,,,,FlatWizard,,,0.0,FocusLynx Focuser 1,12315,12315,1.325,26.7,26.7,,,,,Starlight Xpress Filter Wheels,Red,,,,,,,2000.0,N.I.N.A. 3.1.2.9001 (x64),FlatWizard_Date_2025-06-12_Time_17-29-21_Type_FLAT_Filter_Red_Exposure_0.32s_Gain_0_Offset_10_Eccentricity_0.00_HFR_px_FWHM_0.00_Temp_26.70_Frame_0094.xisf,1,,
FLAT,2025-06-12T16:29:15.828,2025-06-12T17:29:15.828,2025-06-12T16:29:16.554,0.31937,0.31937,ZWO ASI6200MM Pro,ZWO ASI6200MM Pro,0,10,0.779999971389771,1,1,5.0,6.8,3.76,3.76,40,66.2,52.2483888888889,-0.12325,NP101is,540.0,5.4,,,,,,,FlatWizard,,,0.0,FocusLynx Focuser 1,12315,12315,1.325,26.7,26.7,,,,,Starlight Xpress Filter Wheels,Red,,,,,,,2000.0,N.I.N.A. 3.1.2.9001 (x64),FlatWizard_Date_2025-06-12_Time_17-29-15_Type_FLAT_Filter_Red_Exposure_0.32s_Gain_0_Offset_10_Eccentricity_0.00_HFR_px_FWHM_0.00_Temp_26.70_Frame_0090.xisf,1,,
FLAT,2025-06-12T16:29:17.367,2025-06-12T17:29:17.367,2025-06-12T16:29:18.080,0.31937,0.31937,ZWO ASI6200MM Pro,ZWO ASI6200MM Pro,0,10,0.779999971389771,1,1,5.0,6.8,3.76,3.76,40,66.2,52.2483888888889,-0.12325,NP101is,540.0,5.4,,,,,,,FlatWizard,,,0.0,FocusLynx Focuser 1,12315,12315,1.325,26.6,26.6,,,,,Starlight Xpress Filter Wheels,Red,,,,,,,2000.0,N.I.N.A. 3.1.2.9001 (x64),FlatWizard_Date_2025-06-12_Time_17-29-17_Type_FLAT_Filter_Red_Exposure_0.32s_Gain_0_Offset_10_Eccentricity_0.00_HFR_px_FWHM_0.00_Temp_26.60_Frame_0091.xisf,1,,
FLAT,2025-06-12T16:29:24.956,2025-06-12T17:29:24.956,2025-06-12T16:29:25.651,0.31937,0.31937,ZWO ASI6200MM Pro,ZWO ASI6200MM Pro,0,10,0.779999971389771,1,1,5.0,6.6,3.76,3.76,40,66.2,52.2483888888889,-0.12325,NP101is,540.0,5.4,,,,,,,FlatWizard,,,0.0,FocusLynx Focuser 1,12315,12315,1.325,26.7,26.7,,,,,Starlight Xpress Filter Wheels,Red,,,,,,,2000.0,N.I.N.A. 3.1.2.9001 (x64),FlatWizard_Date_2025-06-12_Time_17-29-24_Type_FLAT_Filter_Red_Exposure_0.32s_Gain_0_Offset_10_Eccentricity_0.00_HFR_px_FWHM_0.00_Temp_26.70_Frame_0096.xisf,1,,
FLAT,2025-06-12T16:29:20.374,2025-06-12T17:29:20.374,2025-06-12T16:29:21.099,0.31937,0.31937,ZWO ASI6200MM Pro,ZWO ASI6200MM Pro,0,10,0.779999971389771,1,1,5.0,6.7,3.76,3.76,40,66.2,52.2483888888889,-0.12325,NP101is,540.0,5.4,,,,,,,FlatWizard,,,0.0,FocusLynx Focuser 1,12315,12315,1.325,26.7,26.7,,,,,Starlight Xpress Filter Wheels,Red,,,,,,,2000.0,N.I.N.A. 3.1.2.9001 (x64),FlatWizard_Date_2025-06-12_Time_17-29-20_Type_FLAT_Filter_Red_Exposure_0.32s_Gain_0_Offset_10_Eccentricity_0.00_HFR_px_FWHM_0.00_Temp_26.70_Frame_0093.xisf,1,,
FLAT,2025-06-12T16:29:26.418,2025-06-12T17:29:26.418,2025-06-12T16:29:27.180,0.31937,0.31937,ZWO ASI6200MM Pro,ZWO ASI6200MM Pro,0,10,0.779999971389771,1,1,5.0,6.6,3.76,3.76,40,66.2,52.2483888888889,-0.12325,NP101is,540.0,5.4,,,,,,,FlatWizard,,,0.0,FocusLynx Focuser 1,12315,12315,1.325,26.7,26.7,,,,,Starlight Xpress Filter Wheels,Red,,,,,,,2000.0,N.I.N.A. 3.1.2.9001 (x64),FlatWizard_Date_2025-06-12_Time_17-29-26_Type_FLAT_Filter_Red_Exposure_0.32s_Gain_0_Offset_10_Eccentricity_0.00_HFR_px_FWHM_0.00_Temp_26.70_Frame_0097.xisf,1,,
FLAT,2025-06-12T16:29:28.112,2025-06-12T17:29:28.112,2025-06-12T16:29:28.830,0.31937,0.31937,ZWO ASI6200MM Pro,ZWO ASI6200MM Pro,0,10,0.779999971389771,1,1,5.0,6.6,3.76,3.76,40,66.2,52.2483888888889,-0.12325,NP101is,540.0,5.4,,,,,,,FlatWizard,,,0.0,FocusLynx Focuser 1,12315,12315,1.325,26.7,26.7,,,,,Starlight Xpress Filter Wheels,Red,,,,,,,2000.0,N.I.N.A. 3.1.2.9001 (x64),FlatWizard_Date_2025-06-12_Time_17-29-28_Type_FLAT_Filter_Red_Exposure_0.32s_Gain_0_Offset_10_Eccentricity_0.00_HFR_px_FWHM_0.00_Temp_26.70_Frame_0098.xisf,1,,
FLAT,2025-06-12T16:29:23.464,2025-06-12T17:29:23.464,2025-06-12T16:29:24.165,0.31937,0.31937,ZWO ASI6200MM Pro,ZWO ASI6200MM Pro,0,10,0.779999971389771,1,1,5.0,6.6,3.76,3.76,40,66.2,52.2483888888889,-0.12325,NP101is,540.0,5.4,,,,,,,FlatWizard,,,0.0,FocusLynx Focuser 1,12315,12315,1.325,26.7,26.7,,,,,Starlight Xpress Filter Wheels,Red,,,,,,,2000.0,N.I.N.A. 3.1.2.9001 (x64),FlatWizard_Date_2025-06-12_Time_17-29-23_Type_FLAT_Filter_Red_Exposure_0.32s_Gain_0_Offset_10_Eccentricity_0.00_HFR_px_FWHM_0.00_Temp_26.70_Frame_0095.xisf,1,,
FLAT,2025-06-12T16:29:29.666,2025-06-12T17:29:29.666,2025-06-12T16:29:30.397,0.31937,0.31937,ZWO ASI6200MM Pro,ZWO ASI6200MM Pro,0,10,0.779999971389771,1,1,5.0,6.6,3.76,3.76,40,66.2,52.2483888888889,-0.12325,NP101is,540.0,5.4,,,,,,,FlatWizard,,,0.0,FocusLynx Focuser 1,12315,12315,1.325,26.7,26.7,,,,,Starlight Xpress Filter Wheels,Red,,,,,,,2000.0,N.I.N.A. 3.1.2.9001 (x64),FlatWizard_Date_2025-06-12_Time_17-29-29_Type_FLAT_Filter_Red_Exposure_0.32s_Gain_0_Offset_10_Eccentricity_0.00_HFR_px_FWHM_0.00_Temp_26.70_Frame_0099.xisf,1,,
